Timestamp_ms,AccX_Filt,AccY_Filt,AccZ_Filt,GyrX_Filt,GyrY_Filt,GyrZ_Filt,MagX_Filt,MagY_Filt,MagZ_Filt,GyrX_rad,GyrY_rad,GyrZ_rad,FreeAcc_E,FreeAcc_N,FreeAcc_U
5233,-0.0978,-0.0337,9.7647,-0.0687,-3.2653,0.0085,3.105,-60.345,-63.315,-0.0011990411961201044,-0.05699023606537084,0.000148352986419518,-0.08748152963459507,-0.0285169834509878,-0.035185593999871756
5240,-0.0432,-0.0075,9.7717,0.2051,-2.2384,0.3129,3.8762,-63.6843,-65.3587,0.00357967029584037,-0.03906744997664107,0.005461135229490257,-0.02033277015715336,-0.0014973064840005672,-0.02822289874912265
5248,-0.0474,-0.0051,9.787,0.0322,-0.958,0.0281,4.1368,-64.6546,-65.8637,0.0005619960191421741,-0.016720254234105676,0.0004904375198104066,-0.01015893398734547,0.00028522215669446146,-0.012889165606196684
5256,-0.0285,-0.0113,9.7861,0.2673,-0.653,0.2071,3.6036,-64.7348,-65.9574,0.004665265090580842,-0.011397000015522973,0.0036145768808802567,-0.005119767955106835,0.0024953865697703195,-0.01385363327208644
5264,-0.0403,-0.003,9.7896,0.4459,-0.4694,0.6971,3.4495,-64.4502,-66.1479,0.0077824231346427155,-0.008192575508861382,0.012166690215652472,-0.004352447291827814,0.001757330235726943,-0.010317716187465464
5272,-0.0249,-0.0077,9.8075,0.8549,-0.4189,0.7561,3.3406,-64.1535,-66.1673,0.014920819775299523,-0.007311184236604247,0.013196434474329126,-0.004630585238677494,-0.00010391012400572894,0.00753353789233735
5280,-0.0329,0.0065,9.8075,0.7107,-0.4899,0.7449,3.2578,-64.1675,-65.9198,0.0124040549939237,-0.00855036800552022,0.013000957598105762,-0.002831429592984219,0.001434217181503124,0.007556822982342837
5288,-0.023,-0.012,9.7956,0.405,-0.4803,0.7837,3.1915,-64.1,-65.6532,0.0070685834705770355,-0.008382816397328765,0.01367814534787956,0.0004043210310003533,-0.003126408852579186,-0.0043661551642220076
5296,-0.017,0.0031,9.7953,0.4349,-0.5719,0.7857,3.1362,-63.9787,-65.3746,0.007590436916923339,-0.00998153799215557,0.013713051932919447,-0.0017678100461029956,-0.002444490350230975,-0.004685222040357928
5304,-0.0225,0.0172,9.8065,0.2916,-0.7807,0.8968,3.1185,-63.731,-65.0436,0.0050893800988154655,-0.01362578547031973,0.01565211273188515,-2.9868759281433787e-05,-0.002070885884283909,0.006540677045064669
5312,-0.0288,0.0042,9.7842,0.3098,-0.6742,0.9882,3.1012,-63.4727,-64.7157,0.005407030022678433,-0.01176700981694577,0.017247343668207963,-0.0011847796785606133,-0.0010469443880513712,-0.01575683968327901
5320,-0.0253,0.0207,9.7929,0.2482,-0.6674,0.8173,3.0842,-63.207,-64.3905,0.004331907203449926,-0.011648327427810155,0.014264575976549655,-0.0009198993804150521,-0.00038469493678091015,-0.007045491998091791
5328,-0.0223,0.0114,9.7993,0.4787,-0.5689,0.8983,3.1019,-62.8902,-64.1022,0.008354891129296856,-0.00992917811459574,0.01567829267066506,-0.0020013950696010033,0.004966396719090126,-0.0006694581047312909
5336,-0.0202,0.0127,9.7909,0.4885,-0.4695,0.7742,2.9766,-62.6506,-63.8541,0.0085259333959923,-0.008194320838113377,0.0135123390689401,-0.0007608752928076009,-0.010059377132630208,-0.009076122755296012
5344,-0.0234,0.0209,9.7835,0.5706,-0.2586,0.8084,2.777,-62.3341,-63.6386,0.009958848711879645,-0.004513421445657336,0.01410924167312216,0.009862192682769645,0.003950969098930997,-0.016455460979459602
5352,-0.0005,0.0356,9.7919,0.5947,-0.2085,0.6634,2.7315,-62.1326,-63.4034,0.010379473061610278,-0.003639011490408177,0.011578514257730382,0.018872004410018645,0.010099011248172432,-0.008058666565585071
5360,0.0076,0.0373,9.795,0.4652,-0.2563,0.7609,2.69,-61.9208,-63.1611,0.008119271680277622,-0.004473278872861466,0.013280210278424853,0.012265755596653811,0.004884403005345422,-0.004934929065203875
5368,0.0055,0.0364,9.7953,0.4501,-0.2709,0.6709,2.7182,-61.6841,-62.7971,0.007855726963226478,-0.004728096943652638,0.011709413951629957,-0.004798285029665593,-0.002348815672969909,-0.004632280535574296
5376,0.0023,0.0255,9.7912,0.4015,-0.3151,0.7258,2.6796,-61.3796,-62.5118,0.007007496946757234,-0.005499532473034132,0.012667599710974843,-0.000324920867598702,-0.00036942155989919654,-0.008766536439134498
5384,-0.0015,0.032,9.8009,0.3612,-0.2799,0.5575,2.7409,-61.0625,-62.2487,0.006304129258203519,-0.0048851765763321285,0.009730210579868387,0.004282377635802421,-0.007370774606574979,0.0009486476015929668
5392,-0.0021,0.0325,9.8006,0.3354,-0.2077,0.5173,2.7598,-60.7704,-61.9482,0.005853834311188981,-0.0036250488563922224,0.009028588220566666,-0.004010095402822189,0.006490279231707369,0.0006511424195867477
5400,0.0081,0.0424,9.8078,0.4042,-0.1204,0.3385,2.7761,-60.4798,-61.6495,0.00705462083656108,-0.0021013764194011725,0.0059079395180008055,0.0004763847118519019,0.0011515220358512984,0.007894914662095687
5408,0.014,0.0461,9.8068,0.4085,-0.0679,0.2365,2.7381,-60.1973,-61.3656,0.007129669994396836,-0.00118507856210415,0.0041277036809665895,-0.006190343803389513,-0.00521773675313102,0.006915004468366348
5416,0.0123,0.0351,9.8004,0.4057,-0.1414,0.2679,2.7087,-59.9407,-61.0574,0.007080800775340995,-0.002467895562319982,0.004675737066092809,-0.001204058110406682,-0.0026363399574944398,0.0004701448428328092
5424,0.0099,0.0359,9.802,0.4263,-0.0634,0.2106,2.6808,-59.6832,-60.7521,0.007440338601251827,-0.0011065387457644049,0.003675663404700058,0.010264011102112263,0.004716743087424002,0.0020642327221427337
5432,-0.0024,0.0245,9.8062,0.4585,-0.0008,0.177,2.6025,-59.3907,-60.4553,0.008002334620394002,-1.3962634015954637e-05,0.0030892327760299633,0.002487153547346744,0.007680088697217055,0.0062275764080048646
5440,-0.0066,0.0281,9.7985,0.4212,0.0447,0.0113,2.5292,-59.1003,-60.1607,0.007351326809400116,0.0007801621756414653,0.00019722220547535924,0.0007057805025565858,-0.004787897525122427,-0.0014586800936964295
5448,0.0057,0.0368,9.7943,0.44,-0.0138,0.0427,2.4605,-58.8121,-59.8682,0.00767944870877505,-0.00024085543677521747,0.0007452555906015787,-0.002023999197358771,-0.001212205193090063,-0.005629491693413868
5456,0.0177,0.031,9.7882,0.4668,0.0216,-0.1486,2.4424,-58.4796,-59.6089,0.00814719694830953,0.0003769911184307752,-0.002593559268463574,-0.0028236018203325677,0.0013516419799694266,-0.011735407625277361
5464,0.0203,0.0312,9.7832,0.3939,0.0947,-0.1376,2.4248,-58.1523,-59.3495,0.006874851923605664,0.0016528268016386303,-0.0024015730507441976,0.0020242722972601507,-0.01447542951449493,-0.01674010698570605
5472,0.0204,0.0259,9.791,0.3921,0.0572,-0.1516,2.4175,-57.8541,-59.0806,0.006843435997069766,0.0009983283321407565,-0.002645919146023404,0.0005333986676335351,-0.004772551777586684,-0.008945669222574892
5480,0.0241,0.0156,9.787,0.3664,0.1509,-0.1107,2.41,-57.5589,-58.8126,0.0063948863793072235,0.002633701841259443,-0.0019320794819577228,0.00020383753672114494,-0.0004874840414118872,-0.012957909010017588
5488,0.0352,0.0113,9.7812,0.3601,0.1559,-0.1524,2.4116,-57.2575,-58.5728,0.00628493063643158,0.00272096830385916,-0.0026598817800393584,-0.002887711172067497,0.0008105287852408355,-0.018730594949996515
5496,0.0233,0.0216,9.786,0.4011,0.1342,-0.1594,2.3948,-56.9772,-58.2927,0.007000515629749256,0.0023422318561763904,-0.002782054827678961,-0.0021012822841235796,0.001160398024426569,-0.013948718298621543
5504,0.0067,0.019,9.7848,0.3466,0.2596,-0.2417,2.4043,-56.6947,-57.9887,0.006049311187412347,0.0045308747381772796,-0.004218460802070294,-0.002730586093736613,-0.0007159186706805009,-0.015179666373018819
5512,-0.0034,0.0144,9.787,0.3326,0.2275,-0.1517,2.3793,-56.4146,-57.688,0.00580496509213314,0.0039706240482871,-0.002647664475275398,0.0019431157539668775,0.0002251650011100762,-0.01298901126590657
5520,-0.0051,0.0162,9.7889,0.2792,0.2489,-0.239,2.3553,-56.1206,-57.3985,0.004872959271568168,0.004344124508213886,-0.004171336912266448,-0.001272345253074295,-0.013912283538976486,-0.011095235446189733
5528,-0.009,0.0265,9.7934,0.2258,0.2521,-0.2902,2.3399,-55.8692,-57.1196,0.003940953451003196,0.004399975044277704,-0.005064945489287545,0.00799198782172099,0.005044817349143746,-0.006564571717003531
5536,-0.0076,0.0339,9.7998,0.2206,0.1812,-0.3615,2.3404,-55.5956,-56.8581,0.0038501963298994907,0.003162536604613725,-0.006309365245959501,0.00019087471963181676,-0.0003788501997072907,-0.00013842801647889758
5544,-0.0176,0.0375,9.7955,0.0943,0.2101,-0.3246,2.3065,-55.3204,-56.6016,0.0016458454846306526,0.0036669367584400863,-0.0056653387519735934,0.005362196122931034,-0.001790901002329616,-0.0044140400113725775
5552,-0.0066,0.0357,9.7925,0.2075,0.184,-0.2727,2.2739,-55.0475,-56.3463,0.0036215581978882336,0.0032114058236695662,-0.004759512870188536,0.0013032085893024666,-0.0005111718680612862,-0.007432801335969685
5560,-0.0136,0.0327,9.7976,0.1389,0.1398,-0.2038,2.2675,-54.784,-56.11,0.0024242623310201236,0.0024399702942880727,-0.0035569810155644437,0.007810969800058895,0.004554590496158849,-0.002340164383324961
5568,-0.0171,0.0296,9.7912,0.2046,0.0865,-0.1635,2.254,-54.5153,-55.8636,0.003570943649580398,0.001509709802975095,-0.002853613327010729,-0.010404798456754323,-0.0038681568383997496,-0.00874661815292832
5576,-0.0176,0.0317,9.7978,0.2005,0.1303,-0.2473,2.2408,-54.2487,-55.618,0.003499385150248631,0.0022741640153486112,-0.0043161992401819765,0.004744025615577616,0.0004762823555243276,-0.0021340712695980812
5584,-0.013,0.0296,9.8023,0.1551,0.147,-0.2467,2.2412,-53.9709,-55.3366,0.002707005669843205,0.0025656340004316645,-0.004305727264670011,-0.005889389089319825,0.0008503850824496508,0.0023515057327614386
5592,-0.0112,0.0262,9.8019,0.1146,0.185,-0.2379,2.2412,-53.6956,-55.0576,0.0020001473227855017,0.0032288591161895096,-0.00415213829049451,0.009478584972958047,0.005592721379722919,0.001935235854931605
5600,0.0005,0.0123,9.7928,0.1256,0.1991,-0.2406,2.2409,-53.4228,-54.7812,0.0021921335405048776,0.00347495054072071,-0.0041992621802983575,0.006859365497474462,-0.0027428607709459652,-0.007195049128174702
5608,0.0007,0.0243,9.797,0.1689,0.1495,-0.2266,2.256,-53.184,-54.5166,0.0029478611066184224,0.0026092672317315226,-0.003954916085019151,-0.002245926057930335,-0.0034498310271481405,-0.0029707036019317457
5616,0.0021,0.021,9.7998,0.1747,0.198,-0.1531,2.2701,-52.9462,-54.254,0.0030490902032340936,0.0034557519189487725,-0.0026720990848033187,0.001368872678405844,0.008563611811362776,-0.000181111839857806
5624,0.0003,0.0222,9.8069,0.1365,0.1187,-0.1377,2.2743,-52.6945,-54.0084,0.00238237442897226,0.0020717058221172693,-0.0024033183799961914,0.0004262369005980282,-0.00610892793373476,0.006923219813725012
5632,-0.0037,0.0319,9.8156,0.1082,0.0894,-0.0903,2.2781,-52.4445,-53.7641,0.0018884462506578647,0.0015603243512829306,-0.0015760323145508797,0.007681923793519945,-0.007649830068902994,0.01564654661865461
5640,-0.0013,0.0265,9.8162,0.0541,0.1049,-0.0587,2.296,-52.2049,-53.5123,0.0009442231253289323,0.0018308503853420516,-0.0010245082709206715,0.000627619103686412,-0.0006991423476740873,0.016235811006897194
5648,0.0049,0.0299,9.8181,0.0703,0.1387,-0.0394,2.2872,-51.9696,-53.2651,0.0012269664641520136,0.0024207716725161347,-0.0006876597252857658,-0.00758900279701338,-0.0031792743700887202,0.01814330356055649
5656,0.0146,0.0293,9.8321,0.0289,0.1439,-0.0969,2.2701,-51.7383,-53.0166,0.0005044001538263612,0.0025115287936198403,-0.0016912240451825054,-0.005279997331437999,0.00993514090060139,0.03214806004280213
5664,0.0079,0.0219,9.8402,0.0462,0.1082,-0.0273,2.2506,-51.4971,-52.7724,0.0008063421144213802,0.0018884462506578647,-0.000476474885794452,0.0035715536983155533,-0.0007800650828481415,0.040226861993712504
5672,-0.0086,0.027,9.8353,0.0222,0.1066,-0.0149,2.2316,-51.2575,-52.5298,0.0003874630939427412,0.0018605209826259553,-0.0002600540585471551,0.0021417928580154625,-0.000694989327755409,0.035340562467228054
5680,-0.0263,0.0303,9.8235,-0.0683,0.0727,-0.0004,2.189,-51.0034,-52.2939,-0.0011920598791121271,0.0012688543661998775,-6.981317007977318e-06,2.3569130079151136e-05,0.00010656795451398947,0.02358193420748833
5688,-0.5142,0.0324,9.806,-0.1088,-0.0109,-0.7282,2.1738,-50.7515,-52.0776,-0.0018989182261698304,-0.0001902408884673819,-0.012709487613022707,-0.47224499363618905,0.001739166008267717,0.00816338777485548
5696,-0.2925,0.0288,9.7838,-0.1043,0.0709,-1.6091,2.146,-50.5015,-51.849,-0.0018203784098300858,0.0012374384396639797,-0.028084092993840758,-0.23488010304063944,-0.0012098895485605592,-0.014604862175321642
5704,-0.1729,0.0429,9.7751,-0.0247,0.0602,-2.0869,2.1316,-50.2863,-51.5964,-0.0004310963252425994,0.0010506882097005862,-0.036423276159869664,-0.0997126014070292,0.011366517953528695,-0.023791991298965698
5712,-0.2419,0.0328,9.7941,-0.11,-0.0146,-2.433,2.1173,-50.072,-51.3457,-0.0019198621771937625,-0.0002548180707911721,-0.04246386070102204,-0.152898813802177,0.0012759634012139646,-0.004051521947694425
5720,-0.3367,0.0374,9.7959,-0.1082,-0.0296,-2.8737,2.1009,-49.8537,-51.1238,-0.0018884462506578647,-0.0005166174585903216,-0.05015552671456105,-0.23203426562168122,0.005741544105034067,-0.0009924178900302394
5728,-0.3519,0.0288,9.797,-0.0877,-0.0117,-3.3538,2.0848,-49.6365,-50.903,-0.001530653753999027,-0.00020420352248333657,-0.05853485245338583,-0.2315469019463482,-0.0023996568792528255,0.0006250986274292103
5736,-0.3633,0.0228,9.7747,-0.0815,0.0134,-3.8259,2.0618,-49.4155,-50.6832,-0.0014224433403753787,0.00023387411976724017,-0.06677455185205106,-0.2275579495818619,-0.007487022882807735,-0.021174500786385053
5744,-0.4174,0.0179,9.7796,-0.0836,-0.0484,-4.4191,2.0394,-49.1958,-50.4644,-0.0014590952546672594,-0.0008447393579652555,-0.07712784497488143,-0.2660066062558092,-0.01129630359094441,-0.015101829402953015
5752,-0.4459,0.0152,9.7704,-0.0696,-0.1074,-4.8009,2.0174,-48.9772,-50.2467,-0.0012147491593880533,-0.0018744836166419098,-0.08379151205899578,-0.27916392285014346,-0.012795480687731033,-0.02341175103232196
5760,-0.4211,0.0187,9.7762,0.0108,-0.1103,-5.2382,1.9936,-48.7508,-50.0391,0.0001884955592153876,-0.0019250981649497454,-0.09142383687796697,-0.2387594064735004,-0.008505078034462496,-0.017634082213648483
5768,-0.4578,0.0192,9.7701,0.0261,-0.1344,-5.4175,1.9703,-48.5258,-49.8323,0.00045553093477052005,-0.0023457225146803788,-0.0945532122267928,-0.26009987144043223,-0.007124718508982721,-0.022623010987926406
5776,-0.481,0.0132,9.7673,-0.0263,-0.0262,-5.6666,1.9497,-48.3111,-49.6174,-0.00045902159327450867,-0.00045727626402251436,-0.09890082739351068,-0.2677785897058044,-0.011900772010773891,-0.02452878227751576
5784,-0.4902,0.0219,9.7797,-0.0041,-0.0541,-5.7307,1.9295,-48.0976,-49.4037,-7.155849933176751e-05,-0.0009442231253289323,-0.10001958344403904,-0.26106505477856495,-0.0026210816171589536,-0.011478870273375463
5792,-0.4612,0.0298,9.8074,0.0386,0.0639,-5.8642,1.9183,-47.8981,-49.1781,0.0006736970912698113,0.0011152653920243766,-0.10234959799545147,-0.21557309528348434,0.005021812944443123,0.01591520246505773
5800,-0.4723,-0.0004,9.8111,-0.0277,0.0321,-5.9142,1.9093,-47.6761,-48.9519,-0.00048345620280242926,0.0005602506898901797,-0.10322226262144864,-0.211108080231933,-0.022969006924518875,0.020165806297859135
5808,-0.4572,0.006,9.843,-0.0589,-0.0276,-5.8817,1.8691,-47.4598,-48.7271,-0.00102799892942466,-0.00048171087355043494,-0.10265503061455049,-0.17945090323316534,-0.014960631562155362,0.051968858701901155
5816,-0.4769,0.0154,9.8296,-0.0941,0.0356,-6.0004,1.8566,-47.251,-48.5182,-0.0016423548261266642,0.0006213372137099813,-0.10472673643666774,-0.1836503413244093,-0.004427961285494798,0.03945932840266586
5824,-0.4714,0.013,9.8239,-0.1705,0.112,-5.8813,1.8442,-47.0433,-48.3103,-0.0029757863746503323,0.001954768762233649,-0.10264804929754251,-0.162459731597541,-0.005644143609977906,0.03386867663241411
5832,-0.5212,0.0121,9.81,-0.1901,0.1236,-5.9198,1.8381,-46.8348,-48.0874,-0.0033178709080412204,0.0021572269554649913,-0.10332000105956032,-0.19679255425474626,-0.004910058910452941,0.02187071956821285
5840,-0.5397,0.0123,9.8029,-0.1421,-0.0283,-5.815,1.8319,-46.6215,-47.8799,-0.0024801128670839424,-0.0004939281783143953,-0.10149089600347028,-0.1998444988799782,-0.0035485235292636664,0.015718281116678057
5848,-0.5379,0.0284,9.8134,-0.187,-0.2563,-5.7816,1.8238,-46.3861,-47.6617,-0.0032637657012293962,-0.004473278872861466,-0.10090795603330416,-0.18214337140519385,0.012201919200658138,0.02647634889643058
5856,-0.5749,0.0234,9.8269,-0.1952,-0.3167,-5.5413,1.8119,-46.1778,-47.4487,-0.0034068826998929313,-0.005527457741066041,-0.09671392984076178,-0.20337184499993044,0.007777106829070105,0.04162591187404807
5864,-0.5701,0.007,9.8538,-0.1683,-0.3771,-5.2261,1.8001,-45.9708,-47.2371,-0.0029373891311064567,-0.006581636609270617,-0.09121265203847566,-0.18251490250076208,-0.007399859917754711,0.06859012232438033
5872,-0.5681,0.0104,9.858,-0.0491,-0.3655,-4.9167,1.7885,-45.7708,-47.0135,-0.0008569566627292158,-0.006379178416039274,-0.0858126033328052,-0.16501719714419696,-0.0032242471342192255,0.07298175319275657
5880,-0.5367,0.0125,9.8518,0.0996,-0.1194,-4.5996,1.777,-45.5719,-46.7914,0.0017383479349863521,-0.0020839231268812296,-0.08027816427473118,-0.11825416241310979,-0.0011665661373181043,0.06570732244756172
5888,-0.5196,0.0259,9.8553,0.2097,0.14,-4.3631,1.7601,-45.3594,-46.5764,0.003659955441432109,0.0024434609527920616,-0.0761504605937646,-0.08495180708079057,0.010131811465567976,0.06865105254360948
5896,-0.4942,0.0311,9.8704,0.2642,0.1157,-4.0836,1.7435,-45.1483,-46.3629,0.004611159883769018,0.0020193459445574393,-0.07127226533444043,-0.043347628522050125,0.010935908568903693,0.08271209734479967
5904,-0.4734,0.0572,9.8762,0.4098,-0.0918,-3.8164,1.7272,-44.9388,-46.1507,0.0071523592746727625,-0.0016022122533307947,-0.06660874557311158,-0.013891157686043614,0.02279172157243478,0.08766875523072493
5912,-0.4847,0.0818,9.9075,0.3221,-0.1994,-3.5876,1.7093,-44.7467,-45.9417,0.005621705520673735,-0.003480186528476693,-0.06261543224454857,-0.016561775594635644,0.033001304017827006,0.11961784553831833
5920,-0.4635,0.0681,9.9007,0.3023,-0.1421,-3.6063,1.6917,-44.5556,-45.734,0.005276130328778859,-0.0024801128670839424,-0.06294180881467151,0.0005741108641459587,0.003297750075358086,0.11177679052757661
5928,-0.4497,0.0743,9.8973,0.262,-0.2262,-3.5869,1.6848,-44.3813,-45.5258,0.004572762640225144,-0.003947934768011174,-0.0626032149397846,0.0007377192449321606,0.0005319033190960531,0.10778971531234838
5936,-0.445,0.0686,9.9015,0.2609,-0.3625,-3.4695,1.678,-44.2077,-45.319,0.004553564018453206,-0.006326818538479445,-0.060554198397943265,-0.006394242332592796,0.005540525684646982,0.1117284883233225
5944,-0.3884,0.0593,9.9057,0.2971,-0.1941,-3.1893,1.6558,-44.0194,-45.1271,0.005185373207675152,-0.0033876840781209934,-0.05566378583385515,0.034135173196510306,-0.0035347992233318156,0.1134295697879093
5952,-0.3686,0.0167,9.8731,0.5159,0.1297,-3.0787,1.6509,-43.8322,-44.9244,0.009004153611038746,0.0022636920398366456,-0.05373345168114942,0.04012385770113081,-0.03628785681186855,0.07984421575012313
5960,-0.1753,-0.0086,9.8878,0.5597,0.2579,-2.6928,1.6377,-43.6593,-44.723,0.009768607823412262,0.004501204140893376,-0.04699822609770331,0.21846008154803903,-0.06182646114633199,0.08675101190841872
5968,-0.0505,-0.0648,9.8656,0.5989,0.3939,-2.3718,1.6329,-43.4706,-44.531,0.010452776890194039,0.006874851923605664,-0.04139571919880151,0.3267811723559678,-0.1159030881207099,0.05984752364648571
5976,-0.0127,-0.0642,9.8847,0.4016,0.5372,-1.9716,1.628,-43.283,-44.3402,0.007009242276009227,0.009375908741713538,-0.034410911532320204,0.35095353756410774,-0.111934851855331,0.078050375626324
5984,-0.005,-0.075,9.88,0.325,0.6316,-1.6101,1.6102,-43.1095,-44.1357,0.005672320068981571,0.011023499555596186,-0.0281015462863607,0.34416580311885564,-0.1182070650352199,0.07358227745833545
5992,0.0235,-0.0578,9.8822,0.3931,0.4604,-1.2245,1.5895,-42.9143,-43.9471,0.006860889289589709,0.008035495876181893,-0.021371556690670562,0.3584534670587122,-0.09801245290713419,0.07540756632498002
6000,0.0314,-0.0542,9.8847,0.2555,0.5154,-0.7838,1.577,-42.7378,-43.7595,0.0044593162388455124,0.008995426964778773,-0.013679890677131556,0.3519108953501133,-0.09100923760938516,0.07821308387319803
6008,0.1397,-0.04,9.8924,0.236,0.568,-0.341,1.5647,-42.5449,-43.5603,0.004118977034706617,0.009913470151327791,-0.0059515727493006645,0.445876506129006,-0.07676437559038775,0.08311667551903312
6016,0.1052,-0.075,9.8091,0.2253,0.6024,-0.0777,1.5525,-42.3532,-43.3624,0.003932226804743225,0.010513863414013842,-0.0013561208287995942,0.3937729164486223,-0.10697436437435097,0.0014608210020536916
6024,-0.0864,-0.1061,9.6787,0.2151,0.5258,0.2622,1.5358,-42.1813,-43.1688,0.003754203221039803,0.009176941206986186,0.0045762532987291315,0.18567477180727196,-0.12531918500784225,-0.12292524359849466
6032,0.0268,-0.0309,9.6477,0.7921,0.4339,0.5552,1.5194,-42.0102,-42.9764,0.013824753005047085,0.007572983624403396,0.009690068007072518,0.2848703123858172,-0.05084543251298407,-0.1565539361121644
6040,0.1674,-0.0886,9.6779,0.7465,1.2023,1.0967,1.5001,-41.8415,-42.7897,0.01302888286613767,0.020984093596727822,0.01914102590662181,0.41165431415607506,-0.10860632071697536,-0.12961394138077864
6048,0.148,-0.0748,9.738,0.9348,1.809,1.0011,1.4811,-41.6737,-42.6041,0.016315337847642993,0.031573006168577424,0.017472491141715236,0.3813852478617551,-0.09218400776672839,-0.06849495497096925
6056,0.033,-0.1069,9.7838,0.6802,1.685,0.7096,1.4624,-41.5066,-42.4196,0.01187172957206543,0.029408797896104455,0.012384856372151762,0.2549532072033727,-0.11645846330301561,-0.019575912136438944
6064,0.0054,-0.1797,9.7519,0.5274,1.2544,1.079,1.4514,-41.3448,-42.2213,0.009204866475018093,0.02189341013701687,0.018832102629018816,0.21491305120261744,-0.17938814450079538,-0.05046118352076512
6072,0.0092,-0.1294,9.7558,0.5627,1.288,1.1202,1.4404,-41.1837,-42.0244,0.009820967700972093,0.022479840765686966,0.01955117828084048,0.20812296057467727,-0.12207260148257511,-0.04632142454710042
6080,0.0399,-0.2009,9.793,0.6391,0.5734,1.3996,1.4252,-41.0204,-41.842,0.01115439924949576,0.010007717930935486,0.024427628210912634,0.22680502204247444,-0.18513503314480523,-0.009234640668854155
6088,0.0167,-0.2433,9.7247,0.8401,0.6902,1.6935,1.4103,-40.8579,-41.6606,0.014662511046004361,0.012046262497264863,0.02955715088252397,0.19208723927166615,-0.2166973261377316,-0.07655366491110094
6096,0.1214,-0.2152,9.8114,0.8377,1.1112,1.7958,1.4026,-40.6719,-41.4731,0.014620623143956499,0.01939409864816099,0.03134262270731417,0.28722758702049184,-0.1831505090645336,0.008597002848256707
6104,0.1374,-0.2294,9.8356,0.814,1.3538,1.947,1.3993,-40.4998,-41.2854,0.01420698011123384,0.023628267413499233,0.0339815605363296,0.2920820789644442,-0.19011016913980272,0.033060391492437446
6112,0.1418,-0.1621,9.8293,0.8448,1.5084,1.8942,1.3973,-40.333,-41.0975,0.014744541520848095,0.026326546437082467,0.03306002669127659,0.28523012271417075,-0.1180984514338347,0.026811215896302087
6120,0.1043,-0.1226,9.839,1.0608,1.4296,2.2064,1.3856,-40.1781,-40.9135,0.018514452705155848,0.024951226986510935,0.038508944616002884,0.23558874478198888,-0.07461003217149557,0.037213098049234006
6128,0.0249,-0.0795,9.8214,0.9181,1.7675,2.1157,1.374,-40.024,-40.7308,0.01602386786255994,0.030848694528999777,0.03692593098444403,0.14376863292462894,-0.02845660438162353,0.020659805830463895
6136,0.0482,-0.0438,9.7896,1.0536,1.5067,1.9408,1.3721,-39.8664,-40.5423,0.018388788999012258,0.02629687583979856,0.033873350122705946,0.15372631235531276,0.004553147656346453,-0.011391450786478075
6144,0.0474,-0.0328,9.8232,0.8551,1.316,1.971,1.3769,-39.7028,-40.355,0.014924310433803512,0.022968532956245378,0.034400439556808236,0.1396517171010426,0.012937842596528406,0.022367884076611944
6152,0.0107,-0.0425,9.8121,1.0254,1.2349,2.4105,1.3641,-39.5279,-40.1744,0.017896606149949857,0.021553070932877977,0.04207116161932331,0.08867644042264669,0.001822045091742693,0.011796997444740498
6160,0.0076,-0.0435,9.8062,1.1909,0.7307,2.5801,1.3608,-39.354,-40.0016,0.02078512606200047,0.012753120844322566,0.045031240030705695,0.07081275747381895,-0.0009540345092350554,0.0060437023907393694
6168,0.0184,-0.0504,9.8013,1.1918,0.9019,3.2144,1.3575,-39.1813,-39.8299,0.02080083402526842,0.015741124523736858,0.056101863476105726,0.06708521566258609,-0.008163130074241146,0.0012138711052980256
6176,0.0187,-0.0301,9.7832,1.006,0.6656,3.1382,1.362,-39.0188,-39.6538,0.017558012275062956,0.011616911501274257,0.05477192258608605,0.053124384585682125,0.007920545371882777,-0.016883267346576858
6184,0.0057,-0.0191,9.7531,1.1029,0.6423,3.0226,1.3664,-38.8572,-39.4788,0.01924923632024546,0.011210249785559578,0.05275432197078061,0.026952430679982823,0.010824985223480889,-0.04692288064042138
6192,0.0035,-0.0301,9.7483,1.009,0.412,3.2295,1.3617,-38.6925,-39.3023,0.01761037215262278,0.0071907565182166375,0.05636540819315687,0.009524666659291206,-0.001440050484863411,-0.05165766106977365
6200,0.0052,-0.045,9.7494,0.9085,0.4612,3.5766,1.3569,-38.5289,-39.1269,0.015856316254368483,0.008049458510197848,0.06242344602682919,0.0029234189180438195,-0.004661169601640921,-0.05049631380551922
6208,-0.0243,-0.0358,9.7239,0.8711,0.2521,3.5672,1.3521,-38.3661,-38.9525,0.015203563114122605,0.004399975044277704,0.062259385077141724,-0.010789296086187606,0.0008559908761185772,-0.07600975944702171
6216,-0.0168,-0.0037,9.7168,0.6247,0.6736,3.6409,1.3524,-38.2157,-38.7767,0.010903071837208577,0.011756537841433804,0.06354569273586154,-0.0005910122015019132,0.01646150094162173,-0.08319873416712831
6224,-0.0424,0.0157,9.7318,0.6823,0.418,3.5381,1.3527,-38.066,-38.602,0.011908381486357311,0.0072954762733362976,0.06175149426481137,-0.016292854476317134,0.022624166832408102,-0.06813490743073736
6232,-0.0445,0.0246,9.7968,0.6948,0.2908,3.4637,1.3554,-37.9045,-38.4347,0.012126547642856601,0.00507541746479951,0.06045296930132759,-0.0099325689396433,0.017019104972866277,-0.00308786687661744
6240,-0.0688,0.0341,9.7937,0.7227,0.1879,3.3313,1.3418,-37.7515,-38.2683,0.01261349450416302,0.0032794736644973454,0.0581421533716871,-0.021572182531839946,0.01612797208379972,-0.006036018574642199
6248,-0.094,0.0536,9.8032,0.6721,0.0549,3.1966,1.3284,-37.5992,-38.0894,0.01173035790265389,0.0009581857593448868,0.05579119486925074,-0.034029689712801355,0.025371567267368642,0.0037052925815981297
6256,-0.0758,0.0498,9.8018,0.6424,-0.0697,3.0332,1.3311,-37.4501,-37.919,0.011211995114811572,-0.0012164944886400477,0.052939326871492005,-0.006651028361022753,0.007866854066030464,0.0022141782573203983
6264,-0.1053,0.0437,9.7905,0.7099,0.0325,2.7836,1.3325,-37.297,-37.7484,0.012390092359907744,0.0005672320068981572,0.048582985058514154,-0.020645672506897122,0.00021994094538434588,-0.008857996237992438
6272,-0.1029,0.0399,9.803,0.8945,0.0662,2.7076,1.3289,-37.1434,-37.5838,0.015611970159089278,0.001155407964820246,0.047256534826998466,-0.0027451951523010253,-0.0018264912443559933,0.003620685636166243
6280,-0.1025,0.0625,9.8162,0.6737,-0.0562,2.6455,1.3254,-36.9907,-37.4202,0.011758283170685798,-0.0009808750396208131,0.046172685361509994,-0.0005890900226379215,0.0041149923448074565,0.016933210520020836
6288,-0.1121,0.0633,9.8167,0.4892,-0.2532,2.6075,1.3147,-36.8364,-37.2623,0.00853815070075626,-0.004419173666049642,0.04550946024575214,0.003538261775408704,-0.0026330975154239956,0.01754311105895212
6296,-0.1546,0.0664,9.8281,0.3422,-0.0897,2.3152,1.3112,-36.6818,-37.103,0.005972516700324596,-0.0015655603390389136,0.040407862842172716,-0.02322020966402196,-3.0213488726763334e-05,0.029512732122089602
6304,-0.1916,0.0614,9.8344,0.2255,-0.0853,2.041,1.3112,-36.5399,-36.9446,0.003935717463247213,-0.001488765851951163,0.03562217003320427,-0.04463145609312007,-0.003845450245644651,0.036355886487607236
6312,-0.2006,0.0591,9.8291,0.3593,0.0149,2.1068,1.3112,-36.3834,-36.7848,0.006270968002415626,0.0002600540585471551,0.03677059668101653,-0.038104234618605765,-0.004821659829831215,0.031249401724107173
6320,-0.261,0.022,9.8215,0.3779,-0.4492,2.1404,1.3111,-36.2278,-36.626,0.006595599243286571,-0.007840018999958528,0.03735702730968663,-0.08508804935257558,-0.03584887637690931,0.024558113824758365
6328,-0.247,0.0381,9.7997,0.225,-0.5971,1.9805,1.3122,-36.0835,-36.4692,0.003926990816987242,-0.01042136096365814,0.034566245835747696,-0.05705495072193812,-0.01592501236409969,0.0027073722813586443
6336,-0.2306,0.0768,9.7945,0.1988,-0.4185,1.9849,1.3132,-35.94,-36.3134,0.003469714552964727,-0.007304202919596269,0.034643040322835446,-0.027348036708617737,0.014669394094509357,-0.0025339120890528477
6344,-0.2513,0.0754,9.7939,0.2298,-0.6664,1.9785,1.3084,-35.8006,-36.1619,0.00401076662108297,-0.011630874135290212,0.03453133925070781,-0.033910761308619156,0.008850235249811059,-0.002649042031642068
6352,-0.291,0.0581,9.7806,0.2114,-0.5088,2.3963,1.3036,-35.6619,-36.0112,0.0036896260387160127,-0.00888023523414715,0.04182332486554012,-0.05919393622082832,-0.006725809087225403,-0.015080796889185066
6360,-0.2645,0.0817,9.7777,0.1591,-0.5394,2.4172,1.2989,-35.5239,-35.8614,0.0027768188399229783,-0.009414305985257413,0.04218809867920693,-0.019426371674980472,0.009259294023622619,-0.018405584386679052
6368,-0.2533,0.0825,9.786,0.3145,-0.5579,2.5332,1.2986,-35.382,-35.7046,0.005489060497522166,-0.009737191896876364,0.04421268061152035,0.0010355698682064198,-0.0027732971073417875,-0.010375166717665252
6376,-0.2687,0.0742,9.8017,0.0604,-0.3171,2.6068,1.2984,-35.241,-35.5488,0.001054178868204575,-0.005534439058074019,0.045497242940988177,-0.002182702442552376,-0.0015371262327490665,0.005662705449998029
6384,-0.0771,0.0744,9.8696,-0.2386,-0.5054,2.7785,1.3069,-35.1017,-35.3928,-0.004164355595258471,-0.00882089403957934,0.04849397326666245,0.17468180463800018,-0.002581535492922138,0.06863534298450347
6392,-0.0254,0.111,9.8674,-0.1325,-0.3495,2.6093,1.3032,-34.9621,-35.2443,-0.0023125612588924867,-0.006099925735720182,0.045540876172288046,0.210415306212245,0.031562999554679526,0.06576292518580118
6400,-0.0643,0.1245,9.8621,-0.1724,-0.4137,2.5223,1.2994,-34.8231,-35.0966,-0.0030089476304382243,-0.007220427115500541,0.044022439723052975,0.15562072428545007,0.04151698878396472,0.0617802490126067
6408,-0.0981,0.1486,9.8628,-0.0506,-0.5338,2.4977,1.3098,-34.6795,-34.9476,-0.0008831366015091308,-0.009316567547145733,0.04359308872706237,0.1073095270068726,0.058342326457273434,0.06365095937387188
6416,-0.11,0.1631,9.8803,0.0046,-0.3153,2.4475,1.3071,-34.5356,-34.8059,8.028514559173915e-05,-0.005503023131538122,0.04271693344256121,0.08277037463347606,0.06314138848710711,0.0817099699466457
6424,-0.1162,0.1576,9.8661,0.0467,-0.2877,2.1915,1.3065,-34.3967,-34.6532,0.0008150687606813518,-0.005021312257987686,0.038248890557455735,0.0632446466808225,0.048179468992545944,0.06772254694231883
6432,-0.0485,0.1694,9.83,0.255,-0.5839,2.152,1.2974,-34.264,-34.5035,0.00445058959258554,-0.01019097750239489,0.037559485502917975,0.11519873086370605,0.053133003157655415,0.03076063925792205
6440,-0.1016,0.1792,9.8128,0.3395,-0.6059,2.1383,1.2883,-34.1318,-34.3547,0.005925392810520749,-0.010574949937833642,0.03732037539539475,0.050009998749115686,0.0516276174379429,0.014698804810199917
6448,-0.0507,0.1881,9.8123,0.3083,-0.6083,2.2371,1.2825,-34.0077,-34.2047,0.005380850083898519,-0.010616837839881505,0.039044760696365144,0.08656351210478737,0.05184573837326503,0.013715003391151726
6456,0.0249,0.2102,9.7549,0.3638,-0.7092,1.9423,1.2872,-33.8768,-34.0555,0.006349507818755371,-0.012377875055143785,0.03389953006148586,0.14624276108317738,0.06745162442137387,-0.044132975834815014
6464,0.0104,0.2034,9.7476,0.2302,-0.747,1.9564,1.2845,-33.7497,-33.9114,0.004017747938090946,-0.013037609512397642,0.03414562148601706,0.11639956234267984,0.0539560750680794,-0.05111671195876433
6472,0.0178,0.1826,9.7291,0.2704,-0.8339,2.0099,1.2818,-33.6232,-33.7681,0.0047193702973926666,-0.014554300632380713,0.03507937263583403,0.10732379481744858,0.028994038636435224,-0.06980537919258545
6480,-0.1063,0.1807,9.6883,0.3569,-0.6529,1.9704,1.2863,-33.491,-33.6194,0.006229080100367762,-0.011395254686270978,0.03438996758129627,-0.009999793261108494,0.014332140159442307,-0.10944771110061247
6488,-0.1161,0.1648,9.6577,0.4236,-0.8639,1.7939,1.2907,-33.3596,-33.4715,0.00739321471144798,-0.015077899407979012,0.03130946145152628,-0.005915991806596079,-0.0008329627907266771,-0.1401981465863429
6496,-0.0561,0.1919,9.6332,0.4288,-0.7856,1.6172,1.292,-33.2319,-33.3287,0.007483971832551685,-0.013711306603667452,0.028225464663252296,0.03893806029137939,0.01915118222216892,-0.1648231920903367
6504,-0.1649,0.1559,9.5938,0.4257,-0.7134,1.5895,1.2933,-33.1047,-33.1866,0.007429866625739861,-0.012451178883727548,0.027742008460449868,-0.056336697708965974,-0.013141428378996874,-0.20369087933535823
6512,-0.1258,0.161,9.6246,0.428,-0.7111,1.355,1.2944,-32.9782,-33.0454,0.00747000919853573,-0.012411036310931677,0.023649211364523165,-0.004163243096630664,-0.0022232436326440684,-0.17323265448911762
6520,-0.1556,0.158,9.5723,0.4783,-0.7222,1.2561,1.2946,-32.8554,-32.9019,0.008347909812288879,-0.012604767857903047,0.021923080734300774,-0.020418258194304865,-0.00307042153041624,-0.22515397944990845
6528,-0.2071,0.1493,9.5013,0.4943,-0.6954,0.9536,1.2947,-32.7331,-32.7593,0.00862716249260797,-0.012137019618368569,0.016643459747017926,-0.05882151125381253,-0.009017919265779488,-0.2954568075606101
6536,-0.2342,0.1223,9.4643,0.475,-0.5205,0.8643,1.2897,-32.6014,-32.6125,0.008290313946973065,-0.009084438756630484,0.015084880724986989,-0.0732172022444613,-0.030288452153149303,-0.3323443624642941
6544,-0.3015,0.1306,9.4172,0.4166,-0.4146,0.8162,1.2947,-32.4734,-32.4665,0.007271041663808377,-0.00723613507876849,0.014245377354777718,-0.12695127006501128,-0.01950444467156661,-0.3779451603343489
6552,-0.3582,0.0767,9.535,0.3633,-0.3613,0.8102,1.2997,-32.3461,-32.3215,0.006340781172495399,-0.0063058745874555126,0.014140657599658059,-0.16792094431596438,-0.0699032903574798,-0.2596996265077056
6560,-0.2206,0.0716,9.5017,0.4698,-0.4704,0.7111,1.3064,-32.2115,-32.1793,0.008199556825869361,-0.008210028801381325,0.012411036310931677,-0.02581394956085204,-0.06121423949844364,-0.2957020108326436
6568,-0.2491,0.0338,9.5303,0.7102,-0.2973,0.6484,1.3112,-32.0826,-32.0457,0.01239532834766373,-0.005188863866179142,0.011316714869931233,-0.04690717799578073,-0.0869398547817033,-0.266897015226208
6576,-0.1273,0.0141,9.6373,0.6148,-0.0625,0.7404,1.3197,-31.9533,-31.9109,0.010730284241261137,-0.001090830782496456,0.012922417781766015,0.06807473156944918,-0.09637934495382129,-0.16257128468448734
6584,-0.1337,0.0264,9.6626,0.7182,0.1247,0.7591,1.3213,-31.8305,-31.7643,0.012534954687823273,0.002176425577236929,0.013248794351888955,0.05319188989214134,-0.07290900397876529,-0.1368604320340836
6592,-0.0798,-0.0039,9.7611,0.7931,0.0931,0.9636,1.3229,-31.7083,-31.6186,0.013842206297567028,0.0016249015336067209,0.01681799267221736,0.09780789531629183,-0.09455189600420347,-0.039521015105057344
6600,-0.042,0.0688,9.7495,0.8007,0.0868,0.8711,1.3283,-31.5838,-31.4844,0.013974851320718596,0.001514945790731078,0.015203563114122605,0.12014994606653068,-0.020387037564805338,-0.0509284519417168
6608,-0.1043,0.0909,9.7113,0.7227,0.1742,0.9454,1.3279,-31.4657,-31.3566,0.01261349450416302,0.003040363556974122,0.016500342748354394,0.041932681630710726,0.0005238896957185194,-0.08780506961733003
6616,-0.1029,0.059,9.7569,0.6508,0.175,0.8938,1.3246,-31.3434,-31.2182,0.011358602771979098,0.0030543261909900766,0.015599752854325319,0.03158627342471667,-0.023557997160950472,-0.042458591012749736
6624,-0.0729,0.0811,9.7535,0.7579,0.2985,0.6204,1.3232,-31.2255,-31.0815,0.013227850400865025,0.005209807817203074,0.01082802267937282,0.046341637448452835,-0.002109288402445636,-0.0460007241367375
6632,-0.0794,0.0287,9.7463,0.5831,0.254,0.455,1.3218,-31.1081,-30.9456,0.010177014868378935,0.004433136300065597,0.0079412480965742,0.030897155528757016,-0.04265154401602699,-0.053476622324591716
6640,-0.0867,0.0701,9.7549,0.5946,0.11,0.4088,1.3204,-30.9913,-30.8106,0.010377727732358283,0.0019198621771937625,0.0071349059821528196,0.0082608246233017,-0.0012657845962295822,-0.04446643865309419
6648,-0.0642,0.0425,9.7895,0.4136,0.2257,0.434,1.3255,-30.8769,-30.6791,0.007218681786248547,0.003939208121751202,0.00757472895365539,0.019970092888707405,-0.018981766927788767,-0.01023600754776588
6656,-0.1085,0.0297,9.8618,0.2885,0.411,0.5087,1.3305,-30.7631,-30.5483,0.00503527489200364,0.007173303225696694,0.008878489904895155,-0.01379551617568279,-0.019933485215017747,0.062411769942514184
6664,-0.0055,0.0123,9.9709,0.3235,0.4415,0.4628,1.3409,-30.6415,-30.41,0.005646140130201656,0.007705628647554965,0.008077383778229757,0.0761548222444526,-0.03214326945359325,0.1705664635103723
6672,-0.0622,0.0457,9.9545,0.4317,0.292,0.6829,1.3512,-30.5205,-30.2726,0.00753458638085952,0.005096361415823442,0.011918853461869276,0.0038280421099701964,-0.0003731878192719139,0.15479848047284328
6680,-0.0142,0.0463,9.9523,0.5484,0.389,0.6854,1.3613,-30.4001,-30.1359,0.009571385617936903,0.006789330790257942,0.011962486693169135,0.03642665945408467,-0.000588428379563663,0.15235114795659932
6688,0.021,0.0614,10.005,0.4441,0.2952,0.6585,1.3731,-30.2867,-29.9992,0.007751007208106817,0.005152211951887261,0.01149299312438266,0.05659540994365958,0.010541252098248665,0.20504481756966086
6696,0.0429,0.0565,9.9944,0.4723,0.5548,0.6701,1.3848,-30.1738,-29.8741,0.008243190057169218,0.009683086690064539,0.011695451317614004,0.06328179097169945,0.0038915546099409747,0.19445067478619116
6704,0.054,0.1016,9.9598,0.286,0.6536,0.7771,1.3962,-30.0614,-29.7497,0.004991641660703782,0.011407471991034937,0.013562953617247936,0.06189519930780263,0.03999148749464386,0.1601919793360711
6712,0.0436,0.0682,9.9353,0.2678,0.6415,0.8929,1.4111,-29.9586,-29.6198,0.004673991736840814,0.011196287151543624,0.015584044891057369,0.036620467464979545,0.004308279668233515,0.13556131630664048
6720,0.0833,0.0954,9.9436,0.2584,0.4353,0.9075,1.4302,-29.8535,-29.4905,0.004509930787153348,0.007597418233931317,0.01583886296184854,0.0621783038775718,0.02507022220306606,0.14418052694567507
6728,0.0687,0.1054,9.947,0.1401,0.5741,0.9029,1.4472,-29.7443,-29.3727,0.0024452062820440558,0.010019935235699447,0.0157585778162568,0.03553207309627075,0.025407490267532206,0.14769972311286317
6736,0.0696,0.0926,9.9028,-0.0211,0.5068,1.1811,1.4658,-29.6339,-29.2555,-0.0003682644721708035,0.008845328649107262,0.02061408379530503,0.022345057506293346,0.00771391500914556,0.10344929577166262
6744,0.0413,0.107,9.8969,-0.1752,0.5571,1.4071,1.4841,-29.524,-29.139,-0.0030578168494940655,0.00972322926286041,0.02455852790481221,-0.0010868178429287772,0.007087710360033287,0.09756196662535821
6752,0.0972,0.0762,9.9039,-0.2345,0.4159,1.4153,1.4942,-29.4103,-29.0081,-0.004092797095926703,0.007258824359044416,0.024701644903475747,0.04084273870208733,-0.017069504645806928,0.10457116652237808
6760,0.0595,0.0762,9.8979,-0.1579,0.3689,1.3831,1.5198,-29.3023,-28.8963,-0.0027558748888990466,0.006438519610607082,0.02413964888433357,0.0007736432363032413,-0.001276972427649115,0.09837203134018146
6768,0.0503,0.0466,9.917,-0.1381,0.2999,1.3817,1.539,-29.1922,-28.7782,-0.002410299697004169,0.005234242426730994,0.02411521427480565,-0.003896175358035951,-0.01553621320260799,0.11722411241658293
6776,0.0512,0.0485,9.9226,-0.0444,0.5006,1.4816,1.564,-29.0809,-28.6676,-0.0007749261878854823,0.008737118235483614,0.025858798197547987,0.0010872316915433503,0.001902956556218181,0.12285037913419217
6784,0.0059,0.0452,9.9007,-0.1414,0.5752,1.4172,1.5886,-28.9701,-28.5576,-0.002467895562319982,0.010039133857471384,0.02473480615926364,-0.027476718596141633,-0.0006956113080969368,0.10076678273254203
6792,0.0552,0.0236,9.8954,-0.1329,0.5372,1.3743,1.6128,-28.8598,-28.4481,-0.002319542575900464,0.009375908741713538,0.02398605991015807,0.011500752592722608,-0.01069435204363969,0.0955696411840865
6800,0.062,0.0062,9.9276,-0.1755,0.5355,1.1652,1.6392,-28.75,-28.3452,-0.003063052837250048,0.009346238144429635,0.02033657644423793,0.010327765197990543,-0.014591090367161216,0.12777944141326536
6808,0.0913,-0.0236,9.9112,-0.1068,0.3766,0.8506,1.6653,-28.6408,-28.2428,-0.0018640116411299441,0.006572909963010645,0.014845770617463767,0.02971981755254605,-0.0323204849903786,0.11155135227047097
6816,0.0514,-0.0163,9.8776,-0.1825,0.1259,0.6191,1.6893,-28.5414,-28.1417,-0.0031852258848896514,0.002197369528260861,0.010805333399096895,-0.003975261070010474,-0.010168771545787636,0.07774114883482142
6824,0.0685,-0.0317,9.8518,-0.2362,-0.1004,0.7418,1.713,-28.4425,-28.0411,-0.004122467693210606,-0.0017523105690023068,0.012946852391293937,0.005890862611889705,-0.01122536028457301,0.05208098165175379
6832,0.0494,-0.0456,9.8549,-0.4209,-0.1809,0.731,1.7363,-28.344,-27.941,-0.007346090821644133,-0.0031573006168577424,0.012758356832078549,-0.006117442436280776,-0.010628014143774837,0.05512168124845651
6840,0.0385,-0.0404,9.8745,-0.3122,-0.1485,0.6701,1.7576,-28.2374,-27.8439,-0.005448917924726297,-0.0025918139392115793,0.011695451317614004,-0.0022779388946927593,-0.00021896278823709778,0.0746574331998815
6848,0.0573,-0.0548,9.8836,-0.2749,-0.2028,0.5798,1.7819,-28.1306,-27.7522,-0.004797910113732411,-0.0035395277230445004,0.010119419003063122,0.004373879636911139,-0.003701743526551646,0.08391635214866433
6856,0.0434,-0.0319,9.8964,-0.2392,-0.5508,0.2055,1.7993,-28.0284,-27.6625,-0.004174827570770436,-0.009613273519984766,0.003586651612848347,-0.0033152397070181656,0.00540276654738428,0.09654454591597883
6864,0.0212,-0.0635,9.8856,-0.3224,-0.6302,0.2849,1.8163,-27.9267,-27.5732,-0.005626941508429719,-0.010999064946068265,0.004972443038931845,-0.015249256711503695,-0.014482375349778975,0.08580430571908337
6872,0.0271,-0.0766,9.8823,-0.4633,-0.3729,0.2755,1.8249,-27.8254,-27.4884,-0.008086110424489729,-0.006508332780686855,0.004808382089244378,-0.004757174282566528,-0.011955775090632923,0.08262564750556756
6880,-0.0327,-0.1286,9.8592,-0.4301,-0.4041,0.2318,1.8464,-27.7254,-27.4047,-0.007506661112827611,-0.007052875507309086,0.004045673206122856,-0.05369840400345782,-0.052574375845671116,0.05980650451173375
6888,-0.0376,-0.1073,9.852,-0.5716,-0.4019,0.0594,1.8545,-27.6226,-27.318,-0.009976302004399588,-0.00701447826376521,0.0010367255756846318,-0.04531234283754417,-0.023135105436696734,0.05252468195248916
6896,-0.0061,-0.1167,9.8455,-0.6057,-0.4078,0.0972,1.8624,-27.5202,-27.2316,-0.010571459279329655,-0.007117452689632876,0.0016964600329384882,-0.008185015080293968,-0.01714365857139277,0.04617516858698245
6904,0.0115,-0.1075,9.8378,-0.5902,-0.4935,-0.0747,1.8734,-27.411,-27.1431,-0.010300933245270531,-0.008613199858592015,-0.0013037609512397642,-0.0033025081999950596,0.003030717046142082,0.038393021636904834
6912,0.0757,-0.0786,9.8048,-0.6981,-0.5141,-0.2231,1.876,-27.3113,-27.0606,-0.012184143508172415,-0.008972737684502848,-0.0038938295611993493,0.04623016624791523,0.02547789380953251,0.005265174316077648
6920,0.1097,-0.048,9.8328,-0.5292,-0.4218,-0.2929,1.8818,-27.2063,-26.9775,-0.009236282401553992,-0.0073617987849120825,-0.005112069379091391,0.06659942355162787,0.048143158935841396,0.03318568333936511
6928,0.0994,-0.0284,9.8022,-0.5624,-0.4722,-0.4531,1.8931,-27.1083,-26.9068,-0.009815731713216109,-0.008241444727917224,-0.007908086840786307,0.04565426216977753,0.05613821498533186,0.0024780514502538153
6936,0.0646,-0.0299,9.8332,-0.6315,-0.5257,-0.6809,1.9042,-27.0107,-26.8362,-0.01102175422634419,-0.00917519587773419,-0.01188394687682939,0.00694871705826786,0.040200989716314035,0.03337302281150478
6944,0.0336,-0.0485,9.7888,-0.4976,-0.4116,-0.6534,1.9151,-26.9135,-26.7658,-0.008684758357923783,-0.007183775201208661,-0.01140398133253095,-0.012614414470405332,0.011426594964173718,-0.011036982423773267
6952,0.0679,-0.0594,9.8033,-0.5802,-0.3371,-0.6298,1.9154,-26.8096,-26.6827,-0.0101264003200711,-0.005883504908472885,-0.010992083629060288,0.005507190641098255,0.0009884046888954954,0.0037134981550437374
6960,0.1058,0.0245,9.8083,-0.3685,-0.3912,-0.6072,1.9157,-26.7062,-26.5999,-0.006431538293599104,-0.006827728033801817,-0.010597639218109568,0.03547755375669504,0.07153627625801177,0.008576180280119416
6968,0.0044,-0.033,9.836,-0.3874,-0.7016,-0.8709,1.9095,-26.5953,-26.5109,-0.006761405522226033,-0.012245230031992215,-0.015200072455618616,-0.05151057600893507,0.011145870470562579,0.03591514756662839
6976,-0.0446,-0.0413,9.8378,-0.3708,-0.8278,-0.9711,1.9032,-26.485,-26.4223,-0.0064716808663949745,-0.01444783554800906,-0.016948892366116932,-0.08590645144769857,0.002794669098053157,0.037612309977673064
6984,-0.0015,-0.0146,9.8536,-0.3149,-0.9191,-1.011,1.8969,-26.3753,-26.334,-0.005496041814530144,-0.016041321155079884,-0.01764527873766267,-0.03124993724256426,0.021153542216462186,0.05353867090772724
6992,-0.0125,-0.0123,9.8451,-0.4002,-0.8731,-1.137,1.8953,-26.2692,-26.2475,-0.006984807666481307,-0.015238469699162491,-0.01984439359517553,-0.02965645347831847,0.016308567291167798,0.04505744398680456
7000,-0.0098,-0.0185,9.8442,-0.1484,-1.1517,-0.879,1.8937,-26.1637,-26.1613,-0.002590068609959585,-0.020100956995218692,-0.015341444125030157,-0.013780457041994765,0.004778079576319137,0.044211456432620366
7008,-0.0215,-0.0646,9.9132,0.3884,-1.2876,-0.7548,1.8872,-26.0571,-26.0739,0.006778858814745976,-0.022472859448678988,-0.0131737451940532,-0.018859397666682973,-0.028226913419554092,0.11337567201396936
7016,0.0937,0.013,9.965,0.4297,-1.0654,-0.6094,1.8808,-25.951,-25.9868,0.0074996797958196346,-0.018594737850747587,-0.010636036461653444,0.08053766540150772,0.041887275254393404,0.1650355157733081
7024,0.0412,0.0627,10.0006,0.6213,-0.9037,-0.8704,1.8789,-25.8385,-25.8937,0.010843730642640768,-0.015772540450272755,-0.015191345809358643,0.021966767656914764,0.07539130883156818,0.20057311866031924
7032,0.0143,-0.0767,9.9736,0.7217,-1.0023,-0.344,1.8763,-25.7297,-25.8134,0.012596041211643077,-0.017493435092739165,-0.006003932626860493,-0.0048451782558429106,-0.04919179792492277,0.17378268418078946
7040,0.06,-0.1342,9.9241,0.9112,-0.9474,-0.3605,1.8682,-25.6153,-25.7202,0.01590344014417233,-0.01653524933339428,-0.006291911953439558,0.03405059243139922,-0.09318267608046399,0.12469284139481651
7048,0.0836,-0.1032,9.8997,1.063,-1.1241,-0.2857,1.87,-25.503,-25.6374,0.018552849948699723,-0.01961924612166826,-0.0049864056729478,0.04533421974680916,-0.05209184463480161,0.10035002099635193
7056,-0.0289,-0.0465,9.8942,1.1014,-1.2131,-0.1742,1.8717,-25.3914,-25.5548,0.019223056381465545,-0.021172589155943212,-0.003040363556974122,-0.053132511634444914,0.001808300475284209,0.09420864780285498
7064,-0.0233,-0.0704,9.9123,1.1969,-1.1969,-0.0836,1.865,-25.275,-25.468,0.020889845817120133,-0.020889845817120133,-0.0014590952546672594,-0.034791672029425964,-0.016992041674842966,0.11250176040726423
7072,-0.0437,-0.1084,9.9146,1.2002,-1.2401,-0.0129,1.8628,-25.1563,-25.3807,0.020947441682435942,-0.02164382805398168,-0.0002251474735072685,-0.04560696507260007,-0.04547736522203955,0.11507968823192627
7080,-0.0498,-0.0599,9.9104,1.1501,-1.3267,0.1161,1.8704,-25.0481,-25.299,0.02007303172718678,-0.02315528318620877,0.0020263272615654165,-0.0378028480321688,0.0004757397124930005,0.1106340326112516
7088,0.0166,-0.0255,9.9447,1.0861,-1.0335,0.0687,1.8779,-24.9405,-25.2176,0.018956021005910415,-0.0180379778193614,0.0011990411961201044,0.017114625066362358,0.021349253610383305,0.14470890468791353
7096,-0.0308,-0.0464,9.8775,1.2036,-1.0732,-0.1579,1.8852,-24.8335,-25.1364,0.02100678287700375,-0.018730873532403144,-0.0027558748888990466,-0.01592187830727704,-0.0016435180746434863,0.0776440329989363
7104,0.0288,-0.0953,9.8981,1.3186,-0.8924,-0.1053,1.8901,-24.7137,-25.0481,0.023013911516797228,-0.015575318244797397,-0.001837831702350029,0.03217761901847377,-0.04021205188826222,0.09846668589217344
7112,0.0084,-0.1068,9.9109,1.3139,-0.8849,-0.2817,1.895,-24.5945,-24.96,0.022931881041953497,-0.015444418550897822,-0.004916592502868027,0.007048504891025527,-0.038042647987084344,0.11140346699259851
7120,-0.0382,-0.1522,9.9134,1.3681,-1.1151,-0.4636,1.8974,-24.4813,-24.879,0.023877849496534424,-0.01946216648898877,-0.008091346412245713,-0.03423770596192954,-0.07106683130603117,0.11432806220263103
7128,-0.0804,-0.1405,9.9001,1.2866,-1.2418,-0.611,1.8998,-24.3687,-24.7983,0.022455406156159045,-0.021673498651265586,-0.010663961729685353,-0.06569211524520548,-0.05159615161629287,0.10107099273270492
7136,-0.0808,-0.0981,9.9013,1.2939,-1.403,-0.6879,1.9021,-24.2568,-24.7179,0.022582815191554632,-0.024486969405480445,-0.012006119924468992,-0.05242008234920806,-0.008794137861929851,0.10197297199430722
7144,-0.0743,-0.0947,9.8987,1.2637,-1.3465,-0.6468,1.9014,-24.1425,-24.6311,0.022055725757452342,-0.02350085837810365,-0.011288789601899324,-0.03207095189250672,-0.005299118070136017,0.09937844732649737
7152,-0.098,-0.0575,9.8623,1.328,-1.2498,-0.4501,1.9006,-24.029,-24.5446,0.023177972466484696,-0.021813124991425133,-0.007855726963226478,-0.043958953797294066,0.02196362623510058,0.06283208563866971
7160,-0.1359,-0.027,9.8265,1.5576,-1.504,-0.4301,1.8968,-23.9131,-24.4687,0.02718524842906368,-0.026249751949994717,-0.007506661112827611,-0.07089035466155125,0.04155797757211622,0.027133231625388277
7168,-0.0668,-0.0131,9.8725,1.4358,-1.4457,-0.3335,1.8929,-23.798,-24.3931,0.025059437400134582,-0.025232224996082023,-0.005820673055401089,-0.003073295075115556,0.03811288891754651,0.07266063746524942
7176,0.0117,-0.001,9.906,1.25,-1.47,-0.3826,1.881,-23.6864,-24.3184,0.02181661564992912,-0.025656340004316644,-0.006677629718130304,0.06041359722711605,0.0399665215789883,0.10574211073672934
7184,0.1228,0.1029,9.8328,1.0057,-1.4506,-0.0135,1.8793,-23.5726,-24.2397,0.017552776287306972,-0.025317746129429743,-0.00023561944901923448,0.1569759505701584,0.13221306568084823,0.031963300694622276
7192,0.0767,0.1231,9.8208,1.1186,-1.4453,0.1715,1.8754,-23.4594,-24.1626,0.01952325301280857,-0.025225243679074045,0.0029932396671702756,0.09958145862668187,0.13807414301150728,0.020395521776574554
7200,0.091,0.1301,9.8724,1.072,-1.3096,0.2764,1.8642,-23.3469,-24.0808,0.018709929581379212,-0.022856831884117742,0.004824090052512327,0.10243084539011496,0.13127351978980858,0.07227248180046253
7208,0.236,0.1477,9.9778,0.9048,-1.1692,0.2593,1.853,-23.235,-23.9992,0.015791739072044696,-0.0204063896143177,0.004525638750421296,0.23222286965821423,0.13960443562517286,0.1780051749015179
7216,0.2187,0.1359,10.0039,0.8196,-1.0642,0.491,1.8418,-23.1332,-23.923,0.014304718549345525,-0.018573793899723655,0.008569566627292158,0.19967898945567908,0.11844590202145186,0.20451960763055688
7224,-0.1408,0.1425,9.8992,0.8234,-1.0306,0.4966,1.8372,-23.0348,-23.8499,0.014371041060921309,-0.01798736327105356,0.00866730506540384,-0.1485835194102994,0.11377427719918962,0.09945805999537782
7232,-0.022,0.1225,9.992,0.627,-0.9557,0.8139,1.8239,-22.9333,-23.7699,0.010943214410004447,-0.016680111661309806,0.014205234781981848,-0.02631843891740737,0.07758771156179348,0.19243922857615203
7240,0.0581,0.1249,10.0405,0.4579,-0.8707,0.9147,1.8106,-22.8324,-23.6902,0.007991862644882034,-0.015196581797114628,0.01596452666799213,0.04355613107094708,0.06594296757541981,0.2411339129838055
7248,-0.0297,0.1176,10.0119,0.2429,-0.9762,1.0964,1.7974,-22.7321,-23.6108,0.004239404753094226,-0.017037904157968645,0.01913578991886583,-0.03593070573056092,0.04550834906013592,0.2124668006716277
7256,0.0212,0.1296,10.0061,0.1386,-1.117,1.0541,1.7814,-22.6387,-23.5239,0.002419026343264141,-0.01949532774477666,0.018397515645272228,0.00935237658012905,0.04196150555586751,0.2068693693434298
7264,0.0353,0.16,9.9836,0.0095,-1.2116,1.1817,1.7655,-22.5459,-23.4372,0.0001658062789394613,-0.021146409217163296,0.020624555770816993,0.016795132413665696,0.057373865559485815,0.1847654560874865
7272,0.0549,0.1507,9.9901,-0.01,-1.3128,1.3704,1.7474,-22.4514,-23.3531,-0.00017453292519943296,-0.022912682420181556,0.023917992069330294,0.024894084774532033,0.03533149264492492,0.19129393422947416
7280,0.1013,0.0998,9.9435,-0.1885,-1.3083,1.6735,1.7295,-22.3574,-23.2693,-0.003289945640009311,-0.022834142603841815,0.029208085032125106,0.05414542438097843,-0.01138627281676138,0.1443628556991996
7288,0.1478,0.1418,9.9023,-0.21,-1.0932,2.0514,1.7116,-22.2639,-23.1858,-0.003665191429188092,-0.01907993938280201,0.035803684275411675,0.08403442240148529,0.026837663627775805,0.10402520825056527
7296,0.1786,0.151,9.8632,-0.2305,-1.2423,2.1594,1.6995,-22.1744,-23.0957,-0.0040229839258469294,-0.021682225297525556,0.03768863986756556,0.09825807411599188,0.03216625886745215,0.06543074998053378
7304,0.1185,0.1184,9.8297,-0.2794,-1.0381,2.2253,1.6873,-22.0854,-23.0059,-0.004876449930072156,-0.018118262964953134,0.03883881184462981,0.021352317886103502,0.00027939788414356817,0.031104052976843377
7312,0.0782,0.0989,9.7952,-0.5529,-1.0056,2.3123,1.6724,-21.9996,-22.9122,-0.009649925434276648,-0.017551030958054978,0.04035724829386488,-0.008987905830392733,-0.006968350491295928,-0.0039951944866736255
7320,0.1548,0.1158,9.7331,-0.6757,-1.0091,2.3289,1.6576,-21.9143,-22.819,-0.011793189755725684,-0.01761211748187478,0.04064697294969594,0.051300109361109535,0.009403713873052158,-0.06512002339294831
7328,0.1981,0.1977,9.7693,-0.4119,-0.7805,2.0835,1.6449,-21.8239,-22.7262,-0.007189011188964643,-0.013622294811815741,0.03636393496530185,0.08151262435629049,0.0808105702889924,-0.02736592653750769
7336,0.1553,0.2085,9.7346,-0.5782,-0.4126,2.0967,1.6308,-21.7367,-22.6345,-0.010091493735031215,-0.0072012284937286045,0.0365943184265651,0.03235356918141607,0.0783273258451559,-0.062297726024523215
7344,0.1926,0.2091,9.7429,-0.7319,-0.594,1.8241,1.6148,-21.6528,-22.5439,-0.012774064795346499,-0.010367255756846317,0.03183655088562857,0.05837663516790396,0.06833295918259452,-0.05336772237939513
7352,0.2141,0.2206,9.7718,-1.0496,-0.4396,1.6033,1.6001,-21.5748,-22.4502,-0.018318975828932483,-0.007672467391767072,0.027982863897225086,0.06771341033017363,0.06993148364058402,-0.023850303332231704
7360,0.2331,0.2269,9.7693,-1.2254,-0.4465,1.3976,1.5856,-21.4971,-22.3569,-0.021387264653938514,-0.007792895110154682,0.02439272162587275,0.07431994823479447,0.06774945620482267,-0.025802934947634526
7368,0.1377,0.2011,9.7725,-1.4548,-0.2665,1.1715,1.5662,-21.4178,-22.2605,-0.025391049958013508,-0.004651302456564889,0.02044653218711357,-0.014307235603591085,0.029436712225480676,-0.024515994950288444
7376,0.1189,0.1838,9.8081,-1.5569,-0.1477,1.0407,1.5559,-21.3382,-22.1694,-0.027173031124299717,-0.0025778513051956248,0.018163641525504988,-0.018933567706455993,0.008504077849308466,0.010520600899518229
7384,0.1246,0.1608,9.9014,-1.7851,-0.0741,0.6302,1.5456,-21.2447,-22.0787,-0.031155872477350775,-0.0012932889757277981,0.010999064946068265,-0.003981588956350727,-0.0018355531739164992,0.10348850343624783
7392,0.1166,0.1268,9.9071,-1.6754,0.015,0.3097,1.5353,-21.1517,-21.9884,-0.029241246287912998,0.0002617993877991494,0.0054052846934264384,-0.006888723301458734,-0.018594383950340885,0.10857764789562196
7400,0.148,0.1106,9.9363,-1.7385,0.1161,0.1658,1.525,-21.0591,-21.8984,-0.03034254904592142,0.0020263272615654165,0.0028937558998065986,0.015342068326631738,-0.019547242143857366,0.13798654538553912
7408,0.1432,0.0982,9.9719,-1.8388,-0.0325,0.175,1.5189,-20.9853,-21.8075,-0.03209311428567173,-0.0005672320068981572,0.0030543261909900766,0.005320306511634676,-0.014652212101513089,0.17339942532229813
7416,0.107,0.0464,9.8842,-2.1214,0.0468,0.1757,1.5127,-20.9119,-21.717,-0.037025414751807706,0.0008168140899333463,0.003066543495754037,-0.022852438165909744,-0.04829806906826252,0.08474363160694942
7424,0.0332,0.1057,9.856,-2.1676,0.3332,0.1977,1.5086,-20.8409,-21.6268,-0.03783175686622909,0.005815437067645106,0.0034505159311927895,-0.08053268880449325,0.012056810123222622,0.05628631125149397
7432,0.037,0.0264,9.7771,-1.7479,0.4471,0.0214,1.5044,-20.7703,-21.5371,-0.030506609995608888,0.007803367085666648,0.0003735004599267865,-0.06301524957594677,-0.053727518009959986,-0.023145045459180835
7440,-0.1517,0.1327,9.6647,-2.0291,1.1854,-0.1605,1.5002,-20.6999,-21.4477,-0.035414475852216944,0.020689132953140784,-0.002801253449450899,-0.23448717807025737,0.05194290342681086,-0.1361826399654973
7448,-0.4947,0.2212,9.6141,-1.9807,1.0807,0.0923,1.4867,-20.6292,-21.3614,-0.034569736494251685,0.018861773226302718,0.0016109388995907662,-0.5611974310918374,0.13785195807506262,-0.1879954941234665
7456,-0.8255,0.2019,9.6676,-2.0304,0.9939,0.2326,1.4731,-20.5589,-21.2755,-0.03543716513249287,0.01734682743557164,0.004059635840138811,-0.8755789218042644,0.1168298887014282,-0.13540399453768792
7464,-0.5509,0.1207,9.6481,-2.2993,1.0203,0.2921,1.4663,-20.4802,-21.1885,-0.04013035549110562,0.017807594358098144,0.005098106745075437,-0.583638248177954,0.039588732514273695,-0.15315118613743017
7472,-0.4715,0.0982,9.6509,-2.0631,1.0775,0.2371,1.4595,-20.4019,-21.102,-0.03600788779789501,0.0188059226902389,0.0041381756564785556,-0.48724999751190734,0.0197895878832739,-0.14940301783687282
7480,-0.3672,0.1303,9.7009,-2.0719,0.9002,0.1817,1.4587,-20.3246,-21.0145,-0.03616147677207051,0.015711453926452956,0.003171263250873697,-0.36665100253122956,0.052851510751902885,-0.09834815610485492
7488,-0.3526,0.1192,9.6905,-2.0137,0.6986,0.2355,1.4539,-20.2517,-20.9267,-0.03514569514740982,0.012192870154432387,0.004110250388446646,-0.3356634213813667,0.04280806832761318,-0.10826005369352565
7496,-0.3239,0.0828,9.6948,-1.942,0.7779,-0.0144,1.4491,-20.1832,-20.8438,-0.03389429407372988,0.01357691625126389,-0.0002513274122871834,-0.2901848108844207,0.008859604918442825,-0.10378278023162935
7504,-0.2624,0.0375,9.6923,-1.7374,0.843,-0.1548,1.4429,-20.1156,-20.7627,-0.030323350424149482,0.014713125594312197,-0.002701769682087222,-0.21196904160178864,-0.03125700368591828,-0.106443819468371
7512,-0.2441,0.0084,9.7164,-1.6538,0.7186,-0.0569,1.4367,-20.0483,-20.6819,-0.028864255169482222,0.012541936004831252,-0.0009930923443847734,-0.17756389042989282,-0.05352209429069301,-0.08230012913353413
7520,-0.1943,-0.0075,9.7579,-1.8378,0.6344,0.0659,1.4326,-19.9813,-20.5994,-0.03207566099315179,0.011072368774652026,0.0011501719770642632,-0.1128235163860089,-0.059397186959032476,-0.040995748626214024
7528,-0.1952,-0.0155,9.8473,-1.7231,0.6658,-0.0326,1.4297,-19.9127,-20.5226,-0.030073768341114294,0.011620402159778245,-0.0005689773361501514,-0.09852258362015967,-0.057375542577497766,0.048586798502144646
7536,-0.2216,-0.0642,9.7675,-1.7121,0.5038,-0.0841,1.4268,-19.8496,-20.4395,-0.029881782123394915,0.008792968771547434,-0.001467821900927231,-0.11279181157106102,-0.09348235382308055,-0.030873964024918266
7544,-0.2391,-0.0522,9.7562,-1.5496,0.5756,-0.2827,1.4252,-19.7843,-20.3587,-0.027045622088904132,0.010046115174479361,-0.00493404579538797,-0.11648167810183462,-0.07115939226833637,-0.04168557334010892
7552,-0.187,0.0015,9.777,-1.5968,0.5696,-0.4993,1.4235,-19.7192,-20.2782,-0.027869417495845455,0.0099413954193597,-0.008714428955207687,-0.048572669156847804,-0.010953793549308692,-0.021338488309464054
7560,-0.2907,0.0355,9.8273,-1.4767,0.6225,-0.3891,1.4193,-19.6537,-20.1974,-0.025773277064200264,0.010864674593664702,-0.006791076119509937,-0.13535106738798153,0.022115771725114395,0.030706129836142182
7568,-0.1767,0.0548,9.9088,-1.2284,0.8411,-0.4437,1.415,-19.5886,-20.117,-0.021439624531498343,0.014679964338524304,-0.0077440258910988395,-0.012166452045378402,0.029428564230811142,0.11047573565728896
7576,-0.1197,0.004,9.9624,-1.2071,1.0234,-0.4853,1.4166,-19.5127,-20.0375,-0.021067869400823554,0.01786169956490997,-0.008470082859928481,0.032950477997073166,-0.012807966473949902,0.1630571649466397
7584,-0.191,0.0355,9.903,-1.1706,0.9818,-0.6743,1.4181,-19.4372,-19.9583,-0.020430824223845623,0.017135642596080327,-0.011768755146197764,-0.02372026912938363,0.01332247958677793,0.10486800065352142
7592,-0.1303,-0.039,9.9272,-1.0371,0.9927,-0.8605,1.4195,-19.3621,-19.8795,-0.01810080967243319,0.01732588348454771,-0.015018558213411207,0.03079180121583074,-0.04592300433671897,0.12797773328740725
7600,-0.1501,0.0097,9.9308,-0.9255,1.0058,-1.0118,1.4145,-19.2976,-19.7965,-0.01615302222720752,0.017554521616558967,-0.017659241371678628,-0.0032570636065084647,0.00016580725089232175,0.13193848672275088
7608,-0.0418,-0.0208,9.8175,-0.848,0.725,-0.7859,1.4095,-19.2334,-19.7138,-0.014800392056911913,0.01265363707695889,-0.013716542591423436,0.08940855256442355,-0.02414256066910284,0.017174205314514523
7616,-0.1766,-0.0722,9.7336,-1.0966,0.7177,-0.6098,1.4019,-19.165,-19.6308,-0.019139280577369817,0.012526228041563304,-0.010643017778661421,-0.03718501071302842,-0.06141327868165074,-0.06479506922531186
7624,-0.289,-0.0267,9.6632,-0.9903,0.7402,-0.5401,1.402,-19.0989,-19.5482,-0.017283995582499843,0.012918927123262028,-0.009426523290021374,-0.13445812154045528,-0.013539122909681038,-0.13338705462442668
7632,-0.0386,0.02,9.7339,-0.7927,0.6043,-0.8094,1.4021,-19.0331,-19.4627,-0.013835224980559049,0.010547024669801732,-0.014126694965642103,0.10267929888681097,0.031238456806032947,-0.06659462005221428
7640,-0.0516,-0.0571,9.7049,-0.6304,0.7623,-0.955,1.3983,-18.9682,-19.3859,-0.011002555604572252,0.013304644887952773,-0.016667894356545847,0.07685991902868235,-0.03801119501816002,-0.09517363978622129
7648,-0.0893,-0.0613,9.7861,-0.5765,0.8255,-1.0035,1.3939,-18.9061,-19.3107,-0.01006182313774731,0.014407692975213191,-0.017514379043763097,0.030570899327949014,-0.030096319929432038,-0.013394611938165824
7656,-0.087,-0.0865,9.7412,-0.8263,0.6245,-1.2126,1.3939,-18.838,-19.2358,-0.014421655609229145,0.01089958117870459,-0.02116386250968324,0.025401646612401026,-0.04083599401768115,-0.05814617909189046
7664,-0.0335,-0.1097,9.7198,-0.5932,0.6644,-1.0738,1.3939,-18.7702,-19.1611,-0.010353293122830362,0.011595967550250325,-0.018741345507915112,0.06756540735128302,-0.053278200951119126,-0.07990407819795031
7672,0.0478,-0.1649,9.7973,-0.4903,0.7185,-1.0585,1.3919,-18.7116,-19.0856,-0.008557349322528197,0.012540190675579259,-0.018474310132359978,0.13813644144421722,-0.09785160494502855,-0.0026581397322473777
7680,0.0279,-0.1693,9.8019,-0.4239,0.7115,-0.9532,1.3874,-18.6475,-19.0115,-0.007398450699203963,0.012418017627939655,-0.01663647843000995,0.10738625491940317,-0.09146612498876466,0.0023867833417945405
7688,-0.0047,-0.207,9.7788,-0.3603,0.6969,-1.0231,1.3874,-18.5806,-18.9346,-0.00628842129493557,0.012163199557148481,-0.017856463577153984,0.067858266117774,-0.11543608377866009,-0.019924831767326623
7696,0.1098,-0.2106,9.8389,-0.4303,0.7176,-1.354,1.3866,-18.5196,-18.8587,-0.007510151771331601,0.012524482712311309,-0.023631758072003222,0.1705286441812219,-0.10890199523477326,0.039686069532280044
7704,0.0508,-0.258,9.829,-0.3665,0.604,-1.3131,1.3859,-18.459,-18.7831,-0.006396631708559218,0.01054178868204575,-0.02291791840793754,0.10330458181770633,-0.14332130081869163,0.030929396964820555
7712,0.1623,-0.172,9.8019,-0.3241,0.6287,-1.5246,1.3845,-18.396,-18.7115,-0.005656612105713622,0.01097288500728835,-0.026609289775905546,0.20001534788532865,-0.052780941994333454,0.002569914709738441
7720,0.1762,-0.1844,9.8043,-0.377,0.7137,-1.5829,1.383,-18.3334,-18.6402,-0.006579891280018622,0.01245641487148353,-0.027626816729818243,0.1998942900806261,-0.060055573206705376,0.005395651931641154
7728,0.1459,-0.1706,9.7709,-0.2782,0.731,-1.6599,1.3791,-18.2717,-18.5623,-0.004855505979048225,0.012758356832078549,-0.028970720253853874,0.1553582546733745,-0.04226480415364671,-0.02784796070821116
7736,0.13,-0.1803,9.7825,-0.1837,0.8222,-1.7576,1.3751,-18.2102,-18.4848,-0.0032061698359135836,0.014350097109897379,-0.030675906933052336,0.12590444513588492,-0.04618080315091954,-0.015894024280227015
7744,0.1132,-0.1569,9.8127,-0.2933,0.784,-1.5284,1.3712,-18.149,-18.4075,-0.005119050696099368,0.013683381335635543,-0.02667561228748133,0.09468810153549226,-0.01887159667950911,0.014132216669302977
7752,0.0762,-0.1315,9.8172,-0.3955,0.8676,-1.5439,1.371,-18.0856,-18.3344,-0.0069027771916375736,0.015142476590302803,-0.026946138321540455,0.04316781039874049,0.0052671655148801835,0.018280059517186587
7760,0.0195,-0.2142,9.8067,-0.2453,0.9368,-1.6306,1.3707,-18.0225,-18.2615,-0.00428129265514209,0.01635024443268288,-0.02845933878301954,-0.009428195095038831,-0.06189919554287547,0.008858566557496061
7768,0.0078,-0.2272,9.8145,-0.2029,1.115,-1.7163,1.3642,-17.9615,-18.1907,-0.0035412730522964946,0.019460421159736774,-0.029955085951978676,-0.015382686825154274,-0.05940904907603646,0.016940708175532393
7776,-0.0607,-0.2511,9.8607,-0.157,1.056,-1.5555,1.3596,-17.9009,-18.1172,-0.0027401669256310974,0.018430676901060122,-0.0271485965147718,-0.07130615755284371,-0.07133899105682641,0.06356762891855539
7784,-0.0739,-0.1941,9.8725,-0.0945,1.0263,-1.5644,1.355,-17.8404,-18.0439,-0.0016493361431346415,0.017912314113217805,-0.02730393081819929,-0.06765483873796568,-0.011400729424495154,0.07444606629475281
7792,-0.0498,-0.2048,9.9041,-0.1761,0.9286,-1.7917,1.356,-17.7827,-17.9703,-0.0030735248127620146,0.016207127434019343,-0.0312710642079824,-0.028076534130935846,-0.01421092947596115,0.10629242692313312
7800,-0.059,-0.1781,9.8885,0.1086,0.7311,-1.8169,1.3544,-17.7228,-17.9019,0.001895427567665842,0.012760102161330543,-0.031710887179484976,-0.021333618893397747,0.007133392544539134,0.0902541348246313
7808,-0.1088,-0.1607,9.8307,0.0208,0.617,-1.8598,1.3528,-17.6632,-17.8326,0.00036302848441482053,0.010768681484805013,-0.03245963342859054,-0.05561676513265214,0.0185016914148993,0.032440637138419604
7816,0.022,-0.0904,9.8663,0.2089,0.9611,-1.6127,1.3525,-17.6081,-17.7605,0.0036459928074161546,0.0167743594409175,-0.028146924846912554,0.06646580064034226,0.077149713490259,0.06621315749125856
7824,-0.0114,-0.1274,9.8625,0.3061,1.0769,-1.7631,1.3521,-17.5533,-17.6887,0.005342452840354643,0.018795450714726936,-0.030771900041912024,0.024474606833665005,0.027490467907457388,0.06326073049853953
7832,-0.0375,-0.1199,9.8272,0.3163,1.209,-1.5977,1.3517,-17.4876,-17.6183,0.0055204764240580646,0.021101030656611446,-0.0278851254591134,0.0006756457900344557,0.018304919612003354,0.02798588589853246
7840,-0.082,-0.1126,9.7105,0.4808,1.0099,-1.4501,1.3525,-17.4327,-17.5489,0.008391543043588736,0.017626080115890733,-0.02530901948316977,-0.02926804988564112,0.015934388877975145,-0.08855816644578063
7848,-0.182,-0.1461,9.7143,0.4648,1.1476,-1.165,1.3484,-17.3719,-17.4785,0.008112290363269643,0.020029398495886926,-0.02033308578573394,-0.11231650547292447,-0.0160018197698448,-0.08355915757408638
7856,-0.1522,-0.1181,9.7468,0.3134,1.1672,-0.7617,1.3443,-17.3113,-17.4084,0.005469861875750229,0.020371483029277816,-0.013294172912440809,-0.06527699450930921,0.009677876704547471,-0.051519711119567546
7864,-0.174,-0.132,9.6875,0.326,1.178,-0.584,1.342,-17.248,-17.3398,0.005689773361501515,0.0205599785884932,-0.010192722831646885,-0.07055278500001881,-0.004532775280650948,-0.11029628892209331
7872,-0.1254,-0.1127,9.7695,0.2954,1.2016,-0.6114,1.3397,-17.185,-17.2715,0.0051557026103912496,0.020971876291963863,-0.010670943046693332,-0.006937841625986429,0.0060352375029315295,-0.029049578354117145
7880,-0.1219,-0.0847,9.7758,0.1728,1.0562,-0.5763,1.3374,-17.1253,-17.1992,0.0030159289474462015,0.018434167559564108,-0.010058332479243322,-0.0003845570052164519,0.0183139135565761,-0.023090273880701062
7888,-0.1903,-0.0284,9.8016,0.2103,0.8585,-0.4147,1.3351,-17.0658,-17.1272,0.0036704274169440747,0.014983651628371319,-0.007237880408020485,-0.056673497908077235,0.06307660496840801,0.0031215776680291185
7896,-0.1862,-0.0399,9.768,-0.2233,0.9228,0.0465,1.3328,-17.0066,-17.0554,-0.0038973202197033377,0.01610589833740367,0.0008115781021773632,-0.040541894051583614,0.040701257017318845,-0.03031289075725141
7904,-0.1191,-0.1167,9.789,-0.2459,0.8883,0.0208,1.3335,-16.9447,-16.987,-0.004291764630654057,0.015503759745465629,0.00036302848441482053,0.01866621104458863,-0.023083369344129433,-0.00962495965425525
7912,-0.032,-0.0934,9.7361,-0.0941,1.0792,0.2763,1.3342,-16.883,-16.9188,-0.0016423548261266642,0.018835593287522802,0.004822344723260332,0.09092446747761036,-0.00018304674522612443,-0.06382398075569995
7920,-0.1381,-0.0882,9.6409,0.1816,0.6272,0.2032,1.3294,-16.8252,-16.8504,0.0031695179216217027,0.010946705068508434,0.0035465090400524776,-0.0005758089472783282,0.00011543349267827318,-0.15770756950821685
7928,-0.0915,-0.1477,9.6494,0.4053,0.4242,0.224,1.3288,-16.7677,-16.7803,0.007073819458333018,0.007403686686959946,0.003909537524467298,0.03720603373966658,-0.04769666953584808,-0.14922549021227205
7936,-0.1063,-0.1501,9.6722,0.2939,0.3742,0.3933,1.3283,-16.7104,-16.7106,0.005129522671611334,0.006531022060962781,0.006864379948093698,0.016806769482816022,-0.036168669061281696,-0.12613355995246955
7944,-0.1033,-0.1341,9.7333,0.262,0.2543,0.4164,1.3301,-16.6557,-16.6423,0.004572762640225144,0.00443837228782158,0.007267551005304388,0.009624624766544326,-0.009120732389857562,-0.06523720017592005
7952,-0.1211,-0.1833,9.744,0.4742,0.137,0.5319,1.3277,-16.6013,-16.5815,0.008276351312957111,0.0023911010752322315,0.00928340629135784,-0.005732472439377764,-0.04337877384093292,-0.05362192808324551
7960,-0.1135,-0.1527,9.7628,0.6158,0.5155,0.8397,1.3211,-16.5447,-16.5144,0.010747737533781082,0.008997172294030768,0.014655529728996385,0.0002339300136421047,0.002034893109479476,-0.03534643807130422
7968,-0.1053,-0.1528,9.7543,0.3992,0.4694,0.886,1.3222,-16.4872,-16.4505,0.006967354373961364,0.008192575508861382,0.01546361717266976,-0.006264212250967141,-0.002049640673881012,-0.0439372194200196
7976,-0.1593,-0.0672,9.7384,0.4027,0.4601,1.021,1.3234,-16.4299,-16.3868,0.007028440897781165,0.00803025988842591,0.017819811662862103,-0.050621418898425904,0.07013069760374657,-0.060449391927658525
7984,-0.1572,-0.0263,9.7773,0.5367,0.3418,1.43,1.3227,-16.3758,-16.3204,0.009367182095453565,0.005965535383316618,0.02495820830351891,-0.04142006713920158,0.09644556486840763,-0.02196433576480672
7992,-0.0934,-0.0033,9.6859,0.4676,0.354,1.1652,1.322,-16.322,-16.2543,0.008161159582325486,0.006178465552059927,0.02033657644423793,0.019026336254578665,0.10239837115903874,-0.11420907555233839
8000,-0.0907,-0.0094,9.7261,0.6388,0.2936,1.3493,1.3183,-16.2696,-16.1914,0.011149163261739778,0.005124286683855352,0.023549727597159488,0.019117388130394763,0.08068801805633956,-0.07382603336681015
8008,-0.1548,0.0297,9.6942,0.5785,0.5879,1.3173,1.3159,-16.2138,-16.1364,0.010096729722787197,0.010260790672474663,0.0229912222365213,-0.03905989221070124,0.10415628133414857,-0.10515680560643936
8016,-0.1499,0.0186,9.736,0.4115,0.384,1.5347,1.3134,-16.1583,-16.0816,0.007182029871956666,0.006702064327658226,0.026785568030356973,-0.02785223167482023,0.0781355866132108,-0.06318167709310885
8024,-0.196,0.0619,9.7387,0.3452,0.4851,1.6947,1.3109,-16.103,-16.027,0.006024876577884425,0.008466592201424492,0.029578094833547904,-0.06519970873696145,0.10759191728504174,-0.05994362042418544
8032,-0.1768,0.0523,9.8144,0.3484,0.451,1.7889,1.3096,-16.0492,-15.9656,0.006080727113948244,0.007871434926494426,0.03122219498892656,-0.03783656906415693,0.08356737123595871,0.015703020085018338
8040,-0.1329,0.0455,9.8488,0.2955,0.6771,1.8364,1.3082,-15.9955,-15.9044,0.005157447939643243,0.011817624365253606,0.03205122638362387,0.006139889830219855,0.060795938215602946,0.049612188083820286
8048,-0.1155,0.0015,9.9014,0.1222,0.8986,1.7858,1.3057,-15.9392,-15.8434,0.0021327923459370708,0.015683528658421046,0.031168089782114737,0.012583664187285957,0.007675800637325537,0.10206277466873104
8056,-0.0825,0.0177,9.8815,0.3112,0.7292,2.0867,1.3032,-15.8831,-15.7768,0.005431464632206353,0.01272694090554265,0.036419785501365674,0.03231762371527686,0.016087588780334033,0.08179429813658068
8064,-0.1205,0.0355,9.8567,0.2705,0.4231,2.1985,1.3007,-15.8272,-15.7104,0.004721115626644662,0.007384488065188008,0.03837106360509534,-0.0026731604122541275,0.017873872834908548,0.05748389645569141
8072,-0.1817,-0.0098,9.7796,0.149,0.3837,2.2094,1.3023,-15.7686,-15.6502,0.0026005405854715507,0.006696828339902242,0.038561304493562716,-0.04974764066682714,-0.021587107121376948,-0.018857619937525882
8080,-0.1433,-0.0672,9.7781,0.4141,0.5141,2.2891,1.3032,-15.7144,-15.5878,0.007227408432508519,0.008972737684502848,0.039952331907402196,-0.008287634145608343,-0.0639969012325523,-0.02083203683703516
8088,-0.1272,-0.06,9.8014,0.3263,0.1055,2.4961,1.3042,-15.6604,-15.5257,0.005695009349257497,0.0018413223608540175,0.04356516345903046,0.006054873196727858,-0.04170459400081419,0.0023183923676839413
8096,-0.1131,-0.0384,9.7988,0.1997,0.3253,2.5686,1.3086,-15.6102,-15.4644,0.0034854225162326757,0.005677556056737553,0.04483052716672635,0.009421021397543356,-0.009285068194301352,-0.0004809994640844195
8104,-0.089,-0.063,9.7891,0.348,0.4982,2.526,1.3106,-15.5578,-15.4045,0.006073745796940267,0.00869523033343575,0.04408701690537676,0.023174648085008336,-0.02320043131401385,-0.010347632031413312
8112,-0.1487,-0.0725,9.8004,0.3484,0.3143,2.3812,1.3115,-15.5027,-15.3449,0.006080727113948244,0.005485569839018178,0.041559780148488976,-0.024271540129625825,-0.022899405042028437,0.0017393665404323855
8120,-0.1581,-0.0698,9.7997,0.3301,0.2343,2.2188,1.3135,-15.4432,-15.2808,0.005761331860833282,0.004089306437422714,0.038725365443250184,-0.019909026793831358,-0.01266611321579218,0.0011953832289304245
8128,-0.1529,-0.0737,9.8337,0.3287,0.5366,2.2021,1.3155,-15.384,-15.217,0.005736897251305361,0.009365436766201572,0.03843389545816713,-0.0031273569646949784,-0.004962390228996109,0.03516300751144641
8136,-0.1983,-0.0936,9.782,0.1806,0.8576,2.1782,1.318,-15.3349,-15.1528,0.0031520646291017594,0.01496794366510337,0.038016761766940486,-0.03410338005722839,-0.01856160241099225,-0.015619576264187529
8144,-0.1742,-0.0738,9.7216,0.4097,1.0019,2.1846,1.3141,-15.2912,-15.0993,0.007150613945420769,0.017486453775731187,0.03812846283906812,0.005764770762905549,-0.000951573516052241,-0.0765610763513358
8152,-0.1962,-0.0427,9.7438,0.2554,1.1666,1.9721,1.3132,-15.2418,-15.0408,0.004457570909593518,0.02036101105376585,0.034419638178580174,-0.007095708509047063,0.01602422089830795,-0.05414708477162833
8160,-0.1582,-0.0624,9.7918,0.0893,1.0574,2.1236,1.3116,-15.1846,-14.9814,0.0015585790220309364,0.01845511151058804,0.03706381199535159,0.017820791586380554,-0.0017779212299021087,-0.0067396900529939074
8168,-0.1622,-0.041,9.7992,0.1063,1.2996,1.4524,1.3101,-15.1277,-14.9222,0.0018552849948699724,0.02268229895891831,0.02534916205596564,0.006587149074065992,0.006652514545599059,0.000623594114678383
8176,-0.0632,0.0102,9.8268,0.0053,1.2619,1.2,1.3085,-15.071,-14.8632,9.250245035569947e-05,0.022024309830916446,0.020943951023931952,0.09369561242548291,0.05099306935538972,0.026429532596766947
8184,-0.0989,0.012,9.789,0.0927,1.2446,0.7185,1.3069,-15.0185,-14.7993,0.0016179202165987436,0.021722367870321425,0.012540190675579259,0.0475221515607977,0.04171347313050325,-0.010697275021554375
8192,-0.0511,0.019,9.8308,0.107,1.3133,0.7862,1.3053,-14.9663,-14.7356,0.0018675022996339325,0.02292140906644153,0.013721778579179418,0.08370182632067939,0.041848666892742914,0.03050576233745339
8200,-0.1053,-0.0148,9.7958,-0.266,1.1017,0.5335,1.3061,-14.9137,-14.6767,-0.004642575810304917,0.019228292369221526,0.009311331559389747,0.015597021177811992,0.004024066117504946,-0.003636117935275962
8208,-0.0295,-0.0102,9.796,-0.4894,1.2193,0.3692,1.3067,-14.8613,-14.6181,-0.00854164135926025,0.021280799569566862,0.006443755598363065,0.0774306662212318,0.008266382187348431,-0.004259780452828821
8216,-0.062,-0.0138,9.7688,-0.6417,1.1105,0.2868,1.3074,-14.8092,-14.5597,-0.011199777810047613,0.01938188134339703,0.005005604294719737,0.030617634015911405,0.003742910874372338,-0.03104220343308839
8224,-0.0901,-0.0354,9.7579,-0.7393,0.6757,0.2266,1.3018,-14.7521,-14.5021,-0.012903219159994078,0.011793189755725684,0.003954916085019151,0.0012862311801786817,-0.0016060945717590736,-0.04162004500390637
8232,-0.0167,-0.0257,9.8018,-0.4807,0.564,0.2944,1.3024,-14.6987,-14.4441,-0.008389797714336742,0.009843656981248018,0.005138249317871306,0.060216190849651886,0.00760727967954596,0.0016600002068738462
8240,-0.0127,-0.0388,9.8224,-0.1907,0.4518,0.4739,1.3042,-14.6443,-14.3921,-0.0033283428835531865,0.00788539756051038,0.008271115325201127,0.049431132458742554,-0.0038190891668403977,0.02235971992991992
8248,-0.0095,-0.016,9.7481,-0.4787,0.0672,0.5415,1.306,-14.5902,-14.3403,-0.008354891129296856,0.0011728612573401894,0.009450957899549294,0.037416327846962395,0.014101784000088506,-0.05196424821397727
8256,-0.0344,-0.0259,9.7596,-0.5754,-0.1459,0.4702,1.3049,-14.5409,-14.2858,-0.010042624515975372,-0.002546435378659727,0.008206538142877338,-0.002425657391959824,6.63711566733402e-05,-0.040305310011941486
8264,-0.0154,-0.0371,9.7642,-0.5826,-0.1684,0.7087,1.3061,-14.4935,-14.2292,-0.010168288222118965,-0.002939134460358451,0.012369148408883814,0.003393228889233938,-0.0015980284178239467,-0.0357180938738324
8272,-0.0015,-0.0045,9.7851,-0.4695,-0.1258,1.0994,1.3049,-14.4428,-14.1791,-0.008194320838113377,-0.0021956241990088664,0.019188149796425656,0.009391766710899014,0.018091474824828722,-0.014920081917741967
8280,0.0102,-0.0255,9.7777,-0.22,-0.3412,1.105,1.3038,-14.3924,-14.1291,-0.003839724354387525,-0.005955063407804652,0.019285888234537342,0.005271862667280764,-0.00046887786342840644,-0.02226286057875626
8288,0.0796,-0.0678,9.7432,-0.3654,-0.4004,1.2384,1.3044,-14.3467,-14.0726,-0.0063774330867872805,-0.006988298324985295,0.021614157456697775,0.06089916138726741,-0.03415654580771292,-0.0564891408424657
8296,0.1204,-0.0819,9.7497,0.0769,-0.2918,1.3366,1.306,-14.2995,-14.0151,0.0013421581947836393,-0.005092870757319454,0.023328070782156207,0.08730020750686107,-0.0413566251187279,-0.049691176002266246
8304,0.2012,-0.0755,9.8454,0.0785,-0.3932,1.0972,1.3071,-14.2547,-13.9624,0.0013700834628155487,-0.006862634618841704,0.019149752552881785,0.1517456551327497,-0.030877704470639537,0.04652744237860418
8312,0.2145,-0.0716,9.8855,0.0507,-0.3915,1.0603,1.3104,-14.2068,-13.911,0.0008848819307611251,-0.0068329640215578,0.018505726058895878,0.14866580006755084,-0.02420849117733518,0.08693883306886718
8320,0.2567,-0.0812,9.8289,-0.3225,-0.0726,1.0729,1.3137,-14.159,-13.8597,-0.005628686837681713,-0.001267109036947883,0.01872563754464716,0.17574306535814305,-0.030507722836451836,0.03096878205936804
8328,0.2735,-0.1245,9.7981,-0.3461,0.2217,0.6744,1.317,-14.1114,-13.8087,-0.0060405845411523745,0.0038693949516714287,0.01177050047544976,0.1788288475617416,-0.06771672447204911,0.00084184131682008
8336,0.2909,-0.146,9.8446,-0.3446,0.5245,0.5546,1.313,-14.0606,-13.7562,-0.00601440460237246,0.009154251926710258,0.009679596031560551,0.1823356486819366,-0.08180263130958235,0.04795156419499058
8344,0.2971,-0.1481,9.7996,-0.3539,0.6514,0.5574,1.3089,-14.0101,-13.7038,-0.006176720222807932,0.011369074747491062,0.009728465250616393,0.17562552156557074,-0.07724004479458953,0.003343910710004394
8352,0.2872,-0.1682,9.7994,-0.0614,0.9434,0.888,1.3093,-13.9586,-13.6517,-0.0010716321607245184,0.016465436163314504,0.015498523757709647,0.1536913616650344,-0.08935568719672576,0.0034386807137796183
8360,0.3015,-0.1691,9.7865,0.0929,0.9159,0.9936,1.3098,-13.9074,-13.5997,0.001621410875102732,0.015985470619016066,0.01734159144781566,0.1556494714839977,-0.08289901089028444,-0.008984715259598985
8368,0.3327,-0.1544,9.8076,0.2618,1.0737,1.1958,1.3102,-13.8563,-13.548,0.004569271981721155,0.018739600178663118,0.02087064719534819,0.1731422557610316,-0.062667331591041,0.012728518349074847
8376,0.3536,-0.1639,9.7803,0.218,1.1232,1.6346,1.3061,-13.8083,-13.4981,0.0038048177693476384,0.01960353815840031,0.02852915195309931,0.1814708708714852,-0.06697776207394869,-0.0138492468993352
8384,0.4226,-0.1716,9.8111,-0.0932,0.9946,1.6568,1.3076,-13.7604,-13.4428,-0.0016266468628587153,0.017359044740335602,0.028916615047042054,0.23631878998483136,-0.0690496263656656,0.018610192313310847
8392,0.3525,-0.1745,9.7912,0.0758,0.9623,1.838,1.3058,-13.7194,-13.3994,0.001322959573011702,0.016795303391941435,0.03207915165165578,0.1536441630940455,-0.06655611240384349,-0.0023335586962964783
8400,0.2645,-0.1543,9.7307,0.2242,0.8327,1.9527,1.3039,-13.6786,-13.3562,0.003913028182971287,0.014533356681356783,0.03408104430369328,0.05523368375707377,-0.03902461157660799,-0.06471790085824303
8408,0.2928,-0.1547,9.7576,0.358,0.7674,2.105,1.3021,-13.6335,-13.3048,0.0062482787221397,0.013393656679804484,0.036739180754480634,0.0698996872858077,-0.032596601822152994,-0.03708684944565377
8416,0.2669,-0.1746,9.7765,0.318,0.705,2.304,1.3019,-13.5841,-13.2563,0.005550147021341968,0.012304571226560023,0.04021238596594935,0.034783899632901065,-0.040858076915967184,-0.0184462523647575
8424,0.265,-0.1421,9.7521,0.2691,0.8853,2.1476,1.3006,-13.5389,-13.2075,0.004696681017116741,0.015451399867905799,0.037482691015830225,0.019284029807737014,-0.005017776044155489,-0.043285657142670075
8432,0.2267,-0.1186,9.7123,0.1023,0.5457,2.406,1.2982,-13.4921,-13.1588,0.001785471824790199,0.009524261728133056,0.04199262180298357,-0.006251610551819131,0.006693987818286955,-0.08433500742781952
8440,0.2331,-0.1247,9.7427,0.2415,0.7704,2.6078,1.2958,-13.4455,-13.1104,0.004214970143566306,0.013446016557364314,0.04551469623350813,0.007468030523384556,-0.013162479292150581,-0.0537258417557851
8448,0.227,-0.1352,9.7352,0.5266,0.5905,2.6728,1.2973,-13.3991,-13.0593,0.009190903841002138,0.010306169233026517,0.04664916024730444,0.0014370957089549386,-0.008897100532182702,-0.06121948823375334
8456,0.1683,-0.1105,9.7266,0.8152,0.5518,2.159,1.2932,-13.3545,-13.0012,0.014227924062257775,0.00963072681250471,0.03768165855055757,-0.041486680577143976,0.009994361613840241,-0.07141008840075713
8464,0.152,-0.086,9.7361,0.9205,0.3202,1.9823,1.288,-13.3041,-12.9505,0.0160657557646078,0.005588544264885843,0.03459766176228359,-0.044401302272253966,0.025283986768609455,-0.06246784578507203
8472,0.1154,-0.1042,9.7242,0.9786,0.3413,1.896,1.2828,-13.2538,-12.9001,0.01707979206001651,0.005956808737056647,0.03309144261781249,-0.06450674244895258,0.003945292658080011,-0.07477178906096604
8480,0.0968,-0.067,9.7089,0.9621,0.2362,1.8054,1.2777,-13.2038,-12.8498,0.016791812733437442,0.004122467693210606,0.031510174315505624,-0.06898979855352264,0.032633326342493135,-0.09068622797123993
8488,0.1178,-0.094,9.7274,0.8316,0.3704,1.5348,1.278,-13.16,-12.8024,0.014514158059584845,0.006464699549386997,0.026787313359608968,-0.03198152408830313,0.0030439280080342235,-0.07148564699526005
8496,0.1961,-0.0655,9.7842,0.8109,0.592,1.3214,1.2784,-13.1164,-12.7552,0.014152874904422017,0.01033234917180643,0.023062780735853067,0.033266892066137844,0.022813833060394154,-0.013698965241600192
8504,0.1371,-0.0251,9.7677,0.6924,0.5453,1.2694,1.2754,-13.0762,-12.7043,0.012084659740808738,0.00951728041112508,0.02215520952481602,-0.019208801997583277,0.046925643952027786,-0.031437223630822686
8512,0.1069,0.015,9.761,0.6298,0.4632,1.4169,1.2725,-13.0362,-12.6537,0.010992083629060288,0.008084365095237734,0.024729570171507655,-0.041411871977910415,0.07219484159802886,-0.03875793908859748
8520,0.121,0.0163,9.739,0.6126,0.3341,1.6566,1.2696,-12.9964,-12.6032,0.010691886997717264,0.005831145030913055,0.028913124388538065,-0.021167534323996345,0.05814197128678237,-0.06043126536572352
8528,0.0828,-0.0045,9.7578,0.7001,0.5253,1.7125,1.2683,-12.9474,-12.5523,0.0122190500932123,0.009168214560726213,0.029888763440402893,-0.045349347561501656,0.02771583470236628,-0.0419924062756305
8536,0.0769,-0.0054,9.7816,0.6131,0.5802,1.9527,1.2692,-12.9035,-12.5022,0.010700613643977234,0.0101264003200711,0.03408104430369328,-0.0368579366849048,0.018783751595305195,-0.01818370683750281
8544,0.0857,0.0019,9.7882,0.706,0.5393,2.3263,1.2673,-12.8587,-12.4566,0.012322024519079966,0.009412560656005419,0.04060159438914408,-0.016016758677041675,0.014648082138852443,-0.011448716120902702
8552,0.0727,-0.0375,9.8306,0.7734,0.4602,2.6569,1.2655,-12.8141,-12.4112,0.013498376434924145,0.008032005217677905,0.04637165289623734,-0.016293251793353714,-0.015643682370205216,0.03091438804895219
8560,0.1311,-0.075,9.8334,0.8699,0.3339,2.6985,1.2614,-12.7685,-12.3655,0.015182619163098673,0.005827654372409066,0.047097709865066985,0.03320119767736911,-0.04118456168673276,0.03441758734859768
8568,0.1083,-0.0684,9.8418,0.7915,0.0958,2.9888,1.2601,-12.7221,-12.3128,0.013814281029535119,0.0016720254234105676,0.05216440068360652,0.0059684914640159275,-0.020846688907369074,0.04260963782833471
8576,0.1401,-0.0842,9.8586,0.7219,0.0601,3.0051,1.255,-12.6758,-12.263,0.012599531870147064,0.001048942880448592,0.0524488893516816,0.026552522837484948,-0.026104988555168913,0.05988463944195743
8584,0.2267,-0.1127,9.8651,0.8126,-0.3661,3.0768,1.2559,-12.6302,-12.2183,0.014182545501705921,-0.00638965039155124,0.05370029042536153,0.09879467672054304,-0.04746187024284289,0.06773931418563173
8592,0.168,-0.1134,9.8396,1.3074,-0.3042,2.9959,1.2568,-12.5849,-12.1737,0.022818434640573863,-0.005309291584566751,0.05228831906049811,0.03012866142510409,-0.03888647187000045,0.04156450093511488
8600,0.1526,-0.0981,9.8561,1.3005,-0.2265,2.7986,1.2571,-12.5391,-12.1299,0.022698006922186254,-0.003953170755767157,0.04884478444631331,0.005877877264011253,-0.011950396016356397,0.05776040582210129
8608,0.1998,-0.0738,9.8606,1.0086,0.0106,2.6926,1.2542,-12.4958,-12.0792,0.017603390835614807,0.00018500490071139895,0.04699473543919932,0.03733018528563975,0.008064268233726185,0.06282618040307852
8616,0.175,-0.1028,9.7999,1.0282,0.1866,2.8045,1.2485,-12.458,-12.0297,0.017945475369005696,0.0032567843842214186,0.048947758872180974,0.005905295078002899,-0.010015512416490933,0.0019945759524411244
8624,0.1772,-0.0862,9.833,0.8389,0.4696,2.6956,1.2429,-12.4203,-11.9804,0.014641567094980431,0.008196066167365372,0.04704709531675915,-0.003436500704396846,-0.005041859556215156,0.03497239701846411
8632,0.2138,-0.0676,9.8529,0.7405,0.6842,2.5007,1.2372,-12.3829,-11.9313,0.012924163111018011,0.011941542742145204,0.0436454486046222,0.019006189700800778,0.0070806703057868185,0.055430342651764164
8640,0.2328,-0.064,9.864,0.9237,0.6228,2.4024,1.2387,-12.3379,-11.8829,0.016121606300671623,0.010869910581420684,0.041929789949911776,0.023474235348514658,0.005481979204725447,0.06692488813910025
8648,0.1762,-0.113,9.7785,0.9177,0.412,2.3137,1.2401,-12.2932,-11.8347,0.016016886545551962,0.0071907565182166375,0.0403816829033928,-0.020977686628520672,-0.03337684617629372,-0.019339305915831773
8656,0.187,-0.1233,9.7229,0.8052,0.2692,2.5462,1.2388,-12.2459,-11.792,0.014053391137058342,0.004698426346368735,0.044439573414279614,-0.005342373226835046,-0.029654531212282474,-0.07456693160521333
8664,0.2081,-0.1362,9.7437,0.9696,0.2339,2.7793,1.2375,-12.1988,-11.7496,0.01692271242733702,0.004082325120414737,0.0485079359006784,0.010552987953279679,-0.028544735989956903,-0.05317387184461353
8672,0.2162,-0.1638,9.7133,0.9242,0.1788,2.8447,1.2362,-12.1518,-11.7072,0.016130332946931593,0.003120648702565861,0.049649381231482693,0.01500693287310071,-0.04279278527421244,-0.08301933008538853
8680,0.1835,-0.1629,9.7077,0.9074,0.0088,2.7767,1.2333,-12.1137,-11.6645,0.015837117632596546,0.000153588974175501,0.04846255734012655,-0.011562860519507069,-0.029450246507809506,-0.08925095920828419
8688,0.1398,-0.1524,9.7021,0.926,-0.2044,2.9783,1.2315,-12.0704,-11.6203,0.016161748873467493,-0.0035674529910764098,0.05198114111214711,-0.04094118758543734,-0.015906885312323087,-0.09579549884903038
8696,0.1618,-0.0756,9.7281,0.9279,0.229,2.8511,1.2312,-12.0288,-11.5752,0.016194910129255384,0.003996803987067015,0.049761082303610336,-0.015716247072497382,0.045801152389162526,-0.07038132997917756
8704,0.1825,-0.0438,9.7889,0.8256,0.4728,2.9935,1.231,-11.9874,-11.5303,0.014409438304465184,0.00825191670342919,0.052246431158450256,0.0032119253699934187,0.062106594214534794,-0.009498462566359223
8712,0.2082,-0.0839,9.7852,0.8611,0.2766,3.1669,1.2297,-11.9483,-11.478,0.015029030188923171,0.004827580711016316,0.05527283208140842,0.01782915402218923,0.012055749567723,-0.012249376380230714
8720,0.2022,-0.0564,9.7923,0.9218,0.2143,3.2128,1.23,-11.9104,-11.4275,0.01608844504488373,0.003740240587023848,0.05607393820807382,0.007178041677913472,0.023220893447030336,-0.005480391779025595
8728,0.1809,-0.0356,9.8115,0.7691,0.3441,3.1473,1.2319,-11.8722,-11.3858,0.01342332727708839,0.006005677956112488,0.054930747548017536,-0.009376863462959484,0.027845546194576007,0.01318812211346021
8736,0.1807,-0.0354,9.8148,0.7271,0.3669,3.1274,1.2376,-11.8319,-11.3437,0.01269028899125077,0.006403613025567195,0.05458342702687066,-0.003996966075473245,0.012305892560397274,0.016518592620831996
8744,0.2575,-0.007,9.8615,0.6737,0.1913,2.999,1.2432,-11.7918,-11.3017,0.011758283170685798,0.003338814859065152,0.052342424267309944,0.05795081707127809,0.03384697399892361,0.06463550189016765
8752,0.2086,-0.0174,9.8527,0.5985,0.2768,2.9562,1.244,-11.7524,-11.2513,0.010445795573186064,0.004831071369520304,0.05159542334745637,0.0037119205705148247,0.0069766550980695525,0.054920170043454064
8760,0.1766,0.0061,9.8702,0.276,0.3211,2.6566,1.2436,-11.7093,-11.2075,0.00481710873550435,0.005604252228153792,0.04636641690848136,-0.0177017822694635,0.01813580011921088,0.07174911298188036
8768,0.1381,0.0365,9.8642,0.4636,0.0196,2.4875,1.2439,-11.6697,-11.1634,0.008091346412245713,0.00034208453339088857,0.043415065143358945,-0.04470763753634153,0.03681956850086754,0.0650641683934996
8776,0.1812,-0.0062,9.8843,0.4189,0.2459,2.2244,1.2441,-11.6302,-11.1194,0.007311184236604247,0.004291764630654057,0.03882310388136187,0.0023688499163468995,0.010286250904313718,0.08595705794802555
8784,0.2529,-0.0417,9.9262,0.2243,0.121,2.4448,1.2443,-11.5908,-11.0756,0.003914773512223281,0.0021118483949131386,0.042669809552757364,0.05924158116546054,-0.018730411669836345,0.12931434424047517
8792,0.1539,-0.0469,9.8352,0.3714,0.2788,2.4423,1.2477,-11.5522,-11.0324,0.00648215284190694,0.004865977954560191,0.04262617632145751,-0.0245251015474617,-0.018083208144199964,0.03646864362293911
8800,0.1718,-0.0265,9.8448,0.3575,0.1311,2.3732,1.251,-11.5137,-10.9894,0.006239552075879728,0.0022881266493645657,0.04142015380832943,0.007548873999693156,-0.0032396393400999112,0.046331146637220044
8808,0.167,-0.0495,9.8126,0.3975,0.1339,2.5044,1.2464,-11.47,-10.9439,0.00693768377667746,0.002336995868420407,0.04371002578694599,0.0018277286671059742,-0.011373112869452952,0.014139051476272257
8816,0.1996,-0.0394,9.8207,0.4438,0.1925,2.7046,1.2418,-11.4264,-10.8986,0.007745771220350834,0.0033597588100890844,0.04720417494943864,0.018574594052671655,-0.0007123974396325719,0.02278959801876468
8824,0.2099,-0.0425,9.7767,0.5867,0.2432,2.7307,1.2372,-11.3831,-10.8534,0.010239846721450731,0.004244640740850209,0.04765970588420916,0.014614972334972129,-0.0024692906065052196,-0.02096592422403276
8832,0.2379,-0.0103,9.7677,0.462,0.2997,2.9263,1.2357,-11.3446,-10.8153,0.008063421144213804,0.005230751768227006,0.05107356990111006,0.02965668488814936,0.020761625484170276,-0.029464946792899127
8840,0.2146,-0.0066,9.7528,0.4735,0.2338,3.1107,1.2312,-11.3127,-10.7704,0.00826413400819315,0.004080579791162743,0.05429195704178761,0.002754379232251836,0.008165710257319088,-0.04484083704571162
8848,0.238,-0.0571,9.7917,0.4017,0.5147,2.9537,1.2319,-11.2751,-10.7283,0.007010987605261222,0.008983209660014814,0.051551790116156515,0.01903156278894914,-0.028847854205507825,-0.005302511004970256
8856,0.2743,-0.1018,9.7805,0.1758,0.6313,2.9662,1.2326,-11.2377,-10.6864,0.0030682888250060316,0.011018263567840202,0.05176995627265581,0.048129314573967005,-0.06025971070307143,-0.01542865955055639
8864,0.1614,-0.1227,9.7265,0.0291,0.2442,2.9329,1.2296,-11.2019,-10.642,0.0005078908123303499,0.004262094033370153,0.05118876163174169,-0.05314996413647951,-0.07220413577002596,-0.0718003133113072
8872,0.1453,-0.1106,9.7233,0.2835,0.3407,2.8717,1.2293,-11.1621,-10.6004,0.004948008429403924,0.005946336761544681,0.05012062012952116,-0.05729532616701194,-0.05070484580488598,-0.0752864513029845
8880,0.1608,-0.0869,9.7322,0.2174,0.5316,2.7385,1.2289,-11.1224,-10.5563,0.0037943457938356727,0.009278170303601856,0.047795841565864715,-0.028732870783522095,-0.018488250198542656,-0.06614373967125253
8888,0.1384,-0.0559,9.7302,0.1835,0.3995,2.6244,1.227,-11.0844,-10.5124,0.0032026791774095948,0.006972590361717347,0.045804420889339184,-0.03629895811720267,0.008163929134615146,-0.06872633485725643
8896,0.089,-0.0083,9.7599,0.2552,0.5852,2.278,1.225,-11.0466,-10.4686,0.0044540802510895285,0.010213666782670817,0.03975860036043083,-0.07363350978053974,0.04583235435140244,-0.040076055545720024
8904,0.021,-0.0526,9.7175,0.225,0.8107,1.8028,1.2294,-11.0115,-10.426,0.003926990816987242,0.01414938424591803,0.03146479575495377,-0.12279491525126625,-0.0010213221423374496,-0.08311086943514034
8912,0.0328,-0.0172,9.7784,0.1855,0.7944,1.4923,1.2338,-10.9766,-10.3836,0.0032375857624494814,0.013864895577842954,0.02604554842751138,-0.0970235511657521,0.030218690651527363,-0.02205791072301011
8920,-0.0175,0.0086,9.8081,0.2197,0.9255,1.0328,1.2366,-10.9382,-10.3434,0.003834488366631542,0.01615302222720752,0.018025760514597436,-0.1325247188684135,0.04883891288544015,0.007102415060066036
8928,-0.0184,0.0223,9.7984,0.455,0.7682,0.8893,1.2393,-10.8998,-10.3034,0.0079412480965742,0.01340761931382044,0.015521213037985572,-0.11848901799982957,0.055240812898142845,-0.0024295248666987845
8936,-0.0643,0.0607,9.7742,0.3655,0.6791,0.8188,1.2421,-10.8616,-10.2635,0.006379178416039274,0.011852530950293493,0.01429075591532957,-0.15077958965276214,0.08395063833542582,-0.026923594606087065
8944,-0.0498,0.0293,9.7724,0.3465,0.9219,0.618,1.2406,-10.8226,-10.2275,0.006047565858160351,0.016090190374135727,0.010786134777324957,-0.11941351528978403,0.04689877425407393,-0.02827132962956469
8952,-0.0362,0.0165,9.7338,0.4909,1.1194,0.6687,1.2391,-10.7836,-10.1915,0.008567821298040163,0.019537215646824525,0.01167101670808608,-0.08878949515259285,0.02900746824117438,-0.0665668892041591
8960,-0.0399,0.0208,9.7317,0.5011,1.3802,0.4638,1.2403,-10.7474,-10.152,0.008745844881743585,0.024089034336025737,0.0080948370707497,-0.07606638381034041,0.02730852974187712,-0.06853157588962233
8968,-0.0009,0.0206,9.7015,0.2282,1.043,0.5666,1.2414,-10.7114,-10.1127,0.00398284135305106,0.018203784098300854,0.009889035541799871,-0.023238525270650727,0.018667470946072174,-0.0985238795082477
8976,-0.0166,0.0477,9.7139,0.4152,1.0779,0.7342,1.2425,-10.6755,-10.0735,0.007246607054280456,0.01881290400724688,0.012814207368142367,-0.028108753466735636,0.033052772935986616,-0.08606560284763987
8984,0.0052,0.0673,9.7159,0.4393,1.1006,0.6998,1.2394,-10.635,-10.0376,0.00766723140401109,0.019209093747449592,0.012213814105456317,-0.0034561401747619453,0.0374085800765197,-0.0839381541062778
8992,0.0081,0.1009,9.7274,0.6518,1.0903,0.8135,1.2374,-10.5999,-9.9981,0.01137605606449904,0.019029324834494175,0.014198253464973871,0.00017846188079990606,0.05465813040433028,-0.0722268921951077
9000,0.0348,0.1377,9.7382,0.5563,1.0777,1.157,1.2385,-10.5602,-9.9567,0.009709266628844455,0.018809413348742893,0.020193459445574394,0.022922091322917067,0.07656785772076283,-0.06109228347996698
9008,0.0786,0.1446,9.7516,0.5902,0.8258,1.5894,1.2396,-10.5207,-9.9154,0.010300933245270531,0.014412928962969173,0.027740263131197873,0.05795391520601647,0.07182359053584793,-0.047447903468814445
9016,0.1036,0.1226,9.7942,0.6227,0.6408,1.931,1.2407,-10.4855,-9.8769,0.010868165252168691,0.011184069846779665,0.033702307856010506,0.07106663132442606,0.041476926791825505,-0.00483044769228691
9024,0.1536,0.059,9.8096,0.9472,0.6639,1.9509,1.2403,-10.4457,-9.8343,0.01653175867489029,0.011587240903990355,0.03404962837715737,0.10862634758786023,-0.019152433098153464,0.010359810981253048
9032,0.1036,0.0114,9.7721,1.076,0.558,2.0979,1.2398,-10.4061,-9.7966,0.018779742751458987,0.00973893722612836,0.03661526237758904,0.05089373534185761,-0.05784860954221492,-0.027647944528554902
9040,0.0616,-0.0161,9.7809,0.7753,0.2941,2.1186,1.2404,-10.3692,-9.7564,0.013531537690712038,0.005133013330115323,0.03697654553275186,0.008512059804248465,-0.07233705081254996,-0.01916396845762236
9048,0.0942,-0.0347,9.7893,0.813,0.0924,2.2503,1.2409,-10.3325,-9.7164,0.014189526818713898,0.0016126842288427604,0.0392751441576284,0.03527820274895938,-0.07670137755276364,-0.010549322505765346
9056,0.1105,-0.0565,9.7674,0.8945,0.0889,2.6616,1.2425,-10.2959,-9.6754,0.015611970159089278,0.0015515977050229591,0.04645368337108107,0.045269343603634334,-0.08521206869508455,-0.03228814666001689
9064,0.0896,-0.0457,9.7958,0.7457,0.2561,2.4975,1.2441,-10.2594,-9.6346,0.013014920232121715,0.004469788214357478,0.04358959806855838,0.019474203454534107,-0.06129573451616718,-0.003894759735890929
9072,0.1359,-0.0683,9.826,0.5474,0.4587,2.618,1.2472,-10.2257,-9.595,0.00955393232541696,0.00800582527889799,0.04569271981721155,0.05714806448419599,-0.07070422068209857,0.02675657131606357
9080,0.1378,-0.05,9.8475,0.3204,0.6152,3.0719,1.2504,-10.1921,-9.5555,0.0055920349233898325,0.010737265558269114,0.05361476929201381,0.04736555602070698,-0.04217680775793499,0.048386807543161936
9088,0.143,-0.0507,9.8523,0.2767,0.2234,3.2286,1.2535,-10.1586,-9.5162,0.00482932604026831,0.003899065548955332,0.05634970022988892,0.040647072550084574,-0.03304985987299183,0.053328894452647546
9096,0.2125,-0.045,9.8776,0.3976,0.1608,3.5464,1.2487,-10.1253,-9.4811,0.006939429105929454,0.002806489437206882,0.06189635659272691,0.09445566147415989,-0.021678915634974164,0.07951269864219235
9104,0.1469,-0.0208,9.8578,0.0865,0.2476,3.7917,1.244,-10.092,-9.4462,0.001509709802975095,0.0043214352279379595,0.066177649247869,0.012810647037846817,-3.97744182466531e-05,0.05890810261158741
9112,0.18,-0.0343,9.8019,0.2824,-0.1814,3.8716,1.2435,-10.0605,-9.4088,0.004928809807631987,-0.003166027263117714,0.06757216732021246,0.03177526002882664,-0.00867328754551886,0.0035572730990462986
9120,0.1658,-0.0288,9.8293,0.2297,-0.5357,4.0653,1.2419,-10.0228,-9.3747,0.004009021291830975,-0.009349728802933622,0.07095287008132548,0.0008769025548563542,-0.0005981011317835511,0.030740381238684833
9128,0.2208,-0.0671,9.8345,0.1313,-0.3438,4.2505,1.2404,-9.9853,-9.3407,0.0022916173078685546,-0.006000441968356505,0.07418521985601897,0.04357116719852634,-0.02825975429622296,0.03707010444045089
9136,0.1307,-0.0353,9.8014,0.0745,-0.4642,4.3424,1.2414,-9.9479,-9.3016,0.0013002702927357754,-0.008101818387757679,0.07578917743860177,-0.03204612134610372,-0.0001832274785303486,0.0022825684905818378
9144,0.129,-0.027,9.7537,0.0443,-0.5634,4.3715,1.2414,-9.9122,-9.2641,0.0007731808586334879,-0.009833185005736053,0.07629706825093212,-0.018851704866951407,0.004286230108169052,-0.04542876742113933
9152,0.1861,-0.0463,9.747,0.13,-0.3143,4.6953,1.2414,-9.8751,-9.2253,0.0022689280275926286,-0.005485569839018178,0.08194844436888975,0.02385995099578686,-0.00792457251669561,-0.05114602612753849
9160,0.1909,-0.0374,9.7687,0.0999,-0.1454,5.2077,1.2413,-9.8396,-9.1892,0.0017435839227423352,-0.002537708732399755,0.0908915114561087,0.012130969695395736,0.0005349349026209567,-0.029370858874086636
9168,0.1478,-0.0188,9.7373,0.0765,-0.1199,5.3857,1.2413,-9.8043,-9.1532,0.001335176877775662,-0.002092649773141201,0.0939981975246586,-0.017644426620936245,0.009658170250166515,-0.061580982317684274
9176,0.1244,-0.0599,9.718,0.4302,-0.4022,5.5665,1.2439,-9.7692,-9.1086,0.007508406442079606,-0.0070197142515211934,0.09715375281226435,-0.027445231961202975,-0.023007179824928472,-0.08108520466821467
9184,0.1483,-0.0729,9.757,0.3203,-0.4428,5.9367,1.249,-9.7341,-9.0692,0.005590289594137837,-0.007728317927830891,0.10361496170314737,-0.0025371681512714075,-0.019616792150339655,-0.04162077780108575
9192,0.2181,-0.1266,9.7859,0.3646,-0.4363,6.2855,1.2515,-9.7002,-9.0259,0.006363470452771325,-0.00761487152645126,0.10970267013410358,0.05766766308773885,-0.059164104815940075,-0.011199867739900782
9200,0.1953,-0.1228,9.7565,0.3803,-0.5527,6.4403,1.2581,-9.6675,-8.9874,0.0066374871453344355,-0.009646434775772659,0.1124044398161908,0.02633843660425167,-0.043712594453836656,-0.04090630868607015
9208,0.2784,-0.1212,9.7678,0.1874,-0.5787,6.863,1.2648,-9.6349,-8.949,0.003270747018237374,-0.010100220381291184,0.11978194656437084,0.09362613343958949,-0.03299535938928695,-0.027985965350035613
9216,0.2626,-0.2213,9.7037,0.3495,-0.4436,7.2406,1.2713,-9.6024,-8.9108,0.006099925735720182,-0.007742280561846846,0.1263723098199014,0.0752797592408834,-0.12128597604452795,-0.0912746042611996
9224,0.3107,-0.2122,9.76,0.6965,-0.3917,7.3483,1.2779,-9.5675,-8.8753,0.012156218240140505,-0.006836454680061789,0.1282520294242993,0.10981000029385078,-0.09954793403082739,-0.033875113297717974
9232,0.1957,-0.1743,9.7199,0.671,-0.4407,7.4993,1.2844,-9.5326,-8.8399,0.011711159280881952,-0.00769166601353901,0.13088747659481076,-0.005050154607056145,-0.05308481897744164,-0.07671395628347355
9240,0.2815,-0.1801,9.7118,0.5453,-0.4183,7.4117,1.2909,-9.4979,-8.8046,0.00951728041112508,-0.007300712261092281,0.12935856817006372,0.06783392508471318,-0.0463760307343719,-0.0827995120826639
9248,0.3023,-0.1584,9.6976,0.6678,-0.6609,7.5066,1.2917,-9.469,-8.7689,0.011655308744818132,-0.011534881026430525,0.13101488563020633,0.0721216985478892,-0.020368242121462578,-0.09668586485465624
9256,0.3265,-0.1602,9.7295,0.5716,-0.5995,7.4853,1.2925,-9.4402,-8.7333,0.009976302004399588,-0.010463248865706007,0.13064313049953155,0.07974321885119046,-0.017692180150565492,-0.06404783568608785
9264,0.3121,-0.1186,9.756,0.4689,-0.4981,7.377,1.2989,-9.4069,-8.701,0.008183848862601411,-0.008693485004183755,0.1287529389196217,0.047274014544789196,0.017565344748598468,-0.0384189294862356
9272,0.2466,-0.0691,9.7454,0.3174,-0.4118,7.2815,1.3048,-9.3773,-8.6641,0.005539675045830002,-0.007187265859712649,0.1270861494839671,-0.01618555418296276,0.04819552842917134,-0.05136816015317969
9280,0.2479,-0.0649,9.7308,0.1298,-0.3267,6.8967,1.3107,-9.3478,-8.6274,0.0022654373690886398,-0.005701990666265475,0.12037012252229293,-0.010882425452340373,0.037361361569380636,-0.0659042144902866
9288,0.1803,-0.0355,9.7495,0.3291,-0.6452,6.5795,1.316,-9.3174,-8.5903,0.005743878568313338,-0.011260864333867414,0.11483393813496692,-0.06906859010688289,0.053077233626378374,-0.049157424759068036
9296,0.1068,-0.0459,9.7627,-0.0563,-0.6219,6.4041,1.3182,-9.2906,-8.5563,-0.0009826203688728075,-0.010854202618152736,0.11177263062696885,-0.12790263923252285,0.03457623449771408,-0.037506991608889706
9304,0.0112,0.0067,9.782,0.1271,-0.5142,5.8898,1.3204,-9.2584,-8.5226,0.002218313479284793,-0.008974483013754843,0.10279640228396203,-0.2128474473374868,0.07609585709448728,-0.020603305178026332
9312,-0.0006,0.0015,9.7999,0.0626,-0.3259,5.3126,1.3232,-9.2216,-8.4894,0.0010925761117484504,-0.00568802803224952,0.09272236184145075,-0.2102067411471713,0.06553797412882503,-0.0025737808379826532
9320,0.0014,0.0081,9.7865,0.4755,-0.4391,4.8699,1.3259,-9.1849,-8.4563,0.008299040593233036,-0.007663740745507101,0.08499578924287186,-0.19409827186909454,0.06635762226255465,-0.015646554481739017
9328,-0.0049,0.0419,9.8313,0.5637,-0.3288,4.6973,1.3321,-9.15,-8.4224,0.009838420993492036,-0.005738642580557355,0.08198335095392964,-0.1896614097372855,0.09223736427562872,0.02912814690539811
9336,-0.0817,0.0288,9.8104,0.448,-0.0233,4.423,1.3343,-9.1197,-8.3865,0.007819075048934596,-0.0004066617157146788,0.0771959128157092,-0.2500072364821912,0.06940956911839016,0.0073508749009949526
9344,-0.1038,0.0397,9.8237,0.4254,-0.0964,3.8886,1.338,-9.0866,-8.3492,0.007424630637983878,-0.0016824973989225337,0.0678688732930515,-0.25798868863844554,0.07396006003459975,0.020662094077684046
9352,-0.0573,0.0714,9.8358,0.1984,-0.1397,3.7162,1.3401,-9.054,-8.3084,0.0034627332359567498,-0.002438224965036078,0.06485992566261328,-0.19995059186958414,0.10114048380356754,0.03367343637905229
9360,-0.0303,0.0887,9.8404,0.1254,-0.2371,3.3941,1.3422,-9.0215,-8.2678,0.0021886428820008896,-0.0041381756564785556,0.05923822014193954,-0.16156678084781098,0.11099240137704018,0.03889398266710842
9368,-0.0614,0.0961,9.8769,-0.0324,-0.1809,3.2967,1.3443,-8.9892,-8.2273,-0.0005654866776461627,-0.0031573006168577424,0.05753826945049706,-0.18029638670245637,0.10833294910788517,0.07531852474033407
9376,-0.1378,0.0719,9.8785,0.134,-0.1272,3.5155,1.35,-8.9595,-8.1937,0.0023387411976724015,-0.0022200588085367874,0.06135704985386065,-0.24009788906041635,0.07431278168001254,0.07652526520069713
9384,-0.136,0.0546,9.8931,0.0691,-0.1878,3.4395,1.3556,-8.93,-8.1601,0.0012060225131280816,-0.0032777283352453507,0.060030599622344964,-0.22221369164563337,0.053301015957827415,0.09154613025400948
9392,-0.1853,0.0616,9.9023,0.0017,-0.1631,3.2228,1.3566,-8.8934,-8.1271,2.96705972839036e-05,-0.002846632010002751,0.05624847113327325,-0.2566860686413986,0.05371840726355086,0.10075262466881796
9400,-0.2039,0.0625,9.87,0.052,0.2525,3.3729,1.3576,-8.8569,-8.0943,0.0009075712110370514,0.004406956361285682,0.058868210340516744,-0.2592550478911436,0.05022760553484555,0.06877122380416623
9408,-0.2895,0.083,9.901,0.1293,0.1219,2.9964,1.3586,-8.8206,-8.0616,0.002256710722828668,0.0021275563581810877,0.05229704570675809,-0.3304669804798557,0.06180227390962322,0.09987233775022553
9416,-0.2646,0.1037,9.9189,0.2833,0.3544,2.8364,1.3622,-8.7921,-8.0264,0.004944517770899936,0.006185446869067903,0.04950451890356716,-0.291282057823959,0.0794590557944101,0.11837613126473912
9424,-0.2629,0.0719,9.891,-0.0014,0.1501,3.0968,1.3647,-8.7611,-7.9904,-2.4434609527920612e-05,0.0026197392072434887,0.0540493562757604,-0.27160226845220586,0.04516666717967033,0.09092307117730414
9432,-0.1585,0.0883,9.9245,0.0356,0.2507,2.799,1.3693,-8.7302,-7.9545,0.0006213372137099813,0.004375540434749784,0.04885176576332128,-0.15353395611666745,0.06248113415024641,0.1247741950230008
9440,-0.0963,0.1076,9.8797,0.111,0.6748,2.941,1.3738,-8.6923,-7.9227,0.0019373154697137059,0.011777481792457734,0.05133013330115323,-0.08034234042804607,0.07515497025933932,0.08014273068865307
9448,-0.092,0.126,9.8559,0.0418,0.6858,3.2394,1.3788,-8.6591,-7.8906,0.0007295476273336297,0.011969468010177111,0.05653819578910431,-0.0664417796251098,0.08166305957173534,0.056572499840987334
9456,-0.109,0.068,9.8272,-0.147,0.8056,3.3141,1.3807,-8.623,-7.8555,-0.0025656340004316645,0.014060372454066319,0.05784195674034407,-0.06333296786604653,0.018646189615851086,0.02781797220492166
9464,-0.0334,0.0328,9.8371,0.0777,0.8722,3.2442,1.3867,-8.5941,-7.8211,0.0013561208287995942,0.015222761735894541,0.056621971593200045,0.0033116405348609886,-0.0016866281977086593,0.03721068181027931
9472,0.0142,0.0073,9.8225,0.3993,0.6852,3.3747,1.3927,-8.5653,-7.7868,0.006969099703213358,0.011958996034665147,0.058899626267052634,0.039167770362423714,-0.017759157360341657,0.02241883031337011
9480,-0.0121,0.0339,9.826,0.6455,0.3811,3.1768,1.3956,-8.5346,-7.7505,0.011266100321623397,0.00665144977935039,0.05544561967735586,-0.001685182043035874,-0.002265732293952942,0.026065522202600278
9488,0.0558,0.0725,9.8835,0.3556,0.5596,3.2436,1.3954,-8.506,-7.7129,0.0062063908200918365,0.009766862494160268,0.05661149961768807,0.0508727772020731,0.031849635142215574,0.08374117939563597
9496,0.0903,0.0683,9.8512,0.3957,0.6422,3.1901,1.4008,-8.473,-7.6769,0.006906267850141562,0.011208504456307585,0.05567774846787111,0.07161090418288467,0.024558411466898557,0.05155973350556842
9504,0.0809,0.0663,9.7992,-0.0086,0.5853,3.4136,1.4042,-8.4391,-7.6456,-0.00015009831567151235,0.010215412111922811,0.05957855934607844,0.04843888382544153,0.017015342633234534,-0.0003762678024816779
9512,0.042,0.0745,9.7736,-0.2966,0.6482,3.4861,1.4075,-8.4053,-7.6144,-0.005176646561415181,0.011313224211427244,0.06084392305377432,0.004073968865190445,0.008526762612489984,-0.02603039154013942
9520,0.0691,0.0897,9.7503,-0.4467,0.6017,3.214,1.4109,-8.3716,-7.5834,-0.00779638576865867,0.010501646109249882,0.056094882159097754,0.018972913000602748,0.01634601398226493,-0.04907471947409903
9528,0.0905,0.0784,9.8086,-0.2755,0.6718,3.0925,1.4157,-8.3396,-7.5534,-0.004808382089244378,0.011725121914897906,0.053974307117924634,0.026216800048554097,0.004304330412371909,0.009294822877681241
9536,0.0953,0.0723,9.809,-0.4291,0.443,3.1016,1.4205,-8.3076,-7.5235,-0.007489207820307668,0.00773180858633488,0.05413313207985612,0.0162987823057926,-5.1091228612382676e-05,0.009715833146493935
9544,0.0882,0.0253,9.7851,-0.3067,0.4694,2.9157,1.4213,-8.2783,-7.4928,-0.005352924815866608,0.008192575508861382,0.05088856500039867,0.00934644605945022,-0.03164761210736708,-0.014525437537843189
9552,0.1415,-0.0182,9.8246,-0.5683,0.2494,2.8819,1.422,-8.2491,-7.4621,-0.009918706139083775,0.004352851154473858,0.05029864371322458,0.05507656952440468,-0.058885912747464714,0.025304965789578304
9560,0.2084,-0.0525,9.7924,-0.5865,0.4683,2.8255,1.4227,-8.2201,-7.4315,-0.010236356062946744,0.008173376887089445,0.04931427801509978,0.1124223925786108,-0.07796994786244832,-0.006197548302436573
9568,0.1518,-0.0357,9.8225,-0.6705,0.4989,2.6383,1.4295,-8.1906,-7.3965,-0.011702432634621979,0.00870744763819971,0.0460470216553664,0.04500354823693648,-0.052471049993819414,0.02349456403161021
9576,0.1708,-0.0897,9.7774,-0.4735,0.8669,2.414,1.4272,-8.1572,-7.3632,-0.00826413400819315,0.015130259285538843,0.04213224814314312,0.061112250220938046,-0.09087044755523584,-0.02131003944628418
9584,0.2276,-0.0639,9.777,-0.4398,1.2642,1.9061,1.4315,-8.1289,-7.3299,-0.007675958050271062,0.022064452403712315,0.033267720872263914,0.10363331471448936,-0.052776118555420554,-0.02083394213026679
9592,0.1815,0.0974,9.6661,-0.2983,1.188,1.2285,1.4357,-8.1008,-7.2968,-0.005206317158699085,0.020734511513692634,0.021441369860750337,0.04209132905168105,0.09106254957731443,-0.1322259980860565
9600,0.1631,0.1132,9.6481,-0.2403,1.0192,1.0951,1.4384,-8.0692,-7.2673,-0.004194026192542374,0.01778839573632621,0.0191131006385899,0.02085326349295821,0.09081346702688133,-0.15030738750667716
9608,0.1682,0.1698,9.6537,-0.0488,1.0205,0.5036,1.4401,-8.0387,-7.2394,-0.0008517206749732328,0.017811085016602134,0.008789478113043444,0.020663948993819195,0.13251315184381632,-0.1442731896661229
9616,0.1173,0.1672,9.6328,-0.311,1.2083,0.1087,1.4422,-8.0063,-7.2071,-0.005427973973702365,0.021088813351847483,0.0018971728969178364,-0.024487022536259284,0.11167935101281992,-0.16571335913838148
9624,0.0767,0.2146,9.6954,-0.4524,1.1906,-0.6397,1.4394,-7.9806,-7.1739,-0.007895869536022348,0.020779890074244488,-0.011164871225007728,-0.061516778079640476,0.14198838335909109,-0.10315658603245481
9632,0.1375,0.1859,9.6978,-0.385,1.5097,-1.4753,1.4365,-7.955,-7.1407,-0.006719517620178169,0.026349235717358394,-0.025748842454672346,0.003133048333927397,0.10312149102639516,-0.099992472059796
9640,0.1779,0.17,9.7461,-0.6832,1.1562,-2.0504,1.4392,-7.9249,-7.1083,-0.01192408944962526,0.020179496811558437,-0.03578623098289173,0.0387148635917359,0.07687272094522732,-0.05117415459115193
9648,0.1657,0.1165,9.6977,-0.4963,1.1114,-2.3951,1.4393,-7.8975,-7.0759,-0.008662069077647858,0.019397589306664978,-0.041802380914516185,0.020255889281586146,0.014631767809353026,-0.1002170312774453
9656,0.1419,0.1313,9.7163,-0.411,1.1166,-3.3593,1.439,-7.8656,-7.0441,-0.007173303225696694,0.019488346427768685,-0.058630845562245515,-0.0006075970027314932,0.012675793627148942,-0.08178514617618582
9664,0.1837,0.1087,9.73,-0.468,1.303,-3.9426,1.4386,-7.8339,-7.0125,-0.008168140899333463,0.022741640153486113,-0.06881135108912843,0.028997988226470112,-0.0037423882606637568,-0.06770291805634798
9672,0.1923,0.0788,9.6759,-0.4825,1.3691,-4.3378,1.4383,-7.8022,-6.9809,-0.00842121364087264,0.023895302789054367,-0.07570889229301002,0.030338849569560226,-0.02191735712783739,-0.12194085967318813
9680,0.2079,0.0958,9.7335,-0.6405,1.5097,-4.4651,1.4389,-7.7722,-6.953,-0.01117883385902368,0.026349235717358394,-0.07793069643079881,0.0302705257108039,-0.002004011192673405,-0.0638558977790229
9688,0.1792,0.093,9.7651,-0.5595,1.1295,-4.4561,1.4396,-7.7423,-6.9251,-0.009765117164908273,0.019713493901275952,-0.07777361679811932,9.149680572448718e-05,0.00888533831888442,-0.03281715680558683
9696,0.2407,0.0655,9.8065,-0.482,1.0353,-4.0368,1.4322,-7.7155,-6.8944,-0.008412486994612669,0.018069393745897295,-0.0704554512445071,0.04881509005726599,-0.010324132848987963,0.009545325307570351
9704,0.2822,0.0027,9.8526,-0.704,0.8545,-4.0893,1.4248,-7.6888,-6.8638,-0.01228711793404008,0.014913838458291546,-0.07137174910180412,0.08235989418044472,-0.06005284702791693,0.056113909315092414
9712,0.2765,0.0074,9.8537,-0.6655,0.599,-3.9661,1.4175,-7.6621,-6.8332,-0.011615166172022262,0.010454522219446033,-0.0692215034633471,0.0643607042738668,-0.04565306710802098,0.05726555375317943
9720,0.3924,-0.0621,9.7988,-0.8128,0.4372,-3.8482,1.4126,-7.6346,-6.8003,-0.01418603616020991,0.007630579489719208,-0.06716376027524579,0.17293876822829402,-0.09762825089776236,0.004839443717083114
9728,0.4004,-0.0681,9.8014,-0.8949,0.5093,-3.8742,1.4129,-7.6057,-6.7674,-0.015618951476097256,0.00888896188040712,-0.06761754588076432,0.1682322787179074,-0.09425718802589479,0.007915844505539837
9736,0.4331,-0.0963,9.7819,-0.7708,0.7942,-3.5204,1.4056,-7.5718,-6.7347,-0.013452997874372293,0.013861404919338965,-0.06144257098720838,0.19077910526008438,-0.11112205374699147,-0.010532592006487818
9744,0.4581,-0.1109,9.7693,-0.5828,0.7359,-3.1181,1.3983,-7.5381,-6.7021,-0.010171778880622952,0.01284387796542627,-0.05442111140643519,0.2043760419054864,-0.1154772992289269,-0.022154003214316376
9752,0.4775,-0.0635,9.7748,-0.5523,0.7362,-3.0907,1.4001,-7.506,-6.6761,-0.009639453458764682,0.012849113953182254,-0.053942891191388745,0.20626867393635842,-0.06171062866397817,-0.01570653687950596
9760,0.5129,-0.0347,9.7246,-0.3578,0.8378,-2.9338,1.4048,-7.477,-6.6422,-0.0062447880636357115,0.014622368473208493,-0.05120446959500964,0.22666015600237102,-0.028088674369474046,-0.06450043089451185
9768,0.5545,-0.0793,9.7543,-0.1772,1.119,-2.9971,1.3985,-7.4496,-6.6129,-0.0030927234345339517,0.019530234329816546,-0.052309263011522056,0.2566773937277732,-0.06581528305455764,-0.03322405836677511
9776,0.4828,-0.0982,9.7129,-0.0845,1.1239,-3.2257,1.3973,-7.4223,-6.5827,-0.0014748032179352085,0.01961575546316427,-0.05629908568158108,0.17518623319469423,-0.0827389027705546,-0.07654230493764302
9784,0.3892,-0.0807,9.7378,-0.4091,1.2539,-3.6496,1.3961,-7.3951,-6.5526,-0.007140141969908803,0.0218846834907569,-0.06369753638078506,0.06990225247871981,-0.06074632213552039,-0.054531230902981065
9792,0.3765,-0.0412,9.785,-0.3329,1.1995,-3.8576,1.3928,-7.3645,-6.5257,-0.005810201079889122,0.020935224377671983,-0.06732782122493326,0.04018531106211987,-0.01580096086872726,-0.007767866292667236
9800,0.349,-0.0164,9.7994,-0.2681,1.1182,-3.9552,1.3906,-7.333,-6.4953,-0.004679227724596798,0.019516271695800596,-0.06903126257487972,-0.0008993149217796779,-0.001333863367629016,0.005626330430972715
9808,0.3247,0.0134,9.8102,-0.1154,1.2111,-3.9472,1.3874,-7.3066,-6.466,-0.0020141099568014562,0.021137682570903326,-0.06889163623472018,-0.01457494148556266,0.01591959888990074,0.015557438446981209
9816,0.3113,0.0348,9.7994,0.0093,1.3453,-4.0328,1.3842,-7.2803,-6.4368,0.00016231562043547264,0.023479914427079713,-0.07038563807442733,-0.01733519509860816,0.024076905627432,0.004360197566503743
9824,0.2996,0.0529,9.8266,0.0272,1.1723,-4.0028,1.381,-7.2541,-6.4077,0.0004747295565424576,0.020460494821129525,-0.06986203929882902,-0.019976732060253036,0.02863086067088952,0.031246479159873886
9832,0.3132,0.0446,9.8116,-0.041,1.2202,-3.8087,1.3788,-7.2255,-6.3762,-0.0007155849933176752,0.021296507532834807,-0.06647435522070803,0.0001583746522714333,0.006057719831304566,0.01669706362317669
9840,0.3132,0.0317,9.7879,-0.0262,1.5433,-3.9831,1.3766,-7.197,-6.3448,-0.00045727626402251436,0.026935666346028488,-0.06951820943618614,-5.9056095797820596e-05,0.008491134236040306,-0.0070426613227922985
9848,0.3469,0.0236,9.813,-0.0147,1.1776,-3.9605,1.3744,-7.1721,-6.3175,-0.0002565634000431664,0.020552997271485223,-0.06912376502523543,0.019246021842355004,0.0012141359339819583,0.01913915200905869
9856,0.3755,0.0322,9.8426,-0.0758,0.956,-3.6856,1.3722,-7.1473,-6.2903,-0.001322959573011702,0.01668534764906579,-0.06432585491150301,0.032301461518149596,0.007661676873128499,0.04975683782555329
9864,0.3281,0.0155,9.7882,0.2952,0.88,-3.4334,1.3701,-7.1225,-6.2632,0.005152211951887261,0.0153588974175501,-0.05992413453797331,0.0004380292341728464,-0.0012689143394531924,-0.0062904220113413345
9872,0.3253,0.0003,9.8032,0.0526,0.9406,-3.3068,1.3689,-7.0973,-6.2352,0.0009180431865490173,0.016416566944258665,-0.057714547704948486,0.0011786224811495738,-0.0012228419898239217,0.008595594452168953
9880,0.4107,-0.0476,9.7736,0.1193,0.668,-3.0739,1.3717,-7.0653,-6.2108,0.0020821777976292354,0.011658799403322121,-0.053649675877053694,0.07710708719578019,-0.03722107734881839,-0.018033618003730822
9888,0.4078,-0.0764,9.7736,-0.121,0.6099,-2.6804,1.3706,-7.0339,-6.177,-0.0021118483949131386,0.010644763107913416,-0.046781805270456014,0.06496392195815628,-0.055806625463375635,-0.01797259923086436
9896,0.4616,-0.0651,9.8005,-0.2014,0.7091,-2.5948,1.3694,-7.0025,-6.1433,-0.0035150931135165798,0.01237612972589179,-0.04528780343074887,0.10314679301303849,-0.03590990691079301,0.010972634641111867
9904,0.2466,-0.0407,9.8276,0.0098,0.9292,-2.3529,1.3702,-6.9738,-6.1122,0.00017104226669544429,0.01621759940953131,-0.04106585197017458,-0.09714713539776718,-0.021144255738530796,0.030274928227250086
9912,0.3313,0.0533,9.8821,-0.039,1.0757,-2.0763,1.3665,-6.9466,-6.0812,-0.0006806784082777885,0.018774506763703003,-0.03623827125915826,-0.014691196097121337,0.06249384719273266,0.08758715146522711
9920,0.2667,0.086,9.9005,0.1143,1.2638,-1.8998,1.3629,-6.9181,-6.0528,0.0019949113350295187,0.022057471086704337,-0.03315776512938827,-0.0693680801581465,0.07936372179203205,0.10390400847657943
9928,0.0557,0.2012,9.8288,0.149,1.3024,-1.9284,1.3608,-6.8931,-6.0215,0.0026005405854715507,0.02273116817797415,-0.033656929295458646,-0.2691997026719747,0.17350717864052975,0.025798702855738043
9936,-0.1153,0.2667,9.87,0.1875,1.2112,-1.7717,1.3586,-6.8683,-5.9904,0.003272492347489368,0.02113942790015532,-0.03092199835758354,-0.4292027802754618,0.22140346245873743,0.0624585403546849
9944,-0.1292,0.2696,9.7661,-0.0344,0.7908,-1.3232,1.358,-6.8395,-5.9652,-0.0006003932626860494,0.013802063724771158,-0.023094196662388967,-0.42506742211075454,0.21694692859887665,-0.0409868466718617
9952,-0.063,0.2102,9.8015,-0.1319,0.61,-1.2916,1.3574,-6.8133,-5.9417,-0.0023020892833805207,0.01064650843716541,-0.022542672618758763,-0.34142977662090773,0.15511602842967032,-0.003218895200280514
9960,-0.024,0.1446,9.8408,-0.1132,0.7598,-1.4614,1.3592,-6.7897,-5.9143,-0.001975712713257581,0.013261011656652916,-0.025506241688645133,-0.2836623711838577,0.08730077471286891,0.03741551597312842
9968,-0.0881,0.0921,9.8677,-0.0019,0.8791,-1.3651,1.361,-6.7662,-5.887,-3.316125578789226e-05,0.01534318945428215,-0.023825489618974592,-0.32834851672865206,0.029713644069734334,0.06301432934770546
9976,-0.1633,0.0928,9.8483,0.0485,0.9371,-1.1664,1.3629,-6.7427,-5.8597,0.0008464846872172499,0.016355480420438863,-0.020357520395261862,-0.385968424949549,0.025211206030870684,0.04249380949931947
9984,-0.1417,0.109,9.8093,0.07,0.6673,-1.2083,1.3622,-6.7159,-5.8291,0.0012217304763960308,0.01164658209855816,-0.021088813351847483,-0.34796933400856267,0.041002110490428706,0.004670445737835038
9992,-0.169,0.0348,9.8547,0.1306,0.6812,-1.1738,1.3615,-6.6892,-5.7986,0.0022794000031045943,0.011889182864585374,-0.02048667475990944,-0.35525863862752677,-0.033539426556020026,0.04974875499607734
10000,-0.1296,-0.0168,9.7837,0.1405,0.6439,-0.9887,1.3624,-6.6615,-5.7711,0.0024521875990520334,0.011238175053591488,-0.017256070314467936,-0.2956428530200838,-0.0785120707192543,-0.020209856637540824
10008,-0.082,-0.0349,9.7486,0.1234,0.8403,-1.0278,1.3632,-6.634,-5.7438,0.0021537362969610025,0.014666001704508352,-0.01793849405199772,-0.23077737364093676,-0.08823318525301498,-0.05412391424785845
10016,-0.0932,0.0258,9.7774,0.0509,1.0707,-1.0358,1.364,-6.6065,-5.7165,0.0008883725892651137,0.018687240301103285,-0.018078120392157268,-0.22885432960157506,-0.02659050215330547,-0.024836508732049012
10024,-0.0367,0.0274,9.7698,0.059,1.107,-0.6915,1.3639,-6.5821,-5.6869,0.0010297442586766543,0.019320794819577228,-0.012068951777540788,-0.15541837428696964,-0.01979302410642557,-0.03134896441014767
10032,-0.147,0.079,9.7651,-0.0746,1.2324,-0.6342,1.3612,-6.5578,-5.6573,-0.0013020156219877698,0.021509437701578118,-0.011068878116148038,-0.2511708282881414,0.02424142621135048,-0.036734481830769994
10040,-0.1538,0.0782,9.7669,0.019,1.1736,-0.4434,1.361,-6.5296,-5.6254,0.0003316125578789226,0.02048318410140545,-0.007738789903342857,-0.24076925973412164,0.021733392484057267,-0.034567950509398315
10048,-0.1581,0.0644,9.8085,0.0365,1.1148,-0.4743,1.3609,-6.5015,-5.5936,0.0006370451769779303,0.019456930501232785,-0.008278096642209106,-0.2274236527964043,0.0070747834402612895,0.007346412235472499
10056,-0.1401,0.0664,9.8257,0.0905,1.0665,-0.2425,1.3612,-6.478,-5.5639,0.001579522973054868,0.018613936472519525,-0.004232423436086249,-0.1925111096890151,0.009214596496354577,0.025032927367606206
10064,-0.0615,0.0951,9.8049,-0.0124,0.6417,0.0511,1.3605,-6.4521,-5.5342,-0.00021642082724729686,0.011199777810047613,0.0008918632477691024,-0.09994732326827445,0.037059108190615864,0.00497462643690838
10072,0.0046,0.0819,9.8639,-0.0229,0.7635,0.1506,1.3584,-6.4262,-5.5047,-0.00039968039870670147,0.013325588838976705,0.0026284658535034606,-0.020137565818824484,0.017384136956648324,0.06420520114140338
10080,0.0126,0.0663,9.7601,-0.2889,0.7706,0.3497,1.3612,-6.394,-5.4753,-0.005042256209011618,0.013449507215868302,0.00610341639422417,0.0050542122724877,-0.0006185212673666737,-0.03966801116018637
10088,-0.0718,0.0445,9.7455,-0.1566,0.676,0.6601,1.364,-6.362,-5.446,-0.0027331856086231197,0.011798425743481668,0.01152091839241457,-0.062343926778079144,-0.021672095723421523,-0.054357420105084486
10096,-0.0174,0.0598,9.7523,-0.2061,0.3376,0.6583,1.3618,-6.335,-5.4192,-0.0035971235883603134,0.005892231554732856,0.011489502465878671,0.006140554761185063,0.0024674940553720943,-0.04750338143815114
10104,-0.0739,0.0372,9.747,-0.1895,0.1367,0.8432,1.3636,-6.308,-5.395,-0.0033073989325292544,0.0023858650874762485,0.014716616252816186,-0.03475130036151175,-0.016313264190130163,-0.05272446913833129
10112,-0.0722,-0.0074,9.7988,-0.1575,0.0352,1.1347,1.363,-6.2772,-5.366,-0.002748893571891069,0.000614355896702004,0.01980425102237966,-0.02329789092517173,-0.04675993492598525,-0.0010704790388373908
10120,-0.1212,0.0229,9.8092,-0.223,0.2048,1.2374,1.3623,-6.2466,-5.337,-0.003892084231947355,0.003574434308084387,0.021596704164177836,-0.05844481437161276,-0.015056740994368689,0.009789803467946001
10128,-0.1154,0.028,9.7785,-0.1923,-0.225,1.2104,1.3616,-6.216,-5.3081,-0.0033562681515850955,-0.003926990816987242,0.021125465266139364,-0.03807127792933756,-0.0065478399696080394,-0.02085529744095993
10136,-0.1056,0.007,9.7639,-0.3362,-0.468,1.0378,1.3624,-6.1865,-5.2789,-0.005867796945204936,-0.008168140899333463,0.018113026977197154,-0.016763845873498582,-0.015519261799859302,-0.03555318023674836
10144,-0.115,-0.0064,9.7448,-0.4739,-0.1884,0.7955,1.3632,-6.1571,-5.2497,-0.008271115325201127,-0.0032882003107573173,0.013884094199614892,-0.015619507089028989,-0.017018796188927144,-0.05454673236926588
10152,-0.0187,0.011,9.7754,-0.4588,-0.065,0.673,1.3635,-6.1283,-5.2211,-0.008007570608149984,-0.0011344640137963143,0.01174606586592184,0.064107414341956,0.005336698725578845,-0.0247875926365122
10160,0.0261,-0.0193,9.7479,-0.7724,0.5356,0.6946,1.3638,-6.0997,-5.1927,-0.013480923142404202,0.009347983473681628,0.012123056984352613,0.09572275409623951,-0.018139824296074317,-0.052532830980004164
10168,0.0511,-0.0111,9.7435,-0.771,-0.0553,0.7446,1.3641,-6.0711,-5.1643,-0.01345648853287628,-0.0009651670763528643,0.012995721610349778,0.10449478952384413,-0.006365303401557136,-0.056922098644857755
10176,0.0569,-0.0064,9.741,-0.4736,-0.4684,0.7791,1.3639,-6.0421,-5.1331,-0.008265879337445145,-0.00817512221634144,0.013597860202287822,0.09374528281288873,-0.0005377905543531458,-0.05928282400460816
10184,0.0393,-0.0369,9.7464,-0.4719,-1.0714,0.6707,1.3564,-6.0157,-5.1069,-0.008236208740161241,-0.018699457605867244,0.011705923293125968,0.062043114826027784,-0.025520884641808576,-0.053681803042250564
10192,0.1396,-0.0648,9.8241,-0.5903,-1.0507,0.5138,1.3542,-5.9888,-5.0788,-0.010302678574522528,-0.01833817445070442,0.008967501696746866,0.14737622595928154,-0.04238987418958526,0.024108680006964534
10200,0.0933,-0.0255,9.8011,-0.3595,-1.5323,0.561,1.3521,-5.9621,-5.0508,-0.006274458660919614,-0.026743680128309112,0.009791297103688189,0.0810938254311739,-0.004565769615491304,0.0012407018308007167
10208,0.1497,-0.065,9.8172,-0.1495,-1.1528,0.6622,1.349,-5.9365,-5.0229,-0.0026092672317315226,-0.020120155616990633,0.01155757030670645,0.12300426872363662,-0.036180828733453824,0.017719278300225128
10216,0.0236,-0.0529,9.7735,-0.0473,-1.2992,0.5296,1.3493,-5.9099,-4.9936,-0.0008255407361933179,-0.022675317641910327,0.009243263718561968,-0.0035192337320575366,-0.016011170796706598,-0.026342093289553503
10224,0.1003,-0.012,9.8377,-0.2056,-1.5192,0.2455,1.3462,-5.8834,-4.9659,-0.0035883969421003415,-0.026515041996297856,0.004284783313646079,0.053856038007337126,0.023598654630059213,0.03804289534609673
10232,0.0791,-0.015,9.8262,-0.3676,-1.2337,-0.0182,1.3466,-5.858,-4.9383,-0.006415830330331155,-0.021532126981854045,-0.000317649923862968,0.017646668259794353,0.011778097343801508,0.026506913523354214
10240,0.0736,-0.045,9.8622,-0.3172,-1.0006,-0.1157,1.3469,-5.8327,-4.9107,-0.005536184387326013,-0.01746376449545526,-0.0020193459445574393,0.0028645474134948094,-0.005388671493310689,0.06257540182013699
10248,0.1569,-0.0107,9.8688,-0.3384,-0.719,-0.1236,1.3463,-5.8075,-4.8799,-0.005906194188748811,-0.012548917321839229,-0.0021572269554649913,0.06830781445504135,0.028246137800023555,0.06977617467507358
10256,0.2415,-0.0052,9.8265,-0.0733,-0.8071,-0.0538,1.3466,-5.7863,-4.8535,-0.0012793263417118436,-0.014086552392846235,-0.0009389871375729493,0.13646486347361653,0.03472190450186282,0.02845986258197364
10264,0.3043,-0.0216,9.8325,0.2256,-0.5713,-0.1631,1.344,-5.7618,-4.8243,0.003937462792499207,-0.009971066016643606,-0.002846632010002751,0.1836395063142342,0.019936022613555426,0.035496956774629496
10272,0.1721,-0.0856,9.6429,0.4687,-0.2658,-0.1449,1.3414,-5.7373,-4.7952,0.008180358204097423,-0.004639085151800928,-0.0025289820861397836,0.04595692640873397,-0.04241933229405711,-0.1553872684714417
10280,0.1277,-0.0762,9.6767,0.3918,0.2316,-0.2262,1.3388,-5.7129,-4.7662,0.006838200009313783,0.004042182547618867,-0.003947934768011174,0.0006973433603083495,-0.020535015239691312,-0.12217925115052886
10288,0.2045,-0.0653,9.7438,0.433,0.374,-0.5786,1.3387,-5.6851,-4.7373,0.007557275661135447,0.0065275314024587925,-0.010098475052039192,0.06079740435476192,-0.004433597711060534,-0.0540261236326387
10296,0.142,-0.0915,9.7212,0.3231,0.4701,-0.5583,1.3386,-5.6575,-4.7085,0.005639158813193679,0.008204792813625343,-0.009744173213884343,0.0008041884832957061,-0.01918905171990838,-0.07735134731409943
10304,0.2803,-0.0541,9.7221,0.2979,0.49,-0.7041,1.3331,-5.6328,-4.6803,0.005199335841691108,0.008552113334772215,-0.012288863263292073,0.12208134738648674,0.022856053279904035,-0.07450273479814662
10312,0.2812,-0.0322,9.7493,0.2552,0.2558,-0.9023,1.3276,-5.6083,-4.6522,0.0044540802510895285,0.0044645522266014955,-0.015748105840744837,0.10700055919421776,0.039157703949641506,-0.0472579074111934
10320,0.2054,0.0132,9.7867,0.3957,0.5091,-1.1638,1.3221,-5.5838,-4.6242,0.006906267850141562,0.008885471221903132,-0.020312141834710005,0.023613443611169353,0.0649968171594785,-0.01138017343405373
10328,0.2894,-0.0127,9.8238,0.4074,0.1886,-1.1845,1.3215,-5.5634,-4.5987,0.007110471372624898,0.0032916909692613052,-0.020673424989872836,0.09399717041432087,0.037604373404026115,0.02754855154910807
10336,0.2789,-0.0389,9.845,0.3545,0.0662,-1.1003,1.3234,-5.5416,-4.5723,0.006187192198319898,0.001155407964820246,-0.019203857759693608,0.06908737017990642,0.00837818041005613,0.04878064337787258
10344,0.2061,0.003,9.8063,0.304,0.3598,-1.0892,1.3224,-5.5193,-4.5441,0.0053058009260627615,0.006279694648675598,-0.019010126212722238,-0.0028778361260369846,0.029906158814185176,0.008420017501503452
10352,0.2431,0.0214,9.7973,0.1544,0.3445,-0.7985,1.3223,-5.4946,-4.5199,0.002694788365079245,0.006012659273120465,-0.01393645407717472,0.025054794481405625,0.03707171596092059,0.00023677291264156963
10360,0.329,0.0061,9.7896,0.2033,0.2819,-0.6112,1.3222,-5.4701,-4.4958,0.0035482543693044722,0.004920083161372014,-0.010667452388189341,0.0969994896090505,0.022765095675192856,-0.005378046119673741
10368,0.3271,-0.0273,9.8059,0.2714,0.3288,-0.3148,1.3216,-5.4476,-4.4732,0.00473682358991261,0.005738642580557355,-0.00549429648527815,0.08148977201121764,-0.009325708803910652,0.01104922820249854
10376,0.379,-0.0148,9.7983,0.2591,0.4962,-0.1113,1.3181,-5.4241,-4.4468,0.004522148091917308,0.008660323748395862,-0.0019425514574696887,0.11780493880101318,0.005060479876836479,0.004929337733010186
10384,0.4365,-0.0148,9.7978,0.2501,0.435,-0.1221,1.3137,-5.3993,-4.4234,0.004365068459237818,0.007592182246175334,-0.0021310470166850766,0.16015444098804815,0.007264981185140273,0.006219144251273789
10392,0.3387,0.0016,9.7614,0.2842,0.3845,-0.2044,1.3092,-5.3746,-4.4,0.004960225734167885,0.006710790973918197,-0.0035674529910764098,0.048186804196915366,0.013397453069373153,-0.032853602502287416
10400,0.431,-0.0068,9.7994,0.3754,0.5175,-0.4324,1.3082,-5.3504,-4.3773,0.006551966011986713,0.009032078879070655,-0.007546803685623481,0.1247412220530008,0.008573192147153819,0.008079002939215485
10408,0.4189,-0.0394,9.7852,0.3719,0.7113,-0.4158,1.3101,-5.3259,-4.3541,0.006490879488166912,0.012414526969435668,-0.0072570790297924225,0.10064210186862566,-0.021839740669162097,-0.006299841068292622
10416,0.3787,-0.0198,9.7814,0.3447,0.982,-0.5652,1.3032,-5.3014,-4.3286,0.006016149931624454,0.017139133254584316,-0.009864600932271952,0.045303381697564024,-0.0037761743700351976,-0.011357344651207413
10424,0.3802,0.0085,9.7693,0.2972,0.9849,-0.5828,1.2963,-5.277,-4.3032,0.005187118536927148,0.01718974780289215,-0.010171778880622952,0.03321718106201473,0.016796976339838454,-0.023371682401538862
10432,0.3602,0.0199,9.7925,0.2279,1.0836,-0.5543,1.2895,-5.2527,-4.2778,0.003977605365295077,0.018912387774610552,-0.00967436004380457,0.007025288985290726,0.012398906266549922,-0.0008677316591914064
10440,0.4113,0.0353,9.8094,0.1802,1.0714,-0.6763,1.2925,-5.2285,-4.2526,0.0031450833120937817,0.018699457605867244,-0.01180366173123765,0.04421677387163566,0.022927981500094712,0.017956066543213467
10448,0.4739,-0.0178,9.8497,0.0333,0.9717,-0.8357,1.2954,-5.2043,-4.2274,0.0005811946409141118,0.0169593643416289,-0.014585716558916611,0.09419936755829163,-0.022962327199722406,0.0606332124606066
10456,0.4477,-0.0275,9.8302,0.0902,1.0257,-1.0601,1.2983,-5.1802,-4.1988,0.0015742869852988853,0.017901842137705837,-0.01850223540039189,0.05664685581937373,-0.02722837773217248,0.04022730068629343
10464,0.4462,0.0197,9.8358,0.2112,1.032,-1.3307,1.3013,-5.1562,-4.1704,0.003686135380212024,0.018011797880581482,-0.023225096356288544,0.039004893166685345,0.01393379542008592,0.04584829446677219
10472,0.3944,0.0442,9.8549,0.311,1.046,-1.7041,1.3042,-5.1323,-4.1421,0.005427973973702365,0.018256143975860686,-0.029742155783235368,-0.007261103025702643,0.020452100587976352,0.06286408696603552
10480,0.3684,0.039,9.8377,0.3663,1.0327,-1.9305,1.3042,-5.109,-4.1212,0.00639314105005523,0.01802401518534544,-0.03369358120975054,-0.016302263829645874,0.007138931255199611,0.044656627930431014
10488,0.375,0.0335,9.8607,0.4433,1.284,-2.4324,1.2997,-5.0862,-4.0965,0.007737044574090864,0.02241002759560719,-0.04245338872551007,0.007030374289199888,-0.0015966882054963007,0.06788223300339702
10496,0.4042,0.0056,9.8848,0.3036,1.287,-2.835,1.2997,-5.063,-4.0689,0.005298819609054784,0.02246238747316702,-0.049480084294039245,0.02602359695398072,-0.01889131618087439,0.09300995302109882
10504,0.2908,0.0729,9.8533,0.2126,1.2899,-3.0599,1.2987,-5.0409,-4.0438,0.003710569989739945,0.022513002021474857,-0.05340532978177449,-0.07351629255004237,0.035235504255939125,0.057522698628165614
10512,0.3781,0.0445,9.8444,0.2643,0.9993,-3.1631,1.2977,-5.0189,-4.0189,0.004612905213021013,0.017441075215179333,-0.05520650956983264,0.004292910964970477,0.0017122569363681606,0.05175770403899094
10520,0.4443,-0.0012,9.8504,0.1591,0.7721,-2.8964,1.2997,-4.9978,-3.9954,0.0027768188399229783,0.013475687154648218,-0.05055171645476376,0.05988706629272843,-0.033084768697593636,0.06017763670467957
10528,0.4532,-0.0362,9.8646,0.1091,1.0588,-2.9107,1.2987,-4.9701,-3.9741,0.0019041542139258136,0.018479546120115962,-0.050801298537798946,0.060180109158163214,-0.05692875115449824,0.07472386002533682
10536,0.5237,-0.0283,9.8537,0.0506,1.181,-2.7777,1.2987,-4.9458,-3.942,0.0008831366015091308,0.020612338466053034,-0.04848001063264649,0.11726742852191034,-0.040286011403261414,0.06686838148219465
10544,0.5369,-0.0643,9.8406,0.0187,0.9058,-2.6478,1.2982,-4.926,-3.9204,0.00032637657012293966,0.01580919236456464,-0.04621282793430586,0.12040409131412165,-0.06786583144436376,0.05447621863877572
10552,0.4805,-0.0578,9.7486,-0.0678,0.9974,-2.6303,1.2977,-4.9063,-3.8988,-0.0011833332328521555,0.017407913959391442,-0.04590739531520685,0.05770765781606672,-0.05330497571584322,-0.039710482993177365
10560,0.44,-0.0542,9.7433,-0.0412,0.8609,-2.4349,1.2957,-4.8857,-3.8774,-0.0007190756518216638,0.015025539530419183,-0.042497021956809926,0.01355001811915299,-0.03703239914440513,-0.04669914703629274
10568,0.4512,-0.0769,9.7662,-0.1224,0.7571,-2.3014,1.2938,-4.8612,-3.8594,-0.002136283004441059,0.01321388776684907,-0.040167007405397505,0.019828501030093044,-0.04464934177842238,-0.023202428360010074
10576,0.4244,-0.0787,9.7619,-0.1254,0.7591,-2.1337,1.2918,-4.8368,-3.8415,-0.0021886428820008896,0.013248794351888955,-0.037240090249803015,-0.0034702161086172215,-0.03224319589535772,-0.028615809726924013
10584,0.4038,-0.0676,9.7877,-0.1016,0.7744,-1.848,1.2869,-4.8184,-3.8198,-0.0017732545200262388,0.013515829727444088,-0.032253684576855214,-0.012813696059787718,-0.01183786413512877,-0.003756272725450316
10592,0.3168,-0.043,9.7868,-0.0655,0.717,-1.6708,1.2821,-4.8,-3.7982,-0.001143190660056286,0.012514010736799343,-0.029160961142321258,-0.08426174021630345,0.007086486003635924,-0.008344612842432042
10600,0.2982,-0.0203,9.792,0.0463,0.7955,-1.3521,1.2772,-4.7817,-3.7767,0.0008080874436733746,0.013884094199614892,-0.02359859681621533,-0.08799836602794125,0.0245916432233662,-0.0038655139560308527
10608,0.2609,-0.007,9.787,0.076,0.8865,-1.1539,1.2773,-4.7605,-3.7553,0.0013264502315156904,0.01547234381892973,-0.020139354238762567,-0.10942963308250282,0.03158841359760349,-0.010183140756421238
10616,0.1898,-0.01,9.7762,0.0856,0.9282,-1.0204,1.2773,-4.7394,-3.734,0.001494001839707146,0.016200146117011368,-0.01780933968735014,-0.16307857854418353,0.02276439005960016,-0.02333913650651276
10624,0.2029,-0.0182,9.7719,0.0789,0.8135,-0.9594,1.2774,-4.7183,-3.7128,0.001377064779823526,0.014198253464973871,-0.016744688843633598,-0.13278097635072292,0.013555870228790885,-0.026888176701255873
10632,0.1742,-0.0115,9.763,0.0457,0.7837,-1.0957,1.2706,-4.6983,-3.6872,0.0007976154681614085,0.01367814534787956,-0.01912357261410187,-0.14487960497625407,0.016954444236781892,-0.03652882746701991
10640,0.1938,-0.0273,9.7882,0.0247,0.7739,-0.8661,1.2697,-4.674,-3.6589,0.0004310963252425994,0.013507103081184116,-0.015116296651522887,-0.10864721311230101,0.0019189554207505643,-0.010446635791138803
10648,0.1741,-0.0435,9.7832,0.0046,0.7139,-0.7559,1.2678,-4.6502,-3.637,8.028514559173915e-05,0.012459905529987518,-0.013192943815825137,-0.11085053250353841,-0.013365330343066171,-0.015791354054815798
10656,0.1623,-0.0521,9.7868,0.1347,0.5498,-0.6398,1.2655,-4.6309,-3.6147,0.002350958502436362,0.009595820227464823,-0.01116661655425972,-0.10616218783611023,-0.019857241143263378,-0.012311548693020313
10664,0.2099,-0.0773,9.7829,0.1818,0.5156,-0.5954,1.2631,-4.6117,-3.5925,0.003173008580125691,0.008998917623282763,-0.010391690366374239,-0.044025888793407464,-0.033564244521869825,-0.014699755622947563
10672,0.2416,-0.0955,9.7856,0.1202,0.6189,-0.4863,1.2598,-4.5853,-3.5719,0.002097885760897184,0.010801842740592905,-0.008487536152448424,-0.007188758765108709,-0.03504598440200089,-0.011017505852576548
10680,0.3117,-0.1302,9.7932,0.0639,0.5603,-0.2567,1.2624,-4.5647,-3.5557,0.0011152653920243766,0.009779079798924228,-0.004480260189869444,0.05415858212992245,-0.055027302409805655,-0.0012799808357026876
10688,0.3974,-0.1228,9.8023,0.0368,0.5683,-0.0504,1.2644,-4.5413,-3.5318,0.0006422811647339132,0.009918706139083775,-0.0008796459430051422,0.12491666806943418,-0.038701987571181116,0.010249225794240147
10696,0.4017,-0.1344,9.7936,0.0721,0.4532,0.3308,1.2616,-4.5195,-3.5095,0.0012583823906879117,0.007909832170038301,0.005773549165597242,0.11603012793174611,-0.04454328510170491,0.001968175584149634
10704,0.4434,-0.1499,9.7927,-0.062,0.4206,0.474,1.2587,-4.4977,-3.4872,-0.0010821041362364843,0.0073408548338881495,0.008272860654453122,0.1443079143509212,-0.05244319940373997,0.0026767669189204923
10712,0.4469,-0.1193,9.795,-0.1263,0.312,0.7923,1.2569,-4.4784,-3.4651,-0.0022043508452688383,0.005445427266222308,0.013828243663551074,0.1311448180648673,-0.019147585058486273,0.005019709652863469
10720,0.4274,-0.1244,9.788,-0.0358,0.3388,0.9847,1.2551,-4.4578,-3.4416,-0.00062482787221397,0.0059131755057567886,0.017186257144388165,0.09735150740001688,-0.021691077997426752,-0.0023909905966217337
10728,0.4643,-0.1072,9.8181,-0.128,0.3512,1.2807,1.2532,-4.4372,-3.4181,-0.002234021442552742,0.006129596333004085,0.02235243173029138,0.11707833685319137,-0.0018581125598506802,0.02895941340981345
10736,0.4231,-0.0875,9.8248,-0.144,0.3363,1.4837,1.2538,-4.4157,-3.3963,-0.0025132741228718345,0.0058695422744569304,0.025895450111839868,0.05982079134777647,0.012868005574618577,0.03410498150975805
10744,0.4058,-0.1106,9.8072,-0.2181,0.2634,1.5685,1.2544,-4.3942,-3.3745,-0.0038065630985996326,0.0045971972497530645,0.02737548931753106,0.02951157698505752,-0.006961211872951942,0.016168216180544093
10752,0.366,-0.1111,9.8004,-0.2009,0.2844,1.6976,1.255,-4.3729,-3.3528,-0.003506366467256608,0.004963716392671873,0.029628709381855738,0.0017938017842728728,0.001725380827629032,0.007860784867215642
10760,0.3163,-0.0996,9.8001,-0.2805,0.3151,1.8691,1.2551,-4.3521,-3.3317,-0.0048956485518440946,0.005499532473034132,0.03262194904902602,-0.032633914231396124,0.0077993979756842725,0.0056514346081648625
10768,0.2754,-0.087,9.804,-0.3939,0.4458,1.8304,1.2553,-4.3314,-3.3107,-0.006874851923605664,0.007780677805390721,0.031946506628504207,-0.05840723643673806,0.015220542968535184,0.008067449289056228
10776,0.2471,-0.0606,9.7989,-0.3264,0.4828,1.7801,1.2563,-4.3155,-3.2888,-0.005696754678509492,0.008426449628628624,0.03106860601475106,-0.07291186788236198,0.034127630753385436,0.0018718183998434057
10784,0.1874,-0.063,9.7719,-0.3578,0.3902,1.4839,1.2574,-4.2998,-3.2669,-0.0062447880636357115,0.006810274741281873,0.025898940770343857,-0.11569831625782855,0.02569293048196871,-0.026818780819709787
10792,0.1519,-0.063,9.7757,-0.3238,0.4642,1.2354,1.2551,-4.2768,-3.2428,-0.005651376117957639,0.008101818387757679,0.021561797579137947,-0.13519244482573084,0.021957232320366993,-0.023876331448601462
10800,0.1258,-0.0357,9.7792,-0.2913,0.5058,0.9338,1.2542,-4.2587,-3.2245,-0.005084144111059482,0.00882787535658732,0.01629788455512305,-0.14707963902152804,0.0439339385986032,-0.021130425308635736
10808,0.1277,-0.0282,9.7819,-0.3803,0.5561,0.5306,1.2519,-4.2359,-3.203,-0.0066374871453344355,0.009705775970340468,0.009260717011081911,-0.13016516082715704,0.046891553188951336,-0.018204236790344552
10816,0.092,-0.0306,9.7952,-0.332,0.4443,0.2758,1.2496,-4.2131,-3.1815,-0.005794493116621174,0.007754497866610806,0.0048136180770003605,-0.1502793401693893,0.039320548069626364,-0.0055519086363151615
10824,0.0953,-0.0236,9.7959,-0.3952,0.468,-0.0452,1.2497,-4.1929,-3.1626,-0.0068975412038815905,0.008168140899333463,-0.000788888821901437,-0.13181257054835308,0.042346063099481274,-0.004586373348729467
10832,0.1233,0.0041,9.8052,-0.4156,0.3547,-0.2375,1.245,-4.1712,-3.1422,-0.007253588371288434,0.006190682856823887,-0.004145156973486532,-0.09206921237112034,0.06330773580739057,0.005339470447735195
10840,0.124,-0.0005,9.8291,-0.3337,0.1743,-0.4881,1.2427,-4.1496,-3.1162,-0.005824163713905078,0.0030421088862261168,-0.008518952078984322,-0.07821305366413027,0.05084222735429655,0.02943949806672208
10848,0.1242,-0.0141,9.833,-0.3462,0.2019,-0.6957,1.2429,-4.1281,-3.096,-0.006042329870404369,0.0035238197597765512,-0.012142255606124551,-0.0629699952973875,0.030937421415676705,0.033544178252741474
10856,0.1345,-0.0215,9.8337,-0.2834,0.1642,-0.8489,1.243,-4.1066,-3.0759,-0.0049462631001519295,0.002865830631774689,-0.014816100020179863,-0.037824430217072665,0.017887342784649887,0.034554262672347846
10864,0.1214,-0.0067,9.8399,-0.202,0.2562,-1.0114,1.2422,-4.0877,-3.0559,-0.003525565089028546,0.004471533543609472,-0.01765226005467065,-0.03804993215199357,0.02401211480252801,0.040548281524049656
10872,0.0927,0.0203,9.8477,-0.2095,0.2108,-1.3161,1.2419,-4.0732,-3.038,-0.0036564647829281202,0.0036791540632040466,-0.022970278285497372,-0.055192471046031186,0.04055229078452148,0.04791906815099445
10880,0.1091,0.0147,9.8375,-0.1847,0.1594,-1.5489,1.2415,-4.0587,-3.0201,-0.0032236231284335265,0.002782054827678961,-0.02703340478414017,-0.026657359407044116,0.025289301063470705,0.0380473157248602
10888,0.0506,0.0515,9.8392,-0.2997,0.1769,-2.0061,1.2388,-4.0418,-2.9974,-0.005230751768227006,0.003087487446777969,-0.035013050124258246,-0.07371530892553518,0.050629668398574634,0.039058488489020604
10896,0.071,0.0748,9.843,-0.2896,0.2363,-2.3953,1.236,-4.025,-2.9748,-0.005054473513775579,0.004124213022462601,-0.04180587157302018,-0.04497058811584463,0.06259136465901617,0.04323854263801863
10904,0.0558,0.1027,9.835,-0.3279,0.1678,-2.7675,1.2333,-4.0083,-2.9523,-0.005722934617289407,0.002928662484846485,-0.04830198704894307,-0.0523226877398255,0.07716440679355455,0.0352526109232123
10912,0.0411,0.1093,9.8429,-0.2259,0.2143,-3.0914,1.2315,-3.9906,-2.9324,-0.00394269878025519,0.003740240587023848,-0.053955108496152704,-0.05716315132729353,0.07108417572294039,0.04316999366017882
10920,0.0105,0.1089,9.8254,-0.1417,0.2267,-3.3958,1.2298,-3.973,-2.9125,-0.0024731315500759648,0.003956661414271145,-0.05926789073922344,-0.07486035429440993,0.05969580968381093,0.02554257828345463
10928,-0.0159,0.149,9.7877,-0.2132,0.2066,-3.7296,1.227,-3.9516,-2.8936,-0.0037210419652519105,0.003605850234620285,-0.06509379978238052,-0.09123954412591796,0.08812185148702145,-0.011974919071867873
10936,0.0277,0.1416,9.7959,-0.1163,0.0381,-4.1341,1.2243,-3.9303,-2.8748,-0.0020298179200694054,0.0006649704450098396,-0.07215365660669758,-0.039481364707027976,0.06933594679286308,-0.003362392722532803
10944,0.0148,0.1195,9.7811,-0.1622,0.0476,-4.5609,1.2173,-3.9134,-2.8547,-0.0028309240467348025,0.0008307767239493009,-0.07960272185420939,-0.03953199428037542,0.03641980198524081,-0.01830652088036544
10952,0.0258,0.0789,9.7813,-0.1181,0.182,-4.7718,1.2146,-3.8897,-2.8327,-0.002061233846605303,0.0031764992386296795,-0.08328362124666541,-0.010826527984583563,-0.0013574246853538354,-0.018353845916832867
10960,0.0104,0.0431,9.7669,-0.1826,0.0812,-5.2,1.2158,-3.8715,-2.8161,-0.003186971214141646,0.0014172073526193955,-0.09075712110370514,-0.01584849292759023,-0.024365396953197338,-0.03304261641819117
10968,0.0155,0.0157,9.7671,-0.2897,0.0781,-5.3216,1.215,-3.8533,-2.8005,-0.005056218843027573,0.0013631021458075715,-0.09287944147413024,-0.0065585967176920255,-0.03574992117212562,-0.03294271144346794
10976,-0.04,0.0324,9.7773,-0.2613,0.0618,-5.6271,1.2143,-3.8352,-2.785,-0.004560545335461182,0.0010786134777324957,-0.09821142233897293,-0.04789312833519788,-0.01614158108816412,-0.02269511840720817
10984,0.0072,0.0329,9.7943,-0.2743,0.0596,-5.7327,1.2145,-3.8201,-2.7637,-0.004787438138220446,0.0010402162341886204,-0.10005449002907893,0.00021177882012826286,0.002384244193326926,-0.005642389082920474
10992,-0.0042,0.0457,9.7883,-0.3533,0.1508,-6.0282,1.2152,-3.7977,-2.7455,-0.006166248247295967,0.002631956512007449,-0.10521193796872218,-0.0017426245898038303,0.002948747623873665,-0.011593015809621576
11000,-0.031,0.0304,9.8129,-0.2235,0.0274,-6.0256,1.2121,-3.7798,-2.7258,-0.0039008108782073265,0.0004782202150464463,-0.10516655940817032,-0.013692597098676667,-0.006375437091007024,0.01298443067075361
11008,-0.0461,-0.0017,9.8105,-0.3154,0.0827,-6.0337,1.208,-3.7629,-2.7092,-0.005504768460790115,0.0014433872913993105,-0.10530793107758185,-0.01832335301385655,-0.02575458853383998,0.010557543070820685
11016,-0.0493,-0.0002,9.7902,-0.31,0.1249,-5.9161,1.2039,-3.746,-2.6926,-0.0054105206811824215,0.0021799162357409177,-0.10325542387723653,-0.01107610144169228,-0.012168244088636038,-0.00968969726635116
11024,-0.0654,0.0043,9.8128,-0.2595,0.2852,-5.8783,1.2012,-3.7205,-2.6761,-0.004529129408925285,0.004977679026687828,-0.10259568941998268,-0.01186372285901399,-0.0033284186354606434,0.013011141525790748
11032,-0.1369,0.0252,9.8127,-0.3685,0.3959,-5.9835,1.1986,-3.6951,-2.6596,-0.006431538293599104,0.00690975850864555,-0.10443177579308072,-0.06812738204184263,0.012669335764109528,0.013442621615892492
11040,-0.1446,0.0351,9.8295,-0.3154,0.2484,-6.0842,1.1936,-3.6732,-2.6432,-0.005504768460790115,0.004335397861953915,-0.106189322349839,-0.06064120284697566,0.018401432723302656,0.03042193661040038
11048,-0.194,0.0463,9.8324,-0.3979,0.2354,-6.4337,1.1886,-3.6513,-2.6269,-0.006944665093685437,0.004108505059194652,-0.11228924808555918,-0.09480636481518004,0.02462566666624961,0.03393485740737212
11056,-0.2724,0.0632,9.8437,-0.3115,0.2149,-6.568,1.1835,-3.6295,-2.6106,-0.005436700619962337,0.003750712562535814,-0.11463322527098756,-0.15795104369698107,0.03588195761827664,0.04633889539216085
11064,-0.2969,0.0745,9.8516,-0.3089,0.438,-6.8003,1.1819,-3.6054,-2.5886,-0.005391322059410484,0.0076445421237351634,-0.11868762512337039,-0.16681606488524287,0.04313546765400637,0.05484825615932287
11072,-0.3464,0.0446,9.842,-0.2264,0.526,-6.8919,1.1803,-3.5814,-2.5667,-0.003951425426515162,0.009180431865490174,-0.1202863467181972,-0.1988979123186225,0.011367451589739239,0.04617979327615451
11080,-0.3725,0.0786,9.8091,-0.2889,0.4581,-6.8861,1.1773,-3.5618,-2.5488,-0.005042256209011618,0.007995353303386023,-0.12018511762158153,-0.21054845230181896,0.0422768036895003,0.014135674683894095
11088,-0.3847,0.051,9.8016,-0.3833,0.4759,-6.9126,1.1743,-3.5422,-2.5309,-0.006689847022894265,0.008306021910241015,-0.12064762987336003,-0.20563176080973836,0.01420948739805504,0.007113302058570525
11096,-0.3784,0.0848,9.7994,-0.4175,0.5116,-7.0339,1.1722,-3.5227,-2.5145,-0.007286749627076325,0.008929104453202991,-0.12276471425602915,-0.18445522852800048,0.045491947789969796,0.005229457353609135
11104,-0.3468,0.0453,9.7924,-0.325,0.5617,-7.0059,1.1668,-3.5047,-2.4919,-0.005672320068981571,0.009803514408452148,-0.12227602206547072,-0.13535153016822407,0.007088139378232404,-0.002293645369785935
11112,-0.3533,0.0336,9.7898,-0.1058,0.5456,-7.0325,1.1647,-3.4854,-2.4733,-0.0018465583486100008,0.009522516398881062,-0.12274027964650122,-0.125130006019797,-0.0037575530072822016,-0.004569317667096229
11120,-0.2808,0.0044,9.7582,-0.1228,0.6662,-7.0152,1.1598,-3.4671,-2.4552,-0.002143264321449037,0.011627383476786223,-0.12243833768590622,-0.03819094187581939,-0.022405446913673084,-0.03786013786386988
11128,-0.2835,-0.0152,9.7825,-0.1658,0.7922,-6.7774,1.1549,-3.4488,-2.4372,-0.0028937558998065986,0.01382649833429908,-0.1182879447246637,-0.027934079571235303,-0.030214414370626674,-0.013467605103290481
11136,-0.1717,-0.0069,9.8085,-0.0896,0.7048,-6.4806,1.151,-3.433,-2.4168,-0.0015638150097869192,0.012301080568056035,-0.11310780750474451,0.06988446565097026,-0.015162175115744978,0.009744493100033225
11144,-0.1119,-0.03,9.8166,-0.2087,0.7011,-6.4715,1.1447,-3.4158,-2.3999,-0.0036425021489121657,0.012236503385732244,-0.11294898254281303,0.1162604910183636,-0.03202309457958299,0.016542934742439286
11152,-0.0555,-0.0126,9.8303,-0.1759,0.9056,-6.2228,1.1408,-3.39,-2.3806,-0.0030700341542580258,0.01580570170606065,-0.10860834869310315,0.15805455385048378,-0.011676236866772117,0.02918712424886749
11160,0.0146,-0.0256,9.8081,-0.0832,0.6131,-5.9663,1.1378,-3.3677,-2.3648,-0.0014521139376592821,0.010700613643977234,-0.1041315791617377,0.21316343464656867,-0.021267703725902427,0.005804564894605235
11168,0.0512,-0.061,9.8076,0.0081,0.6721,-5.641,1.1349,-3.3454,-2.3491,0.00014137166941154068,0.01173035790265389,-0.09845402310500014,0.23613532162221,-0.052412394597446496,0.004940247180241997
11176,0.1458,-0.0899,9.8198,-0.03,0.6566,-5.3352,1.1258,-3.3242,-2.3344,-0.0005235987755982988,0.011459831868594767,-0.09311680625240147,0.31714373454824246,-0.07554067878625309,0.015881272075640496
11184,0.2168,-0.0663,9.8264,0.027,0.663,-5.0935,1.1166,-3.3031,-2.3197,0.00047123889803846896,0.011571532940722405,-0.08889834545033116,0.3729966224641337,-0.04851909233646465,0.021815224657261822
11192,0.2046,-0.0742,9.8273,-0.1079,0.3865,-4.8891,1.1148,-3.2845,-2.3042,-0.0018832102629018814,0.006745697558958084,-0.08533089245925476,0.3459394795743835,-0.05421480223479518,0.0234708083085593
11200,0.2108,-0.0572,9.8086,-0.0929,0.1754,-4.7309,1.1129,-3.2659,-2.2887,-0.001621410875102732,0.003061307507998054,-0.08256978158259974,0.336125323063391,-0.035476211643142276,0.005207985841146012
11208,0.2519,-0.0213,9.8349,0.0335,0.2029,-4.393,1.111,-3.2474,-2.2732,0.0005846852994181004,0.0035412730522964946,-0.07667231404011089,0.3613721361688141,0.0010391978493723875,0.03150926405852417
11216,0.2887,-0.0243,9.8118,0.213,0.1945,-4.2458,1.1048,-3.2271,-2.2569,0.0037175513067479217,0.003394665395128971,-0.07410318938117524,0.38253436740984786,-0.0016924800078161727,0.00861978125677787
11224,0.2865,-0.0289,9.8227,0.182,0.1678,-4.0918,1.0987,-3.2068,-2.2406,0.0031764992386296795,0.002928662484846485,-0.07141538233310397,0.3650384500517047,-0.0064579436171554585,0.02013533384077526
11232,0.335,-0.013,9.8276,0.1097,0.0596,-3.9018,1.0988,-3.1856,-2.221,0.0019146261894377797,0.0010402162341886204,-0.06809925675431475,0.3976460328671544,0.009608955742862222,0.02526849813858867
11240,0.3726,-0.0204,9.8234,0.0139,0.0602,-3.8374,1.0989,-3.1645,-2.2015,0.00024260076602721178,0.0010506882097005862,-0.06697526471603041,0.4197065806407899,0.0025488961103351687,0.02152098044368067
11248,0.3842,-0.0413,9.8228,0.0743,0.13,-3.7119,1.0894,-3.1445,-2.1893,0.001296779634231787,0.0022689280275926286,-0.06478487650477752,0.4161225336369903,-0.0177849995793131,0.021570185097161243
11256,0.4225,-0.0597,9.8118,0.0627,-0.0058,-3.5945,1.0827,-3.124,-2.1704,0.0010943214410004448,-0.0001012290966156711,-0.06273585996293618,0.4390060465669299,-0.034637658185721426,0.011195824348481764
11264,0.4299,-0.0536,9.8018,0.0249,0.0002,-3.4476,1.0762,-3.1037,-2.1515,0.00043458698374658803,3.490658503988659e-06,-0.060171971291756506,0.43062031066571443,-0.027678606948617807,0.0018758537720486856
11272,0.462,0.0033,9.8155,0.0475,-0.2126,-3.3631,1.0677,-3.0829,-2.1313,0.0008290313946973066,-0.003710569989739945,-0.0586971680738213,0.44587239181806987,0.02844949118553435,0.016205151516837546
11280,0.4902,-0.013,9.8148,0.0824,-0.1708,-3.3357,1.0592,-3.0622,-2.1112,0.0014381513036433276,-0.002981022362406315,-0.05821894785877485,0.4583827986980499,0.01181898619838255,0.016338910277241325
11288,0.4761,-0.0309,9.8232,0.0704,-0.1682,-3.2774,1.0599,-3.0396,-2.0983,0.001228711793404008,-0.002935643801854462,-0.05720142090486216,0.42856175739922253,-0.006363085315059811,0.025435287621620617
11296,0.4911,-0.0308,9.813,0.059,-0.1337,-3.4324,1.0525,-3.0186,-2.0812,0.0010297442586766543,-0.002333505209916419,-0.05990668124545336,0.42771288834361854,-0.0061690145410443235,0.01601347179211743
11304,0.4774,0.0022,9.8011,0.0347,-0.1327,-3.4232,1.0484,-2.9986,-2.0641,0.0006056292504420323,-0.0023160519173964756,-0.05974611095426989,0.39780980356516155,0.025336702110212706,0.004620452710733858
11312,0.4494,0.0138,9.7994,0.0409,-0.0971,-3.4678,1.0424,-2.9844,-2.0461,0.0007138396640656808,-0.001694714703686494,-0.06052452780065936,0.35394389800827547,0.034747293517904884,0.0032600446308617137
11320,0.4383,0.0211,9.8011,0.0121,-0.0417,-3.5425,1.0364,-2.9703,-2.0283,0.00021118483949131387,-0.0007278022980816355,-0.06182828875189912,0.327121573495249,0.03977396594453668,0.005382339194481389
11328,0.4068,0.009,9.8026,0.1418,-0.0874,-3.6458,1.0305,-2.95,-2.0085,0.0024748768793279594,-0.001525417766243044,-0.06363121386920927,0.2800243332370531,0.025450984565064595,0.007011401042612775
11336,0.3742,0.0086,9.8135,0.2099,-0.0324,-3.6273,1.0246,-2.9298,-1.9888,0.003663446099936098,-0.0005654866776461627,-0.06330832795759031,0.23163032006522583,0.022647944038414074,0.017877383398984037
11344,0.3711,-0.0369,9.8061,0.1871,-0.0145,-3.543,1.0182,-2.9101,-1.9706,0.0032655110304813904,-0.0002530727415391778,-0.0618370153981591,0.21349949008232988,-0.02176764001325341,0.010841868442422964
11352,0.325,-0.049,9.7989,0.2185,-0.0801,-3.4197,1.0118,-2.8905,-1.9525,0.0038135444156076103,-0.0013980087308474581,-0.05968502443045009,0.15216444420982914,-0.03167271555270963,0.0031785677405569146
11360,0.3189,-0.0412,9.8043,0.2593,-0.0707,-3.1498,1.0054,-2.871,-1.9345,0.004525638750421296,-0.001233947781159991,-0.05497438077931739,0.13029811849372838,-0.021881553974891235,0.008681702344746967
11368,0.2691,-0.0355,9.8005,0.2209,0.0768,-2.9103,0.9967,-2.854,-1.919,0.003855432317655474,0.001340412865531645,-0.05079431722079097,0.06526640943864886,-0.013905013891331579,0.0040309187796641055
11376,0.2533,-0.0303,9.8002,0.2269,0.074,-2.7133,0.988,-2.837,-1.9035,0.003960152072775134,0.0012915436464758037,-0.04735601859436214,0.03408725913825694,-0.006492425755189006,0.003458314654693595
11384,0.2498,-0.0266,9.8146,0.2007,0.1219,-2.4876,0.9841,-2.8143,-1.8856,0.003502875808752619,0.0021275563581810877,-0.043416810472610944,0.014757541878133901,-0.0017059524363730514,0.01780321990026401
11392,0.2099,-0.035,9.8039,0.1515,-0.0296,-2.1678,0.9803,-2.7917,-1.8678,0.0026441738167714093,-0.0005166174585903216,-0.03783524752473308,-0.010399563890211589,-0.00464709701952332,0.006202551118358102
11400,0.2274,-0.0413,9.8165,0.2219,0.0068,-1.9446,0.9731,-2.7701,-1.8501,0.003872885610175417,0.0001186823891356144,-0.033939672634281735,-0.0015791777808127113,0.00211578895393053,0.019220016357440528
11408,0.2274,-0.0834,9.8175,0.1958,-0.0223,-1.6672,0.9717,-2.7534,-1.8291,0.0034173546754048974,-0.0003892084231947355,-0.02909812928924946,-0.0008118915469980987,-0.024596539629227945,0.020456553596190474
11416,0.1868,-0.0883,9.7887,0.2776,0.0965,-1.4259,0.9707,-2.7349,-1.8086,0.004845034003536259,0.0016842427281745281,-0.024886649804187144,-0.02796322071942097,-0.021112823285074304,-0.00918230549767074
11424,0.1951,-0.0881,9.7955,0.3051,0.0741,-1.2059,0.9635,-2.7135,-1.7911,0.005324999547834699,0.0012932889757277981,-0.02104692544979962,-0.008914269318583797,-0.00990352356765335,-0.002170223665679316
11432,0.1799,-0.0944,9.7843,0.2141,0.0606,-0.9448,0.9564,-2.6922,-1.7737,0.0037367499285198597,0.0010576695267085637,-0.016489870772842426,-0.010861177408140384,-0.00784538963231085,-0.013600133619778632
11440,0.1703,-0.0891,9.7792,0.2363,0.1785,-0.7671,0.9502,-2.6758,-1.7587,0.004124213022462601,0.003115412714809878,-0.013388420692048502,-0.004647163822232458,-0.0009775117993451458,-0.018912586611902427
11448,0.1301,-0.0706,9.7919,0.2657,0.2138,-0.5705,0.9441,-2.657,-1.7428,0.004637339822548933,0.003731513940763876,-0.00995710338262765,-0.030287372370157693,0.011353509021178263,-0.007034680296891693
11456,0.0705,-0.048,9.8007,0.2857,0.269,-0.3292,0.937,-2.6374,-1.7328,0.0049864056729478,0.004694935687864747,-0.005745623897565333,-0.07512541844670294,0.02772287702327759,0.0007439693929747193
11464,0.0813,-0.018,9.8223,0.2568,0.327,-0.1997,0.9323,-2.6212,-1.7204,0.0044820055191214375,0.005707226654021458,-0.0034854225162326757,-0.05269807264558669,0.04714457399032755,0.02239844856044826
11472,0.0578,0.0178,9.8304,0.2533,0.4332,-0.164,0.9277,-2.605,-1.708,0.004420918995301637,0.007560766319639435,-0.0028623399732707008,-0.06529108078844267,0.07093308156849061,0.030113296026076597
11480,0.0602,0.0093,9.8223,0.2925,0.4761,-0.0791,0.9206,-2.5865,-1.6947,0.005105088062083414,0.008309512568745004,-0.0013805554383275148,-0.05093402897760485,0.050928012489235445,0.022224792898805745
11488,0.0333,-0.0044,9.8204,0.3087,0.4771,-0.0459,0.9136,-2.5681,-1.6815,0.005387831400906495,0.008326965861264947,-0.0008011061266653974,-0.06287263613521299,0.029850630333555405,0.02021081145888992
11496,0.0485,-0.0305,9.8288,0.3615,0.454,0.0258,0.91,-2.5497,-1.6659,0.006309365245959501,0.007923794804054257,0.000450294947014537,-0.03127073566529671,0.0021169096091927762,0.02891701052484308
11504,-0.0175,-0.0299,9.8217,0.3853,0.5307,0.1717,0.9064,-2.5315,-1.6504,0.006724753607934151,0.009262462340333906,0.0029967303256742636,-0.08077283196875774,0.0013371360448242377,0.0214288732181398
11512,0.0195,-0.0389,9.8349,0.4588,0.4999,0.4472,0.9028,-2.5132,-1.6349,0.008007570608149984,0.008724900930719653,0.0078051124149186414,-0.02758469836433094,-0.005371358573376084,0.03495611087935657
11520,-0.005,-0.0166,9.8118,0.5104,0.5132,0.6174,0.9035,-2.497,-1.62,0.008908160502179057,0.008957029721234898,0.01077566280181299,-0.03647328625445421,0.011196347030672323,0.011741137086881182
11528,-0.0148,-0.0265,9.8237,0.5624,0.4993,0.8441,0.9042,-2.4808,-1.6051,0.009815731713216109,0.008714428955207687,0.014732324216084135,-0.029834134352328887,6.369272933737016e-05,0.023701588524087214
11536,-0.0028,-0.0135,9.8171,0.6041,0.4539,0.9355,0.9006,-2.4651,-1.5922,0.010543534011297744,0.007922049474802262,0.016327555152406952,-0.004622850030668683,0.0030276916938837043,0.0171081262427073
11544,0.0104,-0.0218,9.8135,0.5533,0.3892,1.039,0.8942,-2.4495,-1.5793,0.009656906751284626,0.0067928214487619305,0.018133970928221083,-0.004285255178986697,0.002138979614852823,0.013528555588667501
11552,-0.0164,-0.0098,9.8161,0.4914,0.2767,1.0339,0.8877,-2.4249,-1.5694,0.008576547944300135,0.00482932604026831,0.018044959136369373,-0.016457601401513363,0.006856934547428477,0.016102400637674208
11560,-0.0087,-0.018,9.8189,0.4376,0.4277,1.0477,0.889,-2.4085,-1.5552,0.007637560806727186,0.007464773210779748,0.018285814573144592,0.007442546738187188,0.00041094105940138,0.01891752382234202
11568,-0.0186,-0.0337,9.8438,0.3701,0.3642,1.213,0.8912,-2.3908,-1.5401,0.006459463561631014,0.006356489135763348,0.021170843826691217,0.0005471033761110402,-0.00025300032941893866,0.04387523928806836
11576,-0.0276,-0.005,9.8444,0.3402,0.3061,1.3256,0.8867,-2.3755,-1.5236,0.005937610115284709,0.005342452840354643,0.023136084564436832,-0.0036495026262429488,0.012845594716825602,0.04443090238470582
11584,-0.064,0.0036,9.855,0.397,0.3385,1.2627,0.8822,-2.3603,-1.5071,0.006928957130417489,0.0059079395180008055,0.0220382724649324,-0.025679886442852778,0.013247933368490013,0.05516610695597279
11592,-0.071,0.011,9.8327,0.2913,0.3348,1.0932,0.8811,-2.3427,-1.4908,0.005084144111059482,0.005843362335677015,0.01907993938280201,-0.01903604586264914,0.011807869135640933,0.03293697189117495
11600,-0.0558,0.0076,9.8298,0.2649,0.2247,1.0457,0.8756,-2.3272,-1.4812,0.00462337718853298,0.003921754829231259,0.018250907988104706,0.002913821719914142,-0.006182515212861243,0.02995893817205264
11608,-0.09,0.0141,9.8236,0.2316,0.202,1.051,0.8721,-2.305,-1.4663,0.004042182547618867,0.003525565089028546,0.0183434104384604,-0.01538436033098122,-0.000316433583936686,0.024010331393540696
11616,-0.1496,0.0392,9.8366,0.1678,0.3137,1.0481,0.8744,-2.2891,-1.4477,0.002928662484846485,0.005475097863506212,0.018292795890152567,-0.05970173557059366,0.01914738794418506,0.03761584126483264
11624,-0.1447,0.0299,9.8398,0.1681,0.3111,0.896,0.8766,-2.2733,-1.4291,0.002933898472602468,0.005429719302954359,0.015638150097869192,-0.03876937491841109,0.00684184631681302,0.040830567828480824
11632,-0.2137,0.0448,9.8244,0.1231,0.2766,0.7479,0.8746,-2.2599,-1.4169,0.00214850030920502,0.004827580711016316,0.01305331747566559,-0.09226281874866513,0.017928791810474107,0.02637655602006639
11640,-0.231,0.0487,9.7954,0.2107,0.4437,0.6089,0.8725,-2.2466,-1.4046,0.0036774087339520524,0.0077440258910988395,0.010627309815393473,-0.09397520615284065,0.01839762699584596,-0.0022235156159311487
11648,-0.2016,0.0463,9.8312,0.0998,0.4194,0.5906,0.8729,-2.2296,-1.3862,0.001741838593490341,0.007319910882864218,0.01030791456227851,-0.04822949025489172,0.012175944746848034,0.03324998932902545
11656,-0.2004,0.0496,9.818,0.0737,0.4229,0.4931,0.8732,-2.2126,-1.3679,0.0012863076587198209,0.00738099740668402,0.008606218541584039,-0.03176631537492587,0.010518306289410664,0.020113267495457166
11664,-0.2277,0.0357,9.8247,0.0035,0.4502,0.3813,0.8735,-2.1956,-1.3496,6.108652381980153e-05,0.007857472292478471,0.0066549404378543784,-0.042506843705906024,-0.0027018758410986003,0.027310809072087494
11672,-0.184,0.0327,9.8131,-0.0504,0.543,0.157,0.8681,-2.1745,-1.3367,-0.0008796459430051422,0.00947713783832921,0.0027401669256310974,-0.0011919346592467637,0.010265130105608195,0.014873922083546987
11680,-0.1927,-0.0205,9.7943,-0.1658,0.5571,0.0065,0.8627,-2.1534,-1.3238,-0.0028937558998065986,0.00972322926286041,0.00011344640137963142,-0.005506829502439872,-0.027457410915391153,-0.003823103097074565
11688,-0.1838,-0.0018,9.775,-0.1643,0.3839,-0.0814,0.8636,-2.1386,-1.31,-0.0028675759610266834,0.006700318998406231,-0.0014206980111233843,-0.0015121023196937977,0.006431278632961578,-0.0232742171930731
11696,-0.1898,0.0152,9.7986,-0.0774,0.4076,-0.1015,0.863,-2.1253,-1.2962,-0.001350884841043611,0.007113962031128887,-0.0017715091907742446,-0.002046268160235506,0.008531364522712023,0.0004459117228936549
11704,-0.137,0.0119,9.7908,0.1149,0.3663,-0.182,0.8624,-2.1121,-1.2825,0.002005383310541485,0.00639314105005523,-0.0031764992386296795,0.035563546206281556,0.003830885891821613,-0.008299646716380948
11712,-0.1907,0.0066,9.7974,0.0242,0.5614,-0.2803,0.8556,-2.0947,-1.2669,0.00042236967898262774,0.009798278420696166,-0.004892157893340105,-0.0016102366194875354,-0.0002823417307310063,-0.000742163948272534
11720,-0.1843,0.0214,9.786,-0.0092,0.6333,-0.305,0.8521,-2.0773,-1.2514,-0.0001605702911834783,0.011053170152880088,-0.005323254218582705,0.0007444497792386703,-0.00037094671692462365,-0.012241331224341678
11728,-0.1524,0.0234,9.8108,-0.0491,0.9714,-0.374,0.853,-2.0604,-1.2412,-0.0008569566627292158,0.01695412835387292,-0.0065275314024587925,0.018748764791724975,0.001080162119687184,0.011993542449392436
11736,-0.1364,0.0221,9.8246,0.078,1.0041,-0.2213,0.8477,-2.0422,-1.2277,0.001361356816555577,0.01752485101927506,-0.0038624136346634514,0.020660698849936522,-0.00014260653068993282,0.025549941106930874
11744,-0.1638,0.0336,9.8316,0.0929,1.022,-0.2832,0.8424,-2.024,-1.2143,0.001621410875102732,0.01783726495538205,-0.004942772441647941,0.0028406161142596493,-0.002470963125749716,0.03302109146732768
11752,-0.1553,0.0436,9.8293,0.1178,1.0445,-0.3878,0.838,-2.0117,-1.2013,0.00205599785884932,0.01822996403708077,-0.00676838683923401,-0.00036345373981638027,-0.0013633422236021162,0.030623355067538327
11760,-0.1527,0.0225,9.7945,0.0216,1.0313,-0.5624,0.8317,-1.9999,-1.1856,0.0003769911184307752,0.017999580575817523,-0.009815731713216109,0.0019766987930414986,-0.006672027037230712,-0.004286377873377489
11768,-0.1129,-0.0011,9.7829,-0.057,0.952,-0.6335,0.8289,-1.982,-1.1732,-0.0009948376736367678,0.016615534478986015,-0.011056660811384077,0.030371072055797473,-0.020667765455860545,-0.016517467105426675
11776,-0.0966,0.0372,9.8007,-0.0095,0.9615,-0.7681,0.826,-1.9641,-1.1609,-0.0001658062789394613,0.016781340757925478,-0.013405873984568445,0.03324356405127683,0.012200863548305246,0.0011826783494779392
11784,-0.0899,0.0054,9.7863,0.0412,0.9999,-0.8888,0.8241,-1.953,-1.1458,0.0007190756518216638,0.0174515471906913,-0.015512486391725602,0.02733340046854737,-0.012677736531022199,-0.013331975579468747
11792,-0.1258,0.0317,9.7742,0.0364,1.0074,-1.0148,0.8222,-1.9419,-1.1307,0.000635299847725936,0.017582446884590878,-0.017711601249238453,0.0011527501283396008,0.00031620153065495233,-0.024939143862901858
11800,-0.1269,0.0523,9.7605,-0.0429,0.9905,-1.1434,0.8213,-1.9299,-1.1157,-0.0007487462491055673,0.017287486241003836,-0.019956094667303165,0.0012778906563114217,0.005423330007547925,-0.038536579770065416
11808,-0.1415,0.0573,9.7887,-0.132,1.0116,-1.3597,0.8203,-1.918,-1.1007,-0.0023038346126325153,0.01765575071317464,-0.023731241839366896,0.0007338489828581433,0.0007319140551371099,-0.010109696438499682
11816,-0.1725,0.0482,9.8255,-0.2253,0.8319,-1.2839,0.8194,-1.9061,-1.0858,-0.003932226804743225,0.014519394047340827,-0.022408282266355196,-0.013435441661535548,-0.004000631437001933,0.027122326696428445
11824,-0.2042,0.0504,9.8101,-0.3224,0.5693,-1.31,0.8189,-1.8909,-1.0714,-0.005626941508429719,0.009936159431603718,-0.022863813201125717,-0.028932062863662785,-0.0008168707191713374,0.012311760154211981
11832,-0.2466,0.0615,9.793,-0.2367,0.4916,-1.3777,0.8185,-1.8758,-1.0571,-0.004131194339470578,0.008580038602804124,-0.024045401104725878,-0.05552042742233232,0.008227632407937833,-0.003863384057785524
11840,-0.2375,0.0483,9.8094,-0.216,0.5266,-1.3464,0.8171,-1.8584,-1.0452,-0.0037699111843077517,0.009190903841002138,-0.023499113048851654,-0.029665320555925266,-0.0029489915891292586,0.012348280213299034
11848,-0.2293,0.051,9.7992,-0.2229,0.3254,-1.2711,0.8143,-1.8424,-1.0357,-0.0038903389026953604,0.005679301385989549,-0.02218488012209992,-0.0055752132355751756,0.00031062771499762215,0.002013515115544706
11856,-0.2392,0.0779,9.8036,-0.3202,0.4396,-1.2285,0.8114,-1.8265,-1.0263,-0.005588544264885843,0.007672467391767072,-0.021441369860750337,-0.007149920152767454,0.013992242127309356,0.006814523880933621
11864,-0.23,0.076,9.7894,-0.2159,0.3622,-1.1584,0.8077,-1.8093,-1.0159,-0.0037681658550557575,0.006321582550723462,-0.020217894055102315,4.4585242251960165e-05,-0.002925938256109334,-0.0076039807972705376
11872,-0.1856,0.0974,9.7756,-0.0601,0.2375,-1.062,0.8049,-1.7921,-1.0008,-0.001048942880448592,0.004145156973486532,-0.01853539665617978,0.029922063178632198,0.012841421648299569,-0.022207342757509352
11880,-0.1446,0.0817,9.8001,-0.1085,0.2969,-1.0046,0.8011,-1.7774,-0.9906,-0.0018936822384138475,0.005181882549171165,-0.017533577665535035,0.05631486561027068,-0.00198981800666756,0.0013452513690985768
11888,-0.1315,0.0493,9.793,-0.0561,0.3431,-0.7549,0.7969,-1.7646,-0.9785,-0.000979129710368819,0.005988224663592545,-0.013175490523305194,0.055912363206598356,-0.027217235804885175,-0.006190487368270325
11896,-0.1375,0.0605,9.783,-0.262,0.4513,-0.5615,0.7927,-1.7519,-0.9664,-0.004572762640225144,0.007876670914250409,-0.00980002374994816,0.03536693668895185,-0.01081322157607368,-0.01591661145366352
11904,-0.0906,0.051,9.7912,-0.2322,0.616,-0.2299,0.7923,-1.7326,-0.9548,-0.004052654523130833,0.01075122819228507,-0.004012511950334963,0.06809050868206716,-0.016021672571738147,-0.008497878842316453
11912,-0.0403,0.0557,9.7891,-0.1958,0.8429,0.0098,0.7867,-1.7152,-0.9404,-0.0034173546754048974,0.014711380265060204,0.00017104226669544429,0.103875015930086,-0.009242074319614579,-0.011214071442374518
11920,-0.0131,0.0891,9.8191,-0.2782,0.5425,0.2551,0.7887,-1.6984,-0.9256,-0.004855505979048225,0.009468411192069237,0.004452334921837535,0.11657780048416164,0.021689767223217967,0.01879699354417319
11928,-0.0126,0.0683,9.8034,-0.2664,0.7086,0.343,0.7855,-1.6836,-0.9113,-0.004649557127312894,0.01236740307963182,0.005986479334340551,0.10229350273821919,0.00123790940246148,0.003112246469374469
11936,0.0316,0.0672,9.8047,-0.1138,0.6514,0.6803,0.7823,-1.6688,-0.897,-0.001986184688769547,0.011369074747491062,0.011873474901317424,0.13171228840786486,0.000554186305966307,0.004096493607145035
11944,0.0579,0.0138,9.8286,-0.0398,0.7834,0.6776,0.7791,-1.6541,-0.8828,-0.0006946410422937432,0.013672909360123577,0.011826351011513577,0.1447848682659626,-0.047786702549138776,0.027597599768759196
11952,0.1327,0.0389,9.8398,-0.1718,0.883,0.4777,0.7783,-1.6385,-0.8782,-0.002998475654926258,0.01541125729510993,0.008337437836776913,0.205050119902743,-0.020385389931719622,0.03861399914668873
11960,0.1654,0.0474,9.8618,-0.0339,0.8902,0.3345,0.7775,-1.6229,-0.8737,-0.0005916666164260777,0.015536921001253522,0.005838126347921033,0.22331679830587625,-0.01094098216282865,0.06076635269813657
11968,0.209,0.0798,9.8625,0.0312,0.9291,0.1523,0.7743,-1.606,-0.8691,0.0005445427266222308,0.016215854080279316,0.0026581364507873638,0.25223797939364356,0.020456948263340415,0.06179054761452463
11976,0.2194,0.0398,9.8582,0.0668,1.0569,-0.022,0.7711,-1.5891,-0.8565,0.0011658799403322121,0.018446384864328067,-0.0003839724354387525,0.2486365134872082,-0.018357918470051724,0.05756919889433654
11984,0.2884,0.0355,9.8584,-0.1765,1.0992,-0.346,0.768,-1.5723,-0.8439,-0.0030805061297699914,0.01918465913792167,-0.00603883921190038,0.3034462263177019,-0.02081874133752534,0.05799027884196306
11992,0.2894,0.0266,9.8576,-0.1664,0.9823,-0.5838,0.7648,-1.5556,-0.8313,-0.0029042278753185643,0.017144369242340297,-0.010189232173142895,0.290165898008579,-0.027959138971357184,0.05757372370000802
12000,0.298,0.0382,9.8551,-0.1862,0.9371,-0.6966,0.7588,-1.5408,-0.8178,-0.0032498030672134417,0.016355480420438863,-0.0121579635693925,0.2842301309497647,-0.015188055740275843,0.05556907568624858
12008,0.3359,0.0076,9.8611,-0.213,0.718,-0.8898,0.7528,-1.5261,-0.8044,-0.0037175513067479217,0.012531464029319286,-0.015529939684245545,0.30770275362124117,-0.04308590982157121,0.06192893909648589
12016,0.3273,-0.01,9.861,-0.2787,0.6711,-1.2131,0.7449,-1.511,-0.7943,-0.004864232625308196,0.011712904610133947,-0.021172589155943212,0.2846835248056517,-0.057269323353165445,0.062161112317467015
12024,0.3396,0.0214,9.8499,-0.1282,0.6075,-1.5437,0.7399,-1.4926,-0.78,-0.002237512101056731,0.010602875205865553,-0.026942647663036466,0.2819557278956667,-0.024259789397585437,0.05171196087894181
12032,0.2998,0.007,9.8536,-0.091,0.4374,-1.9131,0.7359,-1.4738,-0.7677,-0.0015882496193148398,0.007634070148223197,-0.03338989391990352,0.22726707366056703,-0.03638441568818444,0.0554750190706077
12040,0.2691,0.025,9.842,-0.0234,0.4001,-2.3438,0.7329,-1.4574,-0.7554,-0.00040840704496667313,0.006983062337229313,-0.04090702700824309,0.18141982103583337,-0.017096635666184738,0.044023484509990496
12048,0.2606,0.0526,9.8473,0.076,0.3965,-2.8089,0.7298,-1.4411,-0.7431,0.0013264502315156904,0.006920230484157517,-0.049024553359268724,0.15754606263636667,0.00927843673982937,0.04962382828701983
12056,0.3207,0.0772,9.8408,-0.0077,0.3823,-3.1497,0.7239,-1.4244,-0.7338,-0.00013439035240356338,0.006672393730374321,-0.0549726354500654,0.20257456131924553,0.03166953248295448,0.044191869209916135
12064,0.3236,0.0693,9.8517,-0.0104,0.334,-3.5902,0.7223,-1.4044,-0.724,-0.00018151424220741027,0.005829399701661061,-0.06266081080510041,0.190217935903316,0.021781150456067246,0.0553972552274864
12072,0.3558,0.0372,9.8675,0.0297,0.2746,-3.8968,0.7184,-1.3883,-0.7128,0.0005183627878423159,0.004792674125976429,-0.06801199029171504,0.20697664621664852,-0.009749312827370724,0.07180831199736559
12080,0.3226,0.0327,9.8477,-0.0866,0.2124,-4.0673,0.7178,-1.3747,-0.6968,-0.0015114551322270894,0.003707079331235956,-0.07098777666636537,0.1587023214093341,-0.013056908569327166,0.05175001866764184
12088,0.2438,0.0268,9.8302,-0.1072,0.1849,-4.3984,0.7172,-1.3611,-0.681,-0.0018709929581379214,0.0032271137869375154,-0.07676656181971858,0.06519766613928685,-0.01549507073350778,0.03303096136246886
12096,0.1976,0.0351,9.8116,-0.1268,0.2653,-4.419,0.7166,-1.3475,-0.6651,-0.0022130774915288098,0.004630358505540956,-0.07712609964562941,0.005007134231473412,-0.001676153259595862,0.013650923540994953
12104,0.2245,0.0108,9.8062,-0.103,0.2729,-4.5827,0.7155,-1.3288,-0.6503,-0.0017976891295541594,0.004763003528692525,-0.07998320363114414,0.020241417304700464,-0.016033453873753663,0.008741435239404183
12112,0.2334,-0.0408,9.7927,-0.1548,0.1121,-4.5579,0.7144,-1.3101,-0.6356,-0.002701769682087222,0.0019565140914856436,-0.07955036197664955,0.023370822989554427,-0.053154081774393507,-0.004606085602095078
12120,0.2364,-0.0092,9.8209,-0.1351,0.0517,-4.5849,0.7071,-1.2924,-0.6209,-0.002357939819444339,0.0009023352232810684,-0.08002160087468801,0.013760019377069155,-0.011449197040617589,0.02373279297405695
12128,0.251,0.0007,9.8151,-0.0522,0.1672,-4.552,0.6999,-1.2749,-0.6062,-0.0009110618695410401,0.0029181905093345188,-0.07944738755078187,0.013032376027841928,-0.0007756806496471315,0.01830021212911248
12136,0.2619,0.0088,9.8294,-0.1062,-0.0263,-4.7179,0.6926,-1.2573,-0.5916,-0.001853539665617978,-0.00045902159327450867,-0.08234288877984047,0.008532271647999988,0.0026364347585342914,0.03288836810182971
12144,0.2699,0.0138,9.8296,-0.0193,-0.174,-4.8018,0.6864,-1.2432,-0.5775,-0.00033684854563490564,-0.0030368728984701333,-0.08380722002226372,0.00201718407814869,0.0008888192645622116,0.03331417940913184
12152,0.3037,-0.0071,9.8475,0.0105,-0.3099,-4.7381,0.6854,-1.2225,-0.5639,0.0001832595714594046,-0.005408775351930428,-0.08269544528874333,0.021162421907694278,-0.012500527800457647,0.05215388829791401
12160,0.3182,0.0149,9.8555,-0.1423,-0.2932,-4.7386,0.6796,-1.2042,-0.5504,-0.0024836035255879313,-0.0051173053668473745,-0.0827041719350033,0.01984311518231711,0.005390536355212681,0.0606252688608766
12168,0.2749,0.0107,9.8191,-0.2084,-0.1892,-4.6189,0.6739,-1.186,-0.537,-0.0036372661611561827,-0.0033021629447732717,-0.0806150128203661,-0.006919496625535024,0.0005056363183179503,0.02295073666250147
12176,0.2466,0.027,9.7874,-0.261,-0.0071,-4.5232,0.6706,-1.1703,-0.5235,-0.0045553093477052,-0.0001239183768915974,-0.07894473272620751,-0.020199537202168317,0.010189169197518217,-0.009482777731919967
12184,0.2416,0.013,9.7775,-0.3352,-0.0196,-4.4211,0.6677,-1.1541,-0.5121,-0.005850343652684993,-0.00034208453339088857,-0.0771627515599213,-0.009535284073169822,-0.001134023188851357,-0.0195115867177158
12192,0.2848,0.034,9.7703,-0.4543,-0.141,-4.15,0.6625,-1.139,-0.5016,-0.007929030791810239,-0.0024609142453120045,-0.07243116395776468,0.020235942441047344,0.012289155680940776,-0.02551952207759811
12200,0.2451,0.0148,9.7666,-0.4294,-0.2756,-4.2455,0.6573,-1.1239,-0.4912,-0.0074944438080636515,-0.004810127418496372,-0.07409795339341926,-0.005038150116342062,-0.0011700762082586136,-0.030315160765672644
12208,0.2598,0.0279,9.8014,-0.3523,-0.4071,-4.1341,0.6511,-1.1079,-0.4822,-0.006148794954776023,-0.007105235384868916,-0.07215365660669758,-0.0011102644919170246,-0.00041856751360916215,0.004882202357864074
12216,0.238,0.0621,9.8166,-0.3853,-0.4181,-3.9983,0.6436,-1.0882,-0.4695,-0.006724753607934151,-0.007297221602588292,-0.06978349948248928,-0.014779526502067106,0.02129643657268488,0.019646836693551606
12224,0.216,0.0575,9.8116,-0.3874,-0.3167,-3.8897,0.6437,-1.0704,-0.4587,-0.006761405522226033,-0.005527457741066041,-0.06788807191482343,-0.022815682803060008,0.010724920062661774,0.01411336956670084
12232,0.1778,0.0465,9.8239,-0.4295,-0.2864,-3.9272,0.6409,-1.0509,-0.4498,-0.007496189137315645,-0.00499862297771176,-0.06854257038432131,-0.04603493014998909,0.0004627151615197299,0.025511023407421618
12240,0.1807,0.0762,9.8219,-0.4777,-0.156,-3.9418,0.6382,-1.0314,-0.441,-0.008337437836776913,-0.002722713633111154,-0.06879738845511249,-0.030165374609453822,0.021657447109400964,0.02378743383423121
12248,0.1477,0.0553,9.8237,-0.4412,-0.2527,-3.961,0.6355,-1.0119,-0.4322,-0.007700392659798981,-0.00441044701978967,-0.06913249167149539,-0.04797558043394716,0.0013040974085852814,0.024848686519908014
12256,0.1493,0.0768,9.7857,-0.4569,-0.1985,-4.0301,0.637,-0.9954,-0.4215,-0.007974409352362091,-0.0034644785652087444,-0.07033851418462347,-0.031674200033269984,0.016458711246432823,-0.012924896789829887
12264,0.1558,0.0631,9.8028,-0.4986,-0.296,-3.9548,0.6386,-0.979,-0.4109,-0.008702211650443726,-0.005166174585903215,-0.06902428125787174,-0.01038903186009683,0.001609694615406225,0.004235440201354024
12272,0.1789,0.0356,9.8005,-0.5385,-0.2932,-3.9468,0.6301,-0.9598,-0.395,-0.009398598021989463,-0.0051173053668473745,-0.0688846549177122,0.005336256229377518,-0.011318861020606169,0.002189358901134142
12280,0.1749,0.0163,9.8044,-0.526,-0.2826,-3.8378,0.6217,-0.9406,-0.3792,-0.009180431865490174,-0.004932300466135976,-0.06698224603303839,0.0001481608193985397,-0.014281808867382654,0.005963036233810115
12288,0.1798,0.0306,9.8056,-0.57,-0.2644,-3.8376,0.6133,-0.9215,-0.3635,-0.009948376736367677,-0.004614650542273007,-0.06697875537453439,-0.010834653458572856,0.0007789405823178908,0.007290031580385659
12296,0.1838,0.0313,9.7921,-0.5027,-0.1457,-3.8267,0.6082,-0.9073,-0.3502,-0.008773770149775496,-0.002542944720155738,-0.06678851448606701,0.008547993411300357,-0.0013646636943733179,-0.006128977288826221
12304,0.2034,0.0224,9.7922,-0.4704,-0.2322,-3.851,0.6027,-0.8912,-0.3365,-0.008210028801381325,-0.004052654523130833,-0.06721262949430164,0.013062792722556862,-0.004468589291579553,-0.0056718681087684075
12312,0.2047,0.022,9.7977,-0.4129,-0.3309,-3.7115,0.5996,-0.8799,-0.3261,-0.007206464481484587,-0.005775294494849237,-0.06477789518776954,-0.0010078294967081679,0.0006657763544634369,-0.00013724988857077847
12320,0.1822,0.029,9.8109,-0.3872,-0.2813,-3.6715,0.5965,-0.8687,-0.3158,-0.006757914863722044,-0.004909611185860049,-0.06407976348697181,-0.0091679475268008,0.0033920536333861095,0.012629672657084257
12328,0.191,0.0184,9.8138,-0.3173,-0.2898,-3.6572,0.591,-0.8552,-0.3032,-0.005537929716578008,-0.005057964172279567,-0.06383018140393662,0.0002750256090441042,0.008659427553927181,0.015671904596004538
12336,0.173,0.0389,9.8013,-0.2771,-0.3833,-3.5583,0.5899,-0.8388,-0.291,-0.004836307357276287,-0.006689847022894265,-0.062104050773714226,-0.009775391667182887,0.016184015322074953,0.002885616968393734
12344,0.1381,0.0502,9.7992,-0.1267,-0.5261,-3.6049,0.5863,-0.8201,-0.2803,-0.0022113321622768156,-0.009182177194742168,-0.0629173742051436,-0.03188671134506156,0.01976907587561945,0.00022982951311334432
12352,0.131,0.0791,9.8223,-0.1428,-0.5132,-3.7856,0.589,-0.8058,-0.2654,-0.0024923301718479027,-0.008957029721234898,-0.06607118416349735,-0.02978590964690344,0.03656891544385146,0.02337877789560494
12360,0.1178,0.0697,9.8076,-0.1876,-0.581,-3.7956,0.5917,-0.7915,-0.2505,-0.003274237676741362,-0.010140362954087054,-0.06624571708869677,-0.03043243641129793,0.01919136952412954,0.008489090994078907
12368,0.0963,0.0503,9.819,-0.2171,-0.7577,-3.8266,0.5848,-0.7725,-0.2476,-0.0037891098060796892,-0.013224359742361035,-0.06678676915681502,-0.03772415184475134,0.000328459726297561,0.019528581377102228
12376,0.1174,0.04,9.8243,-0.3386,-0.7508,-3.8962,0.5789,-0.7565,-0.2371,-0.0059096848472528,-0.013103932023973426,-0.06800151831620306,-0.004483468342560767,-0.0017245512476765084,0.025081687926801877
12384,0.0845,0.0275,9.8186,-0.2761,-0.6961,-3.8268,0.5787,-0.7391,-0.2266,-0.004818854064756344,-0.01214923692313253,-0.066790259815319,-0.02369269403927601,-0.007909452284811524,0.01897034096822736
12392,0.0812,0.0298,9.792,-0.3417,-0.5185,-3.8377,0.5786,-0.7217,-0.2162,-0.005963790054064624,-0.009049532171590598,-0.06698050070378639,-0.011992156939526207,-0.0018828927154914729,-0.007625511507081129
12400,0.0627,0.0388,9.7998,-0.2551,-0.4954,-3.6908,0.5784,-0.7045,-0.2058,-0.004452334921837535,-0.008646361114379908,-0.06441661203260671,-0.01581678100550724,0.004038210404746176,6.379021561997433e-05
12408,0.0424,0.0574,9.7974,-0.2817,-0.4919,-3.6011,0.5763,-0.6891,-0.1959,-0.004916592502868027,-0.008585274590560106,-0.0628510516935678,-0.0231966797738765,0.01491704626376419,-0.0023789277305574785
12416,0.0531,0.0414,9.7892,-0.3097,-0.6272,-3.4272,0.5743,-0.6739,-0.186,-0.0054052846934264384,-0.010946705068508434,-0.05981592412434966,0.001995131390254111,0.0006893665329451215,-0.010568670539411684
12424,0.1033,0.0538,9.78,-0.2538,-0.5193,-3.4209,0.5741,-0.6596,-0.1757,-0.004429645641561609,-0.009063494805606554,-0.05970596838147402,0.0365604404039677,0.008898698033305365,-0.01937888079848271
12432,0.0563,0.0341,9.7694,-0.2698,-0.3708,-3.2576,0.574,-0.6455,-0.1654,-0.0047088983218807005,-0.0064716808663949745,-0.05685584571296728,0.00032890999602788095,0.0010844242919773363,-0.030378329953501648
12440,0.0557,-0.0043,9.7721,-0.2983,-0.3994,-3.2161,0.5738,-0.6313,-0.1552,-0.005206317158699085,-0.006970845032465351,-0.05613153407338963,-0.001177584274945978,-0.021281710815780498,-0.027763557297642905
12448,0.0437,0.002,9.7577,-0.2403,-0.6081,-3.2244,0.5679,-0.6196,-0.145,-0.004194026192542374,-0.010613347181377518,-0.05627639640130516,-0.003449953694459474,-0.0026630428984836195,-0.04220291325844272
12456,0.0939,0.0159,9.7847,-0.1821,-0.7357,-3.035,0.5645,-0.6042,-0.13,-0.003178244567881674,-0.012840387306922283,-0.0529707427980279,0.03061800377647154,0.007044702917911486,-0.014886969482388324
12464,0.1216,0.0189,9.7796,-0.1532,-0.6444,-2.8753,0.5634,-0.585,-0.1185,-0.002673844414055313,-0.01124690169985146,-0.05018345198259296,0.04209543809765869,0.007111943846286414,-0.019718954736214656
12472,0.1539,0.0334,9.7955,-0.2348,-0.6531,-2.7678,0.5623,-0.5658,-0.107,-0.004098033083682686,-0.011398745344774967,-0.04830722303669905,0.05862139130992172,0.016914499743437155,-0.003424146561242125
12480,0.1914,0.0425,9.7852,-0.2356,-0.8027,-2.6117,0.5579,-0.5501,-0.0941,-0.00411199571769864,-0.014009757905758483,-0.0455827640743359,0.08019795511890605,0.02147528760265232,-0.013188141686940824
12488,0.2034,0.0284,9.785,-0.271,-0.7937,-2.6012,0.5531,-0.5363,-0.085,-0.0047298422729046335,-0.013852678273078994,-0.0453995045028765,0.07518354607372171,0.006213141362442087,-0.013135744720161213
12496,0.2334,0.0279,9.7803,-0.3048,-0.8199,-2.4364,0.5496,-0.5188,-0.0727,-0.005319763560078717,-0.014309954537101507,-0.04252320189558984,0.08848831059023456,0.004620023334945462,-0.017276936646256402
12504,0.2232,0.007,9.7811,-0.3238,-0.7275,-2.3348,0.5424,-0.5014,-0.0604,-0.005651376117957639,-0.012697270308258748,-0.0407499473755636,0.06145870113101594,-0.012470079698957543,-0.016552152989847357
12512,0.2404,0.014,9.7881,-0.3553,-0.4712,-2.379,0.5352,-0.484,-0.0481,-0.0062011548323358525,-0.00822399143539728,-0.0415213829049451,0.062462423058399226,-0.004312935486450024,-0.009138464144580638
12520,0.2401,0.0204,9.7941,-0.3482,-0.4288,-2.2212,0.5299,-0.4672,-0.0411,-0.006077236455444256,-0.007483971832551685,-0.03876725334529805,0.04598234746184068,0.0019788208030899145,-0.003044315299261413
12528,0.2616,0.023,9.8031,-0.352,-0.4362,-2.033,0.5228,-0.4485,-0.0337,-0.00614355896702004,-0.007613126197199265,-0.03548254369304472,0.05112065942957937,0.003509142941686759,0.006482933962374204
12536,0.2405,0.0453,9.7912,-0.3262,-0.422,-1.9677,0.5171,-0.4352,-0.0215,-0.005693264020005502,-0.00736528944341607,-0.034342843691492424,0.018393967438345663,0.016581866305255856,-0.005773308541828115
12544,0.2183,0.0451,9.775,-0.3443,-0.3977,-2.132,0.5114,-0.4219,-0.0093,-0.006009168614616476,-0.006941174435181449,-0.03721041965251911,-0.0008566090049419581,0.002082253794103757,-0.02245895787493346
12552,0.2546,0.0262,9.7762,-0.2576,-0.3719,-2.1904,0.5057,-0.4086,0.0028,-0.004495968153137393,-0.006490879488166912,-0.03822969193568379,0.020466800485792244,-0.0103856405853066,-0.0204771441267404
12560,0.2105,0.0118,9.7856,-0.2814,-0.3764,-2.3395,0.5006,-0.3911,0.0167,-0.004911356515112043,-0.006569419304506657,-0.04083197785040734,-0.013509152967017343,-0.012368846368457368,-0.012146232987253924
12568,0.2294,-0.0012,9.7922,-0.3334,-0.3088,-2.3995,0.4954,-0.3737,0.0306,-0.005818927726149095,-0.00538957673015849,-0.04187917540160394,0.0015663086211875853,-0.010096654986247169,-0.0051185691589221705
12576,0.2619,-0.0166,9.8027,-0.2845,-0.2948,-2.3609,0.4898,-0.3554,0.0378,-0.004965461721923867,-0.0051452306348792835,-0.04120547831033412,0.02067556719699728,-0.01633897343987443,0.006176625926539003
12584,0.306,-0.0292,9.826,-0.3284,-0.3588,-2.3239,0.4842,-0.3372,0.045,-0.005731661263549378,-0.0062622413561556544,-0.040559706487096225,0.04911637370055685,-0.023053545085257265,0.030657188402690494
12592,0.282,-0.052,9.8128,-0.2638,-0.2573,-2.3312,0.4786,-0.319,0.0522,-0.004604178566761041,-0.00449073216538141,-0.04068711552249181,0.016916645658259937,-0.031151086811299536,0.016924939964148678
12600,0.29,-0.0261,9.7995,-0.3006,-0.2509,-2.2289,0.473,-0.3024,0.0607,-0.005246459731494954,-0.004379031093253773,-0.03890164369770161,0.010321750978892288,-0.001933203169657524,0.0038192141727204643
12608,0.2558,-0.051,9.7894,-0.2824,-0.3301,-2.0751,0.4689,-0.2863,0.0721,-0.004928809807631987,-0.005761331860833282,-0.03621732730813433,-0.014013667227522144,-0.014132125270125665,-0.007145926739939412
12616,0.2548,-0.0567,9.7883,-0.1878,-0.2165,-1.9519,0.4639,-0.2693,0.0801,-0.0032777283352453507,-0.0037786378305677236,-0.03406708166967732,-0.0059355687413362255,-0.007168448486784204,-0.00822446119346587
12624,0.2289,-0.0504,9.7842,-0.1986,-0.2359,-1.9382,0.4588,-0.2523,0.0881,-0.0034662238944607386,-0.004117231705454623,-0.03382797156215409,-0.0162006522489823,0.00014446798967506094,-0.013006461226424904
12632,0.2328,-0.0712,9.8019,-0.2889,-0.1557,-1.8691,0.4543,-0.2407,0.0975,-0.005042256209011618,-0.002717477645355171,-0.03262194904902602,-0.005058947983822234,-0.007144036197813331,0.004918778847283534
12640,0.2427,-0.0531,9.8161,-0.2046,-0.0125,-1.7123,0.4497,-0.2253,0.1083,-0.003570943649580398,-0.0002181661564992912,-0.029885272781898904,-0.0016483892189472613,-0.0032487393349392327,0.01924278335685692
12648,0.2349,-0.054,9.8257,-0.2094,-0.0674,-1.6744,0.45,-0.2099,0.119,-0.003654719453676126,-0.0011763519158441782,-0.029223792995393055,0.0048043888308700305,0.0021831451806889304,0.028654366276446908
12656,0.2127,-0.0571,9.8049,-0.1446,-0.104,-1.5341,0.4497,-0.1904,0.1278,-0.0025237460983838006,-0.0018151424220741027,-0.02677509605484501,-0.0014570055968038701,0.0001258161101959931,0.007372918947508467
12664,0.2108,-0.0595,9.8088,-0.0746,-0.051,-1.4533,0.4495,-0.1709,0.1366,-0.0013020156219877698,-0.000890117918517108,-0.02536487001923359,0.009726149111774676,0.006174285831063839,0.011238535996254129
12672,0.2329,-0.0949,9.8077,-0.0264,-0.1256,-1.3387,0.444,-0.1549,0.1416,-0.000460766922526503,-0.0021921335405048776,-0.02336472269644809,0.019310401705953183,-0.018951436157352015,0.010886588960936194
12680,0.2328,-0.0986,9.8059,-0.0842,-0.1863,-1.2798,0.4372,-0.1389,0.1484,-0.0014695672301792255,-0.003251548396465436,-0.02233672376702343,0.008743735912817897,-0.010591013075936873,0.009148994052658566
12688,0.2026,-0.0857,9.7973,0.0178,-0.2763,-1.1061,0.4331,-0.1258,0.1561,0.00031066860685499063,-0.004822344723260332,-0.01930508685630928,-0.005736072769724052,0.0007618524514081367,-0.00023239780401596022
12696,0.214,-0.0489,9.7978,-0.002,-0.2904,-0.8734,0.4292,-0.1128,0.1639,-3.490658503988659e-05,-0.005068436147791532,-0.015243705686918473,0.0035685129764114814,0.021760880349734738,0.00023396556436949822
12704,0.1961,-0.0361,9.801,0.0564,-0.1625,-0.6215,0.4252,-0.0999,0.1716,0.0009843656981248017,-0.0028361600344907856,-0.010847221301144759,-0.008416364274085283,0.02047773002341222,0.00300307290503099
12712,0.1699,-0.0231,9.803,0.0216,-0.1923,-0.4233,0.4207,-0.0841,0.1807,0.0003769911184307752,-0.0033562681515850955,-0.007387978723691997,-0.02342021207142129,0.023167596565788866,0.00444406257365948
12720,0.1543,-0.0273,9.8157,0.0149,-0.2021,-0.2204,0.4163,-0.0685,0.1897,0.0002600540585471551,-0.00352731041828054,-0.0038467056713955027,-0.025599535459526146,0.012533385771233467,0.016909281847588886
12728,0.1549,-0.0075,9.8099,-0.0154,-0.1821,-0.1144,0.4133,-0.0491,0.1964,-0.00026878070480712676,-0.003178244567881674,-0.001996656664281513,-0.015089582106840133,0.01976092136271516,0.011094234615155685
12736,0.138,-0.0214,9.8147,-0.0711,-0.187,0.0803,0.4104,-0.0298,0.2031,-0.0012409290981679683,-0.0032637657012293962,0.0014014993893514465,-0.017345813043425265,0.0034798508392149094,0.01567751423242214
12744,0.1333,0.0006,9.8195,-0.0763,-0.1383,0.1519,0.4074,-0.0105,0.2097,-0.0013316862192716736,-0.002413790355508158,0.0026511551337793865,-0.011538199657178425,0.013691153147417721,0.020388430315481543
12752,0.1098,0.0056,9.821,-0.1107,-0.1664,0.1989,0.403,0.0063,0.2186,-0.0019320794819577228,-0.0029042278753185643,0.003471459882216721,-0.021385567098930715,0.011945301713921467,0.02158481953329172
12760,0.1087,0.0045,9.8293,-0.0822,-0.0787,0.2866,0.4024,0.0177,0.229,-0.0014346606451393388,-0.0013735741213195376,0.005002113636215749,-0.008564150793405252,0.004191177899208363,0.02989743178172688
12768,0.1194,-0.006,9.8322,-0.0629,-0.0747,0.2638,0.4028,0.0329,0.2394,-0.0010978120995044332,-0.0013037609512397642,0.004604178566761041,-0.0023801264685451525,0.008658348608471639,0.03292268697346046
12776,0.0782,-0.0073,9.8249,-0.0552,-0.095,0.4846,0.4032,0.0481,0.2497,-0.0009634217471008699,-0.0016580627893946131,0.00845786555516452,-0.028216931436594258,0.005657486238839747,0.025171771405817722
12784,0.086,-0.0039,9.8268,-0.1278,-0.0903,0.5678,0.4031,0.0665,0.2533,-0.002230530784048753,-0.0015760323145508797,0.009909979492823802,-0.00602918226605609,0.002749285708506415,0.027174850402799322
12792,0.0766,-0.0127,9.809,-0.1732,-0.1659,0.7407,0.4002,0.0806,0.2635,-0.003022910264454179,-0.0028955012290585924,0.012927653769521999,-0.0010393398483779077,-5.2279903791960975e-05,0.009307252147802814
12800,0.0599,-0.0061,9.8048,-0.1527,-0.0995,0.7033,0.3973,0.0979,0.27,-0.0026651177677953415,-0.001736602605734358,0.01227490062927612,-0.0030743000812705657,0.0014076598437944134,0.004984284901876634
12808,0.0813,-0.0069,9.7968,-0.1357,-0.0067,0.7582,0.392,0.1142,0.2787,-0.002368411794956305,-0.00011693705988362008,0.013233086388621007,0.0026655316296045183,0.000184866128916928,-0.002860601136390528
12816,0.0969,-0.0168,9.7883,-0.1088,-0.0459,0.7308,0.3867,0.1304,0.2875,-0.0018989182261698304,-0.0008011061266653974,0.012754866173574561,0.004335561292059171,-0.002325822217543396,-0.011207197337393282
12824,0.1207,-0.0097,9.8138,-0.187,0.0179,0.6565,0.3866,0.1432,0.2971,-0.0032637657012293962,0.000312413936106985,0.011458086539342773,0.012597257685584734,0.0020929869482206264,0.014538702787026736
12832,0.1285,-0.0152,9.8209,-0.2219,0.0416,0.5322,0.3842,0.1574,0.303,-0.003872885610175417,0.0007260569688296411,0.009288642279113822,0.004751560906162038,-0.0005329628385893529,0.02175123074391294
12840,0.1488,-0.0116,9.8128,-0.2179,0.0003,0.536,0.3814,0.1768,0.3107,-0.003803072440095644,5.235987755982989e-06,0.009354964790689606,0.00963533731908871,0.0012356799707085586,0.013930174673637552
12848,0.1448,-0.011,9.8228,-0.198,-0.0419,0.4622,0.3785,0.196,0.3184,-0.0034557519189487725,-0.0007312929565856241,0.008066911802717791,-0.009329037770229675,-0.003041403658309399,0.023868464048064197
12856,0.1189,-0.0072,9.8113,-0.155,-0.0262,0.4664,0.3756,0.2152,0.326,-0.0027052603405912107,-0.00045727626402251436,0.008140215631301552,-0.019266237962040945,0.0010634067093599296,0.01200409810559222
12864,0.1028,-0.0312,9.795,-0.1513,-0.0219,0.457,0.3737,0.2319,0.3303,-0.0026406831582674204,-0.0003822271061867582,0.007976154681614086,-0.0225961872763534,-0.013924909605165441,-0.0044468359763865095
12872,0.1018,-0.0078,9.7752,-0.1183,0.0862,0.4054,0.3718,0.2486,0.3346,-0.002064724505109292,0.0015044738152191121,0.007075564787585011,-0.008082809806353545,0.0035908974818233104,-0.02427082547593784
12880,0.1151,0.0116,9.7605,-0.2175,0.0616,0.3401,0.3714,0.2666,0.3422,-0.003796091123087667,0.001075122819228507,0.005935864786032715,0.002064012431628175,0.00776000827965256,-0.038817779483666826
12888,0.1066,-0.0128,9.7567,-0.1444,0.1127,0.2749,0.3709,0.2845,0.3498,-0.0025202554398798117,0.0019669860669976093,0.004797910113732411,-0.0007356425710493078,-0.0018620850639624303,-0.04270948052333523
12896,0.1239,-0.0052,9.7525,-0.1704,0.0389,0.1513,0.3704,0.3024,0.3574,-0.0029740410453983376,0.0006789330790257941,0.0026406831582674204,0.0019846394901642667,0.000828330486214343,-0.04671184291806796
12904,0.1346,-0.0034,9.7654,-0.1526,0.067,0.0944,0.3666,0.3168,0.3644,-0.0026633724385433473,0.0011693705988362008,0.001647590813882647,-0.0026945587251000413,-0.0003081393801617158,-0.03367220883901645
12912,0.1325,-0.0063,9.7831,-0.1223,0.0566,0.0666,0.3619,0.3326,0.3724,-0.002134537675189065,0.0009878563566287906,0.0011623892818282235,0.008313187376397605,0.0051901022359541315,-0.01600564678441785
12920,0.1519,0.0033,9.7799,-0.1146,0.0573,-0.0399,0.3624,0.3478,0.3847,-0.0020001473227855017,0.0010000736613927509,-0.0006963863715457374,0.014155751416334359,0.007281298095209615,-0.018932823694550294
12928,0.1782,0.0089,9.7762,-0.03,0.0232,-0.0218,0.363,0.363,0.3968,-0.0005235987755982988,0.0004049163864626844,-0.0003804817769347638,0.02570120428589841,0.00766873701811031,-0.02220876022755469
12936,0.1769,0.0116,9.7668,-0.0717,0.0014,-0.1645,0.364,0.3772,0.4023,-0.0012514010736799342,2.4434609527920612e-05,-0.0028710666195306722,0.010239710388368836,0.00441650307558855,-0.03159756905809452
12944,0.1817,0.0119,9.7752,-0.0262,0.0365,-0.2396,0.3616,0.3941,0.4102,-0.00045727626402251436,0.0006370451769779303,-0.004181808887778414,1.3071469775012205e-06,1.3159875946949578e-05,-0.023104197147999272
12952,0.1741,0.0089,9.7824,-0.0574,0.0354,-0.4181,0.3617,0.4058,0.4214,-0.001001818990644745,0.0006178465552059926,-0.007297221602588292,0.006990195517492452,0.0025171129518571345,-0.016049643354223875
12960,0.1923,0.0148,9.7893,-0.0286,0.0316,-0.3781,0.3579,0.4212,0.4282,-0.0004991641660703782,0.0005515240436302082,-0.00659908990179056,0.010330777507872955,0.0032331578409007366,-0.008806219784716518
12968,0.1779,0.0102,9.7933,-0.0704,0.0627,-0.3665,0.3541,0.4365,0.435,-0.001228711793404008,0.0010943214410004448,-0.006396631708559218,0.011123832325136897,0.0024901401877432065,-0.005085635925333065
12976,0.1652,0.0041,9.7869,-0.033,-0.0035,-0.2728,0.3499,0.4513,0.4409,-0.0005759586531581288,-6.108652381980153e-05,-0.004761258199440531,0.005471631037157751,0.010765616016550279,-0.011712426437117784
12984,0.1706,0.0051,9.7957,-0.0372,-0.0616,-0.3671,0.3472,0.4622,0.4481,-0.0006492624817418906,-0.001075122819228507,-0.006407103684071183,2.191933067384717e-05,0.0001581852996958194,-0.0028132183520686027
12992,0.1673,-0.0028,9.7968,-0.0626,-0.1757,-0.396,0.3444,0.473,0.4577,-0.0010925761117484504,-0.003066543495754037,-0.006911503837897545,0.0028113009819779188,0.00667128382403873,-0.0017738870467525203
13000,0.1748,-0.0021,9.7864,-0.0656,-0.1995,-0.4423,0.3416,0.4838,0.4673,-0.0011449359893082802,-0.0034819318577286877,-0.00771959128157092,-0.0027240469061174284,-0.001577618091629362,-0.012039308380442648
13008,0.1798,-0.0024,9.7843,-0.0711,-0.145,-0.4733,0.3389,0.4946,0.4769,-0.0012409290981679683,-0.002530727415391778,-0.008260643349689161,-0.009631516138680855,0.008418303018987995,-0.014056169378900307
13016,0.1783,-0.0172,9.7801,-0.1323,-0.1568,-0.6069,0.3409,0.5091,0.4816,-0.002309070600388498,-0.0027366762671271086,-0.010592403230353585,0.0019941189902389646,0.001385783979463928,-0.01826002987749753
13024,0.1597,-0.0102,9.7923,-0.1722,-0.1228,-0.628,0.3429,0.5235,0.4864,-0.0030054569719342355,-0.002143264321449037,-0.01096066770252439,-0.0029824587456200404,0.001751827942645037,-0.006393133475356194
13032,0.152,-0.0188,9.7874,-0.133,-0.125,-0.6375,0.3364,0.5355,0.4958,-0.0023212879051524586,-0.002181661564992912,-0.01112647398146385,0.0023455666341414255,0.0017034242299706864,-0.011402153696218775
13040,0.1354,-0.0248,9.7883,-0.1276,-0.1004,-0.7399,0.3298,0.5474,0.5053,-0.0022270401255447643,-0.0017523105690023068,-0.012913691135506044,0.0005719976765328465,0.00034880321193574046,-0.010732170322697243
13048,0.1482,-0.0257,9.797,0.003,-0.1568,-0.6805,0.3233,0.5593,0.5147,5.235987755982989e-05,-0.0027366762671271086,-0.011876965559821413,-0.0026357925225743606,0.00015755108029843234,-0.0018457984283877238
13056,0.1502,-0.0338,9.7898,0.0372,-0.2188,-0.7863,0.3211,0.5726,0.5236,0.0006492624817418906,-0.003818780403363593,-0.013723523908431413,0.0004298853904873653,0.007510378525900497,-0.008992394578946517
13064,0.152,-0.0361,9.7883,0.0805,-0.0967,-0.7036,0.3199,0.5919,0.5325,0.0014049900478554354,-0.0016877333866785165,-0.012280136617032103,-0.004066948376909997,-0.009394063877562893,-0.010458677164963959
13072,0.1437,-0.0391,9.7892,0.0847,-0.0867,-0.7524,0.3196,0.606,0.538,0.0014782938764391971,-0.0015132004614790836,-0.013131857292005335,-0.0013692212133991802,-0.0013369502274484387,-0.009667448048695348
13080,0.1489,-0.034,9.7932,0.1526,-0.1838,-0.7245,0.3159,0.6204,0.5478,0.0026633724385433473,-0.0032079151651655774,-0.012644910430698918,-0.007863517716911702,-0.007210218281196114,-0.005614892815300365
13088,0.1513,-0.0349,9.7813,0.1536,-0.1192,-0.7644,0.3123,0.6348,0.5576,0.00268082573106329,-0.0020804324683772408,-0.013341296802244655,0.0030062731890691695,0.004707660986147729,-0.017469233871556966
13096,0.1516,-0.038,9.7815,0.1785,-0.0949,-0.776,0.3106,0.6487,0.5654,0.003115412714809878,-0.0016563174601426187,-0.013543754995475998,-0.01093804511257343,-0.005646253800654445,-0.01725921385079765
13104,0.1524,-0.0427,9.773,0.237,-0.0849,-0.811,0.307,0.6605,0.576,0.004136430327226561,-0.0014817845349431858,-0.014154620233674014,0.000641531204595968,0.00045439730929673665,-0.025718572091307124
13112,0.1417,-0.0377,9.7736,0.141,-0.126,-0.8178,0.3025,0.6761,0.5881,0.0024609142453120045,-0.0021991148575128553,-0.014273302622809627,0.0034106428631207413,-0.0023063007317679026,-0.025301018011235854
13120,0.1248,-0.036,9.78,0.1585,-0.0854,-0.875,0.2989,0.6902,0.5929,0.002766346864411012,-0.0014905111812031574,-0.015271630954950384,0.002003581274205812,-0.00022172749764335105,-0.019137718150870953
13128,0.1295,-0.0281,9.7853,0.1565,-0.0998,-0.8257,0.2954,0.7043,0.5978,0.0027314402793711255,-0.001741838593490341,-0.014411183633717179,-0.0038148342608624475,-0.004241425774306921,-0.013804446704176243
13136,0.1155,-0.0264,9.7765,0.1253,-0.0443,-0.7732,0.2928,0.7177,0.6069,0.002186897552748895,-0.0007731808586334879,-0.013494885776420155,-0.002172562972285003,-0.00043498036838076297,-0.022782371719333838
13144,0.1047,-0.0216,9.7844,0.1941,-0.0605,-0.7417,0.2926,0.7274,0.6184,0.0033876840781209934,-0.0010559241974565693,-0.012945107062041942,0.0016962078370061334,-0.0009304850054094767,-0.015016184628786178
13152,0.0972,-0.021,9.7939,0.1026,0.0626,-0.7302,0.2923,0.7369,0.6298,0.0017907078125461821,0.0010925761117484504,-0.012744394198062593,0.009867229696361677,-4.448215823998263e-05,-0.005600136516813237
13160,0.0867,-0.0181,9.7906,0.1378,0.1403,-0.6739,0.2921,0.7464,0.6412,0.002405063709248186,0.0024486969405480446,-0.011761773829189788,0.0021258824811243157,-0.012489018695152896,-0.009007590390252673
13168,0.0828,-0.0219,9.7936,0.1394,0.1107,-0.6334,0.2929,0.7621,0.6502,0.0024329889772800955,0.0019320794819577228,-0.011054915482132083,7.246749949082637e-05,-0.0008011314090427224,-0.006025537967902395
13176,0.0682,-0.0231,9.7967,0.1543,0.1623,-0.624,0.2936,0.7776,0.6591,0.0026930430358272505,0.0028326693759867967,-0.010890854532444616,0.00121777895023088,-0.00012013494016586161,-0.0030354577255931048
13184,0.0624,-0.0191,9.7987,0.1579,0.1397,-0.575,0.2958,0.7893,0.668,0.0027558748888990466,0.002438224965036078,-0.010035643198967395,0.007299298977438696,-0.006723152113075594,-0.0010877246778004945
13192,0.0703,-0.0096,9.8063,0.1506,0.1128,-0.5441,0.2979,0.8009,0.6769,0.0026284658535034606,0.0019687313962496035,-0.009496336460101147,0.00012625865974736934,-0.0002191824259012873,0.0065566778567998085
13200,0.0697,-0.0046,9.8073,0.0957,0.103,-0.488,0.3001,0.8125,0.6858,0.0016702800941585732,0.0017976891295541594,-0.008517206749732328,0.0008518221935851408,-0.010998114550921312,0.007542549276818633
13208,0.0691,-0.0197,9.8046,0.0565,0.1523,-0.5916,0.2965,0.8221,0.6974,0.0009861110273767962,0.0026581364507873638,-0.010325367854798454,0.0001149623186395327,-0.01047306188821301,0.0048576920707184
13216,0.0586,-0.0142,9.8071,0.0456,0.1434,-0.5573,0.2968,0.8369,0.7067,0.0007958701389094143,0.0025028021473598684,-0.0097267199213644,0.004270131532357908,0.0017727919013542223,0.007284263912490374
13224,0.0596,-0.0184,9.8035,-0.0047,0.087,-0.6793,0.2951,0.8459,0.7117,-8.203047484373349e-05,0.0015184364492350666,-0.01185602160879748,-0.008879837090672976,0.004302711572977392,0.0036934675236732772
13232,0.0573,-0.0181,9.8071,0.0325,-0.023,-0.6785,0.2949,0.861,0.7166,0.0005672320068981572,-0.0004014257279586958,-0.011842058974781525,0.003243511182738351,-0.0014225529658143795,0.0072834549623497225
13240,0.052,-0.0105,9.808,0.0734,0.0532,-0.6965,0.2947,0.8761,0.7215,0.001281071670963838,0.0009285151620609833,-0.012156218240140505,0.002553553856850905,-0.008850469745424203,0.008139140456153271
13248,0.0632,-0.0132,9.8011,0.0832,0.126,-0.759,0.293,0.8887,0.7326,0.0014521139376592821,0.0021991148575128553,-0.013247049022636962,0.0020344800211523897,-0.0017515866437327885,0.0013122837115666641
13256,0.0419,-0.0138,9.8013,0.0285,0.153,-0.7681,0.2914,0.8961,0.7422,0.0004974188368183839,0.002670353755551324,-0.013405873984568445,-0.003443828865058295,-0.0003617301367992756,0.0013986629049043131
13264,0.0335,-0.0143,9.7955,0.0322,0.0881,-0.7501,0.2898,0.9086,0.7494,0.0005619960191421741,0.0015376350710070044,-0.013091714719209465,0.003940247885146961,0.00013791984088016722,-0.0044330717704390565
13272,0.0268,-0.0158,9.7966,0.1425,0.0847,-0.7889,0.2881,0.922,0.759,0.0024870941840919192,0.0014782938764391971,-0.013768902468983267,0.011831783870920105,0.004530564282218194,-0.003358793807047178
13280,0.0245,-0.0088,9.7908,0.1652,0.1588,-0.6741,0.2865,0.9353,0.7686,0.0028832839242946325,0.0027715828521669953,-0.011765264487693775,-0.00011407799131397634,-0.000616471262834475,-0.009165411623511588
13288,0.0323,-0.0071,9.7905,0.1496,0.0804,-0.5882,0.2844,0.9467,0.7776,0.0026110125609835172,0.001403244718603441,-0.010266026660230645,-0.0077347950643473625,-0.0010388194569949166,-0.009447255450822922
13296,0.0362,-0.0083,9.7867,0.1001,0.1894,-0.5141,0.2828,0.959,0.7885,0.0017470745812463238,0.0033056536032772606,-0.008972737684502848,0.009731768198851652,0.005675167196659795,-0.013236014638700055
13304,0.0357,-0.0112,9.8,0.1434,0.1682,-0.5019,0.2812,0.9712,0.7994,0.0025028021473598684,0.002935643801854462,-0.00875980751575954,-0.005658137568927882,-0.0020250033156993807,6.95821428138288e-05
13312,0.0279,-0.0261,9.8035,0.1821,0.0947,-0.5089,0.2767,0.9815,0.8092,0.003178244567881674,0.0016528268016386303,-0.008881980563399143,-0.0037713054046919943,-0.004890418905612309,0.0035724983833542723
13320,0.0286,-0.0305,9.802,0.1631,0.075,-0.5103,0.2723,0.9917,0.8191,0.002846632010002751,0.001308996938995747,-0.008906415172927062,0.0019954452666897937,0.005279031340179568,0.0020875511304367933
13328,0.027,-0.0368,9.7948,0.1236,-0.0478,-0.5063,0.2679,1.0018,0.8289,0.0021572269554649913,-0.0008342673824532896,-0.00883660200284729,-0.0029741464995257775,0.01420258111007427,-0.005104404786010264
13336,0.0314,-0.032,9.7937,0.1605,-0.0612,-0.5104,0.2635,1.0119,0.8354,0.002801253449450899,-0.0010681415022205296,-0.008908160502179057,0.00017864995584610435,0.003011536708175819,-0.006197850235547975
13344,0.0263,-0.0258,9.7868,0.1211,-0.018,-0.5437,0.2591,1.022,0.8418,0.0021135937241651332,-0.0003141592653589793,-0.009489355143093169,0.002291794850382156,-0.004810502080750108,-0.013132105890768742
13352,0.0308,-0.0202,9.7951,0.1928,-0.0274,-0.4956,0.2556,1.032,0.8482,0.0033649947978450674,-0.0004782202150464463,-0.008649851772883898,-0.008688896560515648,-0.0010703651381604785,-0.004834659517225504
13360,0.0372,-0.0147,9.7931,0.1974,0.0063,-0.4949,0.2522,1.0419,0.856,0.0034452799434368064,0.00010995574287564277,-0.008637634468119937,0.004894343926285984,-0.010092317157100945,-0.0068247370665357465
13368,0.0343,-0.0202,9.7981,0.1751,0.0251,-0.5368,0.2512,1.0604,0.8648,0.0030560715202420713,0.0004380776422505767,-0.009368927424705562,1.5046081241562066e-05,-0.0001567836810692051,-0.0018191425554672236
13376,0.0366,-0.0242,9.7894,0.1457,0.0592,-0.6117,0.2516,1.0726,0.8711,0.002542944720155738,0.0010332349171806431,-0.010676179034449314,-0.004931478372633506,0.009446666211086027,-0.010507469688811
13384,0.0456,-0.0188,9.7989,0.147,-0.0256,-0.6245,0.2482,1.0809,0.8775,0.0025656340004316645,-0.0004468042885105484,-0.01089958117870459,-0.00018762631411505255,-0.0006988107581657523,-0.0009758911175303808
13392,0.0533,-0.0202,9.8024,0.0975,-0.0106,-0.5782,0.2448,1.0891,0.8838,0.0017016960206944715,-0.00018500490071139895,-0.010091493735031215,-0.007527635818220345,0.00224264643762608,0.0025625728804161696
13400,0.0502,-0.0265,9.8002,0.1063,-0.063,-0.5712,0.2414,1.1035,0.89,0.0018552849948699724,-0.0010995574287564276,-0.009969320687391611,0.003804686100846841,0.0012748807526564102,0.0003635763701499428
13408,0.0538,-0.0323,9.8063,0.0799,-0.1158,-0.5912,0.2375,1.1136,0.9006,0.0013945180723434693,-0.0020210912738094335,-0.010318386537790476,-0.006174661649816315,0.0037716939848767956,0.006498104210185929
13416,0.0502,-0.0329,9.8142,0.0627,-0.1636,-0.5489,0.2342,1.1241,0.9082,0.0010943214410004448,-0.002855358656262723,-0.009580112264196876,0.004802867286189062,-0.0017846841716686948,0.014382193361344164
13424,0.0383,-0.0344,9.8176,0.0463,-0.1666,-0.5832,0.2308,1.1373,0.9159,0.0008080874436733746,-0.002907718533822553,-0.010178760197630931,0.007198729639069186,0.0029049980125591306,0.017731904532642062
13432,0.0376,-0.0348,9.8203,0.0066,-0.0922,-0.5334,0.2275,1.1505,0.9235,0.00011519173063162575,-0.001609193570338772,-0.009309586230137754,-0.008279095651108173,-0.0032033409223344686,0.020429628340204786
13440,0.041,-0.0288,9.8263,-0.01,-0.0023,-0.371,0.2227,1.1603,0.9315,-0.00017453292519943296,-4.0142572795869576e-05,-0.006475171524898963,0.008936640638639668,-0.005115284294184297,0.026422344898506367
13448,0.0373,-0.0211,9.8122,-0.0313,0.0489,-0.3651,0.2161,1.1734,0.9367,-0.0005462880558742252,0.0008534660042252271,-0.006372197099031297,-0.008521939678934477,-0.0040959811120683184,0.01228902649544139
13456,0.0307,-0.0141,9.8186,-0.0249,0.114,-0.3354,0.2095,1.1864,0.9418,-0.00043458698374658803,0.0019896753472735357,-0.005853834311188981,0.0006268330603695242,-7.24499140842572e-05,0.0186580988356706
13464,0.0202,0.0172,9.8253,-0.0322,0.0775,-0.315,0.2062,1.1956,0.9479,-0.0005619960191421741,0.0013526301702956054,-0.005497787143782138,-0.004461379626292744,0.01648410030747749,0.02532097900770225
13472,-0.0025,0.1253,9.8359,0.0195,0.0719,-0.3009,0.2029,1.2047,0.954,0.00034033920413889426,0.001254891732183923,-0.005251695719250937,-0.0203568115289397,0.1098205074165048,0.03606426404256169
13480,0.0034,0.1088,9.8364,-0.0297,0.1786,-0.3513,0.1997,1.2137,0.9601,-0.0005183627878423159,0.0031171580440618727,-0.00613134166225608,-0.012285554715934673,0.07761655331551513,0.036688400869303806
13488,0.0151,0.0934,9.83,-0.0474,0.1526,-0.2929,0.1978,1.2237,0.9708,-0.0008272860654453121,0.0026633724385433473,-0.005112069379091391,-0.0006258913456650879,0.04616283933287534,0.03034689980596461
13496,0.0106,0.099,9.8342,-0.0003,0.1437,-0.3091,0.196,1.2335,0.9816,-5.235987755982989e-06,0.0025080381351158514,-0.005394812717914472,-0.0032423000799616667,0.03622899539873632,0.03463674709862197
13504,-0.0084,0.1356,9.8275,-0.0193,0.1246,-0.3352,0.1961,1.2443,0.9871,-0.00033684854563490564,0.0021746802479849347,-0.005850343652684993,-0.01643430447403539,0.058421689360466995,0.02825167513778659
13512,-0.0065,0.1226,9.8101,-0.1202,0.157,-0.3655,0.1962,1.2551,0.9925,-0.002097885760897184,0.0027401669256310974,-0.006379178416039274,-0.009842695602903526,0.030747828993079124,0.010815089092011121
13520,-0.0167,0.1064,9.8199,-0.1793,0.0626,-0.4798,0.1963,1.2658,0.998,-0.0031293753488258326,0.0010925761117484504,-0.008374089751068793,-0.007766414752445206,0.005901441856947628,0.02048576781138145
13528,-0.0126,0.1058,9.8164,-0.2011,-0.0197,-0.5544,0.195,1.2764,1.0044,-0.0035098571257605967,-0.0003438298626428829,-0.009676105373056564,0.005401363699134827,-0.007330096698749445,0.01697399685628831
13536,-0.0154,0.102,9.8192,-0.2433,0.0377,-0.5991,0.1932,1.285,1.0093,-0.004246386070102204,0.0006579891280018622,-0.010456267548698028,-0.0008815884953280046,0.004604743720772717,0.019740720565740943
13544,-0.0069,0.095,9.8217,-0.1984,0.1245,-0.7459,0.1919,1.2965,1.018,-0.0034627332359567498,0.0021729349187329405,-0.013018410890625704,-0.007185521246585326,0.0029925746539402986,0.022158770493446056
13552,-0.0061,0.0864,9.8281,-0.2247,0.0902,-0.8462,0.1905,1.3079,1.0267,-0.003921754829231259,0.0015742869852988853,-0.014768976130376015,0.00543078286450229,0.0047928466182962474,0.02847899296827805
13560,-0.0081,0.0713,9.7938,-0.2953,0.1668,-0.9689,0.1868,1.316,1.0344,-0.005153957281139255,0.002911209192326542,-0.01691049512257306,-0.0012181006622557853,0.005516673523873045,-0.005938747253823706
13568,0.0065,0.0567,9.8015,-0.288,0.1839,-1.1501,0.1813,1.3254,1.0393,-0.005026548245743669,0.003209660494417572,-0.02007303172718678,0.0005860170037723512,0.0001510205547899239,0.0016661350903426353
13576,0.0157,0.0499,9.7929,-0.2571,0.1737,-1.3208,0.1771,1.3348,1.0484,-0.004487241506877421,0.0030316369107141502,-0.023052308760341103,-0.0028761469891428254,0.0026193259275525825,-0.006961055070281219
13584,0.0221,0.0201,9.8271,-0.2409,0.1879,-1.5053,0.173,1.3441,1.0575,-0.00420449816805434,0.0032794736644973454,-0.026272441230270643,0.0012920331576819779,-0.011577017761426792,0.027138501787284497
13592,0.0325,0.0268,9.8357,-0.2654,0.2202,-1.6604,0.1708,1.3567,1.0636,-0.004632103834792951,0.003843215012891514,-0.02897944690011385,-0.0021452717716061625,0.0014431154862816985,0.03578986636185988
13600,0.0377,0.0465,9.823,-0.1901,0.3337,-1.7954,0.1653,1.3673,1.0717,-0.0033178709080412204,0.005824163713905078,-0.031335641390306194,0.0014819377316582765,0.005741505798942497,0.02318061418865014
13608,0.0166,0.0539,9.8315,-0.2168,0.221,-1.7379,0.1598,1.3779,1.0798,-0.003783873818323706,0.0038571776469074684,-0.03033207707040945,-0.006253540166760883,0.005000962429070213,0.03165850218619859
13616,0.0006,0.0879,9.8137,-0.197,0.2144,-1.7868,0.1567,1.386,1.0868,-0.003438298626428829,0.0037419859162758427,-0.03118554307463468,-0.013270446188033377,0.02603441503185249,0.014050161095159552
13624,0.0139,0.1246,9.8154,-0.1701,0.2695,-1.7323,0.1535,1.3941,1.0939,-0.0029688050576423546,0.004703662334124718,-0.03023433863229777,0.0014574455078509038,0.046707479489313565,0.016089436084632425
13632,0.0241,0.114,9.8228,-0.2163,0.1996,-1.7468,0.1505,1.4022,1.1009,-0.0037751471720637348,0.003483677186980682,-0.030487411373836946,0.006823013232443467,0.02095830675786486,0.023466335559371387
13640,-0.0067,0.1122,9.8232,-0.2446,0.2233,-1.7074,0.1474,1.415,1.1098,-0.00426907535037813,0.0038973202197033377,-0.029799751648551184,-0.011684132159275192,0.010505341286607472,0.023830469265037735
13648,-0.0159,0.1216,9.7989,-0.2289,0.2167,-1.603,0.1443,1.4277,1.1187,-0.0039950586578150205,0.003782128489071712,-0.027977627909469102,-0.009074851193943856,0.009718214764202999,-0.0003416496605570529
13656,-0.0097,0.1068,9.7838,-0.2246,0.1704,-1.4552,0.1474,1.4394,1.1232,-0.003920009499979264,0.0029740410453983376,-0.025398031275021483,0.005550030507483998,0.008146592706769075,-0.015617260133954147
13664,-0.0172,0.0861,9.7742,-0.2791,0.0861,-1.3112,0.1505,1.451,1.1278,-0.004871213942316174,0.0015027284859671177,-0.02288475715214965,0.0008550329999871513,0.0034792835982313136,-0.02540630749778039
13672,0.0037,0.1471,9.7564,-0.2192,-0.0265,-1.2188,0.1536,1.4626,1.1323,-0.0038257617203715706,-0.0004625122517784973,-0.02127207292330689,0.018584497506670506,0.04945951251922406,-0.0426334785930198
13680,0.0167,0.1167,9.7644,-0.2367,-0.0942,-1.1758,0.1491,1.4747,1.1397,-0.004131194339470578,-0.0016441001553786586,-0.020521581344949327,0.01694194038107411,0.010695657504355985,-0.034908924461243274
13688,0.0135,0.1711,9.763,-0.216,-0.0869,-1.108,0.1469,1.4842,1.1423,-0.0037699111843077517,-0.0015166911199830724,-0.019338248112097174,0.012114167097368386,0.05031168046900986,-0.03562862024575075
13696,0.0256,0.1921,9.7695,-0.1616,-0.0373,-1.0352,0.1472,1.4938,1.1482,-0.0028204520712228364,-0.0006510078109938849,-0.018067648416645297,0.019802150659698817,0.05621534137846309,-0.02875976499283084
13704,0.0334,0.2271,9.7649,-0.2055,0.0768,-0.8216,0.1474,1.5033,1.1541,-0.003586651612848347,0.001340412865531645,-0.01433962513438541,0.02439049678510817,0.07632192256382334,-0.032731085518186376
13712,0.0304,0.2314,9.7781,-0.2129,0.0793,-0.6546,0.1439,1.5103,1.1624,-0.0037158059774959275,0.0013840460968315032,-0.01142492528355488,0.01763786368701489,0.06570449152999627,-0.019351680202516874
13720,0.0167,0.2713,9.7617,-0.2146,0.1216,-0.7349,0.1446,1.5179,1.1711,-0.0037454765747798316,0.0021223203704251047,-0.012826424672906327,0.004968398167874552,0.09107521608653182,-0.03494239187323522
13728,-0.0175,0.3384,9.7652,-0.3096,0.0848,-0.6864,0.1453,1.5315,1.1797,-0.005403539364174444,0.0014800392056911916,-0.011979939985689077,-0.023791111625998933,0.1444205078417046,-0.0300190097461126
13736,-0.0266,0.359,9.7687,-0.3364,0.0709,-0.6507,0.1442,1.5384,1.1846,-0.005871287603708924,0.0012374384396639797,-0.011356857442727101,-0.02893813143785281,0.15040419796832824,-0.025869378211563543
13744,-0.0294,0.3922,9.7733,-0.3247,-0.0864,-0.5712,0.143,1.5453,1.1894,-0.005667084081225588,-0.0015079644737231008,-0.009969320687391611,-0.027918416340109754,0.16860053394909214,-0.02028259549483913
13752,-0.0014,0.4131,9.7611,-0.2842,-0.0208,-0.7298,0.1371,1.5508,1.1952,-0.004960225734167885,-0.00036302848441482053,-0.012737412881054616,0.0008734831570467776,0.17338967844585768,-0.031701169782140326
13760,-0.0083,0.3369,9.7586,-0.2054,0.0766,-0.9989,0.1355,1.5566,1.1995,-0.0035849062835963527,0.0013369222070276565,-0.017434093898171358,-0.007492196871087324,0.08234214181668263,-0.03593280959890777
13768,-0.0083,0.3467,9.7637,-0.2608,0.1271,-1.2455,0.1338,1.5649,1.2038,-0.004551818689201211,0.002218313479284793,-0.021738075833589377,-0.00565166196972261,0.07676694474493036,-0.030446153231382667
13776,0.0009,0.3123,9.7879,-0.2071,0.082,-1.26,0.1322,1.573,1.2081,-0.0036145768808802567,0.0014311699866353504,-0.02199114857512855,0.0014877573298590853,0.025999596091377225,-0.0071536151340954035
13784,0.0051,0.3049,9.798,-0.2197,-0.0171,-1.2925,0.1306,1.5812,1.2124,-0.003834488366631542,-0.00029845130209103034,-0.022558380582026707,0.0009627105485659319,0.0034082044980525356,0.0027435688857266882
13792,0.0189,0.2562,9.7902,-0.2745,-0.0532,-1.3289,0.13,1.5907,1.2152,-0.004790928796724435,-0.0009285151620609833,-0.023193680429752644,0.008526928394445904,-0.03010193266841307,-0.006480057959661778
13800,0.0396,0.1895,9.8082,-0.3215,0.1736,-1.3904,0.1293,1.6002,1.2181,-0.005611233545161769,0.003029891581462156,-0.02426705791972916,0.022627973092180387,-0.0825271874462162,0.009737146741800373
13808,0.041,0.2128,9.7927,-0.1584,0.0785,-1.4492,0.1258,1.6139,1.2228,-0.0027646015351590184,0.0013700834628155487,-0.025293311519901825,0.01906484175693001,-0.04426739702760727,-0.005020926037198947
13816,0.0555,0.2632,9.7727,-0.1919,0.1022,-1.4388,0.1224,1.6275,1.2275,-0.0033492868345771183,0.0017837264955382049,-0.025111797277694414,0.020494351059436165,0.0036453070966143567,-0.02362099377735838
13824,0.0586,0.229,9.7527,-0.1971,0.1649,-1.6502,0.1189,1.6411,1.2322,-0.0034400439556808234,0.0028780479365386495,-0.028801423316410425,0.013269282238406595,-0.01732234264568469,-0.04446023468746496
13832,0.0605,0.3315,9.7684,-0.3142,-0.0018,-1.703,0.1169,1.6499,1.2335,-0.005483824509766183,-3.141592653589793e-05,-0.029722957161463434,0.01599063048515389,0.06975704400076216,-0.02605149826596609
13840,0.0316,0.3304,9.7826,-0.4555,0.0761,-1.8041,0.1162,1.6638,1.2339,-0.007949974742834171,0.0013281955607676848,-0.0314874850352297,-0.009922310763236833,0.054727628196761226,-0.011929101479644544
13848,0.012,0.4087,9.7827,-0.3986,0.0306,-1.9035,0.118,1.6754,1.2405,-0.006956882398449398,0.0005340707511102648,-0.03322234231171206,-0.022994085745789247,0.11892784394638325,-0.009508366790001332
13856,0.0206,0.3816,9.801,-0.3628,-0.0609,-2.2306,0.1198,1.6868,1.247,-0.006332054526235428,-0.0010629055144645468,-0.03893131429498552,-0.01294536874709292,0.07598543664998095,0.0081447048279788
13864,0.0174,0.4341,9.8285,-0.4087,-0.1565,-2.1166,0.1192,1.6959,1.2545,-0.007133160652900825,-0.0027314402793711255,-0.03694163894771198,-0.012364982708010744,0.1126181654516957,0.037444895704011216
13872,0.0291,0.4647,9.8356,-0.2365,-0.2558,-2.2424,0.1171,1.7078,1.2615,-0.0041277036809665895,-0.0044645522266014955,-0.03913726314672084,0.000355932926901005,0.12701331181625178,0.04579543520650198
13880,0.0179,0.3973,9.8352,-0.3651,-0.3508,-2.3066,0.1141,1.7153,1.2665,-0.006372197099031297,-0.006122615015996108,-0.040257764526501205,-0.010604398833425491,0.04539113159386639,0.04312724350843666
13888,0.0091,0.302,9.8434,-0.2829,-0.375,-2.4213,0.1135,1.7257,1.2716,-0.004937536453891958,-0.006544984694978736,-0.042259657178538704,-0.017262793915438918,-0.035037110189195496,0.047958406027913014
13896,0.0138,0.3056,9.835,-0.3482,-0.3581,-2.5551,0.113,1.736,1.2766,-0.006077236455444256,-0.006250024051391694,-0.04459490771770711,-0.006958070795809123,-0.01624017533616867,0.039740577980490244
13904,0.0277,0.3011,9.8328,-0.3173,-0.2059,-2.771,0.1095,1.7443,1.2845,-0.005537929716578008,-0.0035936329298563246,-0.04836307357276287,0.0018448984736574435,-0.005853782524076002,0.037446145701625966
13912,0.0093,0.2947,9.8336,-0.3411,-0.1271,-2.8921,0.1099,1.7512,1.2856,-0.005953318078552658,-0.002218313479284793,-0.050476667296928006,-0.0038453804115155597,-0.0021266744879694013,0.03801830808954776
13920,0.0223,0.2502,9.8416,-0.5265,-0.1024,-3.0719,0.1083,1.7614,1.2897,-0.009189158511750145,-0.0017872171540421935,-0.05361476929201381,0.004761877293706958,-0.031109026314571058,0.044754818836596044
13928,0.0376,0.2031,9.8538,-0.6879,-0.0841,-3.1585,0.1068,1.7715,1.2937,-0.012006119924468992,-0.001467821900927231,-0.0551262244242409,0.014395694959815308,-0.06288481038744602,0.055753450375528146
13936,0.0397,0.2854,9.8398,-0.6128,-0.0213,-3.0626,0.1053,1.7816,1.2977,-0.010695377656221252,-0.0003717551306747922,-0.05345245367157834,0.009143802066920883,0.009485744261584852,0.04400933063046075
13944,0.0643,0.2878,9.8436,-0.597,0.0255,-3.1017,0.1014,1.7888,1.2993,-0.010419615634406148,0.000445058959258554,-0.05413487740910812,0.018977933993992634,0.006687003647712332,0.04799570532012076
13952,0.0497,0.3155,9.8502,-0.5179,0.1955,-3.1736,0.0975,1.796,1.3009,-0.009039060196078634,0.0034121186876489144,-0.05538976914129204,0.0035741694063639268,0.01996612809896635,0.055355851466844186
13960,0.0493,0.3483,9.8274,-0.7036,0.3448,-3.0478,0.0979,1.805,1.3077,-0.012280136617032103,0.006017895260876449,-0.053194144942283174,0.004113184765286148,0.038665292394726165,0.03361694479071886
13968,0.0488,0.337,9.8241,-0.7185,0.4368,-2.8982,0.0983,1.814,1.3145,-0.012540190675579259,0.007623598172711232,-0.05058313238129966,0.002114123539966847,0.012820970231461438,0.029990966588115953
13976,0.0476,0.339,9.828,-0.6555,0.2476,-2.9524,0.0987,1.823,1.3213,-0.01144063324682283,0.0043214352279379595,-0.05152910083588058,0.0004557886270015518,-8.429716770954156e-05,0.03396006424424591
13984,0.0295,0.3058,9.8183,-0.5605,0.0852,-3.0309,0.0996,1.8328,1.3229,-0.009782570457428218,0.0014870205226991688,-0.05289918429869613,-0.01082253146137946,-0.01778943479699092,0.023083283207078864
13992,0.0515,0.2835,9.8214,-0.739,0.21,-3.0926,0.1,1.8455,1.332,-0.012897983172238095,0.003665191429188092,-0.05397605244717663,0.006780012067841422,-0.02500383663573243,0.025591651376004165
14000,0.0427,0.3102,9.8105,-0.7684,0.2279,-3.0317,0.1028,1.8519,1.334,-0.013411109972324428,0.003977605365295077,-0.05291314693271209,0.003720581516741271,-0.01177982755686241,0.015488015016670076
14008,0.0461,0.2789,9.7965,-0.5271,0.2425,-3.0587,0.1055,1.8584,1.3359,-0.009199630487262111,0.004232423436086249,-0.05338438583075056,0.004066240023502484,-0.026522601916699876,0.0005409385033239289
14016,0.0719,0.3347,9.7843,-0.6324,0.435,-3.0632,0.1069,1.8662,1.3379,-0.01103746218961214,0.007592182246175334,-0.053462925647090306,0.02165308729348155,0.018811814996905152,-0.00975498521987106
14024,0.0889,0.3252,9.7902,-0.6771,0.4698,-2.7876,0.1053,1.873,1.3394,-0.011817624365253606,0.008199556825869361,-0.048652798228593926,0.023603548845402236,0.005799929017453963,-0.004027178309176094
14032,0.1089,0.2568,9.7868,-0.6265,0.3911,-2.5426,0.1062,1.8874,1.3433,-0.010934487763744474,0.0068259827045498225,-0.04437674156120783,0.03238811997771394,-0.04937595480445475,-0.00940386315667574
14040,0.0923,0.1813,9.8216,-0.6928,0.5638,-2.4817,0.1089,1.8974,1.3499,-0.012091641057816715,0.009840166322744029,-0.04331383604674328,0.011020530418976117,-0.10842632312765688,0.023102250326129337
14048,0.0787,0.2565,9.8125,-0.7749,0.377,-2.4475,0.1117,1.9074,1.3566,-0.01352455637370406,0.006579891280018622,-0.04271693344256121,0.0014032123579497129,-0.01570043833146916,0.016154731728267535
14056,0.0996,0.1938,9.8033,-0.8133,0.1556,-2.4601,0.1111,1.9169,1.358,-0.014194762806469882,0.0027157323161031764,-0.042936844928312505,0.015735952390074606,-0.06282962257188597,0.005507345789398599
14064,0.0972,0.2345,9.8242,-0.7888,0.1546,-2.2828,0.1114,1.9278,1.3609,-0.01376715713973127,0.002698279023583233,-0.03984237616452655,0.006825151499672685,-0.008548884801446183,0.027472923589035858
14072,0.1022,0.2017,9.829,-0.624,-0.0276,-2.2279,0.1147,1.9381,1.3623,-0.010890854532444616,-0.00048171087355043494,-0.038884190405181665,0.006419862415861919,-0.02556284042597555,0.031565188542256095
14080,0.0781,0.1524,9.8552,-0.7944,0.0354,-1.8661,0.1179,1.9484,1.3637,-0.013864895577842954,0.0006178465552059926,-0.032569589171466184,-0.016195051750490123,-0.057821767481710175,0.05650479498204675
14088,0.0931,0.1014,9.836,-0.6426,0.133,-1.6748,0.121,1.9587,1.3651,-0.011215485773315562,0.0023212879051524586,-0.029230774312401033,-0.0029582154370296353,-0.09257066375615056,0.03652720685370525
14096,0.0485,0.1664,9.8251,-0.6442,0.0717,-1.6492,0.1256,1.9685,1.3717,-0.01124341104134747,0.0012514010736799342,-0.028783970023890482,-0.030043136241577558,-0.016400106832991826,0.02656906893044919
14104,0.0495,0.1487,9.7742,-0.7817,-0.1496,-1.446,0.1302,1.9782,1.3783,-0.013643238762839674,-0.0026110125609835172,-0.025237460983838004,-0.01926764185857859,-0.02045048583079027,-0.024583992708725688
14112,0.044,0.1723,9.7788,-0.7106,-0.1026,-1.3984,0.1319,1.9907,1.3806,-0.012402309664671705,-0.0017907078125461821,-0.024406684259888706,-0.008074583694292899,0.0021013057735771033,-0.01958676151093286
14120,0.0241,0.2015,9.7601,-0.7785,-0.0763,-1.2409,0.1337,2.0032,1.3829,-0.013587388226775856,-0.0013316862192716736,-0.021657790687997634,-0.016466046419793587,0.021543738991223273,-0.037828120411649735
14128,0.0069,0.2273,9.7313,-0.8355,-0.1498,-1.5462,0.1354,2.0156,1.3852,-0.014582225900412624,-0.0026145032194875057,-0.026986280894336325,-0.023611945503504414,0.03689992053512207,-0.06614190251912433
14136,-0.01,0.2471,9.7267,-1.0473,0.1265,-1.4036,0.139,2.0275,1.387,-0.018278833256136613,0.0022078415037728267,-0.02449744138099241,-0.03030481912420877,0.046240731037475,-0.07031374027245718
14144,0.0162,0.2491,9.6957,-0.9325,0.1375,-1.3578,0.1402,2.0379,1.3898,-0.016275195274847123,0.0023998277214922034,-0.023698080583579004,-0.0023451708475801733,0.033213903745850495,-0.10114423878921386
14152,0.0171,0.2235,9.7122,-0.8467,0.084,-1.3727,0.1414,2.0473,1.3892,-0.014777702776635988,0.0014660765716752368,-0.023958134642126164,0.003107734467912916,-0.006034033641835686,-0.08521603778939024
14160,0.0138,0.1867,9.7094,-1.0021,0.0861,-1.3816,0.1426,2.0567,1.3886,-0.017489944434235176,0.0015027284859671177,-0.024113468945553655,-0.0011842273453709128,-0.025660799550736683,-0.08882932850153225
14168,0.0027,0.2067,9.7146,-0.8573,0.1575,-1.3982,0.1486,2.0623,1.3894,-0.014962707677347387,0.002748893571891069,-0.024403193601384716,0.0032507945652940416,0.002507891719436613,-0.08320173705279466
14176,0.0031,0.1861,9.7166,-0.8415,-0.0169,-1.1607,0.1517,2.0745,1.3917,-0.014686945655532283,-0.00029496064358704166,-0.020258036627898185,0.00044681461119197764,-0.0015804055201744137,-0.0816176406422926
14184,-0.0167,0.2594,9.7403,-0.9277,-0.2477,-1.3629,0.1609,2.0814,1.3944,-0.016191419470751395,-0.004323180557189954,-0.023787092375430717,-0.012236797284709671,0.05827533953728835,-0.05641413105041693
14192,0.0152,0.2657,9.7312,-1.0101,-0.2764,-1.5269,0.1673,2.0911,1.3957,-0.017629570774394723,-0.004824090052512327,-0.026649432348701416,0.015024919007114848,0.04949789062960244,-0.06529891672928478
14200,0.0134,0.2718,9.753,-0.8996,-0.1411,-1.9344,0.1736,2.1008,1.397,-0.01570098195094099,-0.002462659574563999,-0.03376164905057831,0.009770787864275123,0.041277968492601576,-0.043296434705951015
14208,0.0214,0.1999,9.7723,-0.8286,0.0175,-1.9001,0.1795,2.1076,1.4012,-0.014461798182025015,0.0003054326190990077,-0.03316300111714426,0.007548336839123223,-0.01593396700081123,-0.025648134464027805
14216,0.0483,0.1362,9.7811,-0.8807,-0.0441,-2.1366,0.1834,2.1172,1.401,-0.015371114722314061,-0.0007696902001294993,-0.03729070479811085,0.025257473515681986,-0.06542203930920755,-0.01808390156589823
14224,0.0543,0.0672,9.7636,-1.0532,-0.215,-2.2855,0.184,2.1258,1.3966,-0.018381807682004276,-0.0037524578917878084,-0.0398895000543304,0.02404011452858509,-0.11754812628296109,-0.036754955400288836
14232,0.0425,0.0489,9.7755,-1.0635,-0.3491,-2.1265,0.1847,2.1344,1.3922,-0.018561576594959692,-0.006092944418712205,-0.03711442654365942,0.009501800011018722,-0.11830768383153516,-0.02500584564149655
14240,0.0532,0.1007,9.7699,-0.796,-0.1414,-2.2118,0.1853,2.1429,1.3878,-0.013892820845874863,-0.002467895562319982,-0.03860319239561059,0.018004077610962357,-0.05127947932267553,-0.02958736755761393
14248,0.0169,0.1398,9.7142,-0.8229,-0.2387,-2.1227,0.1859,2.1462,1.3892,-0.014362314414661338,-0.0041661009245104645,-0.03704810403208363,-0.0025543275468990568,-0.00025743352069588544,-0.08477974006050815
14256,0.0309,0.1538,9.7354,-0.3393,-0.1451,-2.2908,0.1865,2.1495,1.3905,-0.00592190215201676,-0.0025324727446437724,-0.0399820025046861,0.0012291958424493897,0.0018588813277614323,-0.06333643162927416
14264,0.025,0.2215,9.7062,-0.3755,0.0991,-2.6409,0.1908,2.1571,1.3899,-0.006553711341238708,0.0017296212887263805,-0.04609240021591825,-0.0001910408476443457,0.055186556319182,-0.09139762388504202
14272,0.0337,0.1904,9.7277,-0.2367,-0.2728,-2.429,0.1952,2.1646,1.3893,-0.004131194339470578,-0.004761258199440531,-0.04239404753094226,0.0020490004065438694,0.008615329632669064,-0.0703824989009636
14280,0.0498,0.1586,9.7344,-0.3041,-0.4177,-2.3544,0.1996,2.172,1.3887,-0.005307546255314756,-0.0072902402855803145,-0.041092031908954496,0.007045848741658037,-0.01083354886970879,-0.06418928130613288
14288,0.058,0.1148,9.7545,-0.2991,-0.2843,-1.9604,0.2077,2.1818,1.3882,-0.005220279792715039,-0.004961971063419879,-0.03421543465609683,0.008733864859799954,-0.03974815674274057,-0.044736954154430464
14296,0.0403,0.1029,9.7787,-0.1424,-0.298,-1.6957,0.2135,2.1954,1.3866,-0.002485348854839925,-0.0052010811709431014,-0.029595548126067846,-0.007205293322280492,-0.03536282056614551,-0.02074216800325246
14304,0.0408,0.1076,9.7573,0.1168,-0.4178,-1.1758,0.2235,2.2023,1.3865,0.002038544566329377,-0.007291985614832309,-0.020521581344949327,-0.0036946443844440326,-0.015252959897185914,-0.04203405484435763
14312,0.0311,0.1543,9.7611,0.026,-0.3937,-0.82,0.2334,2.2091,1.3864,0.0004537856055185257,-0.006871361265101675,-0.014311699866353502,-0.0061768469622013955,0.017066050641518827,-0.03764784969948387
14320,0.0762,0.1815,9.7837,0.0699,-0.3147,-1.0744,0.2372,2.2173,1.3863,0.0012199851471440364,-0.005492551156026155,-0.018751817483427077,0.02901064235905096,0.029903957851734556,-0.01440862717358904
14328,0.07,0.2147,9.8015,0.1171,-0.2925,-1.1417,0.2433,2.2241,1.3853,0.00204378055408536,-0.005105088062083414,-0.01992642407001926,0.018639817726618955,0.048398887448933524,0.003963914911601307
14336,0.0644,0.232,9.8125,-0.0457,-0.2659,-0.7048,0.2466,2.2351,1.3814,-0.0007976154681614085,-0.004640830481052923,-0.012301080568056035,0.010421687315233562,0.050546800421860216,0.015317825694724618
14344,0.0671,0.235,9.756,0.0253,-0.0137,-0.7109,0.2532,2.2446,1.3808,0.0004415683007545654,-0.00023911010752322316,-0.012407545652427689,0.009882683839176055,0.03921594129749016,-0.041023216929538364
14352,0.0928,0.2281,9.7691,-0.1255,-0.1327,-0.3941,0.2597,2.2541,1.3803,-0.0021903882112528834,-0.0023160519173964756,-0.006878342582109653,0.02307028668725718,0.020407780175739892,-0.027845296743382875
14360,0.0796,0.2163,9.7609,-0.0164,-0.3664,-0.1685,0.261,2.2593,1.3792,-0.00028623399732707005,-0.0063948863793072235,-0.0029408797896104456,-0.0020737174767399627,-0.0015937654250288739,-0.036379574173954765
14368,0.0881,0.2545,9.7972,0.048,-0.2832,0.0099,0.2685,2.2697,1.3749,0.0008377580409572782,-0.004942772441647941,0.00017278759594743865,0.004369235345470323,0.01992287925403921,0.0008797405470044595
14376,0.0576,0.2571,9.7995,0.0882,-0.0143,0.1912,0.2722,2.2763,1.3739,0.0015393804002589986,-0.0002495820830351891,0.0033370695298131584,-0.014533363502387648,0.013488667631942002,0.0030212310894643934
14384,0.0432,0.2116,9.7734,0.1773,-0.2319,0.2498,0.2758,2.2828,1.3729,0.0030944687637859463,-0.00404741853537485,0.0043598324714818355,-0.02054975716631108,-0.01974583400518653,-0.024255722988666406
14392,0.0716,0.1263,9.7598,0.2999,-0.2799,0.4206,0.2794,2.2893,1.3719,0.005234242426730994,-0.0048851765763321285,0.0073408548338881495,0.0018752326522047634,-0.09106048572411803,-0.03954515601643749
14400,0.0609,0.0924,9.7625,0.2624,-0.3739,-0.0081,0.2873,2.2953,1.3704,0.004579743957233121,-0.006525786073206799,-0.00014137166941154068,-0.01006494921922505,-0.10906224320874265,-0.03748716037190292
14408,0.0584,0.0699,9.7531,-0.0321,0.0563,-0.1327,0.2952,2.3012,1.3689,-0.0005602506898901797,0.0009826203688728075,-0.0023160519173964756,-0.012142226371466003,-0.11562061815688825,-0.04716755916540194
14416,0.0662,0.0413,9.7696,0.0837,-0.1057,0.0708,0.3016,2.3105,1.366,0.0014608405839192538,-0.0018448130193580064,0.0012356931104119853,-0.005712793325237141,-0.12943998399649198,-0.03094759229251487
14424,0.0865,-0.0314,9.7714,-0.027,-0.1459,0.2468,0.308,2.3197,1.3632,-0.00047123889803846896,-0.002546435378659727,0.004307472593922005,0.009118666119281268,-0.1876062950430293,-0.029972011401993015
14432,0.0753,0.0257,9.7735,-0.0289,-0.131,0.2044,0.3144,2.3288,1.3603,-0.0005044001538263612,-0.002286381320112572,0.0035674529910764098,0.0010668697027264515,-0.11428142478213198,-0.026844345466567887
14440,0.0496,0.0077,9.7644,0.2894,-0.1941,0.3718,0.3217,2.3365,1.3569,0.0050509828552715895,-0.0033876840781209934,0.006489134158914917,-0.022895274523194432,-0.11559532846771473,-0.036182081970141056
14448,0.046,-0.0864,9.7767,0.279,0.0682,0.1879,0.3304,2.3447,1.3565,0.00486946861306418,0.0011903145498601327,0.0032794736644973454,-0.029867503519919455,-0.19437363226837664,-0.024787947399182997
14456,0.0327,-0.1329,9.801,0.3625,0.1163,0.4734,0.3362,2.3571,1.3522,0.006326818538479445,0.0020298179200694054,0.008262388678941156,-0.0430603296428305,-0.22534158283796946,-0.0007296353730943395
14464,0.0343,-0.0852,9.7902,0.3276,0.0664,0.1304,0.3463,2.3604,1.3437,0.005717698629533424,0.001158898623324235,0.0022759093446006054,-0.03510247387907414,-0.16287624933643935,-0.010787022761755694
14472,0.0317,-0.0006,9.755,0.1369,-0.0507,-0.0963,0.3564,2.3637,1.3352,0.002389355745980237,-0.0008848819307611251,-0.0016807520696705393,-0.026419385643809256,-0.06376998163624023,-0.045192689985910306
14480,0.0516,0.0067,9.7372,0.1679,0.0667,-0.377,0.3669,2.3699,1.3352,0.002930407814098479,0.0011641346110802177,-0.006579891280018622,-0.004312760799787957,-0.04232804215447376,-0.062753930040504
14488,0.051,0.0269,9.7521,-0.0184,0.2642,-0.5948,0.3825,2.3817,1.3324,-0.0003211405823669566,0.004611159883769018,-0.010381218390862272,-0.0007930305210473395,-0.006818477347385493,-0.04773196125797341
14496,0.0586,0.0271,9.7801,-0.2393,0.2372,-0.4644,0.3943,2.3915,1.3292,-0.004176572900022431,0.004139920985730549,-0.008105309046261666,-0.0036441389422957058,0.004603536931089887,-0.019688659981264678
14504,0.0582,0.0572,9.7918,0.2775,0.3366,-0.5851,0.4004,2.3947,1.3259,0.004843288674284265,0.0058747782622129135,-0.010211921453418822,-0.000810892069998512,0.018604880913507683,-0.007877680458630465
14512,0.0783,0.0472,9.8156,0.4276,0.3064,-0.4764,0.4064,2.3978,1.3246,0.007463027881527752,0.005347688828110626,-0.008314748556500986,0.004268417063732806,0.0009191830184190606,0.016024807717140988
14520,0.0902,0.0618,9.8417,0.4486,0.1788,-0.7566,0.4171,2.4067,1.3233,0.007829547024446562,0.003120648702565861,-0.013205161120589098,0.00517142732677328,0.0036755744730518273,0.04230531514297553
14528,0.0713,0.1324,9.8298,0.1913,0.4301,-0.7871,0.4344,2.4188,1.3234,0.003338814859065152,0.007506661112827611,-0.013737486542447368,-0.0067480313592461535,0.05944831745047328,0.03076812114013272
14536,0.0483,0.1234,9.8345,0.2252,0.2891,-0.9043,0.4516,2.4309,1.3235,0.00393048147549123,0.005045746867515607,-0.015783012425784722,-0.02196808705022607,0.0379228984293128,0.03529511285381126
14544,0.0389,0.1599,9.7968,0.0524,0.4076,-0.6911,0.4687,2.4429,1.3236,0.0009145525280450287,0.007113962031128887,-0.012061970460532812,-0.02263195946684512,0.06049717180838301,-0.002030856008278903
14552,0.0239,0.2294,9.75,-0.0223,0.1423,-0.6791,0.4867,2.4501,1.3213,-0.0003892084231947355,0.0024836035255879313,-0.011852530950293493,-0.02895391167843338,0.11613346548207575,-0.04800685709871644
14560,0.0382,0.2498,9.7855,-0.283,0.0592,-0.9344,0.5046,2.4573,1.319,-0.004939281783143952,0.0010332349171806431,-0.016308356530635015,-0.011953572163901444,0.11999709109177319,-0.011980417865826709
14568,0.0698,0.1368,9.8532,-0.7803,-0.0762,-0.9811,0.522,2.465,1.313,-0.013618804153311754,-0.0013299408900196792,-0.017123425291316368,-0.0027173138480907394,9.305039479482094e-05,0.05439643649204129
14576,0.0861,0.1852,9.7933,-0.5385,0.2049,-0.7965,0.5392,2.4726,1.3069,-0.009398598021989463,0.0035761796373363812,-0.013901547492134835,0.012165922269069407,0.03411927370978113,-0.004637576613264471
14584,0.0686,0.2905,9.7796,-0.526,0.1245,-1.0573,0.5564,2.4802,1.3009,-0.009180431865490174,0.0021729349187329405,-0.018453366181336046,0.0014720948394348994,0.12554134341474316,-0.01665141303702633
14592,0.0781,0.3211,9.7749,-0.5033,0.3675,-0.936,0.5687,2.4963,1.2949,-0.00878424212528746,0.006414085001079161,-0.016336281798666925,0.012192757556373461,0.14061293867711963,-0.020534055065187573
14600,0.059,0.317,9.763,-0.4443,0.5439,-1.3667,0.5805,2.5056,1.2965,-0.007754497866610806,0.00949284580159716,-0.023853414887006503,-0.005390443156351437,0.12286998726719503,-0.03245102856650384
14608,0.0431,0.2239,9.7927,-0.7426,0.3953,-1.6692,0.5942,2.513,1.2858,-0.012960815025309892,0.006899286533133584,-0.02913303587428935,-0.016213364108212138,0.019709464904448033,-0.004679138802167415
14616,0.0232,0.2937,9.8028,-0.5585,0.4158,-1.6092,0.6058,2.5185,1.2817,-0.00974766387238833,0.0072570790297924225,-0.02808583832309275,-0.025877835952226667,0.07632019810714946,0.006895091463317016
14624,0.0367,0.2274,9.8109,-0.5611,0.3875,-1.6398,0.6174,2.5239,1.2777,-0.009793042432940184,0.006763150851478027,-0.028619909074203014,-0.002255555362163585,0.002303459646528055,0.013603113359723196
14632,0.0575,0.1716,9.8092,-0.4649,-0.0743,-1.5224,0.6309,2.5321,1.2704,-0.008114035692521638,-0.001296779634231787,-0.026570892532361674,0.010802500133261226,-0.03888926978406168,0.01078632835750426
14640,0.0559,0.1251,9.7608,-0.3942,-0.3346,-1.2448,0.6466,2.5379,1.2654,-0.006880087911361647,-0.005839871677173027,-0.02172585852882541,0.004924735697921659,-0.06804245447825841,-0.038476684893547386
14648,0.0662,0.1068,9.7379,-0.364,-0.4235,-1.3153,0.6561,2.5513,1.2595,-0.006352998477259359,-0.007391469382195985,-0.022956315651481415,0.011132878684946671,-0.0706253378254874,-0.06155180684986128
14656,0.0633,0.0187,9.7459,-0.5324,-0.3645,-1.0601,0.6669,2.5608,1.2546,-0.00929213293761781,-0.006361725123519331,-0.01850223540039189,0.001856083601949136,-0.1421551349728488,-0.054913450227621396
14664,0.0633,0.1043,9.7194,-0.3042,-0.212,-0.7733,0.6777,2.5702,1.2497,-0.005309291584566751,-0.0037000980142279784,-0.01349663110567215,0.005209076253111077,-0.04048111642130185,-0.07991996510636312
14672,0.078,0.0598,9.7314,-0.4272,-0.093,-0.6645,0.6937,2.5777,1.242,-0.0074560465645197764,-0.0016231562043547264,-0.01159771287950232,0.013848923651025585,-0.07014873294905431,-0.068366356948113
14680,0.0753,0.0048,9.7486,-0.1556,-0.1497,-0.683,0.709,2.5823,1.2371,-0.0027157323161031764,-0.0026127578902355115,-0.011920598791121272,0.006375447837503379,-0.10929265263809258,-0.05172273887615653
14688,0.0269,-0.0184,9.7802,-0.0051,-0.2014,-1.0768,0.7244,2.5868,1.2323,-8.901179185171081e-05,-0.0035150931135165798,-0.01879370538547494,-0.0389268524651647,-0.11482810150401995,-0.020497281698720116
14696,0.009,-0.0678,9.7887,-0.2079,-0.1681,-1.112,0.7377,2.5942,1.2269,-0.0036285395148962112,-0.002933898472602468,-0.019408061282176946,-0.05484475981175224,-0.14805735381862556,-0.012334466160922375
14704,0.0156,-0.0618,9.8014,-0.2765,0.0371,-1.2203,0.751,2.6015,1.2217,-0.004825835381764321,0.0006475171524898963,-0.0212982528620868,-0.042884823153297044,-0.127367928110042,0.0006858363500281683
14712,0.0325,-0.0282,9.7619,-0.0674,-0.1614,-1.3586,0.7642,2.6088,1.2164,-0.0011763519158441782,-0.0028169614127188476,-0.02371204321759496,-0.020058276574541848,-0.07942404679202786,-0.03834888011602544
14720,0.0442,-0.0324,9.7685,-0.1902,-0.0072,-1.4988,0.7802,2.6132,1.2116,-0.003319616237293215,-0.0001256637061435917,-0.02615899482889101,-0.0070889084328088275,-0.0686139283662542,-0.031589815829223156
14728,0.082,-0.0581,9.784,-0.3075,0.127,-1.5075,0.7961,2.6175,1.2068,-0.005366887449882563,0.0022165681500327986,-0.02631083847381452,0.024587638382581403,-0.08138908637873242,-0.01585328837219535
14736,0.0981,-0.0835,9.8136,0.0709,0.2046,-1.4252,0.8119,2.6218,1.2021,0.0012374384396639797,0.003570943649580398,-0.024874432499423185,0.03376568271305402,-0.09320446709685892,0.013944855458689176
14744,0.0552,-0.0961,9.8103,-0.0472,0.2308,-2.0612,0.8343,2.628,1.1945,-0.0008237954069413235,0.0040282199136029125,-0.03597472654210712,-0.008061083213387622,-0.08730370194979617,0.01053420678829653
14752,0.0378,-0.1636,9.8086,-0.2722,0.3785,-2.0907,0.848,2.6388,1.1869,-0.004750786223928565,0.006606071218798537,-0.036489598671445446,-0.02637465903510038,-0.13777704631752044,0.009034082052563619
14760,0.0148,-0.1558,9.7907,-0.1433,0.3998,-2.2922,0.8673,2.644,1.1756,-0.0025010568181078746,0.006977826349473329,-0.04000643711421402,-0.04264751295991566,-0.11371656725766831,-0.008802478656177115
14768,0.0027,-0.1255,9.7969,0.1613,0.3668,-2.1542,0.8856,2.65,1.1638,0.0028152160834668534,0.006401867696315201,-0.03759788274646184,-0.04385156260220819,-0.06969064774361679,-0.002641815056753316
14776,0.0253,-0.1023,9.8225,0.1352,0.5565,-2.2463,0.9037,2.656,1.1521,0.0023596851486963333,0.009712757287348444,-0.03920533098754863,-0.013115884020800116,-0.0336331767279328,0.022998952102637915
14784,0.0299,-0.0561,9.7509,-0.0097,0.7273,-2.1744,0.9189,2.661,1.1433,-0.00016929693744344997,0.012693779649754757,-0.0379504392553647,0.002131405343437034,-0.0026686306161058594,-0.048893377389319426
14792,0.0687,0.0421,9.779,0.0197,0.9733,-2.3429,0.9368,2.6641,1.1316,0.0003438298626428829,0.01698728960966081,-0.04089131904497515,0.0416227449583957,0.07877395661890003,-0.021073918325145158
14800,0.0532,0.0421,9.8405,0.0745,0.8753,-2.2881,0.9546,2.6662,1.12,0.0013002702927357754,0.015276866942706366,-0.039934878614882256,0.02231749544966232,0.06490917539359775,0.04049448088593621
14808,0.042,0.0454,9.8469,-0.2038,0.9601,-2.657,0.9723,2.672,1.1164,-0.0035569810155644437,0.016756906148397557,-0.04637339822548934,0.010138572685220103,0.05361024463051853,0.04694307493521244
14816,0.0518,-0.0997,9.8586,0.0741,0.9613,-2.6924,0.9899,2.6779,1.1129,0.0012932889757277981,0.016777850099421492,-0.04699124478069533,0.009512100448913863,-0.07633467815215535,0.05894009652439358
14824,0.078,-0.0297,9.8433,0.0945,1.2291,-2.5876,1.0069,2.6818,1.1042,0.0016493361431346415,0.021451841836262305,-0.045162139724605276,0.026767019006698645,-0.005441393910130235,0.043615946283447116
14832,0.0658,0.0405,9.8326,0.1727,1.0291,-2.3221,1.0266,2.6875,1.0927,0.003014183618194207,0.017961183332273645,-0.04052829056056032,0.01641680645035859,0.04997191799522811,0.0327628846564707
14840,0.0674,0.083,9.8088,0.5274,1.198,-2.2868,1.0463,2.6932,1.0812,0.009204866475018093,0.020909044438892067,-0.03991218933460633,0.019205654295416544,0.07606767903293568,0.009068969634663304
14848,0.0534,0.0591,9.8264,0.416,1.0207,-2.2718,1.0606,2.7003,1.0725,0.007260569688296411,0.01781457567510612,-0.039650389946807175,0.0038206382661378022,0.036827904774447605,0.026653063894803708
14856,0.0727,0.1031,9.8433,0.3975,1.0006,-2.3747,1.0748,2.7074,1.0639,0.00693768377667746,0.01746376449545526,-0.04144633374710934,0.022516791550018147,0.06370322678476278,0.043876506894806155
14864,0.0983,-0.0921,9.844,0.7984,1.232,-2.1078,1.0889,2.7144,1.0554,0.013934708747922728,0.02150245638457014,-0.03678804997353648,0.03192607314081512,-0.11880900650820883,0.04415290646312009
14872,0.0877,-0.0574,9.8191,0.8058,1.1839,-1.8899,1.1044,2.7214,1.043,0.014063863112570307,0.020662953014360868,-0.03298497753344083,0.021149414866648578,-0.06953446887634047,0.019390435250493
14880,0.0987,-0.0766,9.8093,0.6582,0.9726,-1.9162,1.1198,2.7283,1.0307,0.011487757136626676,0.016975072304896848,-0.03344399912671534,0.026950832699956316,-0.075641830531324,0.009766954728876343
14888,0.0667,0.004,9.8009,0.8077,1.0346,-2.0134,1.1393,2.7343,1.0152,0.0140970243683582,0.018057176441133332,-0.03514045915965383,0.00030762362861067776,-0.009761627671280665,0.0011229109726453856
14896,0.1011,0.0231,9.8307,0.5347,1.2751,-1.8796,1.1587,2.7402,0.9996,0.00933227551041368,0.022254693292179693,-0.032805208620485415,0.022029544786594496,0.0029795385462652764,0.03122185343747219
14904,0.1103,-0.0046,9.8827,0.6923,1.4492,-1.6691,1.1762,2.7447,0.9865,0.012082914411556744,0.025293311519901825,-0.029131290545037356,0.018851033445111944,-0.01604300076735105,0.08328557720884788
14912,0.13,-0.032,9.8418,0.7844,1.6423,-1.1424,1.1925,2.75,0.9716,0.01369036265264352,0.028663542305502877,-0.019938641374783222,0.02905194321983985,-0.03388358463353496,0.042609365777325436
14920,0.1912,-0.1069,9.8363,1.1524,1.5203,-0.6654,1.2117,2.7521,0.9538,0.020113174299982654,0.02653424061806979,-0.011613420842770268,0.07724553638247897,-0.10216930300710825,0.03790512764948417
14928,0.2173,-0.0622,9.8631,0.7736,1.5956,-0.3906,1.2307,2.7555,0.9408,0.013501867093428132,0.02784847354482152,-0.006817256058289851,0.09456104509249598,-0.05295337173860029,0.06509421592984488
14936,0.2105,0.0507,9.8902,0.9074,1.5316,0.0695,1.2496,2.7589,0.9279,0.015837117632596546,0.026731462823545153,0.0012130038301360591,0.0842614370270687,0.050378127230312736,0.09208263383029447
14944,0.1446,0.1324,9.8417,0.6567,1.2918,0.2589,1.2708,2.7632,0.9103,0.011461577197846762,0.02254616327726275,0.00451865743341332,0.02394738530926047,0.1200512614081016,0.042891446489246476
14952,0.1648,0.1667,9.8676,0.3343,1.2438,0.2906,1.2937,2.7694,0.8946,0.005834635689417044,0.021708405236305472,0.005071926806295522,0.043331085000980075,0.1371057857099939,0.06933645746244821
14960,0.1543,0.1859,9.8983,0.3647,1.2966,0.2969,1.3118,2.7717,0.8838,0.006365215782023321,0.022629939081358477,0.005181882549171165,0.03224110117342684,0.140853447314385,0.10019348335045386
14968,0.1921,0.1476,9.9229,0.7884,1.5363,0.447,1.3297,2.774,0.8729,0.013760175822723293,0.026813493298388884,0.007801621756414653,0.06003668876742775,0.08541041722698452,0.1253077149593178
14976,0.2415,0.1003,9.9128,0.3296,1.7496,0.5291,1.3523,2.7764,0.8559,0.0057526052145733106,0.03053628059289279,0.009234537072301999,0.09333237405341273,0.02916414942970061,0.11576647064368828
14984,0.2205,-0.0309,9.9388,0.4935,1.4203,0.6157,1.38,2.7796,0.8419,0.008613199858592015,0.024788911366075462,0.010745992204529087,0.056025235913049524,-0.0876235430535004,0.1407496592381623
14992,0.2361,-0.0025,9.9687,0.4502,1.6013,0.8185,1.4075,2.7828,0.8278,0.007857472292478471,0.027947957312185197,0.014285519927573587,0.06303516092408948,-0.0511338687244081,0.17116548082301897
15000,0.2234,-0.0542,9.9497,0.6542,1.5451,1.0177,1.4343,2.7879,0.811,0.011417943966546903,0.026967082272564384,0.017762215797546294,0.04238827917725166,-0.08830019507621048,0.15187327086402824
15008,0.1786,0.0748,9.9266,0.7559,1.3927,1.1362,1.461,2.7929,0.7942,0.013192943815825137,0.02430720049252503,0.019830430961159575,0.0065743217275240065,0.02681138125320448,0.1284499539519821
15016,0.1491,0.1414,9.8788,0.4771,1.5189,1.1216,1.4875,2.7979,0.7775,0.008326965861264947,0.02650980600854187,0.0195756128903684,-0.012394080408530229,0.0791855559947908,0.08061183553390094
15024,0.1401,0.1557,9.8711,0.3066,1.6156,0.9956,1.5119,2.7986,0.7594,0.005351179486614614,0.02819753939522039,0.017376498032855545,-0.014726075231812692,0.07813019606012095,0.07300179910709126
15032,0.106,0.1563,9.8983,0.3621,1.3641,0.7364,1.5362,2.7993,0.7414,0.006319837221471467,0.02380803632645465,0.012852604611686243,-0.039100344209232675,0.06681976745988402,0.09979872834591141
15040,0.091,0.1915,9.896,0.5006,1.3396,0.3233,1.558,2.8,0.721,0.008737118235483614,0.023380430659716036,0.005642649471697667,-0.0426449989535937,0.08803861446215375,0.09778762433443156
15048,0.098,0.1987,9.9359,0.5877,1.5535,-0.0532,1.5796,2.8007,0.7008,0.010257300013970674,0.027113689929731913,-0.0009285151620609833,-0.028017366031069618,0.07849604014222103,0.13802032091314764
15056,0.0871,0.1538,9.966,0.7696,1.3234,-0.0345,1.6072,2.806,0.6782,0.013432053923348359,0.023097687320892957,-0.0006021385919380437,-0.028317605269620898,0.022963265515314194,0.16750057194222734
15064,0.0871,0.1168,9.9286,0.7303,0.954,-0.2592,1.6285,2.809,0.6567,0.012746139527314588,0.016650441064025905,-0.004523893421169302,-0.014701277416976355,-0.00815921111001254,0.12965477293729144
15072,0.0121,0.2332,9.8888,0.866,0.8061,-0.0422,1.6549,2.811,0.6338,0.015114551322270894,0.01406909910032629,-0.000736528944341607,-0.07058029960993216,0.09959181417570266,0.09080350537084314
15080,0.0639,0.1768,9.9398,0.7451,0.654,-0.1013,1.6801,2.8121,0.6153,0.013004448256609749,0.011414453308042916,-0.0017680185322702558,-0.014413432461270059,0.024234491777089046,0.1415376291785453
15088,0.0863,0.1795,9.9099,0.5042,1.0499,0.1515,1.7052,2.8131,0.5969,0.008799950088555409,0.018324211816688467,0.0026441738167714093,0.004879169918553937,0.009897056763172131,0.11189508580313401
15096,0.0914,0.0504,9.9075,0.5671,1.0125,0.0732,1.7334,2.8118,0.5767,0.009897762188059843,0.017671458676442587,0.0012775810124598492,0.0020189745483959144,-0.10421339287873191,0.10750149444785428
15104,0.0743,-0.005,9.9061,0.27,1.0353,0.0224,1.7601,2.8147,0.5547,0.00471238898038469,0.018069393745897295,0.0003909537524467298,-0.015685397254729536,-0.14296506106021573,0.10533581761007227
15112,0.0669,-0.0606,9.9109,0.1911,0.8652,0.4298,1.7823,2.8156,0.5308,0.003335324200561164,0.015100588688254939,0.007501425125071628,-0.02374692162593023,-0.1825930653372063,0.10960052858862923
15120,0.0593,-0.0882,9.9065,0.2304,0.9452,0.5527,1.8091,2.8204,0.5109,0.004021238596594935,0.016496852089850404,0.009646434775772659,-0.029483629722919902,-0.19428370527137934,0.10512102588577044
15128,0.0552,-0.0967,9.9148,0.1107,0.7977,0.9556,1.8357,2.8251,0.491,0.0019320794819577228,0.013922491443158767,0.016678366332057812,-0.03050020446606328,-0.1871424594913898,0.11361207670458562
15136,0.0456,-0.077,9.9055,-0.3532,0.9206,1.5621,1.8665,2.8227,0.4637,-0.006164502918043972,0.016067501093859796,0.027263788245403424,-0.03370799151671037,-0.15088620726355442,0.10469765988672286
15144,0.0528,-0.0452,9.9117,-0.4101,0.7582,1.9955,1.897,2.8203,0.4365,-0.0071575952624287455,0.013233086388621007,0.03482804522354685,-0.02006556184047748,-0.10367664666180712,0.11138114977751101
15152,0.0471,-0.0742,9.9263,-0.5258,0.6695,2.1166,1.9287,2.8197,0.4089,-0.009176941206986186,0.011684979342102036,0.03694163894771198,-0.023625053137841995,-0.11607004214044844,0.12598233638271772
15160,0.0377,-0.0585,9.8435,-0.6419,0.3101,1.7924,1.9603,2.8192,0.3815,-0.011203268468551603,0.005412266010434415,0.03128328151274636,-0.026116739676392588,-0.0835474189809715,0.04335682248135875
15168,0.0498,-0.0457,9.831,-1.0435,0.2196,1.6931,1.9916,2.8187,0.3542,-0.01821251074456083,0.0038327430373795474,0.029550169565515993,-0.009838819337123723,-0.05470610233593447,0.031075219425453326
15176,0.0744,-0.1043,9.8624,-0.8862,0.4239,1.6087,2.0223,2.8129,0.3309,-0.015467107831173749,0.007398450699203963,0.02807711167683278,0.009695448211661888,-0.09799201914695783,0.06274055080368868
15184,0.0766,-0.1235,9.8786,-0.9171,0.7151,1.5548,2.0527,2.8071,0.3076,-0.016006414570039998,0.01248084948101145,0.027136379210007836,0.010154382477060039,-0.10032951686927392,0.07915424753360512
15192,0.0718,-0.1196,9.8654,-1.1654,0.3963,2.0765,2.083,2.8061,0.2845,-0.020340067102741916,0.006916739825653528,0.03624176191766225,0.005466420010651133,-0.07880565453547521,0.06606995449887698
15200,0.0838,-0.0504,9.8467,-1.3921,0.4488,1.7167,2.1131,2.8051,0.2615,-0.02429672851701306,0.007833037682950551,0.029962067268986654,0.008875488173783171,-0.0020001808676579787,0.0471813588958625
15208,0.0646,0.0186,9.7874,-1.2995,0.355,1.7567,2.143,2.804,0.2386,-0.022680553629666315,0.0061959188445798695,0.030660198969784384,-0.0033225251837398573,0.05397056972508735,-0.012518504823116672
15216,0.0582,-0.001,9.8453,-1.3017,0.2493,1.6562,2.1684,2.8025,0.2177,-0.02271895087321019,0.004351105825221863,0.028906143071530083,-0.006102776219789689,0.021893813242715762,0.04544583790211476
15224,0.0692,-0.0101,9.8791,-1.2185,0.1536,2.0081,2.197,2.8,0.188,-0.021266836935550905,0.00268082573106329,0.03504795670929813,-0.0006115163524244283,-0.0011663383679917493,0.0793474342034628
15232,0.0746,0.0227,9.8704,-1.4082,0.0273,1.95,2.2291,2.7985,0.1626,-0.024577726526584145,0.000476474885794452,0.034033920413889425,0.003743838692006691,0.017730982613780973,0.07069137426185534
15240,0.0814,-0.0319,9.8667,-1.563,-0.184,2.1691,2.2611,2.797,0.1374,-0.02727949620867137,-0.0032114058236695662,0.037857936805009,0.0038954314676835464,-0.019490943997907798,0.06706731449196823
15248,0.1121,-0.0904,9.8975,-1.6016,-0.3755,1.952,2.2858,2.7954,0.1114,-0.02795319329994118,-0.006553711341238708,0.03406882699892931,0.02437405067217891,-0.06279873239844917,0.0983183948013604
15256,0.0884,-0.0955,9.8939,-1.348,-0.4359,1.603,2.3136,2.7905,0.086,-0.023527038316883565,-0.007607890209443283,0.027977627909469102,-0.00013897782021718956,-0.04856120038216025,0.09463661841619242
15264,0.0933,-0.0992,9.8611,-1.3427,-0.4964,1.8852,2.3421,2.7871,0.0608,-0.023434535866527863,-0.008663814406899851,0.0329029470585971,0.0028189439127414644,-0.03512945281281393,0.061977322783716815
15272,0.0755,-0.1723,9.8528,-1.215,-0.3035,2.0725,2.3709,2.7832,0.0337,-0.021205750411731106,-0.00529707427980279,0.03617194874758248,-0.01714254560556737,-0.089719700111344,0.05417230864886413
15280,0.0649,-0.1464,9.8007,-1.3702,-0.2151,2.1956,2.3996,2.7793,0.0069,-0.023914501410826305,-0.003754203221039803,0.038320449056787505,-0.019848399930905026,-0.04717648984087104,0.0018746104929583396
15288,0.0611,-0.081,9.8327,-1.5666,-0.2745,2.1933,2.4275,2.7673,-0.0203,-0.027342328061743165,-0.004790928796724435,0.038280306483991625,-0.008385249591809576,0.009994469219537255,0.033214799757722346
15296,0.0724,-0.1572,9.8531,-1.0558,-0.2247,2.0017,2.4553,2.7553,-0.0474,-0.018427186242556133,-0.003921754829231259,0.034936255637170496,-0.0018944860728544314,-0.04934037093051157,0.054496189492335034
15304,0.0552,-0.1832,9.8688,-1.09,-0.3077,1.5039,2.4829,2.7482,-0.0744,-0.019024088846738195,-0.005370378108386552,0.026248006620742722,-0.016864451367105418,-0.057244102163164216,0.07047422483072019
15312,0.0669,-0.1098,9.9026,-0.6987,-0.5364,0.9905,2.5104,2.741,-0.1012,-0.01219461548368438,-0.009361946107697583,0.017287486241003836,-0.0006541173904392552,0.0008614302956429717,0.10343461835681822
15320,0.0776,-0.1136,9.9026,-0.5751,-0.1738,0.6062,2.5376,2.7338,-0.1278,-0.010037388528219388,-0.003033382239966145,0.010580185925589625,-0.005256995918686633,0.0026988834806130576,0.10355383486260727
15328,0.0845,-0.2194,9.8831,-0.5877,-0.1524,-0.1746,2.5618,2.7224,-0.1586,-0.010257300013970674,-0.0026598817800393584,-0.0030473448739820994,-0.004496621290982135,-0.08694020194029543,0.0855128041838853
15336,0.073,-0.1093,9.885,-1.0263,-0.2119,-0.7105,2.5859,2.711,-0.1892,-0.017912314113217805,-0.0036983526849759846,-0.012400564335419712,-0.0035106954690975155,0.010294206617763174,0.0858678017828769
15344,0.0635,-0.0734,9.8831,-1.0298,-0.2875,-1.6204,2.6098,2.7049,-0.2182,-0.017973400637037607,-0.0050178215994836975,-0.028281315199316117,-0.007447026694816209,0.03272400641856257,0.0835195705374776
15352,0.0467,-0.0957,9.9155,-0.7904,-0.3225,-2.4425,2.6335,2.6988,-0.2471,-0.013795082407763181,-0.005628686837681713,-0.0426296669799615,-0.011888753010873103,0.00639685776782151,0.11606259398167218
15360,0.0028,-0.0174,9.9344,-0.7162,-0.3132,-3.2126,2.657,2.6927,-0.2758,-0.012500048102783387,-0.0054663712172462395,-0.056070447549569837,-0.043066573170520706,0.07486741040788256,0.13404017009867708
15368,0.0237,-0.0344,9.9305,-0.9999,0.2743,-3.9117,2.679,2.6851,-0.302,-0.0174515471906913,0.004787438138220446,-0.0682720443502622,-0.016810417886639294,0.043146053571789,0.13047990420964872
15376,0.0257,-0.0654,9.9242,-0.7139,-0.0119,-4.7749,2.7022,2.6762,-0.3271,-0.012459905529987518,-0.00020769418098732522,-0.08333772645347724,-0.003934647807799479,0.0037790663415005286,0.12444726557626495
15384,0.0302,-0.1703,9.884,-0.731,0.0238,-5.1977,2.7281,2.6706,-0.3549,-0.012758356832078549,0.00041538836197465044,-0.09071697853090926,-0.005436414693325581,-0.08469638506995239,0.08514881515454675
15392,0.0617,-0.2284,9.8225,-0.7474,0.1726,-5.7354,2.7539,2.665,-0.3826,-0.013044590829405619,0.0030124382889422127,-0.10010161391888278,0.019935376506996054,-0.12884044227050886,0.024483824669825793
15400,0.0979,-0.2418,9.8283,-0.5631,0.0935,-6.0522,2.7728,2.6613,-0.4144,-0.009827949017980071,0.0016318828506146981,-0.10563081698920081,0.04948864639097647,-0.12924973360727418,0.03078724824420398
15408,0.1425,-0.2835,9.7949,-0.4001,0.0926,-6.1978,2.794,2.6514,-0.446,-0.006983062337229313,0.0016161748873467492,-0.10817201638010455,0.08382912035905606,-0.16003561484328344,-0.0016273907060693205
15416,0.1182,-0.2953,9.8152,-0.7003,-0.303,-6.6463,2.8117,2.644,-0.476,-0.01222254075171629,-0.005288347633542819,-0.11599981807529913,0.052926722002835686,-0.15406838311055845,0.019001276373465714
15424,0.1704,-0.3247,9.7985,-0.8807,-0.3052,-7.07,2.8302,2.6351,-0.5072,-0.015371114722314061,-0.0053267448770866945,-0.12339477811599911,0.09475467119086702,-0.17254222309860265,0.003383050433953372
15432,0.1917,-0.2907,9.8089,-0.9519,-0.2434,-7.1631,2.8486,2.6262,-0.5383,-0.016613789149734024,-0.004248131399354199,-0.1250196796496058,0.10773946799343682,-0.1268611376223913,0.013667665495791681
15440,0.2288,-0.3277,9.8539,-0.8039,-0.0403,-7.2814,2.8682,2.6212,-0.5678,-0.014030701856782414,-0.0007033676885537149,-0.1270844041547151,0.13115983823513716,-0.15277947694226038,0.05994611893286894
15448,0.225,-0.3066,9.8235,-0.6891,0.1166,-6.9066,2.883,2.6124,-0.6019,-0.012027063875492926,0.002035053907825388,-0.12054291011824037,0.11809992980327828,-0.12006699737788372,0.02941591004883115
15456,0.2752,-0.4178,9.8028,-0.5393,0.1413,-6.5589,2.9005,2.6069,-0.6352,-0.009412560656005419,0.002466150233067988,-0.11447440030905609,0.15094673628116587,-0.22166072431743813,0.011893870507421411
15464,0.2647,-0.4861,9.8616,-0.1161,0.1143,-6.029,2.9179,2.6014,-0.6685,-0.0020263272615654165,0.0019949113350295187,-0.10522590060273812,0.12775361292607332,-0.2733896188300187,0.07250986278060445
15472,0.2552,-0.4672,9.851,-0.202,0.0645,-5.3383,2.9351,2.5959,-0.7015,-0.003525565089028546,0.0011257373675363426,-0.0931709114592133,0.11287624753611941,-0.23969240951162074,0.0618157750773598
15480,0.232,-0.441,9.8536,0.0864,0.0008,-4.6671,2.9526,2.5824,-0.7348,0.0015079644737231008,1.3962634015954637e-05,-0.08145626151982735,0.08519388811721389,-0.1974796665440014,0.06384720799795929
15488,0.2251,-0.2934,9.8597,0.2263,-0.0947,-4.3027,2.9701,2.5689,-0.7679,0.003949680097263168,-0.0016528268016386303,-0.07509628172556002,0.07573601887341776,-0.04246730310386716,0.06625046527870637
15496,0.1761,-0.1039,9.8188,0.1814,-0.2181,-3.7781,2.9845,2.555,-0.8027,0.003166027263117714,-0.0038065630985996326,-0.06594028446959777,0.037791076742214456,0.13371792635712423,0.019945580841545407
15504,0.1272,0.0185,9.7799,-0.0962,-0.2908,-3.1245,2.9989,2.5411,-0.8373,-0.0016790067404185449,-0.00507541746479951,-0.05453281247856282,-0.000986710680694531,0.24305779098140637,-0.022275927566514753
15512,0.1795,0.0736,9.7356,0.017,-0.2802,-2.8062,3.0131,2.5273,-0.8718,0.000296705972839036,-0.0048904125640881115,-0.04897742946946488,0.05286295097664244,0.27735665384805597,-0.06656158569952098
15520,0.1639,-0.0391,9.7201,-0.2375,-0.0248,-1.8751,3.031,2.5182,-0.906,-0.004145156973486532,-0.0004328416544945937,-0.032726668804145674,0.02576633791439197,0.15091688562768432,-0.07964526267364569
15528,0.1417,0.0201,9.7389,-0.2941,0.0968,-1.3314,3.0468,2.5072,-0.9382,-0.005133013330115323,0.001689478715930511,-0.023237313661052503,0.007747315785848805,0.19689407760886588,-0.06204185615379387
15536,0.1202,-0.0688,9.7682,-0.2203,-0.027,-0.5448,3.0559,2.4911,-0.972,-0.003844960342143508,-0.00047123889803846896,-0.009508553764865106,-0.018376599047045722,0.09556279202399451,-0.03130291321365419
15544,0.124,-0.1124,9.7528,-0.1843,0.068,0.1327,3.065,2.475,-1.0057,-0.0032166418114255493,0.001186823891356144,0.0023160519173964756,-0.012686808965544166,0.037040173594973,-0.04584269808927388
15552,0.0877,-0.0754,9.778,0.0554,0.0202,0.7726,3.0829,2.4609,-1.0372,0.0009669124056048585,0.00035255650890285455,0.01348441380090819,-0.03812665885265136,0.06377546554126898,-0.0215983157839279
15560,0.0755,-0.0619,9.7844,0.098,-0.3562,1.1072,3.095,2.4453,-1.0752,0.001710422666954443,-0.0062168627956038025,0.019324285478081217,-0.041417122841391624,0.0649836197786057,-0.015416361893777264
15568,0.094,-0.0806,9.8044,0.1627,-0.4121,1.1738,3.106,2.4327,-1.114,0.0028396506929947744,-0.007192501847468632,0.02048667475990944,-0.01775125929992507,0.031204661141871082,0.005116158512160851
15576,0.0806,-0.0334,9.8192,0.0725,-0.2896,0.8268,3.1212,2.4134,-1.1472,0.001265363707695889,-0.005054473513775579,0.014430382255489116,-0.022719377259615748,0.06460313928286177,0.019348798382290866
15584,0.0886,0.0363,9.7666,0.1517,-0.3218,0.9457,3.1363,2.3942,-1.1803,0.002647664475275398,-0.005616469532917752,0.016505578736110374,-0.008028623695414438,0.11711745644573936,-0.033636180614751154
15592,0.0813,0.0009,9.7742,-0.1033,-0.1179,0.9607,3.1518,2.3722,-1.217,-0.0018029251173101424,-0.002057743188101315,0.016767378123909524,-0.015008319602089256,0.06738705711398127,-0.025705658469444614
15600,0.0833,-0.1008,9.7514,-0.1898,0.061,0.8871,3.1614,2.3526,-1.2524,-0.0033126349202852374,0.001064650843716541,0.015482815794441697,-0.012723596211656439,-0.020739725325218603,-0.047753619606769604
15608,0.0769,-0.0685,9.7581,0.0821,-0.0105,1.1527,3.1743,2.3293,-1.2901,0.0014329153158873446,-0.0001832595714594046,0.020118410287738638,-0.003944229839494491,0.0027581345276080924,-0.04135776320574003
15616,0.0834,-0.0935,9.7819,0.1555,-0.2522,1.8013,3.187,2.3061,-1.3275,0.0027139869868511826,-0.004401720373529699,0.031438615816173854,-0.0002317911855393747,-0.007009899203559617,-0.017300156521921295
15624,0.0611,-0.1211,9.7747,-0.049,-0.1153,2.2162,3.1997,2.2829,-1.3647,-0.0008552113334772215,-0.002012364627549462,0.03867998688269834,-0.015340290328163904,-0.02020024051161297,-0.02439182783107441
15632,0.0436,-0.1606,9.8065,-0.0285,-0.1898,2.9063,3.2061,2.2608,-1.3988,-0.0004974188368183839,-0.0033126349202852374,0.050724504050711196,-0.02802317938022265,-0.04445799697011036,0.007771090208152032
15640,0.0738,-0.0584,9.7898,-0.2356,-0.2664,2.9849,3.2124,2.2387,-1.4327,-0.00411199571769864,-0.004649557127312894,0.052096332842778745,0.007084330252454581,0.03980484105982727,-0.009831133892886257
15648,0.0883,-0.026,9.7632,-0.455,-0.2569,3.0441,3.2215,2.2124,-1.4669,-0.0079412480965742,-0.004483750848373433,0.05312956775995938,0.018906232748187025,0.05658617090807602,-0.036548372136767426
15656,0.0496,0.0001,9.7364,-0.6621,-0.1838,2.9407,3.2305,2.1862,-1.5009,-0.011555824977454457,-0.0032079151651655774,0.051324897313397254,-0.01450012507249209,0.07106774362150861,-0.06374382772364662
15664,0.0246,-0.0277,9.7541,-0.4442,-0.0126,2.8178,3.2393,2.1601,-1.5347,-0.007752752537358812,-0.00021991148575128554,0.04917988766269622,-0.031111720522242356,0.03455699649280295,-0.04594047922407185
15672,0.0037,0.03,9.7309,-0.4064,-0.0409,2.4469,3.2453,2.1359,-1.5654,-0.007093018080104955,-0.0007138396640656808,0.04270646146704925,-0.04033569472864822,0.08021876394828283,-0.0694673074059633
15680,0.004,-0.0203,9.7378,-0.4343,-0.1,1.8363,3.2502,2.1085,-1.5988,-0.007579964941411373,-0.0017453292519943296,0.03204948105437187,-0.031182065482788877,0.02188507756303309,-0.06225253705086686
15688,-0.0204,0.029,9.7389,-0.0424,0.0222,1.6684,3.2565,2.0774,-1.6272,-0.0007400196028455958,0.0003874630939427412,0.029119073240273397,-0.04267605769329451,0.060264556178641286,-0.061315422123565
15696,0.0259,0.0795,9.7832,-0.2275,0.2404,1.4438,3.2627,2.0464,-1.6555,-0.0039706240482871,0.004195771521794368,0.02519906374029413,0.006531961003134382,0.0918732150706788,-0.016876268500023883
15704,-0.0283,0.0372,9.724,-0.5753,0.3237,0.949,3.2636,2.015,-1.6831,-0.010040879186723379,0.005649630788705644,0.016563174601426187,-0.03943766501661193,0.043171164339347715,-0.07606346939946285
15712,0.0001,-0.0401,9.7315,-0.3025,0.2033,0.6199,3.2683,1.9843,-1.7143,-0.005279620987282847,0.0035482543693044722,0.010819296033112848,-0.010078626288751662,-0.021603479300501563,-0.06844657924675168
15720,-0.0029,-0.143,9.7437,-0.4096,0.1229,0.1212,3.2728,1.9503,-1.7444,-0.007148868616168774,0.002145009650701031,0.0021153390534171274,-0.018124984637503498,-0.1080370670032939,-0.055866042737035215
15728,0.0084,-0.149,9.7994,-0.4214,0.0274,-0.7184,3.2745,1.9169,-1.7724,-0.007354817467904105,0.0004782202150464463,-0.012538445346327264,-0.006271795561223762,-0.09846681956271255,3.963614564383988e-05
15736,0.0092,-0.082,9.792,-0.3126,0.1093,-0.82,3.2761,1.8837,-1.8002,-0.005455899241734274,0.001907644872429802,-0.014311699866353502,-5.57639986257173e-06,-0.015683482601481263,-0.007664902162387577
15744,0.0039,0.0355,9.7657,-0.286,-0.015,-1.0904,3.2776,1.8521,-1.8292,-0.004991641660703782,-0.0002617993877991494,-0.01903107016374617,0.0031529265043698782,0.086472347793758,-0.034618054468044335
15752,-0.004,0.0448,9.7564,-0.0791,0.1248,-1.5597,3.2767,1.8205,-1.8543,-0.0013805554383275148,0.002178170906488923,-0.02722190034335556,-0.0031726678695663192,0.08080121202647433,-0.04383143348201379
15760,-0.0021,0.0369,9.7654,-0.044,0.0959,-1.9097,3.2791,1.7872,-1.8812,-0.000767944870877505,0.001673770752662562,-0.03333055272533571,-0.0013403792476459906,0.05724332012474034,-0.03469792655216608
15768,-0.0231,0.1276,9.6833,-0.2371,0.0842,-2.2658,3.2814,1.7541,-1.9078,-0.0041381756564785556,0.0014695672301792255,-0.03954567019168752,-0.013508454129304622,0.13402589455323696,-0.11676867769564225
15776,-0.0627,0.1979,9.66,-0.0351,0.2463,-2.6624,3.2837,1.721,-1.9343,-0.0006126105674500097,0.0042987459476620336,-0.04646764600509703,-0.043678560205251814,0.1921453160696366,-0.1397790884011929
15784,-0.0064,0.0537,9.6558,-0.3246,0.2093,-3.1775,3.2802,1.6848,-1.9554,-0.0056653387519735934,0.003652974124424132,-0.055457836982119826,0.0011309720419227785,0.028978142752386738,-0.14409210492639168
15792,0.0226,0.0946,9.6994,-0.2494,0.2593,-2.9155,3.2766,1.6488,-1.9764,-0.004352851154473858,0.004525638750421296,-0.05088507434189468,0.02680059327383679,0.05375277580132217,-0.10029832173721864
15800,0.0338,0.0942,9.701,-0.2229,0.2485,-3.5503,3.2692,1.6171,-1.9991,-0.0038903389026953604,0.004337143191205909,-0.06196442443355468,0.02924155656995675,0.04014501833166791,-0.0986109041605534
15808,0.0258,-0.0346,9.6947,-0.2695,0.3661,-3.64,3.2618,1.5856,-2.0216,-0.004703662334124718,0.00638965039155124,-0.0635299847725936,0.009638981778390036,-0.07188198599391221,-0.10547520710169955
15816,0.0103,-0.0049,9.7009,-0.0074,0.2412,-3.9658,3.2544,1.5543,-2.0441,-0.0001291543646475804,0.004209734155810323,-0.06921626747559112,-0.0018254543039355178,-0.025620683860777458,-0.0991272991408092
15824,0.004,-0.046,9.7078,0.0406,-0.0782,-3.5013,3.2493,1.5146,-2.0649,0.0007086036763096977,-0.0013648474750595659,-0.06110921310007746,-0.008897703164767136,-0.05083923075735978,-0.0922273902045685
15832,0.0011,-0.0986,9.7533,0.0438,-0.2876,-3.3105,3.2442,1.4802,-2.0813,0.0007644542123735164,-0.005019566928735692,-0.057779124887272285,-0.014108962963636437,-0.0876629568228912,-0.04660570861789104
15840,0.003,-0.1312,9.829,-0.2518,-0.3572,-3.312,3.2339,1.4489,-2.0966,-0.004394739056521722,-0.0062343160881237454,-0.057805304826052194,-0.013498658511152664,-0.10423336734901209,0.029314148573616805
15848,0.0202,-0.1757,9.8447,-0.3318,-0.1144,-3.2361,3.2249,1.4121,-2.1128,-0.005791002458117185,-0.001996656664281513,-0.056480599923788496,-0.0001941987201359941,-0.13373026067919974,0.045380277046971784
15856,0.0157,-0.1034,9.7852,-0.491,0.2084,-3.2515,3.2159,1.3754,-2.1289,-0.008569566627292158,0.0036372661611561827,-0.05674938062859563,0.0012585812982390514,-0.045271707367252,-0.014345909522186062
15864,-0.0143,-0.0936,9.7891,-0.7605,0.1811,-3.1116,3.2041,1.3352,-2.1405,-0.013273228961416875,0.003160791275361731,-0.05430766500505556,-0.017440806243737766,-0.02000992068351543,-0.01047806676180052
15872,-0.0374,-0.0852,9.8213,-0.6209,-0.069,-2.8952,3.196,1.2961,-2.1544,-0.010836749325632793,-0.0012042771838760874,-0.05053077250373983,-0.02452079059725659,-0.004966941594414379,0.02170889154833766
15880,0.0155,-0.2134,9.825,-0.6848,-0.0282,-2.7069,3.1832,1.2571,-2.1706,-0.011952014717657168,-0.0004921828490624009,-0.04724431752223451,0.015485398317150047,-0.12056375886474173,0.026577705004287466
15888,0.0261,-0.1995,9.8179,-0.4979,0.0776,-2.3401,3.1671,1.2184,-2.1866,-0.008689994345679767,0.0013543754995475998,-0.04084244982591931,0.023451742019469406,-0.09176905734557593,0.01950458658226495
15896,-0.0131,-0.1428,9.7823,-0.6098,0.184,-2.0854,3.151,1.1817,-2.2006,-0.010643017778661421,0.0032114058236695662,-0.03639709622108975,-0.005620916983537077,-0.016724537131891332,-0.016664912457002856
15904,-0.009,-0.1183,9.8461,-0.6528,0.1604,-2.2418,3.1348,1.1452,-2.2145,-0.011393509357018983,0.0027995081201989042,-0.03912679117120888,-0.0003530505482129201,-0.00666776493477035,0.04681250538802928
15912,0.0103,-0.1453,9.8766,-0.9206,0.5166,-2.1968,3.1234,1.1098,-2.2259,-0.016067501093859796,0.009016370915802705,-0.03834139300781143,0.010614274086612916,-0.019395792161736054,0.0776493600669994
15920,-0.0083,-0.0751,9.7748,-0.8807,0.4145,-1.6763,3.1121,1.0747,-2.2372,-0.015371114722314061,0.007234389749516496,-0.029256954251180946,-0.0007964356650708054,0.03635239927796431,-0.024975610835696216
15928,0.0081,-0.0407,9.6928,-0.8345,0.3461,-1.608,3.1007,1.0396,-2.2484,-0.01456477260789268,0.0060405845411523745,-0.02806489437206882,0.01488579939773325,0.054410705983803265,-0.1072753145438714
15936,-0.0389,-0.0751,9.6627,-0.833,0.2835,-1.4599,3.0878,1.0034,-2.2534,-0.014538592669112765,0.004948008429403924,-0.025480061749865217,-0.021687629427200216,0.016230046906493562,-0.13696782876579583
15944,-0.0369,-0.1003,9.6987,-0.7196,-0.0377,-1.2011,3.075,0.9673,-2.2582,-0.012559389297351196,-0.0006579891280018622,-0.020963149645703893,-0.007344336372146458,-0.0019678405788959063,-0.10071417173786301
15952,-0.0209,-0.0767,9.7282,-0.5979,-0.2089,-1.0895,3.0622,0.9323,-2.263,-0.010435323597674096,-0.0036459928074161546,-0.01901536220047822,0.0032791933142537473,0.007516199936478106,-0.07147864813826388
15960,-0.016,-0.1811,9.692,-0.2921,-0.6233,-0.2682,3.0493,0.8975,-2.2677,-0.005098106745075437,-0.010878637227680656,-0.0046809730538487915,-0.0015904944755409799,-0.08124632440287671,-0.10663558329212819
15968,-0.0426,0.0393,9.6738,-0.4103,-0.7609,-0.0561,3.0365,0.8629,-2.2723,-0.007161085920932734,-0.013280210278424853,-0.000979129710368819,-0.009163051569044307,0.125628691249302,-0.12684647281865224
15976,-0.0433,0.0806,9.6911,-0.3954,-0.8045,0.3121,3.0199,0.8251,-2.2754,-0.006901031862385579,-0.014041173832294382,0.005447172595474302,-0.006717297635665842,0.15211565146643402,-0.10966429031009284
15984,-0.0454,0.1999,9.6776,-0.4638,-0.6248,0.7415,3.0033,0.7898,-2.2775,-0.0080948370707497,-0.010904817166460572,0.012941616403537954,0.0005144486368822,0.2562705328657125,-0.12362216119444192
15992,-0.0751,0.1476,9.7737,-0.6838,-0.405,1.3201,2.9838,0.7562,-2.2814,-0.011934561425137226,-0.0070685834705770355,0.023040091455577144,-0.03129958575619587,0.19277079718170606,-0.02684814321984419
16000,-0.0432,0.0602,9.7783,-0.3103,-0.3575,1.9214,2.9672,0.7213,-2.2857,-0.0054157566689384045,-0.006239552075879728,0.03353475624781905,-0.006394251110632126,0.08782465500105302,-0.021815755799716285
16008,-0.0029,0.0986,9.8389,-0.1371,-0.32,2.2831,2.9507,0.6865,-2.2899,-0.0023928464044842257,-0.005585053606381855,0.03984761215228254,0.032214068457311125,0.10795556344488785,0.038749485077600454
16016,-0.0075,0.014,9.8058,-0.1661,-0.6655,2.4876,2.9317,0.6529,-2.2917,-0.0028989918875625812,-0.011615166172022262,0.043416810472610944,0.009313978929803918,0.012350244030804914,0.005800661407963759
16024,-0.0107,-0.0921,9.8365,-0.2445,-0.7186,2.9551,2.9142,0.617,-2.2911,-0.004267330021126135,-0.012541936004831252,0.05157622472568443,-0.003259792000292259,-0.0769637069294774,0.03663535522038863
16032,-0.0109,-0.1777,9.8611,-0.3568,-0.78,3.0449,2.8973,0.5833,-2.2908,-0.006227334771115768,-0.013613568165555772,0.05314353039397534,-0.010562826160459476,-0.1458949134645284,0.06162219976656225
16040,-0.0133,-0.1645,9.8437,-0.2163,-0.7214,3.3628,2.877,0.5473,-2.2905,-0.0037751471720637348,-0.012590805223887095,0.05869193208606532,-0.011359480978845418,-0.11654010055564017,0.04438704019475104
16048,-0.031,-0.1676,9.8707,0.0168,-0.8041,3.7521,2.8567,0.5115,-2.2902,0.00029321531433504735,-0.014034192515286405,0.06548649886407924,-0.026443120502979523,-0.10264892371640519,0.07160236283035815
16056,-0.0511,-0.0801,9.8752,-0.2056,-0.5524,3.5457,2.8365,0.4758,-2.2898,-0.0035883969421003415,-0.009641198788016676,0.06188413928796294,-0.025003231353078133,-0.008206139378694802,0.07562199345936804
16064,-0.0292,-0.0329,9.9621,-0.1276,-0.2504,3.919,2.8177,0.4422,-2.2879,-0.0022270401255447643,-0.0043703044469938016,0.06839945338565778,0.0002633604666541756,0.021876316572862937,0.16217309714172856
16072,-0.0563,0.0558,9.9,-0.0797,-0.535,3.996,2.7989,0.4088,-2.2859,-0.0013910274138394805,-0.009337511498169663,0.06974335690969341,-0.01770527261877927,0.09671232297703718,0.09982911872249822
16080,-0.0326,0.1301,9.8634,0.0461,-0.5004,4.443,2.7778,0.3764,-2.2802,0.000804596785169386,-0.008733627576979625,0.07754497866610806,0.009957607860736123,0.15294185673627306,0.06312110665299286
16088,-0.0116,0.13,9.8421,0.1584,-0.2301,4.6997,2.7567,0.3442,-2.2743,0.0027646015351590184,-0.004016002608838953,0.08202523885597751,0.027252758399974115,0.13548192354209274,0.04199516894582267
16096,0.0207,0.0657,9.7928,0.1378,0.1645,4.7905,2.7356,0.3122,-2.2685,0.002405063709248186,0.0028710666195306722,0.08360999781678835,0.04463943318011576,0.056278254197455926,-0.007221186041736161
16104,0.0585,0.1742,9.8165,-0.2179,-0.0102,4.7867,2.7099,0.2841,-2.2616,-0.003803072440095644,-0.00017802358370342162,0.08354367530521256,0.08316527615625594,0.14808092846504128,0.0167507717913864
16112,0.0317,0.2764,9.8617,-0.5234,-0.036,4.0791,2.6856,0.2547,-2.2595,-0.00913505330493832,-0.0006283185307179586,0.0711937255181007,0.060481835530864024,0.23744247978586033,0.06258038022321877
16120,-0.0026,0.3043,9.7882,-0.7302,0.0194,4.3224,2.6613,0.2255,-2.2573,-0.012744394198062593,0.00033859387488689995,0.07544011158820291,0.026687390899976376,0.25363250776912577,-0.010392100591070985
16128,0.032,0.3441,9.7627,-0.12,-0.4023,4.2324,2.6395,0.1954,-2.2513,-0.0020943951023931952,-0.007021459580773187,0.07386931526140801,0.06015174777855957,0.27574598278971374,-0.035263136150849306
16136,0.025,0.3942,9.715,-0.1471,-0.3949,4.2477,2.6153,0.1726,-2.2452,-0.002567379329683659,-0.006892305216125607,0.07413635063696314,0.05359726176712146,0.3115089235831246,-0.082112721169322
16144,0.0178,0.3598,9.727,0.0243,-0.5184,4.9183,2.5912,0.1429,-2.2429,0.00042411500823462205,-0.009047786842338604,0.08584052860083712,0.04042128827069326,0.262336560449749,-0.06995130903725055
16152,0.0031,0.3802,9.6153,-0.2624,-0.8633,5.0556,2.5652,0.109,-2.2339,-0.004579743957233121,-0.015067427432467046,0.08823686566382533,0.02449644277839314,0.270023857943806,-0.1810061451089222
16160,0.0116,0.3663,9.634,-0.1366,-0.9504,5.5975,2.5393,0.0752,-2.2249,-0.0023841197582242543,-0.016587609210954108,0.0976948048803826,0.02846474276699625,0.24032450740423963,-0.16206971702118445
16168,0.043,0.3866,9.6774,-0.275,-0.6337,5.4357,2.5139,0.0444,-2.2201,-0.004799655442984407,-0.011060151469888067,0.09487086215065577,0.05654538698752664,0.24309753072532622,-0.11800198668861128
16176,0.0232,0.475,9.6774,-0.074,-0.6801,5.3797,2.4833,0.0157,-2.2077,-0.0012915436464758037,-0.011869984242813436,0.09389347776953894,0.040030027243427586,0.3175517363657737,-0.11620980753661847
16184,0.0416,0.4712,9.6871,-0.4311,-0.4659,5.6062,2.4599,-0.0081,-2.201,-0.007524114405347554,-0.00813148898504158,0.09784664852530611,0.05430606438784016,0.2977110821898685,-0.10607997903263033
16192,0.0283,0.4368,9.6347,-0.2286,0.1256,5.3427,2.4342,-0.0319,-2.1943,-0.003989822670059037,0.0021921335405048776,0.09324770594630104,0.036330041364082556,0.25035447676906347,-0.15868048532483492
16200,0.0185,0.4481,9.6457,0.0424,0.1846,4.8401,2.4085,-0.0555,-2.1875,0.0007400196028455958,0.0032218777991815323,0.08447568112577754,0.02567875886093878,0.2467137692292059,-0.147065872626289
16208,-0.0414,0.4391,9.6643,-0.1145,0.5237,4.7808,2.3829,-0.079,-2.1807,-0.0019984019935335075,0.009140289292694306,0.08344070087934491,-0.032123745263139866,0.2263616510362614,-0.12834317565338615
16216,-0.0628,0.2752,9.7066,-0.2565,0.7893,4.8628,2.3544,-0.1066,-2.1711,-0.004476769531365455,0.013775883785991243,0.08487187086598026,-0.052979562019990566,0.05285242941617217,-0.08958485816837225
16224,-0.0922,0.2207,9.7084,-0.2456,0.9632,4.5785,2.3261,-0.1341,-2.1614,-0.004286528642898074,0.01681101135520938,0.07990989980256037,-0.06936105516244784,0.0005977295445111984,-0.0889017831788923
16232,-0.0937,0.1573,9.7201,-0.3126,1.0816,4.1786,2.2997,-0.1596,-2.1522,-0.005455899241734274,0.018877481189570666,0.07293032812383506,-0.061861513074808167,-0.05255812450767104,-0.07851463063651387
16240,-0.0705,0.0362,9.8004,-0.6646,0.6374,3.9162,2.2733,-0.185,-2.1429,-0.011599458208754314,0.011124728652211856,0.06835058416660193,-0.041856400825490914,-0.16074245246430585,-0.0006872304387748329
16248,-0.0591,-0.0215,9.837,-0.9665,0.8954,3.4494,2.247,-0.2102,-2.1337,-0.016868607220525196,0.015627678122357228,0.0602033872182924,-0.030530924654261066,-0.20306322025995624,0.03505756217102096
16256,-0.0556,-0.0127,9.7773,-0.762,0.8327,3.2482,2.217,-0.234,-2.1244,-0.01329940890019679,0.014533356681356783,0.056691784763279816,-0.02329363183743801,-0.17696442092972348,-0.024163005632672707
16264,-0.0492,-0.0133,9.7874,-1.185,0.7514,3.3145,2.188,-0.2556,-2.1113,-0.020682151636132805,0.013114403999485392,0.05784893805735205,-0.014301270462854584,-0.1610527560621917,-0.013802895229019896
16272,-0.0703,-0.1369,9.8554,-1.4402,0.8364,3.1513,2.16,-0.2715,-2.1039,-0.025136231887222332,0.014597933863680574,0.05500056071809731,-0.039562206112737724,-0.26657763964932957,0.05291652526735113
16280,-0.0885,-0.1476,9.8116,-1.0949,0.8536,3.2965,2.132,-0.2874,-2.0965,-0.019109609980085915,0.014898130495023598,0.05753477879199307,-0.054008772022080896,-0.25873818545453436,0.009548928158334746
16288,-0.105,-0.1195,9.7329,-0.6554,0.9635,3.3527,2.1018,-0.3078,-2.0833,-0.011438887917570835,0.016816247342965364,0.05851565383161389,-0.06308484061530255,-0.21302893160716632,-0.0683358752378389
16296,-0.0538,-0.1077,9.7887,-0.875,1.0365,4.0118,2.0739,-0.3282,-2.0702,-0.015271630954950384,0.018090337696921227,0.07001911893150851,-0.00856721241110127,-0.18843585288814535,-0.012377206276397601
16304,-0.0713,-0.1485,9.7814,-0.6158,1.1916,4.386,2.0438,-0.3484,-2.0557,-0.010747737533781082,0.02079734336676443,0.0765501409924713,-0.024971543461397877,-0.21175540279085195,-0.01953692449043487
16312,-0.0694,-0.2461,9.7456,-0.8719,0.756,4.6773,2.0157,-0.3653,-2.0411,-0.015217525748138559,0.013194689145077132,0.08163428510353077,-0.02674337652085743,-0.2924449287210482,-0.05547016601223653
16320,-0.0512,-0.2988,9.8098,-0.9274,0.4728,4.6117,1.9875,-0.382,-2.0285,-0.01618618348299541,0.00825191670342919,0.0804893491142225,-0.010078699079069442,-0.32965487924597253,0.008940054889425397
16328,-0.0412,-0.1224,9.8073,-0.8792,0.5432,4.4504,1.959,-0.402,-2.0153,-0.015344934783534145,0.0094806284968332,0.07767413303075564,0.010646024867562784,-0.13743471289486112,0.007181595741254654
16336,0.0235,-0.1058,9.8127,-0.9318,0.744,4.4108,1.9311,-0.4186,-1.9979,-0.01626297797008316,0.012985249634837812,0.07698298264696589,0.06925082303226733,-0.11024483624393415,0.012434844603600226
16344,0.0032,-0.0547,9.7799,-1.2834,1.0746,4.3303,1.9003,-0.4384,-1.9872,-0.022399555620095227,0.018755308141931066,0.07557799259911045,0.04309324018158726,-0.0446784813084023,-0.020143500748153187
16352,0.0218,-0.1343,9.8135,-1.3023,1.0841,3.9706,1.8696,-0.458,-1.9764,-0.022729422848722154,0.01892111442087053,0.06930004327968685,0.05215783324439227,-0.10923435864907118,0.01369662233970459
16360,0.049,-0.2072,9.8325,-0.9204,1.2505,4.2694,1.839,-0.4776,-1.9657,-0.01606401043535581,0.02182534229618909,0.07451508708464591,0.07098058750790245,-0.16783894673122216,0.03311654228491179
16368,0.0404,-0.2509,9.8388,-1.1151,1.4576,4.3684,1.8061,-0.491,-1.9502,-0.01946216648898877,0.025439919177069347,0.0762429630441203,0.05777219705648505,-0.19435515292210037,0.03999272651051733
16376,0.0445,-0.0776,9.792,-0.768,1.7143,4.423,1.7733,-0.5042,-1.9347,-0.013404128655316452,0.02992017936693879,0.0771959128157092,0.05933335427147531,-0.0163820563238814,-0.007784868003488654
16384,0.0368,-0.2265,9.8295,-0.2895,1.5065,3.4166,1.7443,-0.5202,-1.9197,-0.005052728184523583,0.026293385181294572,0.05963091922363826,0.0412857902619431,-0.14883626601230754,0.030964855467743746
16392,0.0449,-0.3235,9.8606,0.0908,1.3531,3.3823,1.7154,-0.5362,-1.9046,0.0015847589608108514,0.023616050108735274,0.059032271290204205,0.04307887912570433,-0.2305732695752759,0.06321858206187159
16400,0.0535,-0.3406,9.8451,-0.2282,1.3851,2.8881,1.6866,-0.552,-1.8897,-0.00398284135305106,0.024174555469373457,0.050406854126848234,0.04956659394758718,-0.23263012517458312,0.04826334932335641
16408,0.0604,-0.4121,9.8128,0.1601,0.9543,2.3701,1.6522,-0.5636,-1.8775,0.0027942721324429216,0.01665567705178189,0.0413660486015176,0.0511212944903262,-0.2895672463294564,0.01723259544678335
16416,0.0731,-0.4522,9.7804,0.3554,1.1478,1.9655,1.6189,-0.5778,-1.8621,0.006202900161587847,0.020032889154390915,0.03430444644794855,0.06029395647477869,-0.31589945898746197,-0.014162029717432745
16424,0.0417,-0.4101,9.731,0.5395,1.3327,1.9039,1.5856,-0.5954,-1.8476,0.009416051314509408,0.02326000294132843,0.03322932362872004,0.03134254172968092,-0.2581694347739544,-0.06374568491422394
16432,0.0611,-0.3721,9.7675,0.5023,1.0749,2.1544,1.5524,-0.6128,-1.8331,0.008766788832767517,0.018760544129687046,0.03760137340496583,0.05077455307693967,-0.20629265665851398,-0.027532903377540663
16440,0.0774,-0.4082,9.7362,0.6479,1.1111,2.2205,1.5165,-0.6249,-1.8205,0.011307988223671262,0.019392353318908994,0.03875503604053409,0.06258068708407093,-0.22966698751744127,-0.05784699501959345
16448,0.1339,-0.4924,9.6669,0.5819,1.0363,2.5291,1.4807,-0.637,-1.8032,0.010156070917355002,0.018086847038417238,0.04414112211218859,0.11058398116788677,-0.30440120541884974,-0.12506053407833484
16456,0.1218,-0.5026,9.6611,0.5561,0.9141,2.4242,1.4431,-0.648,-1.7887,0.009705775970340468,0.015954054692480166,0.04231027172684654,0.09469482154352483,-0.30005724391984784,-0.1301864676125195
16464,0.084,-0.5236,9.6108,0.7501,0.792,2.4626,1.4104,-0.6628,-1.7733,0.013091714719209465,0.01382300767579509,0.04298047815961236,0.05434510789514413,-0.30593098158009135,-0.17959759449963109
16472,0.0447,-0.6041,9.6509,0.7276,0.6538,1.9393,1.3778,-0.6775,-1.7579,0.012699015637510741,0.011410962649538928,0.03384717018392603,0.011289930386057934,-0.368814309072967,-0.13715082116589628
16480,0.088,-0.5057,9.6581,0.8154,0.5777,1.8682,1.3458,-0.6893,-1.7454,0.014231414720761764,0.010082767088771242,0.03260624108575807,0.05737056894443056,-0.25876771897796647,-0.13190194580992554
16488,0.1021,-0.5574,9.6609,0.7341,0.5663,2.0028,1.3125,-0.7029,-1.7348,0.012812462038890372,0.00988379955404389,0.034955454258942434,0.0662033511612043,-0.29696538743928597,-0.12727873579735416
16496,0.0507,-0.4648,9.6457,0.9923,0.51,2.2143,1.2812,-0.7126,-1.7203,0.017318902167539733,0.00890117918517108,0.03864682562691044,0.019082295821934644,-0.18820278970776913,-0.14482762474266586
16504,0.0511,-0.5404,9.6415,1.1165,0.3788,2.0005,1.25,-0.7223,-1.7059,0.01948660109851669,0.006611307206554521,0.03491531168614657,0.015144453081566322,-0.2499199119117198,-0.14647855426990297
16512,0.0614,-0.525,9.6386,1.1367,0.1654,1.924,1.2189,-0.7319,-1.6915,0.019839157607419545,0.002886774582798621,0.0335801348083709,0.024815782726938428,-0.22137575595871942,-0.1494879995100078
16520,0.0776,-0.5763,9.6072,1.0813,0.0093,2.2803,1.1874,-0.7457,-1.6791,0.018872245201814686,0.00016231562043547264,0.039798742933226695,0.03631591878853163,-0.26062627662826027,-0.17881554131855104
16528,0.0535,-0.5055,9.5848,1.3377,0.1828,1.8183,1.1561,-0.7595,-1.6666,0.023347269403928145,0.003190461872645634,0.031735321789012894,0.01496372675266762,-0.17595249702235152,-0.2033547348214828
16536,0.0258,-0.5454,9.6055,1.2468,-0.1607,1.7684,1.1215,-0.7708,-1.6494,0.0217607651138653,-0.0028047441079548877,0.030864402492267722,-0.013906471579212385,-0.19993929224546655,-0.18108176875047022
16544,0.0276,-0.5191,9.6279,1.1786,-0.0866,1.5181,1.0871,-0.782,-1.6322,0.02057045056400517,-0.0015114551322270894,0.026495843374525915,-0.009905400964605106,-0.15917292019936344,-0.1593957220251525
16552,0.0439,-0.462,9.7047,1.0467,0.0644,1.5588,1.0527,-0.7932,-1.615,0.018268361280624645,0.0011239920382843482,0.027206192380087608,0.007918994034668076,-0.08610537705963067,-0.08459488988879471
16560,0.0221,-0.4655,9.6889,0.8379,-0.0126,1.3817,1.0218,-0.802,-1.6017,0.014624113802460486,-0.00021991148575128554,0.02411521427480565,-0.011589558020536296,-0.07490914087059262,-0.10019504460224127
16568,0.0284,-0.4937,9.7676,0.9449,-0.1529,1.4229,0.9901,-0.813,-1.5845,0.01649161610209442,-0.00266860842629933,0.024834289926627316,-0.005935550810495618,-0.08587731136848353,-0.02026861991451767
16576,0.0577,-0.4518,9.888,0.9592,-0.0524,1.4971,0.9561,-0.8226,-1.5722,0.01674119818512961,-0.0009145525280450287,0.02612932423160711,0.016909791275211118,-0.028423026159454547,0.09842930573042707
16584,0.0816,-0.3902,9.868,1.1356,-0.1376,1.5867,0.9222,-0.8321,-1.5598,0.019819958985647604,-0.0024015730507441976,0.02769313924139403,0.030850004149244853,0.020328405575600145,0.07597962903785671
16592,0.0844,-0.3718,9.7908,1.4189,-0.2805,1.7496,0.8908,-0.8392,-1.5475,0.024764476756547544,-0.0048956485518440946,0.03053628059289279,0.02342908749642624,0.02224814294406043,-0.0018328582334028454
16600,0.1258,-0.3811,9.8201,1.4712,-0.585,1.6655,0.8567,-0.8506,-1.5356,0.025677283955340576,-0.010210176124166827,0.02906845869196556,0.047917180387211177,0.00721880655045275,0.028177791058508816
16608,0.1372,-0.3831,9.8084,1.3131,-0.6976,1.8064,0.8213,-0.8533,-1.5251,0.02291791840793754,-0.012175416861912442,0.03152762760802557,0.042660184895181405,0.0013568825821625471,0.01674479028024578
16616,0.1239,-0.4638,9.7473,1.1087,-0.6826,2.0344,0.7897,-0.8631,-1.51,0.019350465416861133,-0.011913617474113293,0.03550697830257264,0.0201981354719311,-0.06752254706491306,-0.04113983700138846
16624,0.1464,-0.4434,9.7544,1.0039,-0.4976,1.8658,0.7583,-0.8728,-1.4948,0.017521360360771076,-0.008684758357923783,0.0325643531837102,0.03249478829721126,-0.037733791857313174,-0.03455704385686431
16632,0.1696,-0.384,9.8382,1.0956,-0.4567,1.6992,0.7256,-0.8754,-1.482,0.019121827284849874,-0.007970918693858103,0.02965663464988765,0.042658565502106435,0.01647512935616813,0.04704565932858884
16640,0.1796,-0.3899,9.9656,1.0473,-0.5349,1.9346,0.6953,-0.8817,-1.4702,0.018278833256136613,-0.00933576616891767,0.0337651397090823,0.034975138745712675,0.009391632231727504,0.17477569005507654
16648,0.1759,-0.3874,9.9642,0.9079,-0.6764,1.9971,0.6637,-0.8923,-1.4546,0.01584584427885652,-0.011805407060489645,0.03485597049157876,0.015625953730082572,0.005138055941059344,0.1732657961146895
16656,0.137,-0.3383,9.9265,0.8945,-0.9076,2.5901,0.6323,-0.9028,-1.4391,0.015611970159089278,-0.015840608291100535,0.04520577295590513,-0.015937248017345224,0.03849337808526256,0.13312047666639515
16664,0.1314,-0.2561,9.9293,0.9297,-0.8541,3.0718,0.6009,-0.9132,-1.4235,0.01622632605579128,-0.014906857141283569,0.05361302396276182,-0.016421394010865724,0.10402140909175005,0.13291304423175276
16672,0.1118,-0.1799,9.899,0.8113,-0.7763,3.5059,0.5663,-0.9217,-1.4108,0.014159856221429996,-0.01354899098323198,0.0611894982456692,-0.030182941460929848,0.16329826408626655,0.09987307580209048
16680,0.1369,-0.0895,9.9067,0.6288,-0.8139,3.5183,0.5319,-0.9301,-1.3982,0.010974630336540345,-0.014205234781981848,0.061405919072916496,-0.0019698357476027255,0.23604248207520778,0.10523784754323273
16688,0.1327,-0.0937,9.9077,0.6276,-0.9058,3.8554,0.4971,-0.939,-1.385,0.010953686385516413,-0.01580919236456464,0.06728942398138937,-0.007175545226218747,0.2155051491163185,0.10668533427074323
16696,0.1384,-0.0184,9.8631,0.5198,-0.8043,3.7539,0.4624,-0.9478,-1.3719,0.009072221451866525,-0.014037683173790392,0.06551791479061514,0.00136895960673243,0.2726469012619192,0.06031929113767731
16704,0.1054,0.0398,9.8195,0.3261,-0.886,3.7287,0.4278,-0.9566,-1.3588,0.005691518690753509,-0.01546361717266976,0.06507809181911256,-0.028220937245703806,0.3149785594438942,0.015053007283842845
16712,0.1324,0.0355,9.8225,0.2235,-0.9321,3.7127,0.3985,-0.9648,-1.3486,0.0039008108782073265,-0.016268213957839145,0.06479883913879347,-0.002715345486962218,0.29367023811596016,0.019065468675915298
16720,0.1041,0.1173,9.8005,0.0107,-0.8749,3.404,0.3666,-0.9711,-1.3374,0.00018675022996339326,-0.01526988562569839,0.059411007737886976,-0.027119969913258893,0.3604973332235439,-0.004914368420733339
16728,0.0902,0.1739,9.7338,0.0605,-0.7961,3.3115,0.3342,-0.9792,-1.3281,0.0010559241974565693,-0.013894566175126858,0.057796578179792224,-0.03731627186075654,0.4004678494269491,-0.07254027572307109
16736,0.0882,0.1241,9.8333,0.1775,-0.7208,3.2578,0.302,-0.9873,-1.3188,0.0030979594222899347,-0.012580333248375127,0.05685933637147127,-0.04204554819448796,0.33741377806349065,0.028598732995966714
16744,0.1187,0.1195,9.8681,0.2734,-0.5475,3.177,0.2703,-0.9982,-1.3077,0.004771730174952497,-0.009555677654668955,0.05544911033585985,-0.012493476363120173,0.31621187867208106,0.06446255560002712
16752,0.0866,0.104,9.861,0.3678,-0.4111,2.9771,0.2364,-1.0105,-1.3013,0.006419320988835144,-0.007175048554948689,0.051960197161123184,-0.043426710576434525,0.2859238861047668,0.057687264879286104
16760,0.0672,0.1246,9.7871,0.4527,-0.5393,2.9086,0.2083,-1.0179,-1.2892,0.00790110552377833,-0.009412560656005419,0.05076464662350707,-0.058672175926233465,0.29003013076252804,-0.016349990467670494
16768,0.0377,0.0917,9.7649,0.5499,-0.6699,3.0698,0.177,-1.0254,-1.2771,0.009597565556716819,-0.011691960659110014,0.053578117377721925,-0.08511464428869371,0.24257599286598927,-0.03798101953224631
16776,0.0225,0.2064,9.7831,0.5388,-0.6027,3.0052,0.1457,-1.0327,-1.265,0.009403834009745447,-0.010519099401769825,0.05245063468093359,-0.0926259600705186,0.3422821464743435,-0.021123981575087214
16784,0.0396,0.1435,9.7795,0.6882,-0.6212,2.8342,0.1146,-1.04,-1.252,0.012011355912224976,-0.010841985313388775,0.04946612166002329,-0.07482456001341903,0.2627415123588064,-0.0231830924936407
16792,0.0711,0.1489,9.8117,0.7218,-0.6149,2.7639,0.0812,-1.0459,-1.2399,0.01259778654089507,-0.010732029570513132,0.048239155195871276,-0.041940611946119755,0.2508342455280997,0.009791357431611303
16800,0.054,0.1269,9.7147,0.7085,-0.5049,2.7714,0.0555,-1.0541,-1.227,0.012365657750379825,-0.00881216739331937,0.04837005488977085,-0.05564344337613631,0.21255192468039202,-0.08680581958108391
16808,0.0199,0.0993,9.8456,0.7998,-0.501,2.7013,0.0299,-1.0622,-1.214,0.013959143357450647,-0.00874409955249159,0.04714657908412282,-0.08617937462144551,0.17234294509320586,0.04423521075489312
16816,0.0082,0.1044,9.8192,0.8525,-0.5746,2.6902,0.0044,-1.0703,-1.201,0.01487893187325166,-0.010028661881959418,0.046952847537151454,-0.09069361691812294,0.16280208325831194,0.01798988538575763
16824,0.0294,0.083,9.8491,0.7802,-0.5836,2.5302,-0.0234,-1.0803,-1.1886,0.01361705882405976,-0.010185741514638908,0.04416032073396052,-0.06447232034648386,0.12565344233705,0.04848103528346037
16832,0.0386,0.091,9.7986,0.8444,-0.6669,2.5906,-0.0511,-1.0902,-1.1762,0.014737560203840119,-0.011639600781550184,0.0452144996021651,-0.04951671061939001,0.11745294781916014,-0.0017304680664143035
16840,0.0297,0.0277,9.8687,0.9298,-0.752,2.7524,-0.0815,-1.0972,-1.1666,0.016228071385043275,-0.013124875974997358,0.04803844233189193,-0.05082045974024247,0.04302508178828889,0.06855892180863954
16848,0.0448,0.0405,9.8957,0.7848,-0.7959,2.939,-0.1118,-1.1041,-1.157,0.013697343969651499,-0.01389107551662287,0.05129522671611335,-0.028068521749934374,0.04093472789932618,0.09575981348266893
16856,0.0667,0.0475,9.8959,0.7874,-0.8486,2.8562,-0.1421,-1.1111,-1.1475,0.01374272253020335,-0.014810864032423881,0.04985009409546204,-0.005173291227535906,0.0303733427176381,0.09619081501109683
16864,0.0482,-0.029,9.9203,0.654,-0.9417,2.7797,-0.1703,-1.1184,-1.1384,0.011414453308042916,-0.016435765566030602,0.04851491721768638,-0.019998166547069925,-0.032569741401318235,0.12038586020119268
16872,0.0638,-0.0773,9.9328,0.5504,-0.8787,2.8851,-0.1975,-1.1267,-1.1284,0.00960629220297679,-0.015336208137274175,0.0503544942492884,-0.00628441277679234,-0.06626781239588468,0.13308263597944325
16880,0.0488,-0.1283,9.8985,0.5179,-0.8478,2.8687,-0.2255,-1.1349,-1.116,0.009039060196078634,-0.014796901398407926,0.05006826025196133,-0.02101638610319161,-0.10184110822894622,0.09890555971668213
16888,0.0371,-0.241,9.9491,0.5216,-0.9382,2.7569,-0.2535,-1.1431,-1.1036,0.009103637378402422,-0.0163746790422108,0.04811698214823167,-0.03566016195116673,-0.19887797038544108,0.15003638816185294
16896,0.0519,-0.2463,9.7917,0.5544,-0.8674,2.7994,-0.2832,-1.1521,-1.0942,0.009676105373056564,-0.015138985931798814,0.04885874708032926,-0.01964395277566637,-0.19049716313654083,-0.006937601753152833
16904,0.0426,-0.3304,9.7062,0.4712,-0.797,2.7627,-0.3171,-1.1593,-1.0828,0.00822399143539728,-0.013910274138394808,0.04821821124484735,-0.03060126823422989,-0.2598698949431415,-0.09161040336324966
16912,0.0414,-0.4366,9.7504,0.5489,-0.9136,2.4369,-0.3476,-1.1607,-1.0686,0.009580112264196876,-0.015945328046220193,0.04253192854184982,-0.03542564476528886,-0.35079645102276463,-0.04611254147133437
16920,0.0705,-0.6443,9.7444,0.5885,-0.7745,2.5147,-0.3718,-1.1673,-1.0544,0.01027126264798663,-0.013517575056696082,0.043889794699901404,-0.014035738145804623,-0.544582922896212,-0.04927405071065927
16928,0.0803,-0.3981,10.0889,0.7891,-0.7161,2.5784,-0.3959,-1.1738,-1.0402,0.013772393127487254,-0.012498302773531393,0.04500156943342179,0.0010492120335769321,-0.2801909625905172,0.29318219560296477
16936,0.0802,-0.4231,10.191,0.7276,-0.759,2.5434,-0.4228,-1.1766,-1.0308,0.012699015637510741,-0.013247049022636962,0.04439070419522378,-0.0015049755425783503,-0.28861729395230945,0.3960102217818644
16944,0.1561,-0.5128,10.134,0.8127,-0.6933,2.5445,-0.449,-1.1798,-1.0148,0.014184290830957916,-0.012100367704076687,0.04440990281699572,0.0678575980207816,-0.36671024409941344,0.3413118477474786
16952,0.0849,-0.4554,10.0068,0.8275,-0.7452,2.4283,-0.4757,-1.1886,-1.0007,0.014442599560253077,-0.013006193585861744,0.04238183022617831,-0.001388294831249483,-0.29394670361810205,0.21320312477828018
16960,0.143,-0.1875,9.735,0.9136,-0.7974,2.4425,-0.5022,-1.1974,-0.9867,0.015945328046220193,-0.013917255455402783,0.0426296669799615,0.0524059564569216,-0.02698698991414489,-0.062322886432143676
16968,0.121,-0.357,9.6973,0.988,-0.7728,2.2053,-0.5287,-1.2061,-0.9726,0.017243853009703977,-0.013487904459412179,0.038489745994230946,0.022224658911623715,-0.18216792992519712,-0.09711186296353169
16976,0.2194,-0.1627,9.9587,0.9818,-0.8211,2.1359,-0.5607,-1.2134,-0.961,0.017135642596080327,-0.014330898488125441,0.03727848749334688,0.10756460028493818,0.010625719579080576,0.16185877689745887
16984,0.2001,-0.1828,9.9471,1.0371,-0.7981,1.9976,-0.5927,-1.2207,-0.9494,0.01810080967243319,-0.013929472760166744,0.03486469713783873,0.07081592130832172,-0.008770587101229103,0.1505357866846122
16992,0.2053,-0.196,9.9033,1.0634,-0.7867,1.7693,-0.6211,-1.2269,-0.9368,0.018559831265707698,-0.01373050522543939,0.030880110455535674,0.05987418858360568,-0.019740014357936615,0.10716611314126467
17000,0.2019,-0.3086,9.8964,1.0672,-0.8425,1.5723,-0.6495,-1.2331,-0.9243,0.018626153777283484,-0.014704398948052227,0.027441811829106846,0.045961969561318865,-0.11897850205528276,0.102447280516202
17008,0.2221,-0.379,9.8725,1.1615,-0.8531,1.4985,-0.6778,-1.2393,-0.9118,0.02027199926191414,-0.014889403848763624,0.02615375884113503,0.058079764808473364,-0.17698261264772322,0.08051261604073723
17016,0.2079,-0.3357,9.864,1.2011,-0.7807,1.4254,-0.7041,-1.2459,-0.8997,0.020963149645703893,-0.01362578547031973,0.024877923157927175,0.03923633484458844,-0.12008697220774898,0.07109175973630322
17024,0.1902,-0.2173,9.8386,1.2255,-0.7994,1.2434,-0.735,-1.2454,-0.883,0.02138900998319051,-0.01395216204044267,0.021701423919297493,0.008829579253907505,-0.002315485971668525,0.04283302545841572
17032,0.2233,-0.0368,9.7582,1.3129,-0.8199,1.1547,-0.763,-1.2477,-0.8739,0.02291442774943355,-0.014309954537101507,0.020153316872778524,0.043574733484224505,0.15848324708359707,-0.040560022573242094
17040,0.204,-0.0853,9.7633,1.2951,-0.8076,0.9206,-0.7904,-1.2519,-0.8581,0.02260375914257856,-0.014095279039106205,0.016067501093859796,0.01841685901211435,0.09370286532230546,-0.03466336615401211
17048,0.1766,-0.1496,9.7575,1.2728,-0.7585,0.7981,-0.8177,-1.2561,-0.8424,0.022214550719383826,-0.013238322376376989,0.013929472760166744,-0.006625657215837762,0.013793191111536112,-0.03976743009955719
17056,0.1636,-0.1295,9.7545,1.1875,-0.7941,0.7289,-0.8425,-1.2588,-0.8291,0.020725784867432664,-0.013859659590086972,0.012721704917786668,-0.012504126162460912,0.019003718491658387,-0.04329523017569237
17064,0.1473,-0.1751,9.7645,1.2418,-0.7323,0.6307,-0.8634,-1.261,-0.8178,0.021673498651265586,-0.012781046112354474,0.011007791592328238,-0.019511294125718844,-0.017422984392492825,-0.0328543934772636
17072,0.1348,-0.1539,9.7654,1.1525,-0.6811,0.5688,-0.8886,-1.267,-0.8054,0.02011491962923465,-0.011887437535333379,0.009927432785343747,-0.016848018651095642,0.0005726018564851312,-0.032471693084549
17080,0.1267,-0.1348,9.7708,1.1604,-0.6401,0.627,-0.9136,-1.2729,-0.7931,0.0202528006401422,-0.011171852542015703,0.010943214410004447,-0.01325370337528306,0.008552048856226135,-0.02746154922851396
17088,0.1235,-0.0997,9.7852,1.0853,-0.6543,0.5359,-0.9343,-1.2736,-0.7771,0.018942058371894457,-0.011419689295798898,0.009353219461437613,-0.011287380364138714,0.02774577643323842,-0.013558657666484564
17096,0.1124,0.0359,9.7946,1.1388,-0.6039,0.4702,-0.9596,-1.2762,-0.7606,0.019875809521711425,-0.010540043352793757,0.008206538142877338,-0.01754701544731744,0.1466375359629854,-0.0058026737615914925
17104,0.0773,0.0807,9.7653,1.182,-0.513,0.2847,-0.9849,-1.2826,-0.7451,0.020629791758572973,-0.00895353906273091,0.004968952380427856,-0.04764145841090781,0.17543668645263444,-0.03575276170830577
17112,0.0755,0.0712,9.7511,1.2206,-0.5114,0.07,-1.01,-1.2889,-0.7296,0.021303488849842785,-0.008925613794699,0.0012217304763960308,-0.04582261786299356,0.1492693591642148,-0.04959796489873547
17120,0.069,0.16,9.7601,1.0816,-0.5792,-0.0101,-1.0351,-1.2951,-0.7142,0.018877481189570666,-0.010108947027551158,-0.00017627825445142728,-0.047412397904296265,0.22156332212484833,-0.04097470190726682
17128,0.0681,0.3557,9.6603,1.0686,-0.5854,-0.0546,-1.0624,-1.2967,-0.7011,0.018650588386811405,-0.010217157441174806,-0.000952949771588904,-0.040516259060196305,0.3997532958533754,-0.14126758186116284
17136,0.0677,0.217,9.6542,1.0562,-0.5727,-0.1718,-1.0897,-1.2981,-0.6881,0.018434167559564108,-0.009995500626171525,-0.002998475654926258,-0.04318555288700149,0.24447862774593504,-0.14631598100511312
17144,0.127,0.1918,9.6583,1.0416,-0.4805,-0.0839,-1.1135,-1.3029,-0.6718,0.01817934948877294,-0.008386307055832752,-0.0014643312424232424,0.013506840609075081,0.20072502577018095,-0.14105584655929704
17152,0.1119,0.1316,9.6716,1.0917,-0.4216,-0.0799,-1.1372,-1.3077,-0.6555,0.019053759444022093,-0.007358308126408093,-0.0013945180723434693,-0.003778086917324981,0.12409575572903175,-0.12765422973985707
17160,0.0796,0.1541,9.6608,0.945,-0.5654,-0.1214,-1.1609,-1.3124,-0.6393,0.016493361431346415,-0.00986809159077594,-0.002118829711921116,-0.0324589152444616,0.13127373642685614,-0.13858948005283978
17168,0.0476,0.1868,9.7226,1.0206,-0.5535,-0.1477,-1.1882,-1.319,-0.6259,0.017812830345854125,-0.009660397409788614,-0.0025778513051956248,-0.0593481375182087,0.14893298184807377,-0.07681083566246016
17176,0.0209,0.1781,9.8104,1.069,-0.5555,-0.2075,-1.2107,-1.3237,-0.6107,0.018657569703819384,-0.0096953039948285,-0.0036215581978882336,-0.07983631477363412,0.12593384535170613,0.01090573848501819
17184,-0.0656,0.1251,9.7832,1.0859,-0.5654,0.0899,-1.2379,-1.3241,-0.5974,0.018952530347406425,-0.00986809159077594,0.0015690509975429022,-0.15414806066075556,0.06780576631349688,-0.017229617156029775
