Timestamp_ms,AccX_Filt,AccY_Filt,AccZ_Filt,GyrX_Filt,GyrY_Filt,GyrZ_Filt,MagX_Filt,MagY_Filt,MagZ_Filt
5233,0.0224,0.0404,9.8338,-0.3928,1.6814,0.2091,-38.8800,-78.1650,29.5650
5240,-0.0062,0.0238,9.8339,-0.3938,1.8378,-0.3079,-40.5278,-81.4777,30.8180
5248,0.0100,0.0214,9.8226,0.0945,1.2591,0.2723,-40.9759,-82.3786,31.1588
5256,0.0120,0.0215,9.8268,0.1401,0.8614,0.5480,-40.8120,-82.5617,31.4740
5264,0.0082,0.0296,9.8334,0.2293,0.7700,1.1331,-40.8380,-82.6563,31.6028
5272,0.0186,0.0082,9.8283,0.1441,0.3780,1.0593,-40.4701,-82.5106,31.6129
5280,0.0100,0.0011,9.8039,0.1456,0.2576,0.9975,-40.2979,-82.6063,31.5759
5288,0.0174,-0.0029,9.8027,0.0915,0.0565,1.2189,-40.1198,-82.5773,31.5098
5296,0.0259,0.0004,9.7979,0.1270,-0.0299,1.2928,-39.9711,-82.3006,31.5393
5304,0.0200,-0.0078,9.7922,0.1750,-0.0028,1.1850,-39.8137,-81.9992,31.3838
5312,0.0266,0.0159,9.8018,0.0486,0.1912,0.9600,-39.5558,-81.6128,31.3640
5320,0.0317,0.0259,9.8006,0.0086,0.2438,1.0134,-39.3961,-81.2501,31.3224
5328,0.0333,0.0110,9.8096,-0.0358,0.1343,0.9610,-39.2322,-80.8832,31.2643
5336,0.0239,-0.0002,9.8071,-0.0061,0.0689,1.0419,-39.0654,-80.5136,31.1934
5344,0.0142,0.0081,9.8180,0.0841,-0.0158,0.9838,-38.8766,-80.0433,31.0627
5352,0.0125,0.0021,9.8217,0.0672,0.0717,1.1429,-38.6887,-79.5846,30.9301
5360,0.0243,0.0080,9.8356,-0.0232,0.0991,1.1374,-38.5017,-79.1361,30.7962
5368,0.0309,0.0069,9.8268,0.0127,-0.1423,1.1608,-38.2577,-78.7212,30.7441
5376,0.0229,0.0012,9.8313,0.1072,0.0483,0.9991,-38.0209,-78.3115,30.6825
5384,0.0314,0.0075,9.8269,0.2304,0.0217,1.0031,-37.7679,-77.9440,30.6129
5392,0.0291,0.0122,9.8295,0.2587,-0.0318,0.9520,-37.5868,-77.5845,30.4441
5400,0.0262,0.0187,9.8327,0.2597,-0.0274,0.8946,-37.4067,-77.2254,30.2779
5408,0.0151,0.0348,9.8328,0.2260,-0.1100,0.9458,-37.2016,-76.8606,30.1858
5416,0.0195,0.0386,9.8376,0.2287,-0.1354,0.7897,-36.9934,-76.5658,30.0464
5424,0.0129,0.0388,9.8377,0.1849,-0.0858,0.6951,-36.8187,-76.1891,29.9372
5432,0.0079,0.0404,9.8364,0.2093,-0.1147,0.6236,-36.6909,-75.8383,29.7917
5440,0.0143,0.0303,9.8302,0.1327,-0.0520,0.5923,-36.5606,-75.4884,29.6471
5448,0.0087,0.0194,9.8246,0.0865,0.0318,0.5189,-36.3908,-75.1290,29.5195
5456,-0.0033,0.0091,9.8136,0.1211,-0.0609,0.4131,-36.1907,-74.7612,29.4073
5464,0.0038,-0.0131,9.8128,0.0522,-0.1200,0.3600,-36.0184,-74.3710,29.3190
5472,0.0024,-0.0176,9.8162,0.1057,-0.0725,0.2949,-35.8521,-74.0431,29.1894
5480,0.0075,-0.0239,9.8202,0.1201,-0.0818,0.3477,-35.6866,-73.7156,29.0601
5488,0.0007,-0.0200,9.8220,0.2523,-0.1024,0.3618,-35.5218,-73.3887,28.9310
5496,0.0028,-0.0119,9.8199,0.1976,-0.0601,0.3721,-35.3446,-73.0624,28.7889
5504,0.0079,-0.0124,9.8373,0.2538,-0.1193,0.4198,-35.1690,-72.7370,28.6480
5512,0.0043,0.0018,9.8260,0.1912,-0.0624,0.4069,-35.0283,-72.3999,28.4872
5520,-0.0063,0.0110,9.8368,0.2211,-0.0545,0.3862,-34.8872,-72.0645,28.3287
5528,-0.0013,0.0261,9.8375,0.2208,-0.1384,0.3808,-34.7460,-71.7307,28.1722
5536,0.0074,0.0275,9.8321,0.1666,-0.1101,0.4211,-34.5931,-71.4103,28.0369
5544,0.0075,0.0315,9.8291,0.1632,-0.1397,0.3605,-34.4406,-71.0910,27.9026
5552,-0.0102,0.0210,9.8264,0.0953,-0.0947,0.4660,-34.3181,-70.7362,27.7691
5560,-0.0194,0.0188,9.8285,0.0700,-0.0548,0.5074,-34.1946,-70.3843,27.6545
5568,-0.0168,0.0081,9.8249,0.0098,0.1308,0.4827,-33.9935,-70.0529,27.5504
5576,-0.0212,0.0007,9.8208,0.0497,0.1323,0.3981,-33.8397,-69.7612,27.4151
5584,-0.0225,0.0041,9.8293,0.0959,0.1560,0.1960,-33.7067,-69.4565,27.2775
5592,-0.0260,0.0140,9.8289,0.1316,0.1481,0.2325,-33.5737,-69.1528,27.1411
5600,-0.0204,0.0170,9.8389,0.1299,0.1434,0.1132,-33.4375,-68.8309,27.0026
5608,-0.0136,0.0179,9.8471,0.1693,0.0841,0.1340,-33.2700,-68.5110,26.8717
5616,-0.0188,0.0178,9.8431,0.1522,0.2163,0.1347,-33.1225,-68.2207,26.7756
5624,-0.0299,0.0204,9.8414,0.1714,0.2659,0.1436,-32.9606,-67.9463,26.6429
5632,-0.0236,0.0255,9.8375,0.1271,0.2369,0.1166,-32.8000,-67.6721,26.5113
5640,-0.0201,0.0256,9.8403,0.0875,0.1929,0.0772,-32.6407,-67.3983,26.3807
5648,-0.0174,0.0243,9.8279,0.0253,0.1754,0.0587,-32.4712,-67.0822,26.2853
5656,-0.0186,0.0241,9.8253,0.0527,0.1804,0.0844,-32.3033,-66.7681,26.1897
5664,-0.0169,0.0229,9.8211,0.0382,0.2068,0.1577,-32.1371,-66.4423,26.0664
5672,-0.0145,0.0242,9.8164,0.0704,0.1968,0.2736,-31.9724,-66.1191,25.9439
5680,-0.0074,0.0271,9.8181,0.0687,0.2575,0.2356,-31.8092,-65.7983,25.8222
5688,-0.0059,0.0298,9.8228,0.0482,0.2265,0.2399,-31.6554,-65.5007,25.7248
5696,-0.0050,0.0244,9.8084,0.0744,0.3073,0.2332,-31.5027,-65.2049,25.6274
5704,-0.0106,0.0233,9.7976,0.1507,0.3280,0.2026,-31.3713,-64.9258,25.5174
5712,-0.0051,0.0176,9.7874,0.1965,0.3020,0.3024,-31.2404,-64.6480,25.4079
5720,-0.0143,0.0107,9.7914,0.1543,0.1858,0.2688,-31.0782,-64.3395,25.2695
5728,-0.0154,0.0131,9.7914,0.1812,0.1661,0.2394,-30.9488,-64.0380,25.1494
5736,-0.0077,0.0148,9.7840,0.1827,0.1150,0.2918,-30.7891,-63.7694,25.0254
5744,-0.0039,0.0114,9.7815,0.1304,0.1199,0.3150,-30.6565,-63.4808,24.8930
5752,-0.0027,0.0237,9.7674,0.0805,0.1970,0.2863,-30.5246,-63.1938,24.7619
5760,0.0070,0.0194,9.7769,0.0811,0.1098,0.3338,-30.3887,-62.9041,24.6660
5768,0.0116,0.0183,9.7883,0.0387,0.1257,0.3525,-30.2380,-62.6318,24.5703
5776,0.0040,0.0090,9.7885,0.0518,0.1596,0.3356,-30.0907,-62.3586,24.4506
5784,0.0049,0.0148,9.7974,-0.0053,0.1491,0.3782,-29.9445,-62.0869,24.3317
5792,0.0029,0.0068,9.8000,-0.0384,0.0053,0.4699,-29.7802,-61.8079,24.2374
5800,0.0207,0.0023,9.8032,0.0235,0.0659,0.4745,-29.6514,-61.5285,24.1285
5808,0.0027,0.0000,9.7998,-0.0109,0.0916,0.4817,-29.5233,-61.2508,24.0202
5816,0.0032,0.0025,9.7971,0.0418,0.1109,0.4136,-29.3876,-60.9830,23.9064
5824,0.0051,0.0052,9.8038,0.0200,0.1721,0.3165,-29.2528,-60.7166,23.7934
5832,0.0054,0.0082,9.8067,-0.0089,0.1424,0.3252,-29.1190,-60.4517,23.6812
5840,0.0088,0.0149,9.8129,0.0170,0.0713,0.2320,-29.0236,-60.2001,23.5718
5848,0.0074,0.0160,9.8150,0.0230,0.0620,0.2550,-28.9281,-59.9496,23.4630
5856,0.0089,0.0220,9.8186,0.0261,0.0906,0.2798,-28.8015,-59.6828,23.3531
5864,0.0111,0.0211,9.8296,-0.0431,0.1794,0.3382,-28.6757,-59.4176,23.2438
5872,0.0117,0.0129,9.8096,-0.0959,0.2188,0.2605,-28.5618,-59.1426,23.1335
5880,0.0050,0.0083,9.8174,-0.0583,0.1470,0.3090,-28.4371,-58.8806,23.0351
5888,0.0076,0.0100,9.8226,-0.0276,0.1398,0.2353,-28.3020,-58.6183,22.9427
5896,0.0022,0.0088,9.8196,0.0337,0.0262,0.2689,-28.1825,-58.3557,22.8307
5904,0.0037,0.0100,9.8123,-0.0411,0.0269,0.1675,-28.0636,-58.0947,22.7195
5912,0.0078,0.0089,9.8053,-0.0779,-0.0231,0.1240,-27.9363,-57.8300,22.6091
5920,0.0083,0.0037,9.8053,-0.0277,-0.0282,0.1652,-27.7974,-57.5757,22.5083
5928,0.0146,0.0077,9.7975,-0.0438,0.0470,0.2205,-27.6771,-57.3054,22.4377
5936,0.0145,0.0008,9.7987,-0.0778,0.0629,0.3348,-27.5418,-57.0612,22.3533
5944,0.0257,0.0037,9.7948,-0.1371,0.0353,0.3774,-27.4076,-56.8182,22.2690
5952,0.0209,-0.0019,9.7721,-0.0710,0.0597,0.4554,-27.2929,-56.5664,22.1900
5960,0.0206,0.0054,9.7757,-0.0131,0.0137,0.3166,-27.1788,-56.3161,22.1112
5968,0.0139,-0.0045,9.7867,0.0022,0.0176,0.2773,-27.0537,-56.0590,22.0092
5976,0.0148,-0.0016,9.7871,-0.0258,0.0454,0.2584,-26.9293,-55.8035,21.9079
5984,0.0023,-0.0116,9.7875,0.0728,0.0907,0.2669,-26.8058,-55.5496,21.8073
5992,0.0056,-0.0057,9.7837,0.0736,0.0833,0.1684,-26.6846,-55.3102,21.7281
6000,0.0008,0.0019,9.7817,0.0558,0.0842,0.1916,-26.5642,-55.0721,21.6491
6008,-0.0053,0.0010,9.7817,0.0895,0.0238,0.1951,-26.4571,-54.8401,21.5435
6016,-0.0081,-0.0057,9.7903,0.1323,0.0033,0.2517,-26.3505,-54.6093,21.4386
6024,-0.0052,-0.0122,9.8013,0.0719,0.1597,0.2366,-26.2367,-54.3797,21.3452
6032,0.0020,-0.0104,9.7976,0.1235,0.1813,0.1287,-26.0913,-54.1498,21.2509
6040,0.0008,-0.0078,9.7969,0.0822,0.1593,0.0389,-25.9336,-53.9029,21.1707
6048,-0.0103,-0.0091,9.8059,0.0426,0.1382,0.0811,-25.7851,-53.6620,21.0863
6056,-0.0109,0.0016,9.8027,0.0475,0.1608,0.1534,-25.6380,-53.4227,21.0022
6064,-0.0118,0.0008,9.8020,0.0975,0.1636,0.1719,-25.4982,-53.1907,20.9273
6072,-0.0254,0.0096,9.8005,0.0866,0.1530,0.1176,-25.3567,-52.9395,20.8512
6080,-0.0199,0.0107,9.8060,0.0256,0.1989,0.0950,-25.2441,-52.7061,20.7593
6088,-0.0254,0.0190,9.8005,0.0312,0.0988,0.2307,-25.1381,-52.4942,20.6665
6096,-0.0227,0.0120,9.8014,-0.0141,-0.0317,0.1711,-25.0327,-52.2835,20.5742
6104,-0.0302,0.0093,9.7890,0.0946,-0.0870,0.2208,-24.9237,-52.0553,20.4824
6112,-0.0302,-0.0019,9.7760,0.0732,-0.1000,0.1910,-24.8154,-51.8285,20.3912
6120,-0.0402,0.0013,9.7765,0.0607,-0.2111,0.2559,-24.7050,-51.6072,20.3102
6128,-0.0424,0.0073,9.7710,0.0835,-0.2453,0.2939,-24.5954,-51.3872,20.2296
6136,-0.0403,0.0032,9.7789,0.0972,-0.2700,0.3115,-24.4865,-51.1685,20.1494
6144,-0.0371,0.0104,9.7805,0.0650,-0.2429,0.2218,-24.3878,-50.9619,20.0573
6152,-0.0382,0.0129,9.7865,0.1463,-0.2864,0.2426,-24.2897,-50.7563,19.9657
6160,-0.0452,0.0082,9.7755,0.1493,-0.3093,0.2492,-24.1815,-50.5424,19.8720
6168,-0.0424,0.0072,9.7729,0.1575,-0.3606,0.2395,-24.0740,-50.3298,19.7789
6176,-0.0467,0.0008,9.7787,0.1520,-0.3349,0.2329,-23.9777,-50.1170,19.6916
6184,-0.0633,0.0028,9.7771,0.1788,-0.3637,0.1465,-23.8872,-49.9132,19.6061
6192,-0.0620,0.0101,9.7816,0.2577,-0.3565,0.0693,-23.7868,-49.7105,19.5121
6200,-0.0576,0.0103,9.7771,0.2558,-0.3417,0.0221,-23.6870,-49.5089,19.4212
6208,-0.0714,0.0136,9.7975,0.2700,-0.3249,0.1477,-23.5878,-49.3083,19.3309
6216,-0.0820,0.0144,9.8083,0.1903,-0.3834,0.1851,-23.4803,-49.1024,19.2538
6224,-0.0816,0.0187,9.8034,0.1247,-0.3221,0.2102,-23.3811,-48.8989,19.1821
6232,-0.0945,0.0203,9.7968,0.0940,-0.2821,0.1702,-23.2900,-48.7078,19.0969
6240,-0.1130,0.0255,9.7912,0.0459,-0.2625,0.2066,-23.1969,-48.5051,19.0023
6248,-0.1128,0.0210,9.8099,0.0827,-0.2065,0.1508,-23.1044,-48.3036,18.9084
6256,-0.1355,0.0174,9.8240,0.0645,-0.1395,0.1214,-23.0172,-48.1118,18.8260
6264,-0.1432,0.0187,9.8323,-0.0010,-0.1342,0.0373,-22.9305,-47.9210,18.7442
6272,-0.1538,-0.0056,9.8292,-0.1115,-0.1051,0.1701,-22.8395,-47.7287,18.6701
6280,-0.1735,-0.0322,9.8229,-0.0892,-0.1946,0.1479,-22.7489,-47.5374,18.5963
6288,-0.1876,-0.0216,9.8157,-0.1026,-0.1255,0.0840,-22.6588,-47.3470,18.5229
6296,-0.1936,-0.0302,9.8020,-0.0034,-0.0728,0.0681,-22.5656,-47.1494,18.4439
6304,-0.1853,-0.0221,9.7823,0.0888,-0.1611,0.1250,-22.4730,-46.9529,18.3653
6312,-0.1674,0.0030,9.7776,0.1264,-0.2881,0.0754,-22.3903,-46.7481,18.2871
6320,-0.1434,0.0171,9.7771,0.1009,-0.3456,0.0040,-22.3080,-46.5445,18.2094
6328,-0.1112,0.0453,9.7839,0.1832,-0.3793,0.1143,-22.2169,-46.3721,18.1240
6336,-0.0657,0.0594,9.8005,0.1766,-0.4114,0.0812,-22.1183,-46.1741,18.0506
6344,-0.0277,0.0536,9.7973,0.1250,-0.4449,0.1295,-22.0237,-45.9772,17.9742
6352,-0.0138,0.0432,9.7940,0.1049,-0.4662,0.1597,-21.9399,-45.7893,17.8959
6360,-0.0044,0.0134,9.7864,-0.0183,-0.4892,0.2552,-21.8565,-45.6025,17.8181
6368,0.0196,-0.0059,9.7672,-0.1147,-0.5406,0.3173,-21.7657,-45.4199,17.7373
6376,0.0258,-0.0310,9.7645,-0.1083,-0.6590,0.3792,-21.6744,-45.2339,17.6693
6384,0.0323,-0.0484,9.7661,-0.1582,-0.5830,0.3425,-21.5891,-45.0510,17.6015
6392,0.0469,-0.0590,9.7826,-0.2379,-0.5689,0.4701,-21.5043,-44.8636,17.5242
6400,0.0592,-0.0614,9.8048,-0.2501,-0.5661,0.4240,-21.4199,-44.6772,17.4473
6408,0.0593,-0.0649,9.8035,-0.1604,-0.4968,0.4947,-21.3328,-44.4918,17.3752
6416,0.0540,-0.0544,9.8159,-0.0693,-0.4705,0.5142,-21.2461,-44.3074,17.3034
6424,0.0446,-0.0389,9.8163,0.0045,-0.4800,0.5196,-21.1643,-44.1391,17.2288
6432,0.0257,-0.0364,9.8198,0.1150,-0.5291,0.3941,-21.0828,-43.9715,17.1546
6440,0.0131,-0.0254,9.8221,0.1274,-0.5654,0.5220,-21.0018,-43.8047,17.0809
6448,-0.0129,-0.0186,9.8296,0.1685,-0.4375,0.4817,-20.9223,-43.6376,17.0033
6456,-0.0350,-0.0171,9.8410,0.1279,-0.3951,0.4005,-20.8432,-43.4713,16.9262
6464,-0.0719,-0.0161,9.8453,0.1717,-0.2133,0.4002,-20.7593,-43.2954,16.8599
6472,-0.1112,-0.0130,9.8383,0.0269,-0.0100,0.3679,-20.6872,-43.1318,16.7846
6480,-0.1554,-0.0042,9.8206,0.0085,-0.0690,0.3610,-20.6155,-42.9690,16.7098
6488,-0.1908,0.0000,9.8082,-0.0678,-0.0348,0.2824,-20.5318,-42.7997,16.6384
6496,-0.2170,-0.0125,9.7961,-0.0848,0.0513,0.3992,-20.4527,-42.6293,16.5787
6504,-0.2461,0.0117,9.7847,-0.1330,0.1576,0.3590,-20.3689,-42.4547,16.5090
6512,-0.2784,0.0213,9.7885,-0.0724,0.1233,0.3338,-20.2856,-42.2810,16.4398
6520,-0.3035,0.0350,9.7860,-0.0492,0.1385,0.3017,-20.2027,-42.1192,16.3709
6528,-0.3181,0.0314,9.7687,0.0503,0.1823,0.2817,-20.1263,-41.9442,16.2913
6536,-0.3499,0.0168,9.7681,0.0629,0.2216,0.3079,-20.0454,-41.7772,16.2272
6544,-0.3650,0.0032,9.7894,0.1362,0.1658,0.3730,-19.9708,-41.6020,16.1594
6552,-0.3869,0.0077,9.8096,0.1370,0.1311,0.3819,-19.8966,-41.4279,16.0920
6560,-0.3744,0.0422,9.7850,0.0897,0.1193,0.3797,-19.8287,-41.2664,16.0191
6568,-0.3630,0.0416,9.7432,-0.0675,0.1346,0.1483,-19.7610,-41.1057,15.9466
6576,-0.3564,0.0429,9.7168,-0.0684,0.0880,0.1563,-19.6762,-40.9439,15.8823
6584,-0.3290,0.0509,9.7557,-0.0614,0.0034,0.1773,-19.5919,-40.7828,15.8183
6592,-0.3001,0.0126,9.8106,-0.1533,0.0451,0.0614,-19.5081,-40.6226,15.7547
6600,-0.3118,-0.0294,9.8164,-0.0812,0.0344,-0.0174,-19.4220,-40.4565,15.6914
6608,-0.3096,-0.0446,9.8281,-0.0096,0.0401,-0.0661,-19.3363,-40.2913,15.6283
6616,-0.2880,-0.0870,9.7818,-0.0024,0.0856,-0.0513,-19.2635,-40.1221,15.5619
6624,-0.2735,-0.0999,9.6961,0.0951,-0.0602,-0.0799,-19.1938,-39.9690,15.4967
6632,-0.2731,-0.0811,9.7311,0.1643,-0.1810,0.0234,-19.1245,-39.8166,15.4318
6640,-0.3037,-0.0868,9.7833,0.1639,-0.1792,0.0609,-19.0555,-39.6509,15.3786
6648,-0.2741,-0.0364,9.7790,0.3048,-0.2975,0.0675,-18.9906,-39.4917,15.3218
6656,-0.1862,-0.0017,9.7915,0.2555,-0.2346,-0.0570,-18.9149,-39.3379,15.2699
6664,-0.1672,0.0196,9.7823,0.2511,-0.3797,-0.0106,-18.8396,-39.1831,15.2071
6672,-0.1829,0.0380,9.8679,0.4175,-0.4866,-0.0863,-18.7647,-39.0290,15.1447
6680,-0.1811,-0.0095,9.9230,0.3020,-0.2474,-0.0760,-18.7002,-38.8747,15.0771
6688,-0.1836,0.0240,9.8384,0.3328,-0.1413,-0.1088,-18.6306,-38.7194,15.0172
6696,-0.2241,0.0442,9.8011,0.2450,-0.1439,-0.1935,-18.5595,-38.5667,14.9594
6704,-0.2771,-0.0308,9.7141,-0.0389,-0.1384,-0.2825,-18.4906,-38.4202,14.8964
6712,-0.2559,0.0001,9.6795,0.1695,-0.3624,-0.2556,-18.4220,-38.2744,14.8338
6720,-0.1971,0.0432,9.8135,0.0141,-0.4113,-0.3233,-18.3538,-38.1292,14.7715
6728,-0.1648,-0.0140,9.8633,-0.1477,-0.2048,-0.2173,-18.2770,-37.9732,14.7158
6736,-0.1889,0.0336,9.8842,0.0788,-0.1966,-0.1719,-18.2006,-37.8180,14.6603
6744,-0.1993,0.0766,9.9437,-0.0566,0.0032,-0.2272,-18.1247,-37.6636,14.6051
6752,-0.2319,0.0327,9.7697,-0.2314,0.1330,-0.2054,-18.0633,-37.5179,14.5510
6760,-0.2282,0.0617,9.6383,0.0362,0.0144,-0.1392,-18.0021,-37.3729,14.4972
6768,-0.2198,0.0765,9.6387,-0.0894,-0.0617,-0.0706,-17.9359,-37.2321,14.4384
6776,-0.2564,0.0121,9.6841,-0.1880,-0.1451,-0.1597,-17.8649,-37.0798,14.3851
6784,-0.2700,-0.0171,9.8100,0.0856,-0.3688,-0.1382,-17.7943,-36.9283,14.3320
6792,-0.2303,0.0094,9.8460,-0.0261,-0.2441,-0.1736,-17.7266,-36.7870,14.2740
6800,-0.2245,0.0015,9.7916,-0.1329,-0.2449,-0.1541,-17.6636,-36.6447,14.2223
6808,-0.2634,-0.0613,9.7733,-0.2323,-0.2589,-0.1889,-17.5965,-36.5005,14.1691
6816,-0.3227,-0.0498,9.7121,-0.2874,-0.2430,-0.2514,-17.5273,-36.3629,14.1154
6824,-0.2912,-0.0216,9.6886,-0.3001,-0.3852,-0.3646,-17.4584,-36.2260,14.0618
6832,-0.2687,-0.0762,9.6938,-0.4296,-0.3291,-0.2648,-17.3933,-36.0830,14.0102
6840,-0.2847,-0.1157,9.7381,-0.2227,-0.5395,-0.2387,-17.3352,-35.9433,13.9589
6848,-0.2933,-0.0707,9.8698,-0.0649,-0.5886,-0.2830,-17.2740,-35.8134,13.9069
6856,-0.2828,-0.0683,9.8983,-0.1087,-0.3397,-0.1895,-17.2214,-35.6732,13.8510
6864,-0.3034,-0.0871,9.7906,-0.1612,-0.3469,-0.2680,-17.1691,-35.5338,13.7954
6872,-0.2965,-0.0512,9.6804,-0.0354,-0.2605,-0.2231,-17.1169,-35.3950,13.7401
6880,-0.2703,-0.0634,9.6486,-0.0778,-0.2739,-0.2921,-17.0559,-35.2626,13.6817
6888,-0.2511,-0.0672,9.7277,0.0683,-0.4627,-0.2142,-16.9952,-35.1309,13.6237
6896,-0.2505,-0.0656,9.9032,0.0667,-0.4912,-0.1316,-16.9397,-34.9965,13.5594
6904,-0.2965,-0.0892,10.0505,0.1266,-0.2678,0.0300,-16.8844,-34.8628,13.4954
6912,-0.2780,-0.0709,9.9302,-0.0429,-0.1075,0.0459,-16.8294,-34.7296,13.4319
6920,-0.2685,0.0144,9.8067,0.0137,-0.1249,0.0904,-16.7665,-34.5972,13.3864
6928,-0.2973,0.0033,9.7679,-0.3615,-0.0589,0.0876,-16.7039,-34.4653,13.3388
6936,-0.3612,-0.0123,9.6489,-0.3523,-0.0518,0.0637,-16.6489,-34.3340,13.2913
6944,-0.3137,0.0392,9.6916,-0.1008,-0.1623,-0.1353,-16.5941,-34.2042,13.2337
6952,-0.2303,0.0047,9.7917,-0.2976,-0.1453,-0.1921,-16.5427,-34.0782,13.1796
6960,-0.1962,0.0095,9.8039,-0.2086,-0.1477,-0.1399,-16.4844,-33.9496,13.1265
6968,-0.1376,0.0312,9.9575,-0.0167,-0.1260,-0.1112,-16.4216,-33.8168,13.0744
6976,-0.1693,-0.0317,10.0137,-0.2919,0.0761,-0.1105,-16.3591,-33.6846,13.0227
6984,-0.2558,-0.0676,9.8704,-0.2137,0.1493,-0.1472,-16.3017,-33.5539,12.9743
6992,-0.2420,0.0598,9.7745,0.0610,0.0914,-0.1395,-16.2437,-33.4245,12.9309
7000,-0.3048,0.0598,9.6166,-0.3749,0.1773,-0.2896,-16.1845,-33.2990,12.8806
7008,-0.2887,-0.0031,9.4665,-0.0638,-0.2392,-0.2277,-16.1286,-33.1708,12.8336
7016,-0.2504,0.0303,9.6427,0.0444,-0.7335,-0.3152,-16.0730,-33.0433,12.7869
7024,-0.1880,0.0044,9.9383,-0.1241,-0.8169,-0.2843,-16.0177,-32.9164,12.7404
7032,-0.1894,-0.0026,10.0441,-0.1546,-0.5499,-0.3826,-15.9588,-32.7962,12.6956
7040,-0.1669,-0.0154,10.0031,-0.2531,-0.3266,-0.4020,-15.9001,-32.6766,12.6511
7048,-0.1767,-0.0802,9.8112,-0.4247,-0.1051,-0.3619,-15.8448,-32.5529,12.6006
7056,-0.2393,-0.0627,9.6412,-0.2607,-0.2480,-0.2542,-15.7897,-32.4298,12.5503
7064,-0.2253,0.0049,9.6350,-0.1306,-0.5072,-0.2233,-15.7349,-32.3073,12.5003
7072,-0.2290,-0.1142,9.7382,-0.0648,-0.6191,-0.1830,-15.6773,-32.1838,12.4528
7080,-0.2165,-0.1960,9.7678,-0.0232,-0.6461,-0.1551,-15.6200,-32.0609,12.4055
7088,-0.1778,-0.1457,9.8078,0.1925,-0.7680,0.0075,-15.5629,-31.9446,12.3570
7096,-0.2312,-0.0646,9.8832,0.1322,-0.6178,0.2004,-15.5062,-31.8288,12.3086
7104,-0.2134,-0.1407,9.8566,-0.0775,-0.3169,0.3421,-15.4527,-31.7128,12.2613
7112,-0.1513,-0.2624,9.7534,-0.0621,-0.3358,0.5684,-15.4046,-31.5935,12.2104
7120,-0.1639,-0.1998,9.7283,0.0647,-0.6286,0.6514,-15.3509,-31.4815,12.1642
7128,-0.1772,-0.1487,9.8545,0.0793,-0.7058,0.8907,-15.2951,-31.3604,12.1131
7136,-0.1891,-0.1421,9.9004,0.2452,-0.5291,1.1303,-15.2396,-31.2398,12.0622
7144,-0.1603,-0.1420,9.7811,0.1399,-0.3360,1.3274,-15.1947,-31.1205,12.0086
7152,-0.1074,-0.1752,9.6303,0.1992,-0.3594,1.4199,-15.1404,-31.0091,11.9685
7160,-0.0499,-0.0321,9.6183,0.2639,-0.6271,1.5536,-15.0900,-30.8908,11.9228
7168,-0.0767,0.0186,9.9199,0.3631,-0.6005,1.5989,-15.0398,-30.7731,11.8772
7176,-0.1570,-0.0864,9.9987,0.1646,-0.3830,1.7301,-14.9862,-30.6633,11.8341
7184,-0.1172,-0.1112,9.8400,0.3588,-0.3803,1.8290,-14.9329,-30.5561,11.7925
7192,-0.0305,-0.0598,9.7442,0.4272,-0.3698,1.9422,-14.8798,-30.4493,11.7512
7200,-0.0401,0.0422,9.6899,0.2312,-0.4104,1.9251,-14.8298,-30.3329,11.7043
7208,-0.0815,0.0521,9.8480,0.1025,-0.5505,1.8955,-14.7801,-30.2170,11.6575
7216,-0.0738,0.0374,9.9223,0.0994,-0.5166,1.9017,-14.7306,-30.1017,11.6110
7224,-0.0091,0.0841,9.9126,0.1365,-0.6254,1.8544,-14.6813,-29.9940,11.5676
7232,0.0837,0.1643,9.8632,0.0573,-0.6708,1.7479,-14.6322,-29.8868,11.5244
7240,-0.0292,0.1826,9.8654,0.3282,-0.6369,1.6673,-14.5777,-29.7758,11.4792
7248,-0.0111,0.1910,9.8401,0.2645,-0.6925,1.6222,-14.5233,-29.6653,11.4343
7256,-0.0183,0.1093,9.7958,0.0784,-0.5003,1.4698,-14.4778,-29.5568,11.3874
7264,0.0088,-0.0152,9.6674,0.1190,-0.5032,1.3961,-14.4332,-29.4515,11.3471
7272,0.0133,0.0935,9.7269,0.2272,-0.8046,1.2402,-14.3873,-29.3431,11.3035
7280,-0.0040,0.0247,9.9048,-0.0480,-0.7275,1.2192,-14.3395,-29.2353,11.2551
7288,0.0176,-0.0562,9.8593,-0.1911,-0.7685,1.1190,-14.2919,-29.1279,11.2069
7296,0.0974,0.0154,9.9125,0.1973,-0.8796,1.1059,-14.2404,-29.0308,11.1646
7304,0.0552,-0.0309,10.0016,-0.0793,-0.6766,1.0721,-14.1939,-28.9285,11.1281
7312,-0.0386,-0.1015,9.8117,-0.2077,-0.6318,1.1517,-14.1400,-28.8238,11.0890
7320,-0.0195,-0.0561,9.7254,0.1841,-0.7622,1.0839,-14.0996,-28.7189,11.0507
7328,-0.0069,-0.0993,9.6515,-0.1746,-0.7963,1.1844,-14.0593,-28.6145,11.0126
7336,0.0506,-0.1944,9.5855,0.0665,-1.1063,1.3471,-14.0164,-28.5112,10.9635
7344,0.0739,-0.0431,9.9038,0.5556,-1.4026,1.3480,-13.9737,-28.4083,10.9147
7352,0.0558,-0.0606,10.2033,0.1541,-0.8381,1.3436,-13.9353,-28.3039,10.8737
7360,-0.0202,-0.0501,9.8953,-0.0033,-0.7169,1.2807,-13.8970,-28.1999,10.8329
7368,0.0827,0.0246,9.6754,0.3503,-0.7049,1.1352,-13.8589,-28.0963,10.7922
7376,0.0811,0.0444,9.5757,-0.1916,-0.7895,0.9534,-13.8059,-27.9932,10.7470
7384,-0.0056,-0.0029,9.6117,-0.0645,-0.9264,0.8863,-13.7531,-27.8906,10.7020
7392,0.0399,0.0500,9.8137,0.3317,-1.1720,0.6647,-13.7046,-27.7925,10.6626
7400,0.1289,0.0391,9.9805,0.0466,-0.8229,0.4822,-13.6564,-27.6948,10.6234
7408,0.0774,0.0005,9.8732,-0.1327,-0.5903,0.2863,-13.6111,-27.5968,10.5871
7416,0.0690,-0.0134,9.7916,0.1518,-0.5679,0.2216,-13.5619,-27.4999,10.5516
7424,-0.0061,0.0227,9.7073,-0.1361,-0.5279,0.0718,-13.5164,-27.4055,10.5034
7432,-0.0366,-0.0493,9.6542,0.0366,-0.5322,-0.0342,-13.4750,-27.3034,10.4629
7440,0.0110,-0.0380,9.6831,0.1858,-0.8350,-0.3221,-13.4339,-27.2017,10.4225
7448,0.0863,0.0341,9.8155,0.3977,-1.0313,-0.4962,-13.3922,-27.1045,10.3844
7456,0.0675,0.0079,9.9721,0.3097,-1.0083,-0.7293,-13.3454,-27.0063,10.3464
7464,0.0883,0.0406,9.9940,0.5349,-0.8743,-0.8989,-13.3021,-26.9120,10.3039
7472,0.0706,0.0930,9.9346,0.3822,-0.5755,-1.0717,-13.2550,-26.8153,10.2576
7480,0.0160,0.0644,9.7351,0.1536,-0.3671,-1.1730,-13.2081,-26.7191,10.2115
7488,0.0057,0.0220,9.6165,0.1189,-0.6051,-1.4138,-13.1488,-26.6226,10.1729
7496,-0.0446,0.0033,9.6473,0.0112,-0.6114,-1.6041,-13.0897,-26.5265,10.1345
7504,0.0023,-0.0072,9.7511,0.1321,-0.8308,-1.8074,-13.0449,-26.4348,10.0956
7512,0.0161,0.0137,9.9494,0.1410,-0.8485,-2.0152,-13.0002,-26.3435,10.0568
7520,0.0959,0.0222,10.0031,0.1523,-0.7162,-2.1552,-12.9558,-26.2525,10.0183
7528,0.0243,0.0741,9.9761,0.3123,-0.4936,-2.3424,-12.9076,-26.1613,9.9773
7536,0.0082,0.1456,9.8127,0.3854,-0.5582,-2.5694,-12.8596,-26.0705,9.9364
7544,0.0073,0.1662,9.6367,0.3673,-0.6278,-2.8532,-12.8177,-25.9761,9.8951
7552,-0.0637,0.1182,9.6217,0.5420,-0.6358,-3.0232,-12.7759,-25.8821,9.8540
7560,0.0543,0.1564,9.6952,0.5997,-0.9234,-3.3352,-12.7338,-25.7859,9.8137
7568,0.1119,0.2470,9.9462,0.8975,-0.7772,-3.6681,-12.6898,-25.6914,9.7756
7576,0.1098,0.2465,10.0362,0.5290,-0.5439,-4.0105,-12.6460,-25.6025,9.7356
7584,0.0668,0.2456,10.0530,0.4539,-0.3049,-4.2046,-12.6044,-25.5075,9.6978
7592,0.0913,0.2416,9.9479,0.2835,-0.1484,-4.5048,-12.5629,-25.4129,9.6602
7600,0.0730,0.2817,9.8350,0.0432,-0.0920,-4.8533,-12.5203,-25.3245,9.6214
7608,0.0112,0.2529,9.7976,-0.2133,-0.0647,-5.2958,-12.4837,-25.2320,9.5809
7616,-0.0897,0.1826,9.7569,-0.1333,0.0627,-5.6844,-12.4376,-25.1450,9.5437
7624,-0.0900,0.1755,9.7742,-0.1447,0.0272,-6.0852,-12.4007,-25.0545,9.5074
7632,-0.0770,0.1932,9.8031,-0.0623,-0.0708,-6.3592,-12.3639,-24.9644,9.4712
7640,-0.1026,0.1386,9.8521,0.1605,-0.0738,-6.6693,-12.3215,-24.8670,9.4403
7648,-0.1453,0.1589,9.8536,0.0482,-0.1753,-7.0457,-12.2794,-24.7701,9.4095
7656,-0.1845,0.1805,9.7779,0.2475,-0.1951,-7.0751,-12.2392,-24.6754,9.3788
7664,-0.1853,0.0957,9.7810,0.2381,-0.2326,-7.2098,-12.1993,-24.5812,9.3482
7672,-0.1787,0.1050,9.7760,0.0317,-0.0606,-7.2480,-12.1595,-24.4874,9.3178
7680,-0.2466,0.0925,9.8221,0.1918,0.1600,-7.3325,-12.1168,-24.3983,9.2875
7688,-0.2433,0.1377,9.8911,0.1821,0.1682,-7.3279,-12.0742,-24.3097,9.2573
7696,-0.1934,0.1494,9.9107,0.0289,0.1548,-7.3583,-12.0368,-24.2227,9.2253
7704,-0.3678,0.0799,9.8966,0.0264,0.1739,-7.2859,-11.9996,-24.1361,9.1934
7712,-0.2714,0.0825,9.8260,0.1706,-0.0745,-7.4061,-11.9575,-24.0504,9.1517
7720,-0.3437,0.1542,9.8217,0.0499,-0.0800,-7.2383,-11.9200,-23.9588,9.1220
7728,-0.2847,0.0787,9.7423,0.1958,-0.1732,-7.1099,-11.8814,-23.8658,9.0881
7736,-0.3807,0.0250,9.8011,0.0713,-0.0864,-6.8991,-11.8411,-23.7781,9.0499
7744,-0.3733,0.0579,9.6913,0.1949,0.0499,-6.8762,-11.8009,-23.6908,9.0120
7752,-0.3452,0.0973,9.8069,0.3824,-0.0410,-6.7610,-11.7640,-23.6039,8.9710
7760,-0.2993,0.0527,9.9630,0.0791,0.0213,-6.5361,-11.7223,-23.5167,8.9384
7768,-0.2828,0.0375,10.0104,0.2317,-0.0497,-6.4197,-11.6833,-23.4261,8.9089
7776,-0.4141,0.1207,10.0310,0.3030,0.1517,-6.2178,-11.6469,-23.3372,8.8715
7784,-0.4400,0.1509,9.7649,0.0085,0.2190,-6.0087,-11.6106,-23.2486,8.8343
7792,-0.4821,0.1700,9.5465,0.1535,0.1900,-5.7127,-11.5708,-23.1641,8.7948
7800,-0.3821,0.1003,9.5182,0.1722,-0.0244,-5.5550,-11.5312,-23.0799,8.7555
7808,-0.4593,0.1393,9.6817,-0.0179,-0.3388,-5.3856,-11.4929,-22.9949,8.7237
7816,-0.3843,0.1522,9.9035,0.3736,-0.4501,-5.2635,-11.4548,-22.9102,8.6920
7824,-0.3196,0.1585,10.0723,0.0547,-0.3112,-5.0428,-11.4169,-22.8259,8.6605
7832,-0.3231,0.0976,10.0113,-0.2957,-0.1277,-4.8264,-11.3779,-22.7419,8.6279
7840,-0.4132,0.0836,9.8487,-0.0733,-0.0402,-4.4088,-11.3390,-22.6583,8.5954
7848,-0.3968,0.1333,9.6838,-0.4554,0.0488,-4.1401,-11.3046,-22.5701,8.5581
7856,-0.4207,0.0958,9.5460,-0.4207,0.1259,-3.7232,-11.2697,-22.4799,8.5235
7864,-0.4395,-0.0170,9.6380,-0.1476,-0.1017,-3.5619,-11.2350,-22.3900,8.4890
7872,-0.4388,0.0609,9.7478,-0.1824,-0.2713,-3.1863,-11.1925,-22.3012,8.4571
7880,-0.4022,0.0877,9.8257,0.2376,-0.1936,-3.0324,-11.1569,-22.2182,8.4271
7888,-0.3600,0.0486,9.8520,0.1140,-0.1725,-2.8133,-11.1201,-22.1379,8.3954
7896,-0.3669,0.0606,9.8653,0.2597,-0.0964,-2.5717,-11.0836,-22.0580,8.3639
7904,-0.3918,0.0674,9.8742,0.3858,-0.0530,-2.3300,-11.0423,-21.9748,8.3319
7912,-0.4234,0.1724,9.8189,0.3383,0.0072,-2.0323,-11.0025,-21.8902,8.2982
7920,-0.4352,0.1703,9.7342,0.2449,0.0382,-1.9076,-10.9658,-21.8077,8.2737
7928,-0.3229,0.1257,9.6349,0.4596,-0.1749,-1.6069,-10.9328,-21.7261,8.2396
7936,-0.3775,0.2237,9.7076,0.3476,-0.2347,-1.4715,-10.9000,-21.6449,8.2057
7944,-0.2761,0.2282,9.8166,0.2751,-0.2866,-1.3393,-10.8673,-21.5658,8.1749
7952,-0.2586,0.2454,9.9176,0.2111,-0.1868,-1.1915,-10.8348,-21.4871,8.1443
7960,-0.2082,0.2392,9.8905,0.1073,-0.1874,-1.0742,-10.7988,-21.4075,8.1174
7968,-0.1634,0.2585,9.8560,-0.0320,-0.1880,-1.0767,-10.7629,-21.3282,8.0905
7976,-0.2596,0.2866,9.7979,0.0642,0.0142,-1.1164,-10.7272,-21.2493,8.0638
7984,-0.2232,0.2723,9.6332,-0.0972,-0.0752,-1.1384,-10.6922,-21.1819,8.0277
7992,-0.1247,0.3127,9.6050,0.2444,-0.2780,-1.1808,-10.6574,-21.1148,7.9917
8000,-0.1530,0.2422,9.7561,0.2511,-0.4026,-1.3599,-10.6239,-21.0397,7.9653
8008,-0.1249,0.2636,9.8173,0.2655,-0.4311,-1.3739,-10.5875,-20.9620,7.9391
8016,-0.0658,0.3553,9.9004,0.6313,-0.4530,-1.5340,-10.5514,-20.8845,7.9130
8024,-0.0551,0.3167,9.8613,0.2478,-0.1887,-1.5937,-10.5183,-20.8074,7.8851
8032,-0.1056,0.2996,9.7517,0.3317,-0.2718,-1.8001,-10.4835,-20.7306,7.8533
8040,-0.0856,0.3164,9.7458,0.3159,-0.1940,-2.0696,-10.4489,-20.6482,7.8216
8048,-0.0762,0.3230,9.6941,0.0662,-0.1783,-2.3192,-10.4168,-20.5715,7.7924
8056,-0.1324,0.3012,9.6815,0.0807,-0.2860,-2.4726,-10.3849,-20.4951,7.7633
8064,-0.0617,0.2103,9.7133,-0.0254,-0.3329,-2.5579,-10.3489,-20.4248,7.7314
8072,-0.0313,0.2398,9.8154,0.0277,-0.3004,-2.7888,-10.3143,-20.3548,7.6996
8080,-0.0007,0.1880,9.9552,-0.0601,-0.1441,-2.8257,-10.2763,-20.2787,7.6714
8088,-0.0244,0.1048,9.9136,-0.1174,0.0401,-3.0022,-10.2297,-20.2029,7.6446
8096,-0.0272,0.0910,9.8336,0.0758,-0.0104,-3.1177,-10.1833,-20.1274,7.6178
8104,-0.0034,0.0520,9.7526,-0.1047,-0.0960,-3.2175,-10.1371,-20.0522,7.5911
8112,-0.0342,-0.0547,9.7011,0.1412,-0.1699,-3.2170,-10.1097,-19.9773,7.5564
8120,-0.0534,-0.0716,9.6673,0.1738,-0.3339,-3.1684,-10.0824,-19.9027,7.5219
8128,-0.0443,-0.1798,9.7128,0.0903,-0.1734,-3.0980,-10.0552,-19.8284,7.4875
8136,-0.0398,-0.1998,9.6993,0.1757,-0.2279,-3.0147,-10.0101,-19.7596,7.4578
8144,0.0081,-0.2320,9.8273,0.1588,-0.3974,-2.7936,-9.9653,-19.6911,7.4283
8152,-0.0083,-0.3742,9.9127,0.0919,-0.2288,-2.4996,-9.9131,-19.6177,7.4053
8160,-0.0901,-0.3142,9.7918,0.1026,-0.2462,-2.3224,-9.8716,-19.5405,7.3835
8168,-0.0220,-0.3565,9.6947,0.1049,-0.3269,-2.0597,-9.8303,-19.4636,7.3618
8176,0.0283,-0.4003,9.5540,0.0910,-0.4760,-1.8004,-9.7908,-19.3797,7.3384
8184,-0.0046,-0.3474,9.6107,0.3844,-0.6079,-1.4618,-9.7585,-19.3081,7.3122
8192,0.0408,-0.4480,9.7996,0.2890,-0.6915,-1.1114,-9.7235,-19.2323,7.2908
8200,0.0801,-0.3610,9.8311,0.6378,-0.8620,-0.8296,-9.6954,-19.1643,7.2579
8208,0.1097,-0.3164,9.9872,0.6273,-0.8810,-0.6054,-9.6675,-19.0966,7.2252
8216,0.0718,-0.4049,9.9475,0.2039,-0.6060,-0.1164,-9.6266,-19.0269,7.2018
8224,0.0940,-0.3439,9.7842,0.4924,-0.8095,0.2018,-9.5922,-18.9523,7.1693
8232,0.1464,-0.1998,9.8577,0.5443,-0.7989,0.5462,-9.5619,-18.8781,7.1455
8240,0.0886,-0.3555,9.8627,-0.1634,-0.4527,0.8462,-9.5277,-18.8088,7.1172
8248,0.0318,-0.3228,9.7498,0.2664,-0.5777,1.2663,-9.4937,-18.7398,7.0891
8256,0.1102,-0.1930,9.8994,0.2855,-0.5399,1.5055,-9.4599,-18.6711,7.0610
8264,0.0709,-0.2792,9.8390,-0.4002,-0.1730,1.8942,-9.4347,-18.6101,7.0359
8272,0.0417,-0.2966,9.8149,0.1173,-0.4036,2.1752,-9.4096,-18.5494,7.0109
8280,0.1109,-0.2084,9.9893,0.0896,-0.4533,2.4599,-9.3812,-18.4866,6.9826
8288,0.0365,-0.2376,9.9887,-0.2036,-0.1650,2.7562,-9.3530,-18.4241,6.9544
8296,0.0169,-0.3368,9.8186,0.0227,-0.0705,3.1328,-9.3249,-18.3619,6.9264
8304,0.0507,-0.2485,9.7258,0.0178,-0.1429,3.4717,-9.2980,-18.2971,6.9040
8312,0.0317,-0.3044,9.7270,-0.1016,0.0013,3.6997,-9.2690,-18.2332,6.8784
8320,0.0404,-0.4027,9.7372,-0.1971,0.0085,3.9604,-9.2401,-18.1695,6.8529
8328,0.0432,-0.3282,9.8325,0.1276,0.0633,4.2177,-9.2125,-18.1096,6.8213
8336,-0.0161,-0.2781,9.9128,-0.0712,0.2998,4.5358,-9.1822,-18.0369,6.7977
8344,-0.0489,-0.3716,9.7441,-0.1414,0.5819,4.7840,-9.1559,-17.9735,6.7758
8352,-0.0512,-0.2905,9.6310,0.1916,0.2784,4.9733,-9.1298,-17.9087,6.7513
8360,-0.0392,-0.2030,9.6471,0.1099,0.1934,5.1889,-9.1038,-17.8442,6.7268
8368,-0.0460,-0.2249,9.7168,0.3652,0.0269,5.4352,-9.0751,-17.7828,6.6996
8376,0.0133,-0.1039,9.8637,0.6546,-0.1644,5.5240,-9.0521,-17.7177,6.6764
8384,0.0465,-0.0788,10.0185,0.5234,0.0394,5.6276,-9.0241,-17.6535,6.6528
8392,0.0256,0.0209,9.8201,0.5819,0.1222,5.6840,-8.9930,-17.5929,6.6326
8400,0.0094,0.1176,9.7645,0.5765,0.0254,5.6500,-8.9619,-17.5325,6.6125
8408,0.0288,0.1795,9.6441,0.2460,-0.0111,5.4254,-8.9311,-17.4724,6.5925
8416,0.0506,0.2292,9.7405,0.2607,-0.1474,5.1200,-8.9014,-17.4137,6.5636
8424,0.0356,0.3119,9.8746,0.0960,-0.0484,4.8840,-8.8719,-17.3552,6.5348
8432,0.0244,0.3594,9.8184,-0.0588,0.0116,4.3569,-8.8458,-17.2919,6.5101
8440,0.0829,0.3469,9.8190,0.0705,-0.0696,3.8156,-8.8199,-17.2290,6.4854
8448,0.0376,0.3747,9.8181,-0.1711,0.0100,3.2872,-8.7940,-17.1663,6.4608
8456,0.0266,0.3944,9.7759,-0.0156,0.0114,2.8167,-8.7611,-17.1049,6.4374
8464,0.0385,0.4036,9.8434,0.0292,0.0528,2.2120,-8.7383,-17.0494,6.4141
8472,0.0671,0.3559,9.8548,-0.1120,-0.0089,1.6285,-8.7128,-16.9902,6.3898
8480,0.0173,0.3027,9.8578,0.0356,-0.0333,1.0278,-8.6874,-16.9313,6.3656
8488,-0.0095,0.3347,9.8387,0.2274,-0.0913,0.4774,-8.6605,-16.8709,6.3437
8496,0.0022,0.3017,9.7982,-0.0104,0.0666,-0.1023,-8.6353,-16.8125,6.3208
8504,0.0579,0.1639,9.8098,0.1967,0.0336,-0.5899,-8.6141,-16.7543,6.2941
8512,-0.0840,0.1285,9.8727,-0.1118,0.1407,-1.0269,-8.5918,-16.6964,6.2675
8520,-0.0638,0.0341,9.8649,-0.0282,0.2378,-1.3488,-8.5697,-16.6386,6.2410
8528,-0.0779,0.0365,9.8538,-0.2202,0.2266,-1.6726,-8.5422,-16.5850,6.2212
8536,-0.1512,-0.0368,9.7749,-0.2678,0.4026,-1.9903,-8.5164,-16.5272,6.1965
8544,-0.1493,-0.2080,9.6858,-0.4707,0.3682,-2.2487,-8.4929,-16.4702,6.1741
8552,-0.1070,-0.1324,9.7058,-0.0594,0.2340,-2.5785,-8.4696,-16.4134,6.1518
8560,-0.1183,-0.1815,9.9594,-0.1727,0.4577,-2.7419,-8.4463,-16.3569,6.1296
8568,-0.1896,-0.2825,9.8865,-0.2118,0.6183,-2.8848,-8.4160,-16.3011,6.1042
8576,-0.2241,-0.2627,9.7754,0.2282,0.6598,-3.0321,-8.3858,-16.2456,6.0789
8584,-0.1519,-0.1946,9.7222,0.3183,0.7102,-3.2023,-8.3563,-16.1854,6.0531
8592,-0.2437,-0.2447,9.7378,-0.0515,0.7583,-3.2077,-8.3270,-16.1254,6.0275
8600,-0.2885,-0.3031,9.7279,0.4721,0.6204,-3.1809,-8.2977,-16.0657,6.0019
8608,-0.2817,-0.2517,9.8906,0.4475,0.4112,-3.1819,-8.2741,-16.0062,5.9791
8616,-0.2364,-0.2371,9.8870,0.2640,0.5364,-3.1456,-8.2505,-15.9470,5.9565
8624,-0.2495,-0.3350,9.8897,0.3046,0.4935,-3.0655,-8.2270,-15.8907,5.9295
8632,-0.2619,-0.3622,9.8503,0.1353,0.5325,-2.9142,-8.2036,-15.8347,5.9027
8640,-0.2890,-0.3329,9.7635,-0.0772,0.7031,-2.6523,-8.1754,-15.7784,5.8782
8648,-0.2854,-0.4532,9.7721,-0.1498,0.7303,-2.2844,-8.1495,-15.7228,5.8543
8656,-0.3381,-0.5396,9.7830,-0.4405,0.7003,-1.8100,-8.1254,-15.6669,5.8283
8664,-0.4500,-0.5291,9.6931,-0.3051,0.6262,-1.3723,-8.1040,-15.6069,5.8024
8672,-0.3877,-0.6680,9.6377,-0.4051,0.6247,-0.7858,-8.0827,-15.5471,5.7766
8680,-0.4247,-0.6142,9.5853,-0.3779,0.3246,-0.1956,-8.0578,-15.4903,5.7563
8688,-0.3977,-0.7391,9.7598,-0.2613,0.2083,0.4061,-8.0356,-15.4381,5.7361
8696,-0.4155,-0.7255,9.8356,-0.0885,0.0998,1.1522,-8.0162,-15.3849,5.7132
8704,-0.4385,-0.7474,9.9525,-0.0379,0.2867,1.8044,-7.9969,-15.3320,5.6905
8712,-0.4543,-0.7858,9.8037,-0.1442,0.4920,2.6120,-7.9776,-15.2793,5.6678
8720,-0.4709,-0.7787,9.7260,0.2182,0.4031,3.3336,-7.9542,-15.2252,5.6468
8728,-0.4786,-0.7404,9.7039,0.0181,0.4513,4.2503,-7.9308,-15.1713,5.6259
8736,-0.5088,-0.7371,9.7044,0.2053,0.4575,5.1163,-7.9076,-15.1219,5.6062
8744,-0.4583,-0.7242,9.8065,0.3604,0.3567,5.9283,-7.8844,-15.0727,5.5865
8752,-0.4686,-0.5717,9.8196,0.2794,0.4257,6.5636,-7.8613,-15.0237,5.5669
8760,-0.3995,-0.6583,9.8032,0.4232,0.4437,7.2804,-7.8399,-14.9723,5.5436
8768,-0.4086,-0.5795,9.8312,0.5448,0.3248,7.9818,-7.8186,-14.9210,5.5204
8776,-0.4008,-0.3870,9.8593,0.7837,0.3605,8.6979,-7.7979,-14.8731,5.4979
8784,-0.3746,-0.4256,9.8004,0.6442,0.6293,9.1881,-7.7773,-14.8255,5.4754
8792,-0.3820,-0.2897,9.6929,0.9587,0.5184,9.8514,-7.7536,-14.7801,5.4524
8800,-0.3389,-0.1904,9.7378,0.6995,0.6709,10.2218,-7.7332,-14.7381,5.4328
8808,-0.3145,-0.1529,9.6499,0.4384,0.6968,10.6959,-7.7118,-14.6883,5.4143
8816,-0.2811,0.0081,9.7717,0.9272,0.4042,10.9467,-7.6883,-14.6446,5.3942
8824,-0.1675,0.0668,10.0141,0.3948,0.8231,11.1598,-7.6650,-14.6010,5.3742
8832,-0.1357,0.0693,9.9896,0.2509,0.9357,11.2676,-7.6454,-14.5550,5.3581
8840,-0.1198,0.1654,9.9644,0.2280,0.8940,11.2934,-7.6254,-14.5112,5.3324
8848,-0.1700,0.2105,9.8322,-0.2712,1.2568,11.3633,-7.6023,-14.4655,5.3153
8856,-0.1599,0.1907,9.5604,-0.2153,1.1904,11.3129,-7.5793,-14.4199,5.2982
8864,-0.1152,0.2903,9.5373,-0.2178,0.7803,11.3153,-7.5564,-14.3746,5.2813
8872,-0.0898,0.2288,9.6438,-0.3775,0.6787,11.1310,-7.5346,-14.3294,5.2575
8880,-0.0682,0.1786,9.7617,-0.0530,0.5043,10.8827,-7.5129,-14.2844,5.2337
8888,0.1136,0.2620,9.9494,0.1108,0.5134,10.6480,-7.4966,-14.2411,5.2064
8896,0.0639,0.2637,10.0701,0.0246,0.7516,10.4715,-7.4803,-14.1981,5.1792
8904,0.1074,0.1901,9.9898,0.2116,0.8326,10.1268,-7.4641,-14.1551,5.1521
8912,0.0706,0.2752,10.0415,0.4438,1.0701,9.8531,-7.4475,-14.1087,5.1310
8920,0.0861,0.2479,9.8837,0.1218,1.3452,9.6287,-7.4309,-14.0624,5.1099
8928,0.0236,0.2514,9.6371,0.3898,1.2749,9.3261,-7.4122,-14.0158,5.0910
8936,0.0604,0.2542,9.6736,0.6035,1.0557,8.9781,-7.3937,-13.9694,5.0722
8944,0.0290,0.2229,9.7745,0.3065,1.1021,8.5574,-7.3720,-13.9263,5.0503
8952,0.0935,0.2184,9.9168,0.6652,1.0105,8.2750,-7.3504,-13.8834,5.0285
8960,0.1205,0.3194,10.0871,0.4562,1.1282,7.9090,-7.3368,-13.8464,5.0094
8968,0.1358,0.3594,10.0398,0.3576,1.3261,7.5376,-7.3207,-13.8069,4.9862
8976,0.0876,0.3514,9.9163,0.6314,1.3953,7.0865,-7.3045,-13.7676,4.9631
8984,0.1143,0.4080,9.8006,0.6745,1.3789,6.4791,-7.2874,-13.7321,4.9427
8992,0.0696,0.5470,9.7090,0.9051,1.3525,5.9943,-7.2657,-13.6894,4.9140
9000,0.1020,0.5554,9.7040,1.1176,1.2632,5.3307,-7.2414,-13.6469,4.8985
9008,0.1240,0.6062,9.6918,1.0861,1.0419,4.7041,-7.2261,-13.6071,4.8805
9016,0.1230,0.6439,9.8302,1.3360,0.9849,3.8916,-7.2108,-13.5675,4.8626
9024,0.1408,0.6690,9.8538,0.8870,1.0531,3.1812,-7.1889,-13.5291,4.8401
9032,0.1824,0.7145,9.8432,0.9003,0.9982,2.3927,-7.1670,-13.4908,4.8177
9040,0.1873,0.6855,9.9284,0.4863,1.0738,1.5932,-7.1462,-13.4496,4.7980
9048,0.1834,0.5963,9.9245,0.0798,1.2154,0.9941,-7.1255,-13.4085,4.7783
9056,0.2046,0.6305,9.8598,0.1124,1.2068,0.3358,-7.1049,-13.3675,4.7588
9064,0.1827,0.5384,9.9412,0.0022,1.3053,-0.4590,-7.0734,-13.3210,4.7487
9072,0.1483,0.4086,9.8613,-0.3432,1.2501,-1.0404,-7.0421,-13.2746,4.7387
9080,0.1601,0.3627,9.7813,0.0572,1.0080,-1.6897,-7.0202,-13.2300,4.7199
9088,0.1698,0.3353,9.7877,-0.0825,0.8618,-2.1746,-6.9984,-13.1856,4.7012
9096,0.1959,0.1701,9.8764,-0.0855,0.8260,-2.6543,-6.9809,-13.1403,4.6784
9104,0.1776,0.1692,9.9730,0.0316,0.7358,-2.9770,-6.9593,-13.0988,4.6625
9112,0.1546,0.1324,10.0905,0.2956,0.9215,-3.3523,-6.9419,-13.0538,4.6383
9120,0.1316,0.0827,10.0570,0.1054,1.0885,-3.7058,-6.9241,-13.0136,4.6153
9128,0.1066,0.0363,9.9383,0.2649,1.2294,-3.9719,-6.9063,-12.9737,4.5924
9136,0.0572,0.0117,9.8979,0.3427,1.1456,-4.1356,-6.8886,-12.9302,4.5695
9144,0.0616,-0.0488,9.8836,0.1291,1.0974,-4.2363,-6.8683,-12.8931,4.5530
9152,-0.0054,-0.1219,9.8525,0.1649,1.1153,-4.2791,-6.8513,-12.8489,4.5345
9160,0.0460,-0.0809,9.8885,0.2231,1.1191,-4.3681,-6.8291,-12.8116,4.5135
9168,0.0320,-0.1185,10.0519,-0.0199,1.3147,-4.4186,-6.8071,-12.7744,4.4926
9176,-0.0455,-0.2163,10.0535,0.0970,1.5098,-4.3895,-6.7872,-12.7353,4.4765
9184,-0.1192,-0.2497,9.9975,-0.1138,1.4536,-4.1937,-6.7673,-12.6964,4.4604
9192,-0.0638,-0.2107,9.8358,0.0632,1.4186,-4.0411,-6.7506,-12.6555,4.4423
9200,-0.0628,-0.2136,9.8092,0.1098,1.2705,-3.9405,-6.7340,-12.6148,4.4243
9208,-0.1431,-0.2774,9.8125,-0.0962,1.3395,-3.8310,-6.7175,-12.5742,4.4064
9216,-0.1674,-0.2844,9.8095,0.3947,1.3068,-3.6596,-6.7036,-12.5364,4.3860
9224,-0.2090,-0.2234,9.8547,0.2909,1.5289,-3.3783,-6.6897,-12.4987,4.3657
9232,-0.1519,-0.2707,9.7425,0.3462,1.4666,-3.1627,-6.6702,-12.4555,4.3501
9240,-0.2514,-0.2999,9.7772,0.5805,1.2364,-2.7912,-6.6534,-12.4176,4.3346
9248,-0.2791,-0.2338,9.7484,0.4685,1.0962,-2.4786,-6.6367,-12.3798,4.3191
9256,-0.2322,-0.2359,9.7561,0.6947,1.0582,-2.1744,-6.6174,-12.3344,4.3047
9264,-0.2093,-0.1913,9.7867,0.6284,0.9151,-1.9208,-6.5961,-12.2965,4.2838
9272,-0.2424,-0.0918,9.7698,0.5650,1.0743,-1.5609,-6.5760,-12.2581,4.2685
9280,-0.2149,-0.2104,9.7641,0.4644,1.2239,-1.2061,-6.5559,-12.2199,4.2534
9288,-0.2360,-0.1282,9.7307,0.4535,0.9670,-0.9122,-6.5364,-12.1823,4.2352
9296,-0.2597,-0.0342,9.7915,0.4964,0.9186,-0.6711,-6.5165,-12.1418,4.2186
9304,-0.2893,-0.0677,9.7450,0.3561,1.0376,-0.4192,-6.4956,-12.1056,4.2016
9312,-0.2833,-0.0582,9.7070,0.4619,0.9222,-0.2397,-6.4789,-12.0695,4.1847
9320,-0.2684,0.0140,9.7350,0.3898,0.9344,0.0200,-6.4623,-12.0335,4.1678
9328,-0.1774,0.0065,9.7240,0.4621,0.8448,0.2896,-6.4442,-11.9951,4.1526
9336,-0.2540,0.0854,9.8474,0.4460,0.8897,0.3395,-6.4261,-11.9568,4.1374
9344,-0.2058,0.1363,9.9204,0.2839,0.8474,0.3471,-6.4071,-11.9228,4.1208
9352,-0.2142,0.1245,9.9696,0.4329,1.0149,0.3838,-6.3882,-11.8889,4.1042
9360,-0.2144,0.1329,9.9348,0.3380,1.0631,0.3789,-6.3694,-11.8551,4.0877
9368,-0.2634,0.1988,9.8214,0.1860,1.2265,0.3582,-6.3506,-11.8230,4.0703
9376,-0.2521,0.1323,9.7433,0.1446,1.2867,0.5357,-6.3318,-11.7909,4.0529
9384,-0.2661,0.2102,9.6823,0.0276,0.9577,0.4868,-6.3106,-11.7560,4.0382
9392,-0.2081,0.2041,9.7605,0.1718,1.0751,0.4800,-6.2926,-11.7222,4.0225
9400,-0.2281,0.1749,9.8117,0.1524,1.1019,0.4229,-6.2746,-11.6885,4.0068
9408,-0.1250,0.1863,9.9664,0.1978,1.1143,0.4909,-6.2566,-11.6524,3.9912
9416,-0.0385,0.2448,10.0399,0.1292,1.3528,0.4067,-6.2434,-11.6153,3.9778
9424,-0.0395,0.1425,10.1711,0.2983,1.6049,0.3101,-6.2256,-11.5770,3.9639
9432,-0.1971,0.1779,9.9691,-0.1587,1.9686,0.2150,-6.2058,-11.5458,3.9515
9440,-0.1289,0.2173,9.6743,0.3270,1.7991,0.1802,-6.1861,-11.5148,3.9393
9448,-0.1185,0.2356,9.5743,0.0074,1.5970,0.0748,-6.1649,-11.4768,3.9240
9456,-0.1106,0.2056,9.4842,-0.0528,1.3904,-0.0873,-6.1448,-11.4424,3.9078
9464,-0.1535,0.1790,9.7566,0.4762,1.1421,-0.1089,-6.1284,-11.4057,3.8881
9472,-0.0324,0.2797,10.0095,0.3475,1.0221,-0.3616,-6.1130,-11.3721,3.8684
9480,-0.0782,0.2939,10.0379,0.2430,1.2539,-0.4833,-6.0977,-11.3387,3.8504
9488,0.0070,0.1099,9.9033,0.2204,1.2677,-0.6556,-6.0824,-11.3054,3.8325
9496,-0.0772,0.2177,9.7468,0.2895,1.1261,-0.8658,-6.0708,-11.2752,3.8171
9504,-0.0918,0.2450,9.5948,0.2996,1.1268,-1.0934,-6.0592,-11.2451,3.8019
9512,-0.0914,0.2425,9.5793,0.4266,0.9887,-1.1884,-6.0476,-11.2152,3.7866
9520,-0.0824,0.2151,9.6923,0.4973,0.8354,-1.3005,-6.0341,-11.1752,3.7695
9528,-0.0651,0.1557,9.7992,0.6663,0.6328,-1.4398,-6.0206,-11.1354,3.7524
9536,-0.0399,0.2345,9.8936,0.7186,0.5483,-1.7116,-6.0056,-11.1003,3.7364
9544,-0.0330,0.2739,9.8948,0.4886,0.5183,-1.7849,-5.9892,-11.0668,3.7189
9552,-0.0173,0.1866,9.8006,0.4019,0.5855,-1.8763,-5.9728,-11.0334,3.7015
9560,-0.0841,0.2301,9.7460,0.4044,0.4871,-2.1024,-5.9524,-10.9956,3.6862
9568,-0.0899,0.1793,9.8177,0.3268,0.5904,-2.3826,-5.9347,-10.9605,3.6720
9576,-0.1407,0.2303,9.7154,0.2312,0.6225,-2.5119,-5.9215,-10.9321,3.6553
9584,-0.1584,0.1977,9.7927,0.4759,0.6585,-2.6675,-5.9069,-10.9017,3.6396
9592,-0.1772,0.1937,9.7725,0.0698,0.6743,-2.9230,-5.8923,-10.8715,3.6241
9600,-0.2019,0.1400,9.8389,0.3161,0.7853,-3.1113,-5.8738,-10.8373,3.6096
9608,-0.1263,0.2367,9.8745,0.2584,0.7449,-3.3633,-5.8573,-10.8027,3.5947
9616,-0.1982,0.2463,9.9562,0.0218,1.0102,-3.5084,-5.8444,-10.7673,3.5773
9624,-0.1198,0.0769,9.8421,-0.1377,1.0133,-3.6871,-5.8281,-10.7320,3.5650
9632,-0.2042,0.1860,9.8573,0.0884,1.0029,-3.7993,-5.8118,-10.6968,3.5528
9640,-0.2022,0.1198,9.8300,-0.2101,1.3449,-3.8506,-5.7955,-10.6617,3.5406
9648,-0.3047,0.0535,9.6719,-0.3248,1.3786,-3.8410,-5.7824,-10.6323,3.5280
9656,-0.2845,0.0332,9.6924,-0.2026,1.2163,-3.9305,-5.7693,-10.6030,3.5154
9664,-0.2517,-0.0158,9.7505,-0.4056,1.1623,-3.9281,-5.7522,-10.5683,3.5034
9672,-0.2342,-0.1275,9.8932,-0.3945,1.1640,-3.8085,-5.7351,-10.5337,3.4914
9680,-0.1879,-0.0568,10.0311,-0.2692,1.1204,-3.6407,-5.7182,-10.4992,3.4795
9688,-0.1921,-0.1395,10.1057,-0.3840,1.4653,-3.5230,-5.6992,-10.4664,3.4671
9696,-0.1730,-0.2763,9.9387,-0.5818,1.5257,-3.3011,-5.6814,-10.4376,3.4548
9704,-0.2077,-0.2138,9.7652,-0.3016,1.5009,-2.9395,-5.6636,-10.4090,3.4425
9712,-0.1534,-0.2470,9.7144,-0.2097,1.3599,-2.5991,-5.6479,-10.3775,3.4268
9720,-0.1832,-0.3048,9.8018,-0.2338,1.1183,-2.2869,-5.6322,-10.3421,3.4161
9728,-0.2251,-0.3116,9.9447,0.0418,1.0979,-2.0657,-5.6177,-10.3093,3.4030
9736,-0.1824,-0.3241,9.9406,0.0734,1.1398,-1.7848,-5.6041,-10.2761,3.3910
9744,-0.1442,-0.2889,9.8762,0.2183,1.0466,-1.5323,-5.5906,-10.2430,3.3789
9752,-0.1693,-0.2225,9.8740,0.3248,0.8880,-1.3281,-5.5772,-10.2086,3.3670
9760,-0.1943,-0.3336,9.9263,0.4240,0.8724,-1.1088,-5.5598,-10.1743,3.3561
9768,-0.1951,-0.3194,9.8064,0.4628,0.6815,-0.8591,-5.5409,-10.1411,3.3432
9776,-0.1216,-0.1481,9.8158,0.9347,0.4456,-0.6310,-5.5286,-10.1095,3.3299
9784,-0.0901,-0.1583,9.8722,0.5405,0.5534,-0.4476,-5.5164,-10.0780,3.3166
9792,-0.1395,-0.1613,9.8458,0.6143,0.4564,-0.3468,-5.5042,-10.0467,3.3034
9800,-0.1213,-0.1379,9.9312,0.8075,0.3850,-0.0905,-5.4861,-10.0144,3.2892
9808,-0.0758,0.0207,9.8692,0.7043,0.4474,0.0267,-5.4680,-9.9823,3.2751
9816,-0.1384,0.0408,9.8440,0.6482,0.4004,0.0774,-5.4525,-9.9528,3.2586
9824,-0.0620,-0.0179,9.7984,0.6879,0.4461,0.1125,-5.4370,-9.9233,3.2421
9832,-0.1719,0.1229,9.8145,0.9339,0.3298,0.2261,-5.4216,-9.8940,3.2257
9840,-0.0933,0.1015,9.8455,0.7291,0.3920,0.3401,-5.4048,-9.8633,3.2093
9848,-0.1647,0.2018,9.8258,0.5573,0.3474,0.3691,-5.3865,-9.8347,3.1945
9856,-0.1519,0.1473,9.8357,0.7477,0.3341,0.3861,-5.3763,-9.8082,3.1783
9864,-0.1895,0.1363,9.7654,0.2044,0.4014,0.3891,-5.3660,-9.7818,3.1621
9872,-0.1693,0.2083,9.7127,0.4102,0.2738,0.3919,-5.3514,-9.7524,3.1515
9880,-0.1689,0.2142,9.8814,0.2256,0.1864,0.2853,-5.3418,-9.7257,3.1369
9888,-0.3123,0.2118,9.7616,-0.2921,0.4308,0.2740,-5.3267,-9.6921,3.1269
9896,-0.2978,0.0880,9.6196,-0.1206,0.2645,0.2552,-5.3112,-9.6691,3.1149
9904,-0.3188,0.1482,9.6095,-0.2260,0.0895,0.3386,-5.2957,-9.6461,3.1030
9912,-0.3451,0.1253,9.6987,-0.3907,-0.0005,0.3597,-5.2788,-9.6158,3.0901
9920,-0.3333,0.0015,9.8259,-0.3455,-0.1399,0.4491,-5.2620,-9.5870,3.0832
9928,-0.3345,0.0299,9.9169,-0.4677,-0.1106,0.3987,-5.2472,-9.5564,3.0684
9936,-0.2842,0.0054,9.9636,-0.4698,0.1442,0.4598,-5.2325,-9.5259,3.0537
9944,-0.3784,-0.0573,9.9459,-0.7439,0.1584,0.4755,-5.2178,-9.4955,3.0390
9952,-0.6719,0.0144,9.7544,-0.6433,0.4227,0.7412,-5.2002,-9.4671,3.0274
9960,-0.6026,-0.0541,9.4887,-0.5391,0.3475,0.9313,-5.1826,-9.4389,3.0158
9968,-0.5964,0.0018,9.3771,-0.4154,0.1262,1.1078,-5.1706,-9.4123,3.0052
9976,-0.6041,-0.0050,9.5226,-0.1745,-0.2294,1.3005,-5.1586,-9.3857,2.9947
9984,-0.6310,-0.0790,9.8447,-0.0668,-0.3455,1.3195,-5.1467,-9.3593,2.9842
9992,-0.4937,0.0117,10.0414,-0.0118,-0.3818,1.4763,-5.1362,-9.3299,2.9718
10000,-0.4086,-0.0425,10.1414,-0.1859,-0.0885,1.5463,-5.1204,-9.3052,2.9575
10008,-0.3944,-0.1156,9.9942,-0.5257,0.0852,1.7892,-5.1086,-9.2805,2.9446
10016,-0.4691,-0.0415,9.8054,-0.4160,0.1527,1.8775,-5.0968,-9.2559,2.9319
10024,-0.4355,-0.0169,9.6715,-0.4177,0.1240,2.0526,-5.0841,-9.2244,2.9137
10032,-0.4498,-0.0551,9.5927,-0.5287,-0.0422,2.1453,-5.0714,-9.1970,2.9026
10040,-0.4117,-0.0515,9.5788,-0.0829,-0.4838,2.2980,-5.0583,-9.1712,2.8924
10048,-0.3667,0.0261,9.7606,0.2475,-0.7994,2.4627,-5.0417,-9.1431,2.8799
10056,-0.3885,0.0922,9.9061,0.2141,-0.7385,2.5242,-5.0252,-9.1150,2.8674
10064,-0.3412,-0.0271,9.9389,0.2674,-0.6163,2.5083,-5.0093,-9.0880,2.8529
10072,-0.2751,0.1015,9.8651,0.4545,-0.6142,2.4718,-4.9954,-9.0601,2.8390
10080,-0.3365,0.1677,9.7961,0.2227,-0.2787,2.4476,-4.9820,-9.0382,2.8281
10088,-0.3365,0.0909,9.5784,-0.0256,-0.2966,2.5097,-4.9687,-9.0164,2.8173
10096,-0.2641,0.1763,9.6250,0.5049,-0.7218,2.5132,-4.9555,-8.9947,2.8065
10104,-0.1348,0.1079,9.9123,0.1669,-0.7603,2.5084,-4.9412,-8.9691,2.7957
10112,-0.2232,0.1147,10.0228,-0.0150,-0.5891,2.7146,-4.9271,-8.9436,2.7850
10120,-0.1807,0.1983,9.9607,0.1150,-0.4761,2.7651,-4.9095,-8.9201,2.7704
10128,-0.0976,0.1364,9.8680,-0.3553,-0.2188,2.7840,-4.8920,-8.8967,2.7558
10136,-0.1463,0.1086,9.7040,-0.6743,-0.2553,2.7274,-4.8745,-8.8735,2.7413
10144,-0.1047,0.0844,9.7678,-0.2274,-0.3702,2.6894,-4.8611,-8.8488,2.7279
10152,-0.1892,0.0721,9.9172,-0.4747,-0.2801,2.6209,-4.8477,-8.8232,2.7169
10160,-0.0857,0.1666,9.9092,-0.0339,-0.3406,2.5422,-4.8339,-8.7932,2.7065
10168,-0.0968,0.0995,10.0679,0.1076,-0.1052,2.4562,-4.8201,-8.7634,2.6961
10176,-0.0850,0.0738,9.8639,-0.2077,0.0266,2.3740,-4.8053,-8.7366,2.6843
10184,-0.0561,0.1285,9.8306,0.2561,-0.1273,2.3780,-4.7926,-8.7158,2.6764
10192,-0.0477,0.1029,9.8564,-0.1163,0.0615,2.3339,-4.7810,-8.6877,2.6662
10200,-0.1175,0.1699,9.7741,-0.2005,0.0367,2.2837,-4.7664,-8.6691,2.6530
10208,-0.1288,0.1662,9.8035,0.2203,0.1197,2.2090,-4.7518,-8.6505,2.6399
10216,-0.1312,0.1784,9.7609,-0.0279,0.1510,2.1669,-4.7413,-8.6232,2.6268
10224,-0.1266,0.1922,9.6876,0.0201,0.0663,2.2280,-4.7312,-8.5988,2.6157
10232,-0.1097,0.1755,9.7266,0.1566,-0.1080,2.1291,-4.7212,-8.5785,2.6047
10240,-0.1021,0.2488,9.7806,0.0151,-0.1574,2.0052,-4.7113,-8.5583,2.5937
10248,-0.1249,0.2304,9.8494,-0.1708,-0.0953,1.9827,-4.7013,-8.5381,2.5827
10256,-0.1254,0.2082,9.8065,-0.1006,-0.0972,1.9371,-4.6919,-8.5146,2.5689
10264,-0.1186,0.1937,9.7631,-0.2788,-0.1657,2.0509,-4.6826,-8.4911,2.5551
10272,-0.1170,0.2342,9.7644,-0.0785,-0.3006,1.8345,-4.6703,-8.4721,2.5443
10280,-0.1630,0.2322,9.9159,-0.2017,-0.3255,1.8061,-4.6580,-8.4532,2.5335
10288,-0.1344,0.0883,10.0088,-0.2635,-0.1574,1.6936,-4.6458,-8.4344,2.5228
10296,-0.1431,0.1849,10.0905,-0.2052,-0.2819,1.5568,-4.6302,-8.4122,2.5096
10304,-0.1633,0.1739,10.1222,-0.4001,0.1083,1.3752,-4.6186,-8.3945,2.4985
10312,-0.1903,0.1107,9.9171,-0.7759,0.0548,1.3216,-4.6031,-8.3700,2.4879
10320,-0.2816,0.2211,9.8240,-0.5299,-0.1270,1.1796,-4.5877,-8.3455,2.4774
10328,-0.1602,0.1229,9.8724,-0.5613,-0.0502,1.2706,-4.5728,-8.3305,2.4688
10336,-0.2321,0.0545,9.9020,-0.7114,0.0019,1.2135,-4.5658,-8.3120,2.4583
10344,-0.2042,0.1985,9.8700,-0.4149,0.0170,1.1057,-4.5529,-8.2878,2.4464
10352,-0.1881,0.0600,9.8638,-0.6593,0.3915,1.1518,-4.5415,-8.2680,2.4291
10360,-0.1695,0.0532,9.7280,-0.4851,0.2749,1.1960,-4.5302,-8.2483,2.4119
10368,-0.1954,0.1140,9.8201,-0.3131,0.3128,0.9982,-4.5219,-8.2277,2.4026
10376,-0.2425,0.0314,9.9102,-0.5034,0.5464,0.9824,-4.5121,-8.2067,2.3929
10384,-0.2227,0.1366,9.8697,-0.1360,0.3324,0.9486,-4.5009,-8.1882,2.3807
10392,-0.1912,0.1070,9.8832,-0.3659,0.5491,0.8790,-4.4897,-8.1697,2.3686
10400,-0.2201,0.0957,9.6357,-0.0419,0.4203,0.8311,-4.4786,-8.1513,2.3565
10408,-0.2198,0.1724,9.6419,0.0360,0.1718,0.7399,-4.4640,-8.1330,2.3469
10416,-0.2177,0.2064,9.5836,-0.1375,0.2915,0.7888,-4.4496,-8.1147,2.3373
10424,-0.1898,0.1405,9.6594,-0.1381,0.1127,0.7101,-4.4356,-8.0921,2.3249
10432,-0.1277,0.1880,9.7402,-0.2533,-0.0183,0.6029,-4.4217,-8.0695,2.3125
10440,-0.0633,0.1161,9.7983,-0.1688,-0.0450,0.4098,-4.4079,-8.0471,2.3001
10448,-0.1207,0.1745,9.8231,-0.3547,-0.2384,0.3397,-4.3931,-8.0296,2.2961
10456,-0.1112,0.1832,9.8091,-0.3511,-0.1514,0.2300,-4.3798,-8.0053,2.2867
10464,-0.0761,0.1086,9.7446,-0.5290,-0.1802,0.3465,-4.3666,-7.9874,2.2749
10472,-0.0494,0.1564,9.6501,-0.6805,-0.3864,0.1912,-4.3535,-7.9696,2.2632
10480,-0.0699,0.1012,9.6061,-0.6333,-0.4103,0.2027,-4.3364,-7.9513,2.2534
10488,-0.0388,0.1478,9.6182,-0.4175,-0.8411,0.1044,-4.3282,-7.9273,2.2393
10496,0.0299,0.2151,9.7618,-0.4192,-1.1571,-0.0243,-4.3206,-7.9068,2.2321
10504,0.0310,0.0591,9.8679,-0.3141,-1.1073,-0.0701,-4.3066,-7.8892,2.2220
10512,0.0439,0.1312,9.8998,-0.1657,-1.2783,-0.1725,-4.2926,-7.8717,2.2119
10520,0.0250,0.1139,9.9978,-0.1650,-0.9165,-0.1024,-4.2646,-7.8523,2.2048
10528,-0.0025,0.1252,9.7709,-0.4871,-0.9598,-0.1021,-4.2367,-7.8296,2.2026
10536,-0.0065,0.1795,9.6630,-0.2670,-1.0546,-0.2138,-4.2127,-7.8079,2.1941
10544,0.0104,0.0543,9.7053,-0.4460,-1.1533,-0.2805,-4.1889,-7.7863,2.1855
10552,-0.0568,0.0967,9.7676,-0.3770,-1.4209,-0.3497,-4.1651,-7.7647,2.1771
10560,-0.0624,0.2422,9.8514,-0.2472,-1.3755,-0.4506,-4.1492,-7.7477,2.1657
10568,-0.0225,0.1096,9.8037,-0.5016,-1.0655,-0.4804,-4.1334,-7.7306,2.1543
10576,-0.0583,0.1427,9.6873,-0.5156,-1.2890,-0.5728,-4.1205,-7.7141,2.1416
10584,-0.0378,0.1954,9.7655,-0.2890,-1.4147,-0.5626,-4.1078,-7.6977,2.1289
10592,-0.0749,0.0960,9.8895,-0.7016,-1.1989,-0.5661,-4.0950,-7.6813,2.1162
10600,-0.1084,0.1531,9.8510,-0.5015,-1.1739,-0.5615,-4.0847,-7.6626,2.1055
10608,-0.0746,0.1292,9.9232,-0.4302,-0.9634,-0.6798,-4.0745,-7.6429,2.0929
10616,-0.1195,0.0684,9.7439,-0.6233,-0.9753,-0.6595,-4.0643,-7.6267,2.0780
10624,-0.1370,0.1031,9.6787,-0.3413,-1.1734,-0.8135,-4.0542,-7.6120,2.0664
10632,-0.1491,0.1924,9.6903,-0.3116,-1.1389,-0.8754,-4.0441,-7.5973,2.0550
10640,-0.1870,0.1333,9.7176,-0.4353,-1.0658,-0.8972,-4.0258,-7.5788,2.0426
10648,-0.2030,0.1760,9.7114,-0.2628,-1.1507,-1.0595,-4.0104,-7.5599,2.0355
10656,-0.1269,0.1905,9.8346,-0.0660,-1.3011,-1.0279,-3.9985,-7.5396,2.0271
10664,-0.1177,0.1234,9.8232,-0.2163,-1.2983,-1.0911,-3.9867,-7.5193,2.0187
10672,-0.2005,0.2390,9.7778,0.0292,-1.4690,-1.0609,-3.9748,-7.5031,2.0079
10680,-0.1419,0.2761,9.7107,0.1520,-1.3228,-1.2906,-3.9626,-7.4849,1.9990
10688,-0.1358,0.1904,9.5516,-0.1546,-1.2764,-1.2730,-3.9494,-7.4643,1.9902
10696,-0.1244,0.2090,9.4282,0.0989,-1.5627,-1.3948,-3.9363,-7.4438,1.9815
10704,-0.1528,0.2217,9.5365,0.2933,-1.7271,-1.4099,-3.9232,-7.4234,1.9727
10712,-0.0327,0.1963,9.5739,0.1992,-1.8790,-1.4537,-3.9063,-7.4093,1.9640
10720,-0.0575,0.2248,9.8200,0.4026,-2.0989,-1.4716,-3.8894,-7.3953,1.9553
10728,0.0490,0.2241,9.9657,0.3197,-2.0292,-1.5127,-3.8819,-7.3756,1.9448
10736,0.0788,0.1648,10.0470,0.2511,-1.8212,-1.5227,-3.8743,-7.3558,1.9342
10744,0.0862,0.2377,9.9808,0.2602,-1.8117,-1.6309,-3.8668,-7.3362,1.9237
10752,0.0952,0.2504,9.8762,-0.0458,-1.6772,-1.6331,-3.8530,-7.3219,1.9156
10760,0.1507,0.1166,9.8398,-0.0104,-1.6526,-1.6805,-3.8461,-7.3121,1.9057
10768,0.0893,0.1604,9.8019,-0.1338,-1.6905,-1.7871,-3.8362,-7.2965,1.8904
10776,0.1244,0.2064,9.7931,-0.0119,-1.5720,-1.8598,-3.8221,-7.2789,1.8737
10784,0.1771,0.1382,9.7560,-0.2073,-1.5440,-1.9026,-3.8080,-7.2614,1.8571
10792,0.1324,0.1631,9.7603,0.0245,-1.5892,-1.9835,-3.7968,-7.2396,1.8445
10800,0.1834,0.0522,9.8493,-0.1805,-1.5418,-2.0396,-3.7857,-7.2232,1.8309
10808,0.1517,0.0994,9.8424,-0.1552,-1.5445,-2.1545,-3.7761,-7.2102,1.8159
10816,0.2192,0.1189,9.8921,0.0076,-1.5017,-2.2324,-3.7617,-7.1924,1.8010
10824,0.2802,0.0358,9.8752,-0.2740,-1.2821,-2.1629,-3.7473,-7.1746,1.7861
10832,0.2839,0.0787,9.8312,0.1128,-1.3602,-2.2858,-3.7349,-7.1565,1.7722
10840,0.2581,0.0823,9.9071,-0.2294,-1.2454,-2.3767,-3.7211,-7.1393,1.7618
10848,0.2066,0.0788,9.7011,-0.3033,-1.0398,-2.4609,-3.7073,-7.1222,1.7515
10856,0.1813,0.1035,9.5762,-0.2673,-1.2857,-2.5440,-3.6961,-7.1051,1.7412
10864,0.1480,0.1481,9.5023,-0.4702,-1.4382,-2.6103,-3.6848,-7.0895,1.7260
10872,0.1170,0.0864,9.6009,-0.4723,-1.7948,-2.6096,-3.6736,-7.0740,1.7110
10880,0.2228,0.1217,9.7542,-0.4662,-2.1570,-2.7023,-3.6615,-7.0546,1.7056
10888,0.2142,0.0634,10.0488,-0.2871,-1.9088,-2.8576,-3.6494,-7.0353,1.7003
10896,0.1386,0.0836,10.0056,-0.6491,-1.6181,-2.9874,-3.6374,-7.0161,1.6951
10904,0.1239,0.0827,9.8326,-0.5153,-1.4548,-3.0129,-3.6264,-7.0032,1.6801
10912,0.1325,0.0655,9.6277,-0.4594,-1.4559,-3.0559,-3.6144,-6.9854,1.6652
10920,0.0464,0.0923,9.4802,-0.5526,-1.7370,-3.2171,-3.6006,-6.9620,1.6572
10928,-0.0091,0.0113,9.4651,-0.2710,-1.8405,-3.0912,-3.5819,-6.9434,1.6453
10936,0.0130,-0.0132,9.6478,0.0169,-2.2247,-3.2162,-3.5633,-6.9249,1.6334
10944,0.0859,0.0074,10.0868,0.1216,-2.1762,-3.1943,-3.5555,-6.9127,1.6279
10952,0.0872,-0.0035,10.1079,-0.2503,-1.7778,-3.2641,-3.5389,-6.9001,1.6171
10960,-0.0042,-0.0380,9.9142,0.0447,-1.6128,-3.2615,-3.5278,-6.8846,1.5996
10968,-0.0768,0.0442,9.7426,-0.2465,-1.6524,-3.1630,-3.5094,-6.8638,1.5870
10976,-0.0778,-0.0117,9.5031,-0.3223,-1.5036,-2.9541,-3.4911,-6.8431,1.5744
10984,-0.1024,-0.0600,9.5159,-0.1175,-1.8306,-2.8078,-3.4796,-6.8346,1.5672
10992,-0.0440,-0.0049,9.7844,-0.3110,-1.7833,-2.6251,-3.4667,-6.8207,1.5601
11000,-0.0336,0.0158,9.9617,-0.1573,-1.4634,-2.5171,-3.4539,-6.8069,1.5529
11008,0.0054,-0.0720,10.1983,-0.2290,-1.1575,-2.4218,-3.4478,-6.7916,1.5381
11016,0.0066,-0.0357,10.0243,-0.6416,-0.9343,-2.3094,-3.4418,-6.7765,1.5234
11024,-0.1066,-0.0481,9.8531,-0.2361,-0.8489,-2.2445,-3.4358,-6.7613,1.5087
11032,-0.0046,-0.0478,9.7352,-0.8191,-0.8899,-2.1532,-3.4236,-6.7447,1.5013
11040,-0.0034,-0.0225,9.6535,-0.5978,-0.8650,-2.1298,-3.4114,-6.7282,1.4940
11048,0.1243,-0.1044,9.7750,-0.5463,-1.0680,-2.0275,-3.4002,-6.7147,1.4814
11056,0.0199,0.0470,9.9596,-0.5770,-0.7580,-1.9216,-3.3890,-6.7011,1.4688
11064,0.0903,-0.1632,9.9814,-0.8224,-0.4590,-1.7511,-3.3784,-6.6886,1.4578
11072,0.1003,-0.0745,9.8280,-0.7823,-0.5997,-1.6680,-3.3673,-6.6727,1.4521
11080,0.0719,-0.1319,9.9324,-0.6641,-0.4596,-1.5485,-3.3548,-6.6545,1.4396
11088,0.0267,-0.1332,9.7732,-1.2363,-0.5415,-1.4983,-3.3424,-6.6363,1.4273
11096,0.0965,-0.0884,9.7339,-0.6901,-0.7826,-1.3382,-3.3329,-6.6239,1.4130
11104,0.1541,-0.1294,9.8140,-0.7359,-0.8105,-1.1612,-3.3200,-6.6092,1.4037
11112,0.1995,-0.1624,9.8159,-0.8756,-0.8372,-1.0319,-3.3130,-6.5955,1.3977
11120,0.2245,-0.1641,9.8190,-0.6119,-0.9106,-0.7909,-3.2997,-6.5799,1.3889
11128,0.2368,-0.0963,9.8774,-0.5891,-0.8982,-0.5551,-3.2865,-6.5643,1.3802
11136,0.1763,-0.1183,9.7999,-0.9299,-0.8811,-0.5216,-3.2758,-6.5502,1.3705
11144,0.1722,-0.2180,9.7508,-0.6372,-0.8646,-0.4816,-3.2689,-6.5381,1.3555
11152,0.1930,-0.1733,9.8375,-0.6613,-1.0862,-0.4647,-3.2621,-6.5261,1.3406
11160,0.2105,-0.0874,9.8499,-0.7483,-1.0048,-0.3952,-3.2480,-6.5087,1.3278
11168,0.1867,-0.1280,9.8471,-0.4208,-0.9537,-0.3074,-3.2340,-6.4914,1.3149
11176,0.0185,-0.0386,9.7397,-0.5183,-0.7714,-0.3701,-3.2201,-6.4742,1.3021
11184,0.1401,-0.1112,9.5774,-0.4383,-0.8877,-0.3127,-3.2086,-6.4632,1.2942
11192,0.1289,-0.1437,9.6109,-0.5137,-0.9750,-0.3405,-3.1971,-6.4523,1.2863
11200,0.1962,-0.0906,9.7210,-0.5165,-1.1598,-0.3404,-3.1901,-6.4362,1.2756
11208,0.1770,-0.1588,10.0196,-0.2525,-0.9285,-0.4043,-3.1830,-6.4200,1.2649
11216,0.1131,-0.1247,10.1682,-0.2534,-0.5820,-0.3268,-3.1760,-6.4112,1.2533
11224,0.0917,-0.1259,10.0572,-0.3742,-0.2427,-0.2847,-3.1671,-6.3995,1.2432
11232,0.0423,-0.1738,9.8906,-0.2285,-0.1422,-0.0337,-3.1582,-6.3926,1.2346
11240,0.1420,-0.1602,9.7568,-0.4011,-0.3660,0.0863,-3.1479,-6.3853,1.2217
11248,-0.0146,-0.1065,9.7883,-0.4701,-0.2655,0.2597,-3.1376,-6.3779,1.2088
11256,0.1497,-0.1562,9.7940,-0.3708,-0.4279,0.3882,-3.1187,-6.3581,1.1984
11264,0.1112,-0.1179,9.9349,-0.5079,-0.2260,0.4124,-3.1008,-6.3403,1.1900
11272,0.1934,-0.2932,9.9818,-0.3909,-0.0542,0.4969,-3.0840,-6.3263,1.1825
11280,0.1476,-0.1211,10.0361,-0.3618,-0.1673,0.6124,-3.0648,-6.3134,1.1751
11288,0.0833,-0.1659,10.1075,-0.3072,0.2393,0.7201,-3.0456,-6.3005,1.1630
11296,0.0242,-0.1945,9.9039,-0.6630,0.2840,0.7805,-3.0270,-6.2857,1.1518
11304,0.0796,-0.1006,9.8184,-0.2513,0.0549,0.7955,-3.0085,-6.2709,1.1407
11312,0.0601,-0.1910,9.8814,-0.4176,0.1744,0.9006,-2.9949,-6.2576,1.1296
11320,0.0602,-0.2168,9.8505,-0.6193,0.1180,1.0811,-2.9812,-6.2444,1.1186
11328,0.0575,-0.1422,9.8667,-0.3214,-0.0026,1.1977,-2.9677,-6.2312,1.1076
11336,0.1353,-0.1931,9.9515,-0.4100,0.0207,1.3838,-2.9614,-6.2180,1.0909
11344,0.1396,-0.3207,10.0055,-0.9133,0.1444,1.4631,-2.9551,-6.2049,1.0742
11352,0.1148,-0.2344,9.9108,-0.4826,-0.0040,1.5897,-2.9465,-6.1918,1.0635
11360,0.0755,-0.2283,9.8561,-0.7535,-0.1006,1.7160,-2.9378,-6.1787,1.0527
11368,0.0600,-0.2487,9.6454,-0.8071,-0.1770,1.9302,-2.9263,-6.1700,1.0425
11376,0.0359,-0.2439,9.6583,-0.6344,-0.3327,2.0869,-2.9221,-6.1613,1.0357
11384,0.0515,-0.2556,9.7516,-0.5866,-0.2442,2.1649,-2.9179,-6.1565,1.0242
11392,0.0087,-0.2137,9.7699,-0.6449,-0.1810,2.2607,-2.9094,-6.1421,1.0122
11400,0.0865,-0.2114,9.8029,-0.3033,-0.1605,2.4884,-2.9009,-6.1277,1.0002
11408,0.1146,-0.2498,9.8519,-0.4939,-0.0422,2.6634,-2.8929,-6.1253,0.9888
11416,0.0981,-0.2299,9.8916,-0.2896,-0.0118,2.8094,-2.8888,-6.1176,0.9775
11424,0.0918,-0.1878,9.9157,-0.2942,0.1666,2.9864,-2.8823,-6.1114,0.9686
11432,0.1222,-0.2129,9.8565,-0.2933,0.3479,3.1957,-2.8787,-6.1047,0.9569
11440,0.1072,-0.1628,9.7642,-0.3297,0.3612,3.2891,-2.8751,-6.0980,0.9452
11448,0.1721,-0.1922,9.7604,-0.3592,0.4007,3.3944,-2.8682,-6.0874,0.9312
11456,0.2849,-0.2252,9.9254,-0.3074,0.3450,3.5912,-2.8613,-6.0769,0.9172
11464,0.2090,-0.1602,10.0944,-0.3486,0.6092,3.6007,-2.8577,-6.0702,0.9071
11472,0.2299,-0.2937,10.0231,-0.2759,0.8831,3.8924,-2.8542,-6.0635,0.8971
11480,0.2216,-0.2582,9.8949,-0.3158,0.8091,4.0060,-2.8507,-6.0568,0.8871
11488,0.1412,-0.2184,9.8536,-0.2393,1.0262,4.1147,-2.8400,-6.0448,0.8734
11496,0.1290,-0.3131,9.7543,-0.3847,1.1086,4.3092,-2.8294,-6.0328,0.8597
11504,0.1180,-0.2166,9.8133,0.0202,0.8087,4.5033,-2.8212,-6.0247,0.8523
11512,0.1194,-0.1962,9.9998,0.1860,0.7939,4.6089,-2.8130,-6.0166,0.8449
11520,0.0569,-0.2074,10.0000,0.1766,0.8891,4.7712,-2.8020,-6.0080,0.8342
11528,0.0568,-0.1268,9.9400,0.4316,0.9001,4.8650,-2.7914,-5.9989,0.8231
11536,0.0308,-0.0913,9.8507,0.2462,1.1639,5.1068,-2.7848,-5.9860,0.8168
11544,0.0282,-0.0956,9.6951,-0.0485,1.0136,5.2020,-2.7801,-5.9794,0.8033
11552,0.0377,-0.0890,9.6733,0.0510,0.9659,5.4317,-2.7754,-5.9728,0.7899
11560,0.0226,-0.1095,9.8371,-0.0512,0.8642,5.6326,-2.7717,-5.9690,0.7776
11568,-0.0143,-0.0505,9.9848,-0.1142,0.9083,5.6088,-2.7680,-5.9614,0.7653
11576,-0.0495,-0.0974,9.9882,-0.0305,1.1131,5.6447,-2.7634,-5.9557,0.7559
11584,0.0179,-0.0879,9.8146,-0.2144,0.9570,5.5884,-2.7602,-5.9515,0.7508
11592,-0.0655,0.0277,9.8183,-0.1023,0.9384,5.5985,-2.7570,-5.9472,0.7458
11600,-0.0771,-0.0785,9.7665,-0.2884,1.0726,5.5575,-2.7485,-5.9449,0.7346
11608,-0.1223,0.0253,9.7078,-0.0584,0.9503,5.4570,-2.7401,-5.9426,0.7235
11616,-0.0971,0.1110,9.7335,0.0682,0.9213,5.3022,-2.7342,-5.9388,0.7148
11624,-0.0944,-0.0291,9.7576,-0.2240,1.0135,5.1675,-2.7282,-5.9349,0.7061
11632,-0.0833,0.0017,9.8145,0.0218,0.7391,5.0041,-2.7222,-5.9311,0.6975
11640,-0.1429,0.0149,9.9366,-0.1164,0.9407,4.8371,-2.7168,-5.9244,0.6845
11648,-0.1153,0.0898,9.8973,-0.1979,0.8988,4.7254,-2.7114,-5.9177,0.6717
11656,-0.1687,0.0524,9.9090,-0.4465,1.1334,4.6213,-2.7084,-5.9158,0.6589
11664,-0.2211,-0.0143,9.7397,-0.6762,1.1817,4.4497,-2.7054,-5.9139,0.6461
11672,-0.2384,0.0096,9.6918,-0.6266,0.9453,4.3656,-2.7019,-5.9091,0.6306
11680,-0.1958,0.0003,9.7499,-0.6431,1.0765,4.2479,-2.6941,-5.9033,0.6170
11688,-0.2402,0.0105,9.6901,-0.7149,0.9753,4.1860,-2.6888,-5.8966,0.6092
11696,-0.1610,-0.1014,9.8258,-0.5809,1.0092,4.2148,-2.6806,-5.8942,0.5995
11704,-0.2046,-0.1066,9.8385,-0.5141,1.1883,4.1063,-2.6724,-5.8917,0.5899
11712,-0.1105,-0.1049,9.8494,-0.3009,1.1569,4.1013,-2.6676,-5.8878,0.5770
11720,-0.1457,-0.0810,9.8202,-0.3077,1.3162,4.1391,-2.6600,-5.8859,0.5646
11728,-0.1652,-0.0658,9.7782,-0.0208,1.1832,4.1619,-2.6538,-5.8753,0.5561
11736,-0.1159,-0.0538,9.7826,0.1095,0.8961,4.1411,-2.6519,-5.8695,0.5463
11744,-0.0986,-0.0434,9.7543,0.1541,0.7601,4.3105,-2.6501,-5.8637,0.5364
11752,-0.1322,0.0570,9.6894,0.4234,0.6274,4.2725,-2.6420,-5.8636,0.5237
11760,-0.1207,0.1343,9.7784,0.3850,0.7406,4.2202,-2.6340,-5.8635,0.5111
11768,-0.1216,0.0129,9.8429,0.0656,0.9421,4.0288,-2.6259,-5.8557,0.4986
11776,-0.0350,0.0679,9.8092,0.0321,0.6788,3.8672,-2.6179,-5.8479,0.4861
11784,-0.1425,0.2143,9.7938,-0.1066,0.6590,3.7419,-2.6100,-5.8401,0.4736
11792,-0.1127,0.1235,9.7421,-0.3458,0.4614,3.6541,-2.6068,-5.8352,0.4646
11800,-0.1312,0.1307,9.7631,-0.2946,0.2485,3.3488,-2.6037,-5.8303,0.4556
11808,-0.1070,0.1258,9.8241,-0.1764,0.2048,3.1556,-2.5963,-5.8258,0.4461
11816,-0.0988,0.0849,9.8232,-0.2819,0.2351,3.0134,-2.5889,-5.8213,0.4367
11824,-0.1319,0.1285,9.7919,-0.1908,0.1974,2.7095,-2.5858,-5.8173,0.4260
11832,-0.0935,0.1206,9.7845,-0.0851,0.1800,2.4856,-2.5784,-5.8152,0.4166
11840,-0.1863,0.0825,9.8166,-0.0746,0.2700,2.3140,-2.5730,-5.8126,0.4079
11848,-0.2352,0.0881,9.7208,0.0714,0.0441,2.1314,-2.5700,-5.8109,0.3991
11856,-0.1993,0.1660,9.7170,0.2083,-0.1186,1.8447,-2.5670,-5.8093,0.3904
11864,-0.1668,0.0826,9.7404,0.0193,-0.0608,1.7065,-2.5654,-5.8071,0.3789
11872,-0.1866,0.0832,9.8231,0.1132,0.0158,1.4038,-2.5629,-5.8025,0.3698
11880,-0.1403,0.1247,9.9581,0.0776,0.1823,1.1462,-2.5585,-5.8022,0.3603
11888,-0.1307,0.1500,9.9153,-0.0817,0.4189,0.9800,-2.5569,-5.7976,0.3489
11896,-0.1093,0.1200,9.8693,0.0459,0.4905,0.9543,-2.5554,-5.7929,0.3375
11904,-0.1582,0.1134,9.8345,-0.0987,0.5563,0.8924,-2.5510,-5.7888,0.3272
11912,-0.1246,0.1648,9.7406,0.2404,0.4698,0.6946,-2.5466,-5.7846,0.3169
11920,-0.0733,0.1921,9.7436,0.2153,0.4192,0.4388,-2.5389,-5.7795,0.3066
11928,-0.0601,0.2274,9.7085,0.3646,0.1654,0.3461,-2.5312,-5.7743,0.2964
11936,-0.0066,0.1696,9.7336,0.4487,0.1068,0.1455,-2.5236,-5.7692,0.2863
11944,0.0011,0.2407,9.8033,0.6972,-0.0053,-0.0917,-2.5188,-5.7630,0.2742
11952,0.0984,0.2813,9.9793,0.6627,-0.0165,-0.3078,-2.5141,-5.7569,0.2622
11960,0.0370,0.2357,9.9518,0.2938,0.2074,-0.4505,-2.5117,-5.7546,0.2551
11968,0.0648,0.2467,9.8322,0.6104,0.0429,-0.6323,-2.5113,-5.7528,0.2470
11976,0.0362,0.2904,9.7572,0.1051,0.1149,-0.8141,-2.5109,-5.7510,0.2390
11984,0.0034,0.1897,9.6830,0.2432,0.0745,-0.9773,-2.5042,-5.7491,0.2324
11992,-0.0489,0.2726,9.6796,0.1433,-0.1562,-1.2213,-2.5019,-5.7443,0.2216
12000,-0.0093,0.2756,9.6706,0.1678,-0.2088,-1.4174,-2.4948,-5.7420,0.2132
12008,-0.0455,0.1676,9.7212,0.2712,-0.2938,-1.6795,-2.4907,-5.7401,0.2034
12016,0.0425,0.2617,9.8404,0.2447,-0.5084,-1.9889,-2.4865,-5.7382,0.1936
12024,0.0948,0.2543,9.8985,0.3261,-0.3642,-2.2874,-2.4890,-5.7334,0.1867
12032,0.0766,0.2568,9.9585,0.6439,-0.2797,-2.5168,-2.4853,-5.7310,0.1775
12040,0.0487,0.2453,9.9079,0.2358,-0.0869,-2.7122,-2.4817,-5.7262,0.1660
12048,0.0662,0.2008,9.6239,0.7176,-0.0386,-2.8884,-2.4780,-5.7214,0.1545
12056,0.0475,0.2489,9.5770,0.8049,-0.3736,-3.1022,-2.4753,-5.7108,0.1449
12064,0.0005,0.2410,9.5559,0.6218,-0.4301,-3.2827,-2.4726,-5.7003,0.1354
12072,0.0810,0.1959,9.6110,1.2173,-0.7773,-3.5219,-2.4728,-5.6964,0.1288
12080,0.2512,0.2317,9.9429,1.0748,-0.8908,-3.8067,-2.4730,-5.6926,0.1222
12088,0.2236,0.2473,10.0983,0.8426,-0.5539,-4.0630,-2.4732,-5.6887,0.1157
12096,0.3119,0.1634,10.0450,0.8364,-0.5571,-4.2895,-2.4705,-5.6835,0.1015
12104,0.2908,0.2278,9.9265,0.7293,-0.4802,-4.5540,-2.4678,-5.6782,0.0874
12112,0.2644,0.1408,9.7738,0.6054,-0.4946,-4.8337,-2.4657,-5.6743,0.0753
12120,0.2414,0.1026,9.6146,0.6364,-0.7564,-5.0131,-2.4620,-5.6705,0.0642
12128,0.3176,0.1974,9.5818,0.8979,-1.0681,-5.3846,-2.4585,-5.6666,0.0531
12136,0.2882,0.1998,9.7679,0.9241,-1.2782,-5.5960,-2.4534,-5.6584,0.0402
12144,0.3276,0.0881,9.9150,0.7117,-1.1004,-5.6914,-2.4489,-5.6536,0.0340
12152,0.3468,0.1751,9.9533,0.9540,-1.1303,-5.7213,-2.4463,-5.6431,0.0293
12160,0.3101,0.1450,9.9929,0.7190,-0.9323,-5.8379,-2.4423,-5.6426,0.0189
12168,0.2713,0.1342,9.7742,0.5050,-0.8763,-5.9014,-2.4383,-5.6420,0.0085
12176,0.1675,0.1385,9.7485,0.7110,-0.8681,-6.0208,-2.4405,-5.6377,-0.0028
12184,0.1943,0.0436,9.6427,0.3693,-0.9109,-6.0496,-2.4370,-5.6290,-0.0126
12192,0.1506,0.0962,9.6391,0.6505,-1.1758,-6.1332,-2.4368,-5.6237,-0.0181
12200,0.1954,0.0271,9.8553,0.4262,-1.2932,-6.0824,-2.4348,-5.6175,-0.0240
12208,0.2054,-0.0595,9.9549,0.3876,-1.2054,-5.8952,-2.4327,-5.6112,-0.0298
12216,0.0987,-0.0623,9.9616,0.2707,-0.9801,-5.8122,-2.4306,-5.6050,-0.0357
12224,0.1183,-0.0775,9.9012,0.2523,-0.7727,-5.6875,-2.4290,-5.5968,-0.0468
12232,0.0860,-0.2056,9.8265,0.0533,-0.5876,-5.5762,-2.4275,-5.5887,-0.0578
12240,0.1014,-0.1977,9.8149,0.4390,-0.6507,-5.4379,-2.4259,-5.5805,-0.0688
12248,-0.0018,-0.1691,9.8003,0.0266,-0.5190,-5.3375,-2.4248,-5.5719,-0.0802
12256,-0.0108,-0.3026,9.6054,0.3335,-0.3931,-5.0096,-2.4237,-5.5634,-0.0915
12264,-0.0159,-0.2035,9.7378,0.5923,-0.5660,-4.8240,-2.4212,-5.5605,-0.1014
12272,0.0206,-0.3105,9.9679,0.2158,-0.2380,-4.4811,-2.4187,-5.5524,-0.1160
12280,0.0490,-0.3286,9.8568,0.3384,-0.2417,-4.1266,-2.4163,-5.5443,-0.1305
12288,0.0064,-0.2096,9.9863,0.5010,-0.2132,-3.8410,-2.4143,-5.5334,-0.1383
12296,0.0421,-0.3338,9.8588,-0.1861,-0.0020,-3.5518,-2.4089,-5.5272,-0.1518
12304,-0.0126,-0.3201,9.6260,0.2314,-0.2027,-3.0700,-2.4050,-5.5220,-0.1647
12312,0.0040,-0.1814,9.6444,0.3054,-0.3092,-2.8519,-2.4026,-5.5192,-0.1752
12320,0.0504,-0.2145,9.6347,0.0401,-0.2645,-2.5446,-2.4001,-5.5164,-0.1857
12328,-0.0051,-0.1884,9.7270,0.3651,-0.5097,-2.1708,-2.3958,-5.5127,-0.1980
12336,0.0795,-0.1343,9.8811,0.2065,-0.3815,-1.8960,-2.3944,-5.5075,-0.2073
12344,-0.0616,-0.0939,9.8584,0.0362,-0.2109,-1.6359,-2.3900,-5.5051,-0.2138
12352,-0.0026,-0.1481,9.7841,0.1747,-0.2025,-1.3792,-2.3876,-5.5023,-0.2198
12360,-0.0599,-0.1174,9.6955,-0.0609,-0.1730,-1.0883,-2.3853,-5.4995,-0.2257
12368,-0.0024,-0.1711,9.6212,0.0898,-0.2996,-0.8102,-2.3829,-5.4967,-0.2316
12376,-0.0428,-0.0562,9.6506,0.0500,-0.4446,-0.4616,-2.3815,-5.4900,-0.2441
12384,0.0919,-0.2023,9.8115,0.2199,-0.1406,-0.2589,-2.3801,-5.4834,-0.2566
12392,-0.0136,-0.1860,9.8870,0.0303,-0.0898,0.0443,-2.3758,-5.4773,-0.2652
12400,0.0614,-0.1918,9.9029,0.2144,0.1000,0.1875,-2.3715,-5.4711,-0.2737
12408,-0.0193,-0.1952,9.8440,0.1504,0.2015,0.3912,-2.3673,-5.4650,-0.2822
12416,0.0271,-0.1768,9.7269,0.1879,-0.1121,0.4766,-2.3678,-5.4603,-0.2926
12424,-0.0544,-0.1630,9.7289,0.2424,-0.2439,0.7556,-2.3689,-5.4551,-0.3096
12432,-0.0025,-0.2260,9.8596,0.5052,-0.2580,0.8624,-2.3656,-5.4504,-0.3132
12440,-0.0579,-0.0594,9.8298,0.2605,-0.2208,1.1512,-2.3623,-5.4457,-0.3167
12448,-0.0557,-0.2116,9.7551,0.3199,0.0067,1.2834,-2.3634,-5.4430,-0.3263
12456,-0.0852,-0.1803,9.7230,0.2806,-0.2610,1.4418,-2.3611,-5.4378,-0.3317
12464,-0.0594,-0.0354,9.9048,0.4244,-0.1837,1.4466,-2.3578,-5.4355,-0.3455
12472,-0.0075,-0.1179,9.9331,0.1326,-0.0031,1.6032,-2.3546,-5.4332,-0.3593
12480,-0.0520,-0.0126,9.9392,0.4482,-0.2757,1.7183,-2.3523,-5.4280,-0.3677
12488,-0.0389,0.0330,9.9028,0.2567,-0.2111,1.7216,-2.3548,-5.4276,-0.3737
12496,0.0758,-0.0273,9.7555,0.6308,-0.1706,1.7942,-2.3549,-5.4249,-0.3797
12504,-0.0104,0.0644,9.7488,0.6313,-0.1879,1.8103,-2.3555,-5.4240,-0.3918
12512,-0.0250,0.1373,9.6713,0.3998,-0.0098,1.8470,-2.3561,-5.4231,-0.4039
12520,-0.0360,0.0434,9.6604,0.6397,0.0512,1.8260,-2.3567,-5.4222,-0.4159
12528,0.0448,0.0805,9.7981,0.5331,-0.1011,1.7714,-2.3530,-5.4179,-0.4240
12536,-0.0457,0.0867,9.9586,0.4712,0.0278,1.7751,-2.3493,-5.4137,-0.4320
12544,-0.1330,-0.0543,9.9568,0.5800,0.0872,1.8480,-2.3518,-5.4118,-0.4400
12552,-0.1073,0.0540,9.8481,0.4147,-0.0347,1.7364,-2.3543,-5.4100,-0.4479
12560,-0.0968,0.0182,9.7270,0.4940,0.0540,1.7496,-2.3568,-5.4081,-0.4558
12568,-0.1419,-0.0772,9.6698,0.1831,-0.0344,1.7596,-2.3555,-5.4039,-0.4646
12576,-0.2274,-0.0186,9.6426,0.2672,-0.0550,1.8039,-2.3513,-5.4053,-0.4705
12584,-0.2050,-0.0799,9.7400,0.1556,-0.0587,1.6702,-2.3471,-5.4068,-0.4811
12592,-0.2343,-0.0684,9.7617,-0.0925,0.0231,1.7637,-2.3430,-5.4082,-0.4916
12600,-0.2299,-0.0608,9.8196,0.1769,-0.0960,1.7837,-2.3431,-5.4053,-0.5040
12608,-0.2095,-0.1390,9.8998,0.1706,-0.0606,1.7816,-2.3366,-5.4052,-0.5168
12616,-0.1916,-0.1215,9.9127,0.0899,0.1333,1.7768,-2.3330,-5.3971,-0.5219
12624,-0.2737,0.0220,9.8278,0.2020,0.3960,1.8043,-2.3279,-5.3922,-0.5289
12632,-0.2455,-0.1758,9.7509,-0.0507,0.5273,1.9346,-2.3229,-5.3874,-0.5358
12640,-0.2751,-0.0891,9.6021,0.0889,0.3515,1.9819,-2.3121,-5.3869,-0.5399
12648,-0.2532,-0.0836,9.7736,0.1397,0.4340,1.9390,-2.3014,-5.3863,-0.5438
12656,-0.2848,-0.1232,9.7971,-0.0570,0.4916,1.9754,-2.2974,-5.3824,-0.5516
12664,-0.2382,-0.0402,9.8662,0.3042,0.3946,2.0102,-2.2934,-5.3785,-0.5593
12672,-0.0968,-0.1359,10.0144,-0.0090,0.7659,2.0328,-2.2895,-5.3746,-0.5670
12680,-0.1305,-0.1291,9.8219,-0.1165,1.0090,2.2225,-2.2884,-5.3702,-0.5717
12688,-0.0522,-0.0451,9.7251,0.1380,0.9961,2.3078,-2.2873,-5.3658,-0.5765
12696,-0.0437,-0.0283,9.7409,-0.2747,1.1278,2.3627,-2.2862,-5.3604,-0.5883
12704,-0.0001,-0.0281,9.6227,-0.1759,0.9310,2.4873,-2.2851,-5.3551,-0.6000
12712,0.0695,-0.0480,9.7877,0.1185,0.8976,2.6170,-2.2840,-5.3497,-0.6117
12720,0.1461,-0.0240,9.8171,-0.1813,0.8229,2.6584,-2.2819,-5.3515,-0.6162
12728,0.1904,-0.0006,9.7919,-0.1906,0.8128,2.6820,-2.2775,-5.3532,-0.6183
12736,0.2273,-0.0513,9.7886,-0.0342,0.8351,2.7632,-2.2731,-5.3535,-0.6309
12744,0.1486,-0.0239,9.7205,-0.4100,0.8432,2.8009,-2.2688,-5.3538,-0.6433
12752,0.1717,-0.0655,9.6880,-0.1933,0.7415,2.9169,-2.2682,-5.3512,-0.6515
12760,0.1962,0.0047,9.7101,-0.0261,0.5537,2.7746,-2.2653,-5.3486,-0.6553
12768,0.1232,-0.0684,9.7078,-0.3276,0.6967,2.8464,-2.2614,-5.3498,-0.6624
12776,0.1041,-0.1017,9.5954,0.0295,0.5401,2.8751,-2.2632,-5.3534,-0.6670
12784,0.1328,-0.0308,9.7306,0.2323,0.3451,2.9772,-2.2651,-5.3569,-0.6717
12792,0.2476,-0.1629,9.9304,-0.1258,0.5399,2.8456,-2.2507,-5.3542,-0.6706
12800,0.1364,-0.0042,9.8994,0.1744,0.5982,2.9036,-2.2364,-5.3515,-0.6694
12808,0.1110,-0.1097,9.9428,0.0189,0.8273,2.9832,-2.2236,-5.3421,-0.6726
12816,0.0844,-0.0220,9.6692,0.1741,0.7130,2.9526,-2.2108,-5.3326,-0.6757
12824,0.1222,-0.0912,9.7988,0.2212,0.6757,2.9073,-2.1980,-5.3232,-0.6788
12832,0.1374,-0.1210,9.7716,-0.1204,0.6774,2.9040,-2.1925,-5.3224,-0.6885
12840,0.0791,-0.0086,9.8891,0.5450,0.5083,2.8342,-2.1869,-5.3216,-0.6981
12848,0.1133,-0.0258,9.9704,0.1492,0.7840,2.9088,-2.1766,-5.3193,-0.7078
12856,0.0888,-0.0418,9.7443,0.2081,0.9116,2.9668,-2.1664,-5.3169,-0.7173
12864,0.1235,-0.0007,9.6809,0.5444,0.7803,3.0009,-2.1638,-5.3103,-0.7249
12872,0.1230,0.0661,9.7164,0.1060,0.7668,2.9908,-2.1631,-5.3104,-0.7263
12880,0.0569,0.0733,9.6438,0.1134,0.8605,3.0612,-2.1586,-5.3099,-0.7306
12888,0.0550,0.0401,9.6450,0.2698,0.7421,3.1659,-2.1579,-5.3075,-0.7424
12896,0.0442,0.0816,9.6621,-0.0019,0.8022,3.1566,-2.1572,-5.3051,-0.7541
12904,0.0713,0.0655,9.6666,0.0823,0.7930,3.2571,-2.1584,-5.3036,-0.7596
12912,0.0325,0.0599,9.6898,0.1387,0.8962,3.2012,-2.1630,-5.3007,-0.7694
12920,-0.0295,0.0918,9.6903,-0.1779,1.0296,3.2197,-2.1599,-5.3021,-0.7738
12928,-0.0231,0.0346,9.5665,-0.1687,1.1278,3.2347,-2.1559,-5.3034,-0.7807
12936,-0.0038,-0.0468,9.6215,0.1174,1.0724,3.2118,-2.1519,-5.3047,-0.7874
12944,-0.0026,0.0066,9.6240,-0.0464,0.9154,3.2005,-2.1484,-5.3032,-0.7970
12952,-0.0626,-0.1090,9.6280,0.0611,0.9759,3.1924,-2.1449,-5.3016,-0.8066
12960,-0.0081,-0.0834,9.5834,0.3878,0.7671,3.1313,-2.1414,-5.3023,-0.8118
12968,0.0564,-0.0693,9.8322,0.3269,0.7142,3.2276,-2.1379,-5.3031,-0.8170
12976,0.1160,-0.1317,9.9536,0.3034,0.9088,3.2343,-2.1344,-5.3038,-0.8222
12984,-0.0013,-0.0506,9.9030,0.3555,1.0816,3.3474,-2.1305,-5.3050,-0.8287
12992,0.0338,-0.0392,9.7580,0.3787,1.0949,3.5302,-2.1266,-5.3061,-0.8352
13000,0.0427,0.0467,9.6682,0.2942,0.9449,3.5823,-2.1251,-5.3035,-0.8407
13008,0.0103,-0.0067,9.7687,0.2294,0.8495,3.6668,-2.1235,-5.3008,-0.8462
13016,0.0056,0.0001,9.8597,0.2688,0.7103,3.7103,-2.1168,-5.3014,-0.8555
13024,0.0054,0.1666,9.9520,0.3011,0.8144,3.6799,-2.1134,-5.3006,-0.8624
13032,0.0147,0.1246,9.8779,-0.1613,1.0180,3.6322,-2.1109,-5.2997,-0.8706
13040,0.0096,0.0077,9.7567,-0.2062,0.9728,3.7145,-2.1057,-5.2970,-0.8783
13048,0.0354,0.0892,9.7125,-0.0331,0.8334,3.5639,-2.1004,-5.2942,-0.8860
13056,0.0223,0.0719,9.8025,-0.2089,0.9856,3.5239,-2.0980,-5.2981,-0.8965
13064,0.0483,0.1668,9.7467,-0.1584,0.8110,3.4617,-2.0970,-5.2972,-0.8998
13072,0.0140,0.1430,9.7523,-0.0141,0.8468,3.3595,-2.0961,-5.2953,-0.9102
13080,0.0294,0.0791,9.7100,-0.1481,0.7770,3.2351,-2.0970,-5.2948,-0.9139
13088,-0.0277,0.1205,9.7568,-0.1402,0.7236,3.2015,-2.0980,-5.2943,-0.9176
13096,0.0322,0.1311,9.7642,-0.2926,0.7045,3.1960,-2.0946,-5.2981,-0.9303
13104,0.0258,0.1654,9.8665,-0.2838,0.6889,3.0547,-2.0913,-5.3018,-0.9430
13112,-0.0314,0.0620,9.9226,-0.6940,0.8820,2.8877,-2.0875,-5.3026,-0.9546
13120,-0.0609,0.0713,9.8163,-0.4809,0.8240,2.6746,-2.0837,-5.3035,-0.9662
13128,-0.0348,0.0812,9.8599,-0.5811,0.7739,2.6681,-2.0800,-5.3043,-0.9778
13136,-0.1017,0.0965,9.7622,-0.7756,0.8086,2.5953,-2.0767,-5.3007,-0.9864
13144,-0.0348,0.0360,9.8109,-0.4710,0.6498,2.6617,-2.0734,-5.2972,-0.9950
13152,-0.0740,0.0406,9.9657,-0.3770,0.7753,2.6505,-2.0706,-5.3003,-1.0045
13160,-0.1153,0.1117,10.0621,-0.0978,0.8633,2.6984,-2.0683,-5.2954,-1.0154
13168,-0.0794,0.0712,9.9944,-0.3721,1.1128,2.6482,-2.0660,-5.2904,-1.0262
13176,-0.0852,0.0556,9.8284,-0.1677,1.0100,2.4723,-2.0647,-5.2911,-1.0356
13184,-0.1096,0.0879,9.7829,-0.3457,0.8077,2.3174,-2.0620,-5.2917,-1.0435
13192,-0.1029,0.1112,9.7668,-0.1851,0.9423,2.1559,-2.0616,-5.2910,-1.0504
13200,-0.1019,0.1008,9.8916,-0.0930,0.9723,1.9801,-2.0612,-5.2902,-1.0573
13208,-0.0222,0.2236,9.9335,-0.2848,0.9371,1.9721,-2.0623,-5.2956,-1.0627
13216,-0.0198,0.1465,9.9054,-0.4363,1.1753,1.8817,-2.0633,-5.2985,-1.0729
13224,0.0348,0.2111,9.8084,-0.1012,0.9498,1.8059,-2.0577,-5.2971,-1.0801
13232,0.0446,0.2259,9.9593,-0.2393,1.0488,1.5628,-2.0555,-5.2886,-1.0840
13240,0.1199,0.1969,9.8805,-0.2008,1.0742,1.3970,-2.0532,-5.2801,-1.0879
13248,0.1503,0.2959,9.8701,0.2094,0.8158,1.0917,-2.0510,-5.2778,-1.0974
13256,0.2757,0.2247,10.0348,-0.0010,0.8860,0.8745,-2.0488,-5.2754,-1.1069
13264,0.2043,0.2501,9.9911,-0.2156,0.9345,0.6881,-2.0451,-5.2744,-1.1135
13272,0.2840,0.2616,9.8810,0.1072,0.8022,0.3792,-2.0415,-5.2735,-1.1201
13280,0.2150,0.3417,9.8036,-0.1440,0.9424,0.1559,-2.0378,-5.2725,-1.1267
13288,0.1520,0.4110,9.7140,-0.2057,0.9910,-0.2871,-2.0366,-5.2714,-1.1318
13296,0.2290,0.2879,9.8412,-0.0139,0.9176,-0.6120,-2.0354,-5.2704,-1.1368
13304,0.1096,0.4033,9.8227,-0.0866,0.9887,-1.0160,-2.0375,-5.2684,-1.1476
13312,0.1505,0.3907,9.7851,-0.0067,0.8594,-1.4291,-2.0367,-5.2682,-1.1625
13320,0.1784,0.3847,9.7519,-0.0424,1.0104,-1.8507,-2.0359,-5.2680,-1.1774
13328,0.2274,0.3534,9.7525,0.1022,0.8187,-2.1926,-2.0409,-5.2664,-1.1875
13336,0.1860,0.3491,9.8941,0.0911,0.9208,-2.6715,-2.0401,-5.2672,-1.1989
13344,0.1081,0.3813,9.9353,0.2939,1.1358,-3.1748,-2.0360,-5.2679,-1.2041
13352,0.0786,0.3985,9.8492,0.1971,1.1307,-3.6614,-2.0352,-5.2600,-1.2178
13360,0.0732,0.3846,9.7653,0.4219,1.1391,-3.9668,-2.0345,-5.2521,-1.2314
13368,-0.0063,0.3532,9.7053,0.3862,1.0112,-4.3307,-2.0237,-5.2500,-1.2327
13376,-0.0158,0.3299,9.7167,0.4267,0.9396,-4.5935,-2.0050,-5.2416,-1.2315
13384,0.0571,0.3438,9.8426,0.5854,0.6924,-4.8687,-1.9948,-5.2375,-1.2331
13392,0.0223,0.3132,10.0226,0.3106,1.0213,-5.2119,-1.9890,-5.2292,-1.2348
13400,0.0497,0.2381,9.8977,0.0077,1.0932,-5.5188,-1.9831,-5.2208,-1.2392
13408,-0.0294,0.2020,9.8328,0.1981,0.9753,-5.8149,-1.9773,-5.2125,-1.2436
13416,-0.0276,0.2896,9.7942,0.1429,0.8626,-6.1114,-1.9753,-5.2098,-1.2499
13424,-0.0748,0.2336,9.8153,0.0260,0.9734,-6.3709,-1.9733,-5.2072,-1.2561
13432,-0.0696,0.2152,9.8199,0.3676,0.7914,-6.6805,-1.9713,-5.2045,-1.2623
13440,-0.0363,0.3175,9.8572,0.3396,0.6574,-7.0298,-1.9608,-5.1999,-1.2642
13448,-0.0061,0.2279,10.0003,0.5021,0.7639,-7.3478,-1.9503,-5.1953,-1.2660
13456,-0.0070,0.1636,10.0132,0.5643,1.0070,-7.5719,-1.9379,-5.1874,-1.2650
13464,0.0751,0.2198,9.8937,0.4823,1.0662,-7.8423,-1.9171,-5.1828,-1.2659
13472,-0.0251,0.2078,9.7195,0.3453,1.1388,-8.0154,-1.8963,-5.1781,-1.2667
13480,-0.1007,0.2115,9.5864,0.1316,0.9149,-8.1837,-1.8779,-5.1712,-1.2685
13488,-0.1118,0.1187,9.6769,0.2206,0.9221,-8.2566,-1.8597,-5.1666,-1.2726
13496,-0.1833,0.1036,9.6513,0.1217,0.9104,-8.3290,-1.8448,-5.1596,-1.2700
13504,-0.1946,0.1035,9.5968,0.1444,0.8885,-8.4595,-1.8228,-5.1559,-1.2698
13512,-0.1781,-0.0109,9.6252,-0.0578,0.9795,-8.4377,-1.8010,-5.1522,-1.2696
13520,-0.1453,-0.0989,9.6888,-0.0512,0.7786,-8.2968,-1.7811,-5.1457,-1.2722
13528,-0.0993,-0.1234,9.8739,0.0324,0.7491,-8.1568,-1.7679,-5.1411,-1.2671
13536,-0.2494,-0.1151,9.8082,-0.0849,0.9689,-7.9029,-1.7558,-5.1312,-1.2726
13544,-0.2367,-0.2351,9.5956,0.0028,0.8938,-7.5321,-1.7403,-5.1290,-1.2780
13552,-0.2234,-0.1938,9.5546,0.2975,0.6859,-7.1002,-1.7250,-5.1267,-1.2833
13560,-0.2752,-0.2626,9.6240,0.2085,0.8125,-6.7885,-1.7097,-5.1244,-1.2886
13568,-0.2942,-0.3221,9.6535,0.3528,0.6455,-6.4291,-1.6968,-5.1183,-1.2915
13576,-0.1981,-0.2425,9.8729,0.7414,0.4325,-6.0480,-1.6840,-5.1123,-1.2944
13584,-0.2431,-0.2547,10.0651,0.5451,0.7142,-5.6890,-1.6751,-5.1105,-1.2977
13592,-0.2479,-0.2467,9.8040,0.4560,0.8555,-5.3884,-1.6661,-5.1086,-1.3010
13600,-0.3210,-0.2134,9.6934,0.7388,0.8040,-4.9702,-1.6573,-5.1068,-1.3043
13608,-0.2651,-0.1537,9.5574,0.6332,0.6401,-4.7010,-1.6432,-5.1031,-1.3057
13616,-0.3461,-0.1065,9.5605,0.7002,0.5287,-4.3955,-1.6349,-5.1017,-1.3117
13624,-0.3443,-0.0847,9.6808,1.0630,0.4674,-4.0901,-1.6266,-5.1003,-1.3178
13632,-0.3331,0.0843,9.6785,0.9459,0.2169,-3.8061,-1.6132,-5.0946,-1.3209
13640,-0.2920,0.0588,9.8004,1.1673,0.3906,-3.5984,-1.6026,-5.0876,-1.3245
13648,-0.3636,0.0730,9.8336,1.0990,0.6688,-3.2852,-1.5983,-5.0828,-1.3295
13656,-0.2800,0.1774,9.8091,1.1003,0.8601,-3.0550,-1.6059,-5.0743,-1.3345
13664,-0.3250,0.2423,9.7468,0.7923,0.9444,-2.9282,-1.6134,-5.0658,-1.3395
13672,-0.3279,0.2578,9.6093,0.5350,0.7077,-2.7723,-1.6153,-5.0664,-1.3482
13680,-0.4198,0.2813,9.5701,0.5610,0.6973,-2.6579,-1.6181,-5.0650,-1.3573
13688,-0.3891,0.2584,9.6016,0.6286,0.5380,-2.5911,-1.6209,-5.0636,-1.3664
13696,-0.3823,0.3206,9.6479,0.2852,0.3297,-2.5726,-1.6246,-5.0565,-1.3735
13704,-0.3000,0.2439,9.7435,0.4368,0.2585,-2.4616,-1.6284,-5.0494,-1.3806
13712,-0.2999,0.1458,9.9283,0.2404,0.2358,-2.4887,-1.6321,-5.0423,-1.3877
13720,-0.3316,0.1631,10.0196,0.1966,0.4807,-2.4854,-1.6382,-5.0361,-1.3933
13728,-0.4268,0.1036,9.8412,0.0161,0.7656,-2.3381,-1.6443,-5.0300,-1.3989
13736,-0.3663,0.0599,9.5972,0.1928,0.4460,-2.0987,-1.6471,-5.0229,-1.4116
13744,-0.4131,0.1104,9.6020,0.3031,0.3858,-2.0431,-1.6499,-5.0158,-1.4242
13752,-0.4441,-0.0370,9.6746,0.3366,0.2028,-2.0058,-1.6527,-5.0088,-1.4367
13760,-0.4138,0.0146,9.7750,0.5739,-0.1455,-1.8743,-1.6583,-5.0060,-1.4402
13768,-0.4015,0.0945,10.0015,0.7475,0.0441,-1.7484,-1.6611,-5.0023,-1.4489
13776,-0.3862,0.0780,9.8690,0.3349,0.1881,-1.7641,-1.6677,-4.9980,-1.4594
13784,-0.4539,0.0549,9.7923,0.5697,0.1604,-1.7338,-1.6742,-4.9938,-1.4699
13792,-0.4190,0.1164,9.6874,0.6075,0.2646,-1.6728,-1.6784,-4.9910,-1.4818
13800,-0.4321,0.1215,9.6636,0.5023,0.4336,-1.5584,-1.6812,-4.9863,-1.4837
13808,-0.4062,0.1311,9.7417,0.7751,0.2806,-1.3797,-1.6868,-4.9835,-1.4931
13816,-0.3891,0.2638,9.7765,0.8599,0.2302,-1.3395,-1.6900,-4.9793,-1.5025
13824,-0.3918,0.2093,9.8084,0.8024,0.3420,-1.3571,-1.6932,-4.9751,-1.5142
13832,-0.3957,0.2256,9.7225,0.5660,0.4970,-1.4539,-1.6945,-4.9704,-1.5249
13840,-0.3664,0.3151,9.6643,0.8094,0.5038,-1.4584,-1.6959,-4.9657,-1.5356
13848,-0.3275,0.3122,9.7834,0.4367,0.6090,-1.5188,-1.6986,-4.9620,-1.5429
13856,-0.2774,0.3565,9.8347,0.2137,0.5949,-1.6085,-1.7014,-4.9582,-1.5501
13864,-0.3787,0.2727,9.8209,0.1657,0.8295,-1.6783,-1.7041,-4.9545,-1.5574
13872,-0.3227,0.2543,9.7047,0.1679,0.6884,-1.7077,-1.7116,-4.9498,-1.5669
13880,-0.3655,0.3137,9.7516,0.1993,0.7642,-1.8772,-1.7191,-4.9451,-1.5764
13888,-0.2858,0.2590,9.6902,-0.0374,0.7834,-1.8846,-1.7195,-4.9475,-1.5835
13896,-0.1949,0.2223,9.7335,0.2537,0.6070,-1.9876,-1.7198,-4.9499,-1.5906
13904,-0.3013,0.2579,9.9175,0.1293,0.6784,-2.0862,-1.7202,-4.9523,-1.5977
13912,-0.2705,0.1425,9.8622,0.1091,0.7333,-2.1084,-1.7253,-4.9499,-1.6037
13920,-0.2212,0.1866,9.8304,0.4684,0.6418,-2.0870,-1.7290,-4.9475,-1.6083
13928,-0.1534,0.1590,9.8421,0.3186,0.6396,-2.1412,-1.7308,-4.9409,-1.6157
13936,-0.2337,0.0909,9.7052,0.0048,0.6829,-2.1717,-1.7326,-4.9342,-1.6231
13944,-0.1765,0.0578,9.7780,0.3819,0.6122,-2.1102,-1.7386,-4.9243,-1.6267
13952,-0.1366,0.0731,9.7924,-0.1693,0.7820,-2.1181,-1.7423,-4.9205,-1.6312
13960,-0.1401,0.0390,9.6716,-0.0939,0.7711,-2.0189,-1.7455,-4.9162,-1.6385
13968,-0.1019,0.0205,9.6766,0.0050,0.5366,-1.9908,-1.7506,-4.9101,-1.6500
13976,-0.1365,0.0183,9.6815,0.0115,0.4244,-1.8598,-1.7557,-4.9040,-1.6615
13984,-0.0617,-0.0770,9.6933,0.2657,0.2504,-1.6760,-1.7631,-4.8978,-1.6682
13992,-0.0938,0.1164,9.7486,0.5542,0.0920,-1.5802,-1.7706,-4.8917,-1.6749
14000,-0.0421,0.0113,9.7904,0.3847,0.1939,-1.4699,-1.7746,-4.8899,-1.6820
14008,-0.0369,-0.0137,9.5955,0.5186,0.1553,-1.2951,-1.7787,-4.8880,-1.6891
14016,0.0029,-0.0131,9.7066,0.9266,0.1611,-1.2132,-1.7828,-4.8862,-1.6961
14024,-0.0694,-0.0193,9.6199,0.0715,0.0759,-1.0710,-1.7931,-4.8820,-1.7032
14032,-0.0857,-0.0897,9.4107,0.3738,0.0158,-0.8976,-1.8033,-4.8778,-1.7101
14040,-0.0763,-0.0723,9.5762,0.5562,-0.3483,-0.6918,-1.8087,-4.8735,-1.7123
14048,-0.1180,-0.1854,9.7606,0.0586,-0.3338,-0.5004,-1.8141,-4.8693,-1.7145
14056,-0.1465,-0.1739,9.7485,0.5854,-0.4453,-0.3440,-1.8195,-4.8665,-1.7205
14064,-0.1049,-0.1357,9.9147,0.8626,-0.4773,-0.1251,-1.8248,-4.8623,-1.7312
14072,-0.0973,-0.1572,9.8687,0.2316,-0.3585,0.0762,-1.8283,-4.8586,-1.7366
14080,-0.1365,-0.1771,9.7912,0.9242,-0.3596,0.2981,-1.8341,-4.8539,-1.7420
14088,-0.1746,-0.1905,9.8973,0.9652,-0.2380,0.5262,-1.8399,-4.8492,-1.7474
14096,-0.1595,-0.1849,9.7797,0.7350,-0.1697,0.8164,-1.8428,-4.8450,-1.7542
14104,-0.2064,-0.1097,9.7580,1.3496,-0.2323,1.1446,-1.8533,-4.8366,-1.7614
14112,-0.1455,-0.1938,9.8527,1.1187,-0.2683,1.4210,-1.8595,-4.8324,-1.7657
14120,-0.2069,-0.1728,9.8017,0.9165,-0.2013,1.6774,-1.8628,-4.8287,-1.7710
14128,-0.1778,-0.1484,9.9342,1.5791,-0.1666,1.7812,-1.8661,-4.8250,-1.7762
14136,-0.1678,-0.0940,9.9661,0.6608,-0.0321,1.9605,-1.8670,-4.8180,-1.7767
14144,-0.1638,-0.1044,9.7440,0.8626,0.0139,2.2360,-1.8680,-4.8110,-1.7771
14152,-0.1525,-0.0797,9.7466,0.8477,-0.1075,2.4807,-1.8731,-4.8116,-1.7814
14160,-0.1012,-0.0459,9.7281,0.6120,0.0378,2.7121,-1.8783,-4.8122,-1.7856
14168,-0.1291,0.0489,9.6389,0.9333,-0.0740,2.8426,-1.8834,-4.8128,-1.7898
14176,-0.1192,0.0777,9.6073,0.8725,-0.1408,2.8369,-1.8881,-4.8105,-1.7968
14184,-0.0902,0.1102,9.6321,0.9025,-0.3408,2.8793,-1.8927,-4.8082,-1.8038
14192,0.0121,0.1455,9.7652,0.9204,-0.4360,2.7359,-1.9025,-4.8055,-1.8117
14200,-0.0338,0.2312,9.8656,1.0362,-0.3137,2.7615,-1.9123,-4.8027,-1.8196
14208,-0.0408,0.2067,9.7464,0.5550,-0.2047,2.6366,-1.9182,-4.7972,-1.8260
14216,-0.0243,0.2119,9.5908,0.4548,-0.1859,2.6558,-1.9265,-4.7944,-1.8257
14224,0.0440,0.1751,9.5661,0.4363,-0.0692,2.5835,-1.9301,-4.7888,-1.8321
14232,0.0050,0.1518,9.5747,0.0693,-0.0776,2.6477,-1.9355,-4.7889,-1.8371
14240,-0.0174,0.1946,9.6208,0.1850,-0.2563,2.6264,-1.9409,-4.7891,-1.8420
14248,0.0296,0.1330,9.6807,0.2663,-0.4165,2.5448,-1.9382,-4.7854,-1.8478
14256,0.1050,0.0910,9.7914,0.1360,-0.5777,2.6400,-1.9483,-4.7807,-1.8527
14264,0.0289,0.1354,9.8319,0.3075,-0.4972,2.6751,-1.9513,-4.7808,-1.8551
14272,-0.0132,0.0877,9.6946,0.0555,-0.3669,2.6286,-1.9585,-4.7790,-1.8614
14280,0.0271,0.1014,9.5206,0.2358,-0.5356,2.6802,-1.9657,-4.7772,-1.8676
14288,0.0121,0.1950,9.5527,0.3975,-0.6383,2.5908,-1.9729,-4.7769,-1.8705
14296,0.0140,-0.0169,9.6414,0.2295,-0.4751,2.5720,-1.9800,-4.7765,-1.8733
14304,-0.0471,0.0888,9.6187,0.3729,-0.6605,2.4901,-1.9824,-4.7747,-1.8771
14312,0.0110,0.1612,9.8369,0.7047,-0.6323,2.3877,-1.9847,-4.7729,-1.8809
14320,0.0199,0.0741,9.7756,-0.0101,-0.4375,2.3431,-1.9871,-4.7711,-1.8846
14328,-0.0382,0.1329,9.6600,0.4904,-0.5684,2.2392,-1.9913,-4.7688,-1.8893
14336,-0.0452,0.2148,9.7695,0.5290,-0.4403,2.1905,-1.9956,-4.7665,-1.8940
14344,-0.1407,0.2433,9.6786,-0.0073,-0.3205,2.1412,-1.9974,-4.7618,-1.9019
14352,-0.1093,0.1771,9.6146,0.3650,-0.5472,2.0487,-2.0006,-4.7572,-1.9098
14360,-0.1031,0.2553,9.7667,0.7318,-0.7774,1.9390,-2.0039,-4.7544,-1.9111
14368,-0.1116,0.2617,9.9257,0.5652,-0.7975,1.8661,-1.9990,-4.7517,-1.9123
14376,-0.1795,0.2589,9.8896,0.5712,-0.5954,1.5723,-2.0056,-4.7480,-1.9131
14384,-0.0778,0.2400,9.8975,0.8170,-0.7435,1.4248,-2.0102,-4.7476,-1.9134
14392,-0.2222,0.3650,9.7662,0.1080,-0.5704,1.0623,-2.0149,-4.7473,-1.9136
14400,-0.2317,0.2093,9.6128,0.0860,-0.4182,0.9690,-2.0171,-4.7455,-1.9196
14408,-0.2731,0.2985,9.6594,0.2596,-0.8513,0.7065,-2.0250,-4.7427,-1.9269
14416,-0.2805,0.3127,9.8878,-0.1370,-0.9349,0.5675,-2.0324,-4.7366,-1.9300
14424,-0.3073,0.2317,9.8203,-0.0736,-0.9907,0.2985,-2.0402,-4.7363,-1.9311
14432,-0.2909,0.2559,9.9377,0.2510,-1.2175,0.1053,-2.0481,-4.7359,-1.9323
14440,-0.2643,0.2951,9.9634,-0.0919,-1.1570,-0.0714,-2.0507,-4.7298,-1.9353
14448,-0.2525,0.1602,9.9648,0.1082,-1.0005,-0.2538,-2.0532,-4.7238,-1.9383
14456,-0.3671,0.2054,9.9318,-0.0871,-1.0269,-0.5028,-2.0572,-4.7192,-1.9403
14464,-0.3022,0.1815,9.7681,-0.1006,-0.8761,-0.7276,-2.0612,-4.7146,-1.9423
14472,-0.2918,0.1021,9.7785,0.1532,-1.0812,-0.8306,-2.0651,-4.7100,-1.9443
14480,-0.2724,0.0630,9.9382,0.0039,-1.1493,-1.0064,-2.0672,-4.7044,-1.9445
14488,-0.3468,0.0399,9.9829,0.0452,-1.1692,-1.1345,-2.0692,-4.6989,-1.9446
14496,-0.2224,-0.0502,10.0895,0.4019,-1.2921,-1.2437,-2.0736,-4.6972,-1.9423
14504,-0.1959,0.0272,10.0939,-0.0089,-1.1191,-1.2681,-2.0799,-4.6926,-1.9476
14512,-0.2248,-0.0626,9.9293,0.2275,-0.9376,-1.2515,-2.0861,-4.6881,-1.9529
14520,-0.2208,-0.0254,9.8196,0.2750,-1.0546,-1.1476,-2.0961,-4.6854,-1.9539
14528,-0.2227,0.0615,9.7991,0.3497,-1.0733,-1.2135,-2.1037,-4.6828,-1.9563
14536,-0.1320,-0.0188,9.8726,0.5918,-1.2378,-1.1219,-2.1075,-4.6768,-1.9639
14544,-0.1095,0.1217,9.9746,0.9620,-1.5764,-1.2023,-2.1189,-4.6713,-1.9629
14552,-0.0892,0.1550,10.0546,0.8013,-1.4762,-1.2659,-2.1302,-4.6659,-1.9620
14560,0.0276,0.1382,9.9403,0.7463,-1.5084,-1.2813,-2.1396,-4.6623,-1.9639
14568,-0.0312,0.2405,9.9342,0.9311,-1.2379,-1.3281,-2.1432,-4.6588,-1.9691
14576,-0.0165,0.2320,9.7020,0.3371,-1.2139,-1.3835,-2.1449,-4.6533,-1.9747
14584,0.0350,0.3026,9.5392,0.4918,-1.4522,-1.4951,-2.1466,-4.6479,-1.9804
14592,0.0876,0.3233,9.6515,0.5410,-1.5788,-1.6472,-2.1544,-4.6444,-1.9822
14600,0.0668,0.1807,9.7909,0.1508,-1.5052,-1.8033,-2.1622,-4.6409,-1.9840
14608,0.1127,0.2179,9.7572,0.4202,-1.7761,-1.8326,-2.1719,-4.6355,-1.9839
14616,0.2025,0.2826,9.8775,0.3926,-1.6885,-1.9326,-2.1815,-4.6301,-1.9838
14624,0.2897,0.1125,9.9549,-0.1218,-1.6155,-2.1189,-2.1911,-4.6247,-1.9837
14632,0.1295,0.1430,9.7963,0.1089,-1.4842,-2.1583,-2.1987,-4.6212,-1.9878
14640,0.1854,0.1041,9.5412,0.2469,-1.3534,-2.2494,-2.2064,-4.6178,-1.9919
14648,0.1521,0.1528,9.3194,0.0561,-1.6283,-2.4299,-2.2125,-4.6091,-1.9927
14656,0.1940,0.1321,9.3146,0.4604,-2.0459,-2.4877,-2.2158,-4.6094,-1.9954
14664,0.1413,0.0136,9.6442,0.7723,-2.0292,-2.4844,-2.2190,-4.6098,-1.9981
14672,0.1805,0.0850,9.7911,0.6813,-2.0319,-2.5186,-2.2228,-4.6035,-2.0026
14680,0.1723,0.1250,9.8872,0.9116,-1.8584,-2.4846,-2.2302,-4.5991,-2.0077
14688,0.2314,0.1206,9.8157,0.6251,-1.8206,-2.4280,-2.2339,-4.5966,-2.0084
14696,0.1209,0.0989,9.6525,0.5059,-1.7924,-2.2167,-2.2432,-4.5913,-2.0138
14704,0.0806,0.1252,9.5227,0.8025,-1.8855,-2.1345,-2.2525,-4.5860,-2.0193
14712,0.1079,0.1596,9.5664,0.6194,-1.9558,-2.0613,-2.2570,-4.5798,-2.0214
14720,0.1257,0.1519,9.6397,0.7404,-2.0123,-2.0393,-2.2629,-4.5736,-2.0291
14728,0.1515,0.1883,9.8345,0.8908,-2.1171,-1.9703,-2.2693,-4.5692,-2.0317
14736,0.1392,0.2029,9.9929,0.6426,-1.9319,-2.0483,-2.2765,-4.5597,-2.0342
14744,0.1860,0.2171,9.8694,0.5892,-1.9682,-2.0375,-2.2838,-4.5502,-2.0367
14752,0.1367,0.2737,9.8729,0.8262,-1.9069,-2.0965,-2.2910,-4.5408,-2.0392
14760,0.0935,0.2875,9.7284,0.1514,-1.7363,-2.1050,-2.3000,-4.5346,-2.0422
14768,0.1018,0.1529,9.5818,0.3302,-1.8131,-2.1771,-2.3091,-4.5285,-2.0451
14776,0.1571,0.2401,9.6222,0.5625,-2.0839,-2.2193,-2.3152,-4.5225,-2.0480
14784,0.0915,0.2344,9.7489,0.2193,-1.7615,-2.3504,-2.3213,-4.5169,-2.0528
14792,0.0708,0.1185,9.6413,0.4725,-1.7226,-2.3131,-2.3274,-4.5113,-2.0576
14800,0.0899,0.1945,9.7120,0.4745,-1.8214,-2.2774,-2.3325,-4.5081,-2.0577
14808,0.1942,0.1288,9.7637,0.1618,-1.6358,-2.1553,-2.3428,-4.5068,-2.0629
14816,0.1282,-0.0267,9.8292,0.3135,-1.5410,-2.0172,-2.3531,-4.5055,-2.0681
14824,0.0439,0.1173,9.7741,0.1919,-1.4957,-1.9438,-2.3638,-4.4989,-2.0681
14832,0.0788,0.1223,9.6140,0.2782,-1.3831,-1.8496,-2.3678,-4.4915,-2.0748
14840,0.0325,0.0540,9.6181,0.4648,-1.4434,-1.7301,-2.3727,-4.4836,-2.0795
14848,0.1454,-0.0366,9.7297,0.3632,-1.5757,-1.7120,-2.3786,-4.4781,-2.0794
14856,0.0413,0.0541,9.8052,0.5807,-1.5742,-1.6946,-2.3844,-4.4726,-2.0793
14864,0.1060,0.0151,9.7975,0.5220,-1.6288,-1.6166,-2.3912,-4.4671,-2.0816
14872,0.0926,0.0590,9.7800,0.3566,-1.6890,-1.5740,-2.3951,-4.4597,-2.0868
14880,0.1410,-0.0179,9.7802,0.5291,-1.6559,-1.4853,-2.3984,-4.4505,-2.0867
14888,0.0961,0.0164,9.8112,0.4274,-1.7069,-1.4779,-2.4042,-4.4427,-2.0880
14896,0.0904,0.1280,9.8020,0.6607,-1.8277,-1.5640,-2.4099,-4.4349,-2.0893
14904,0.0799,0.0678,9.8001,0.5479,-1.6605,-1.5718,-2.4155,-4.4272,-2.0906
14912,0.1487,0.0647,9.7523,0.8427,-1.7887,-1.5738,-2.4165,-4.4233,-2.0929
14920,0.1144,0.2105,9.8972,1.1379,-1.7912,-1.6558,-2.4173,-4.4193,-2.0951
14928,0.0227,0.1606,9.8506,0.6069,-1.5616,-1.6036,-2.4225,-4.4159,-2.1002
14936,0.1831,0.0700,9.8176,0.9684,-1.7288,-1.6736,-2.4276,-4.4124,-2.1053
14944,0.1491,0.2075,9.9572,0.9541,-1.6219,-1.7858,-2.4327,-4.4090,-2.1103
14952,0.0533,0.0741,9.8630,0.1431,-1.3438,-1.7786,-2.4401,-4.4042,-2.1120
14960,0.0253,0.1206,9.7664,0.7463,-1.5444,-1.9236,-2.4461,-4.3984,-2.1161
14968,-0.0278,0.2009,9.9000,0.6270,-1.3683,-2.0116,-2.4568,-4.3926,-2.1163
14976,-0.0444,0.0595,9.6864,-0.0523,-1.2399,-2.1704,-2.4675,-4.3869,-2.1166
14984,-0.0526,0.0081,9.6395,0.5407,-1.4265,-2.1116,-2.4662,-4.3811,-2.1230
14992,-0.0154,0.1424,9.7655,0.6118,-1.5222,-2.0341,-2.4716,-4.3759,-2.1218
15000,0.0506,0.0097,9.9510,0.4131,-1.5337,-2.0346,-2.4751,-4.3688,-2.1234
15008,-0.0655,-0.0083,10.0123,0.6018,-1.4567,-1.9604,-2.4785,-4.3617,-2.1251
15016,-0.0033,0.0096,9.9853,0.7609,-1.3431,-1.7695,-2.4838,-4.3541,-2.1272
15024,-0.0163,0.0362,9.8379,0.5023,-1.2985,-1.7176,-2.4882,-4.3466,-2.1259
15032,-0.0318,-0.0134,9.6977,0.5244,-1.3198,-1.5373,-2.4982,-4.3414,-2.1257
15040,-0.0758,-0.0497,9.7804,0.8202,-1.5108,-1.5595,-2.5039,-4.3344,-2.1240
15048,-0.0619,0.0026,9.9171,0.5484,-1.5469,-1.5888,-2.5095,-4.3274,-2.1223
15056,-0.1167,0.0213,9.9716,0.6618,-1.4053,-1.5448,-2.5152,-4.3204,-2.1206
15064,-0.0433,-0.0202,9.9909,0.6610,-1.3686,-1.4654,-2.5184,-4.3158,-2.1231
15072,-0.1040,0.0435,9.9523,0.4655,-1.2029,-1.5094,-2.5216,-4.3112,-2.1257
15080,-0.1102,0.0182,9.8244,0.6758,-1.2044,-1.4476,-2.5248,-4.3056,-2.1249
15088,-0.1395,0.0723,9.7520,0.5970,-1.3391,-1.3964,-2.5280,-4.3001,-2.1242
15096,-0.0653,0.0697,9.7698,0.9296,-1.3533,-1.3955,-2.5312,-4.2946,-2.1234
15104,-0.0706,0.0510,9.8693,1.0984,-1.5056,-1.2746,-2.5367,-4.2915,-2.1274
15112,-0.1410,-0.0074,9.8619,0.8011,-1.2272,-1.1403,-2.5407,-4.2856,-2.1294
15120,-0.0594,-0.0014,9.8661,1.4581,-1.3129,-1.0439,-2.5433,-4.2806,-2.1329
15128,-0.0844,0.1087,9.9336,0.9584,-1.1976,-0.9918,-2.5459,-4.2756,-2.1364
15136,-0.1407,-0.0184,9.8235,0.4326,-0.8847,-0.8405,-2.5490,-4.2711,-2.1365
15144,-0.1744,0.0154,9.7908,0.9884,-0.9801,-0.7892,-2.5539,-4.2676,-2.1400
15152,-0.2012,0.1126,9.8017,0.4132,-0.7513,-0.7482,-2.5593,-4.2645,-2.1391
15160,-0.2473,-0.0186,9.6231,0.1219,-0.6846,-0.7623,-2.5647,-4.2530,-2.1407
15168,-0.2444,0.0057,9.5944,0.7020,-0.9220,-0.5811,-2.5700,-4.2414,-2.1422
15176,-0.1675,0.0501,9.8140,0.3100,-0.9811,-0.5225,-2.5739,-4.2318,-2.1442
15184,-0.2114,-0.0743,9.9612,0.1912,-0.6030,-0.4211,-2.5782,-4.2251,-2.1443
15192,-0.2333,-0.0647,9.8420,0.2509,-0.5667,-0.3348,-2.5849,-4.2198,-2.1444
15200,-0.1835,-0.0205,9.6987,0.1427,-0.4921,-0.1377,-2.5915,-4.2145,-2.1444
15208,-0.1953,-0.0898,9.5321,0.1245,-0.3486,-0.0211,-2.5982,-4.2092,-2.1445
15216,-0.2420,-0.1407,9.4861,0.2298,-0.5368,0.1516,-2.6000,-4.2049,-2.1494
15224,-0.1649,-0.1900,9.5343,0.2185,-0.6688,0.3169,-2.6019,-4.2007,-2.1542
15232,-0.1730,-0.1015,9.5778,0.5837,-0.7256,0.4055,-2.6061,-4.1978,-2.1533
15240,-0.0296,-0.1085,9.7712,0.5142,-0.6840,0.4530,-2.6102,-4.1949,-2.1524
15248,-0.0137,-0.1676,9.7999,0.2825,-0.4975,0.6530,-2.6144,-4.1921,-2.1515
15256,0.0517,-0.1205,9.8537,0.8235,-0.5245,0.9270,-2.6067,-4.1845,-2.1482
15264,0.0795,-0.0473,9.9261,0.6289,-0.3397,1.0583,-2.5990,-4.1732,-2.1402
15272,0.1606,0.0194,9.7529,0.9148,-0.2056,1.0932,-2.5889,-4.1666,-2.1417
15280,0.1666,0.0424,9.7019,0.8655,-0.2854,1.1133,-2.5789,-4.1600,-2.1432
15288,0.3023,0.0422,9.6020,0.7064,-0.5963,1.1618,-2.5812,-4.1554,-2.1451
15296,0.1919,0.1796,9.7001,0.9969,-0.8297,1.1122,-2.5840,-4.1503,-2.1409
15304,0.2218,0.1036,9.6705,0.2321,-0.7301,1.1927,-2.5891,-4.1405,-2.1377
15312,0.2238,0.2142,9.6013,0.5246,-0.9923,1.3311,-2.5919,-4.1307,-2.1297
15320,0.2365,0.2351,9.8439,0.4658,-0.9977,1.3700,-2.5946,-4.1209,-2.1218
15328,0.1501,0.0594,9.7173,-0.6679,-0.6828,1.2953,-2.5945,-4.1126,-2.1190
15336,0.1202,-0.0034,9.4533,-0.0266,-0.9337,1.3519,-2.6043,-4.1029,-2.1206
15344,0.1538,0.1653,9.5783,0.1066,-1.2723,1.2673,-2.6083,-4.0965,-2.1188
15352,0.2160,-0.0425,9.9128,-0.3766,-1.0041,1.3384,-2.6124,-4.0901,-2.1171
15360,0.0263,-0.0769,9.8279,-0.3721,-1.0650,1.5530,-2.6165,-4.0838,-2.1153
15368,0.1143,-0.0347,9.8002,0.1096,-0.9365,1.6463,-2.6186,-4.0818,-2.1140
15376,0.1015,0.0435,9.7155,-0.2831,-0.8190,1.7995,-2.6207,-4.0797,-2.1127
15384,0.0462,-0.0369,9.7400,-0.3387,-0.6932,1.8500,-2.6242,-4.0715,-2.1195
15392,-0.0399,-0.0824,9.7822,-0.4105,-0.6770,2.0423,-2.6277,-4.0633,-2.1262
15400,-0.0622,-0.1139,9.9088,-0.1191,-0.5228,2.0315,-2.6312,-4.0552,-2.1330
15408,-0.1033,0.0648,9.8689,-0.5525,-0.5834,2.0078,-2.6380,-4.0508,-2.1326
15416,-0.0813,-0.0564,9.8988,-0.4523,-0.4173,2.0359,-2.6476,-4.0484,-2.1326
15424,-0.1047,-0.0822,9.7979,-0.4471,-0.5145,2.0947,-2.6520,-4.0441,-2.1360
15432,-0.1395,0.0502,9.7977,-0.4875,-0.3941,1.9936,-2.6563,-4.0398,-2.1394
15440,-0.0785,-0.0145,9.8267,-0.4861,-0.1110,2.1236,-2.6616,-4.0379,-2.1428
15448,-0.1500,0.0746,9.7140,-0.2767,-0.0482,2.3146,-2.6654,-4.0340,-2.1418
15456,-0.0447,0.0367,9.8019,-0.1726,-0.1215,2.4679,-2.6701,-4.0293,-2.1386
15464,-0.0729,0.0394,9.9156,0.0524,-0.0077,2.5718,-2.6744,-4.0250,-2.1395
15472,-0.0844,0.1038,9.8591,-0.3565,0.0026,2.6045,-2.6786,-4.0208,-2.1405
15480,0.0224,0.0928,9.6486,-0.1395,-0.1103,2.6118,-2.6847,-4.0160,-2.1429
15488,0.0343,0.2071,9.7669,-0.0573,-0.2849,2.6375,-2.6884,-4.0075,-2.1420
15496,-0.0270,0.1321,9.9013,-0.8428,0.0148,2.5926,-2.6921,-4.0005,-2.1401
15504,-0.0619,0.0173,9.7332,-0.8658,0.1067,2.7258,-2.6958,-3.9935,-2.1383
15512,0.0505,0.1389,9.7264,-0.4799,-0.2774,2.7358,-2.6995,-3.9864,-2.1364
15520,0.1421,0.1177,9.8956,-1.0602,-0.2074,2.6600,-2.6993,-3.9818,-2.1345
15528,-0.0169,-0.0281,9.9285,-1.0204,-0.0311,2.7075,-2.6992,-3.9772,-2.1327
15536,0.0443,-0.0539,9.8061,-0.6917,-0.2465,2.7823,-2.7009,-3.9693,-2.1289
15544,0.0896,0.0817,9.7131,-0.6121,-0.3511,2.7925,-2.7026,-3.9614,-2.1252
15552,0.2276,-0.0825,9.8995,-0.6719,-0.3952,2.8769,-2.7043,-3.9536,-2.1215
15560,0.1102,-0.0589,10.0377,-0.6384,-0.3547,2.9976,-2.7075,-3.9486,-2.1121
15568,0.1506,-0.0535,10.0556,-0.2091,-0.3186,3.1023,-2.7063,-3.9488,-2.1145
15576,0.1580,0.0729,9.9662,-0.4866,-0.2468,3.1252,-2.7137,-3.9424,-2.1189
15584,0.1920,-0.0208,9.9049,-0.4639,-0.0874,3.1444,-2.7210,-3.9360,-2.1233
15592,0.1891,-0.0377,9.8372,-0.3435,-0.2577,3.1601,-2.7260,-3.9344,-2.1243
15600,0.1168,0.1315,9.8974,-0.1804,-0.3245,3.1377,-2.7333,-3.9294,-2.1239
15608,0.2586,0.0951,9.9256,-0.3258,-0.2711,3.0764,-2.7367,-3.9259,-2.1230
15616,0.2038,0.0885,9.9324,-0.3155,-0.1427,3.1297,-2.7407,-3.9257,-2.1273
15624,0.1852,0.1227,9.8911,-0.1803,-0.2305,3.0660,-2.7446,-3.9256,-2.1316
15632,0.1115,0.1718,10.0392,0.1223,0.0161,2.9918,-2.7509,-3.9254,-2.1312
15640,0.0547,0.1794,9.9222,-0.6496,0.2013,2.8435,-2.7571,-3.9190,-2.1307
15648,0.1742,0.0938,9.7562,-0.1851,-0.0162,2.7790,-2.7534,-3.9193,-2.1274
15656,0.1766,0.2117,9.8916,-0.1596,-0.0936,2.6933,-2.7497,-3.9196,-2.1242
15664,0.1715,0.1003,10.0884,-0.7619,0.1657,2.6914,-2.7459,-3.9200,-2.1209
15672,0.0617,0.0523,10.0209,-0.6419,0.1470,2.6095,-2.7527,-3.9193,-2.1224
15680,0.2083,0.1359,10.0478,-0.2737,-0.1748,2.4833,-2.7594,-3.9187,-2.1238
15688,0.1820,0.0995,10.1349,-1.0390,0.0774,2.4852,-2.7613,-3.9119,-2.1229
15696,-0.0131,0.0301,10.0120,-1.0695,0.0626,2.6017,-2.7632,-3.9051,-2.1220
15704,-0.0871,0.0416,9.8972,-0.7440,0.0084,2.6011,-2.7651,-3.8983,-2.1212
15712,-0.0216,0.0780,9.7878,-0.8327,0.1219,2.4885,-2.7684,-3.8925,-2.1193
15720,0.0327,0.0038,9.9826,-0.6029,-0.1055,2.4716,-2.7741,-3.8867,-2.1160
15728,-0.0429,0.0083,10.1834,-0.6045,-0.0483,2.4393,-2.7783,-3.8810,-2.1119
15736,0.0571,0.0123,10.1270,-0.3633,0.0117,2.4272,-2.7825,-3.8752,-2.1077
15744,0.1431,0.0778,10.2134,-0.1700,0.0424,2.2956,-2.7829,-3.8690,-2.1040
15752,0.1171,0.0980,10.1099,-0.4892,0.2105,2.2257,-2.7871,-3.8657,-2.1022
15760,0.0648,0.0661,10.0418,-0.0584,0.1978,2.2815,-2.7889,-3.8638,-2.1023
15768,0.0818,0.1612,10.0202,0.0922,-0.0809,2.0896,-2.7978,-3.8595,-2.0967
15776,0.1139,0.2254,10.0790,0.0229,-0.1955,1.9034,-2.8067,-3.8552,-2.0911
15784,0.1740,0.1381,10.0493,0.0500,-0.1370,1.8481,-2.8098,-3.8496,-2.0879
15792,0.1751,0.2596,10.0084,0.2652,-0.2678,1.7311,-2.8158,-3.8472,-2.0834
15800,0.1957,0.3522,10.0738,0.1697,-0.1102,1.6326,-2.8203,-3.8497,-2.0821
15808,0.2421,0.2925,10.0396,-0.2763,0.0912,1.5064,-2.8248,-3.8520,-2.0808
15816,0.2995,0.3082,10.0838,0.0172,0.0544,1.3937,-2.8293,-3.8544,-2.0796
15824,0.2554,0.3442,10.1666,-0.4115,0.3100,1.3073,-2.8286,-3.8488,-2.0812
15832,0.2292,0.3523,10.0553,-0.4721,0.4690,1.1846,-2.8278,-3.8431,-2.0827
15840,0.1836,0.3777,10.0488,-0.2901,0.5490,0.9313,-2.8309,-3.8427,-2.0810
15848,0.2935,0.4072,10.0179,-0.3613,0.4362,0.8731,-2.8339,-3.8423,-2.0793
15856,0.1830,0.4028,10.0469,-0.3014,0.5177,0.6655,-2.8370,-3.8418,-2.0775
15864,0.2092,0.4180,9.9943,-0.4229,0.4543,0.4936,-2.8404,-3.8371,-2.0749
15872,0.1391,0.4573,9.9217,-0.4910,0.4684,0.3212,-2.8415,-3.8310,-2.0746
15880,0.2487,0.3384,9.8441,-0.5561,0.5538,0.0630,-2.8445,-3.8269,-2.0714
15888,0.1511,0.3443,9.8914,-0.7010,0.4141,-0.2159,-2.8432,-3.8208,-2.0678
15896,0.1175,0.3122,9.9488,-0.5090,0.5499,-0.4239,-2.8420,-3.8147,-2.0642
15904,0.2132,0.2759,9.9302,-0.6026,0.5571,-0.6682,-2.8426,-3.8082,-2.0602
15912,0.1892,0.2308,9.8996,-0.7482,0.9240,-0.7978,-2.8441,-3.7994,-2.0585
15920,0.1947,0.1553,9.7408,-0.6448,0.8401,-0.9457,-2.8452,-3.7934,-2.0573
15928,0.1825,0.1808,9.7497,-0.4578,0.6426,-1.0951,-2.8486,-3.7945,-2.0571
15936,0.1618,0.1703,9.8055,-0.2791,0.5871,-1.2274,-2.8520,-3.7957,-2.0568
15944,0.1568,0.1406,9.9185,0.0145,0.5580,-1.3165,-2.8526,-3.7916,-2.0537
15952,0.1722,0.1102,9.9195,0.1966,0.6741,-1.2044,-2.8513,-3.7833,-2.0511
15960,0.1571,0.1878,9.7980,0.2748,0.5986,-1.1559,-2.8499,-3.7749,-2.0485
15968,0.1211,0.2162,9.7668,0.2695,0.6356,-1.1281,-2.8486,-3.7667,-2.0459
15976,0.1372,0.1995,9.7322,0.0378,0.6257,-1.0616,-2.8501,-3.7565,-2.0462
15984,0.1382,0.2300,9.8526,0.1869,0.4456,-1.0087,-2.8516,-3.7464,-2.0464
15992,0.1089,0.2853,9.9570,-0.0759,0.6893,-1.0753,-2.8526,-3.7406,-2.0462
16000,0.1089,0.2721,9.8733,-0.5485,0.7171,-1.1818,-2.8536,-3.7348,-2.0460
16008,0.0187,0.3120,9.8017,-0.4191,0.6690,-1.2996,-2.8546,-3.7290,-2.0458
16016,0.0810,0.3354,9.7975,-0.5994,0.6576,-1.4682,-2.8551,-3.7189,-2.0441
16024,-0.0552,0.2951,9.7873,-0.9424,0.9161,-1.5521,-2.8609,-3.7061,-2.0396
16032,0.0118,0.2007,9.7389,-0.9078,0.8459,-1.7444,-2.8642,-3.7018,-2.0371
16040,-0.0614,0.2197,9.7812,-0.9227,0.8215,-1.7096,-2.8675,-3.6947,-2.0336
16048,0.0696,0.1134,9.8204,-0.8543,0.9821,-1.8123,-2.8708,-3.6876,-2.0300
16056,-0.0729,0.1069,9.8545,-0.9862,1.1011,-1.7932,-2.8770,-3.6839,-2.0294
16064,-0.1440,0.0847,9.7838,-0.6883,1.1055,-1.8496,-2.8751,-3.6811,-2.0254
16072,-0.0011,0.0427,9.7685,-0.5875,0.9791,-1.8582,-2.8679,-3.6769,-2.0220
16080,-0.0198,-0.0039,9.7547,-0.6457,1.1008,-1.7144,-2.8679,-3.6750,-2.0209
16088,-0.0021,-0.0352,9.7135,-0.4481,0.9159,-1.5635,-2.8679,-3.6732,-2.0198
16096,0.0112,0.0353,9.7683,-0.3231,0.9524,-1.3820,-2.8679,-3.6714,-2.0187
16104,0.0569,-0.0070,9.8816,-0.2969,0.9420,-1.1923,-2.8678,-3.6658,-2.0105
16112,-0.0083,0.0058,9.9117,-0.3705,1.0574,-1.0270,-2.8678,-3.6602,-2.0023
16120,-0.0313,0.0009,9.8492,-0.2276,1.1384,-0.8662,-2.8668,-3.6551,-1.9946
16128,-0.0034,0.1177,9.7785,-0.2509,1.0398,-0.7578,-2.8659,-3.6500,-1.9870
16136,-0.0296,0.1085,9.7441,-0.4812,1.2442,-0.6888,-2.8649,-3.6450,-1.9793
16144,-0.0133,0.0050,9.7158,-0.4187,1.2291,-0.4575,-2.8639,-3.6399,-1.9765
16152,-0.0290,0.0567,9.8637,-0.2897,1.2359,-0.3563,-2.8629,-3.6349,-1.9736
16160,-0.0487,0.1263,9.8285,-0.5583,1.4157,-0.2142,-2.8620,-3.6299,-1.9708
16168,-0.0556,0.0266,9.7434,-0.4285,1.3397,-0.1290,-2.8572,-3.6244,-1.9675
16176,0.0006,0.0229,9.8436,-0.1497,1.1017,-0.1808,-2.8562,-3.6208,-1.9637
16184,-0.0018,0.0934,10.0203,-0.0324,1.1594,-0.2864,-2.8619,-3.6192,-1.9627
16192,-0.0929,0.0861,9.9967,-0.3229,1.2653,-0.4140,-2.8600,-3.6180,-1.9566
16200,-0.1275,0.0413,9.8282,0.1326,1.2892,-0.5280,-2.8581,-3.6168,-1.9505
16208,-0.0881,0.1710,9.8369,-0.0238,1.1254,-0.5864,-2.8571,-3.6048,-1.9454
16216,-0.1600,0.1609,9.8631,0.0907,1.3180,-0.7116,-2.8537,-3.5989,-1.9416
16224,-0.2269,0.1103,9.8517,-0.0612,1.2703,-0.7113,-2.8528,-3.5940,-1.9389
16232,-0.1813,0.1538,9.8167,0.0975,1.1047,-0.7430,-2.8542,-3.5867,-1.9385
16240,-0.1774,0.1221,9.9683,0.1693,1.2316,-0.8453,-2.8556,-3.5795,-1.9381
16248,-0.1716,0.0861,9.8466,-0.3300,1.2623,-0.9778,-2.8570,-3.5723,-1.9378
16256,-0.2219,0.1401,9.9342,0.1872,1.1823,-1.0192,-2.8550,-3.5627,-1.9326
16264,-0.1454,0.1662,9.9908,-0.0009,1.1938,-1.1601,-2.8531,-3.5532,-1.9275
16272,-0.0943,0.1397,10.0273,-0.0502,1.3115,-1.2761,-2.8488,-3.5460,-1.9263
16280,-0.0905,0.0756,10.0591,0.3268,1.3467,-1.3231,-2.8445,-3.5389,-1.9250
16288,-0.1225,0.1406,9.9156,0.3565,1.2444,-1.4481,-2.8403,-3.5318,-1.9237
16296,-0.0582,0.1630,9.8582,0.6997,1.1226,-1.5089,-2.8379,-3.5281,-1.9196
16304,0.0251,0.1327,9.8604,0.3665,0.9660,-1.5750,-2.8355,-3.5243,-1.9154
16312,0.0568,0.1367,9.9531,0.6772,0.9817,-1.5690,-2.8313,-3.5173,-1.9095
16320,0.0777,0.2374,10.0666,0.5796,1.0127,-1.7232,-2.8271,-3.5103,-1.9035
16328,0.0579,0.2455,10.0764,0.1210,1.1356,-1.8333,-2.8205,-3.5009,-1.8975
16336,0.0654,0.1609,9.9586,0.0505,1.1092,-1.9759,-2.8234,-3.4953,-1.8963
16344,0.1420,0.1709,9.9654,0.0737,0.9906,-2.0830,-2.8225,-3.4922,-1.8913
16352,-0.0580,0.1603,10.0108,-0.3735,1.0398,-2.2387,-2.8159,-3.4852,-1.8902
16360,0.0290,0.0301,9.8828,-0.1131,0.9082,-2.4836,-2.8093,-3.4783,-1.8890
16368,-0.0158,0.1345,9.9142,-0.2347,0.8091,-2.6991,-2.8099,-3.4752,-1.8807
16376,0.1031,0.0117,10.0600,-0.1164,0.8316,-2.7825,-2.8114,-3.4721,-1.8781
16384,-0.0617,-0.0479,10.1337,-0.4219,1.0158,-2.8703,-2.8115,-3.4671,-1.8741
16392,0.0028,-0.0240,9.9891,0.2166,0.9120,-3.0209,-2.8115,-3.4621,-1.8702
16400,-0.0017,-0.0238,10.0377,0.1579,0.9246,-3.0289,-2.8116,-3.4571,-1.8662
16408,-0.0372,-0.0527,9.8579,-0.0556,0.8514,-3.0500,-2.8098,-3.4517,-1.8660
16416,-0.0725,-0.0475,9.8789,0.7082,0.5761,-3.0887,-2.8079,-3.4463,-1.8659
16424,-0.0475,0.0238,9.9275,0.3586,0.6008,-3.1924,-2.8061,-3.4395,-1.8633
16432,0.0220,0.0049,9.9564,0.6884,0.4724,-3.1023,-2.8043,-3.4327,-1.8608
16440,0.1077,0.0019,10.0395,0.6543,0.5043,-3.0961,-2.8025,-3.4259,-1.8583
16448,0.0176,-0.0130,9.9644,0.3018,0.6362,-3.0368,-2.7993,-3.4206,-1.8534
16456,0.0532,0.0262,9.7516,0.4580,0.4769,-3.0042,-2.7961,-3.4153,-1.8486
16464,0.1090,0.0244,9.8287,0.1007,0.4900,-2.7596,-2.7962,-3.4034,-1.8466
16472,0.1327,-0.0619,9.9143,-0.0890,0.5025,-2.6084,-2.7963,-3.3915,-1.8446
16480,0.0885,-0.0458,10.0087,-0.0383,0.4130,-2.5358,-2.7964,-3.3806,-1.8464
16488,0.0636,-0.0189,9.9625,-0.4326,0.6475,-2.3837,-2.7955,-3.3754,-1.8439
16496,0.0319,-0.0947,9.7799,-0.5909,0.6238,-2.1583,-2.7923,-3.3688,-1.8391
16504,0.1216,-0.1807,9.6817,-0.3530,0.5931,-1.9880,-2.7900,-3.3580,-1.8352
16512,0.0430,-0.1970,9.7121,-0.5175,0.3717,-1.7266,-2.7878,-3.3472,-1.8314
16520,-0.0268,-0.1898,9.7533,-0.4641,0.3200,-1.4765,-2.7879,-3.3379,-1.8318
16528,0.0426,-0.2859,9.7460,-0.1651,0.4146,-1.1868,-2.7904,-3.3295,-1.8256
16536,0.1163,-0.2899,9.8031,-0.0552,0.3637,-0.8377,-2.7848,-3.3183,-1.8231
16544,0.0313,-0.2584,9.8525,-0.2833,0.4350,-0.5492,-2.7793,-3.3072,-1.8207
16552,-0.0265,-0.2732,9.6617,-0.1042,0.3246,-0.1560,-2.7737,-3.2960,-1.8184
16560,0.0146,-0.2393,9.6002,-0.0876,0.0376,0.1827,-2.7696,-3.2812,-1.8150
16568,-0.0438,-0.1771,9.5532,-0.0957,-0.0075,0.4612,-2.7655,-3.2664,-1.8117
16576,0.0736,-0.1842,9.5130,0.1686,-0.2826,0.8316,-2.7624,-3.2577,-1.8060
16584,0.0223,-0.0580,9.7235,0.3439,-0.3376,1.2657,-2.7592,-3.2491,-1.8004
16592,0.0665,-0.0017,9.7258,0.2263,-0.2410,1.4409,-2.7561,-3.2406,-1.7947
16600,0.1193,0.0647,9.7033,0.5938,-0.4445,1.6991,-2.7563,-3.2401,-1.7919
16608,0.0645,0.1631,9.7963,0.5346,-0.4952,1.8499,-2.7565,-3.2396,-1.7891
16616,0.0970,0.1911,9.6829,0.3286,-0.5196,1.9969,-2.7553,-3.2353,-1.7864
16624,0.1050,0.2082,9.7164,0.6836,-0.5163,2.1161,-2.7541,-3.2311,-1.7836
16632,0.0866,0.2866,9.7968,0.4391,-0.5318,2.1714,-2.7510,-3.2226,-1.7790
16640,0.0446,0.3101,9.7799,0.3360,-0.4267,2.1683,-2.7474,-3.2198,-1.7729
16648,0.0748,0.2963,9.7335,0.4240,-0.4088,2.1920,-2.7457,-3.2175,-1.7721
16656,0.0339,0.3577,9.7600,-0.0438,-0.4237,2.0733,-2.7393,-3.2137,-1.7698
16664,0.0196,0.2556,9.7133,-0.0965,-0.2059,1.9838,-2.7329,-3.2100,-1.7676
16672,0.1278,0.2415,9.7097,0.0452,-0.5443,1.9009,-2.7308,-3.2035,-1.7616
16680,0.1137,0.2415,10.0085,-0.1527,-0.4386,1.8003,-2.7321,-3.1979,-1.7589
16688,0.0932,0.1259,9.8963,-0.1900,-0.0896,1.7015,-2.7304,-3.1918,-1.7557
16696,0.0505,0.1533,9.8439,0.1077,-0.2357,1.5082,-2.7288,-3.1858,-1.7526
16704,0.0811,0.2478,9.7332,0.1924,-0.0182,1.3155,-2.7272,-3.1798,-1.7495
16712,0.0928,0.1644,9.7592,0.3987,-0.2555,1.2058,-2.7279,-3.1753,-1.7520
16720,0.0948,0.2054,9.9034,0.5027,-0.4851,1.0823,-2.7287,-3.1707,-1.7546
16728,0.0998,0.2230,10.0494,1.0128,-0.2886,0.9215,-2.7247,-3.1624,-1.7491
16736,0.1977,0.2899,10.0681,0.9245,-0.3834,0.6984,-2.7207,-3.1541,-1.7436
16744,0.2170,0.3542,9.9880,0.8668,-0.1274,0.4690,-2.7167,-3.1458,-1.7381
16752,0.1853,0.3594,9.8180,0.9450,-0.2320,0.2977,-2.7156,-3.1357,-1.7364
16760,0.2199,0.4357,9.7758,0.6518,-0.2786,0.0299,-2.7145,-3.1256,-1.7348
16768,0.2080,0.5093,9.7750,1.0353,-0.2645,-0.1996,-2.7153,-3.1188,-1.7293
16776,0.1972,0.4119,9.8740,0.7914,-0.2377,-0.5043,-2.7161,-3.1121,-1.7239
16784,0.2512,0.4631,9.7832,0.6409,-0.3854,-0.8357,-2.7154,-3.1087,-1.7209
16792,0.2212,0.4607,9.8377,0.9503,-0.5400,-1.1473,-2.7148,-3.0958,-1.7164
16800,0.2479,0.3989,9.8879,0.4515,-0.4905,-1.5226,-2.7132,-3.0891,-1.7143
16808,0.1349,0.4441,9.8445,0.3478,-0.4938,-1.7748,-2.7102,-3.0834,-1.7099
16816,0.1397,0.4344,9.8171,0.4353,-0.4889,-2.0160,-2.7072,-3.0778,-1.7055
16824,0.0434,0.4125,9.7185,-0.0170,-0.6843,-2.2173,-2.7056,-3.0721,-1.7049
16832,-0.0274,0.3389,9.6858,0.1612,-0.8312,-2.3831,-2.7040,-3.0665,-1.6981
16840,0.0220,0.3365,9.7349,0.2995,-1.0702,-2.6457,-2.7006,-3.0604,-1.6946
16848,0.1268,0.3666,9.8268,0.2211,-1.2055,-2.8675,-2.6971,-3.0543,-1.6912
16856,0.0919,0.2400,9.9500,0.0689,-1.1136,-2.9462,-2.6937,-3.0482,-1.6878
16864,-0.0263,0.2201,9.9486,0.0966,-0.9403,-3.1442,-2.6902,-3.0398,-1.6830
16872,-0.0426,0.2076,9.9504,0.0964,-0.7293,-3.2481,-2.6868,-3.0314,-1.6782
16880,-0.0373,0.1280,9.7790,-0.0984,-0.6208,-3.1982,-2.6810,-3.0254,-1.6748
16888,-0.1359,0.1520,9.7506,-0.1513,-0.7811,-3.3025,-2.6753,-3.0194,-1.6714
16896,-0.1363,0.0749,9.8195,-0.1700,-0.8170,-3.3195,-2.6695,-3.0135,-1.6681
16904,-0.1226,0.0489,9.8678,-0.0251,-0.9554,-3.1385,-2.6690,-3.0071,-1.6685
16912,-0.1060,0.1201,9.9047,0.0147,-0.9891,-3.1521,-2.6685,-3.0007,-1.6689
16920,-0.0760,0.1144,9.9850,0.0128,-0.8239,-3.0717,-2.6623,-2.9891,-1.6670
16928,-0.0758,0.1074,9.9478,-0.0210,-0.7860,-2.8908,-2.6561,-2.9775,-1.6651
16936,-0.1270,0.1220,9.9120,0.1840,-0.6697,-2.6966,-2.6504,-2.9679,-1.6636
16944,-0.1055,0.1074,9.8094,0.0893,-0.7265,-2.5694,-2.6424,-2.9583,-1.6660
16952,-0.0359,0.2669,9.7165,0.1375,-0.8928,-2.5172,-2.6405,-2.9512,-1.6636
16960,0.0093,0.2850,9.8880,0.4235,-0.8839,-2.3686,-2.6415,-2.9421,-1.6631
16968,-0.0801,0.2363,10.0651,0.0117,-0.6700,-2.2078,-2.6425,-2.9331,-1.6626
16976,-0.1054,0.3220,10.0176,-0.1580,-0.4255,-2.1154,-2.6383,-2.9260,-1.6602
16984,-0.0713,0.3180,9.8252,-0.2110,-0.1916,-2.0804,-2.6379,-2.9170,-1.6583
16992,-0.1257,0.3449,9.7231,-0.8164,-0.2907,-2.0175,-2.6289,-2.9099,-1.6536
17000,-0.1626,0.3051,9.7064,-0.7660,-0.3534,-1.9414,-2.6200,-2.9029,-1.6489
17008,-0.1186,0.1606,9.9007,-0.4244,-0.4294,-1.9087,-2.6111,-2.8959,-1.6442
17016,-0.1411,0.2471,9.9363,-0.8231,-0.3767,-1.8827,-2.6079,-2.8842,-1.6395
17024,-0.0568,0.1633,9.9019,-0.5004,-0.1423,-1.7032,-2.6047,-2.8725,-1.6348
17032,-0.0474,0.1152,9.8454,-0.4744,-0.2622,-1.6781,-2.5987,-2.8674,-1.6353
17040,-0.0307,0.1668,9.8306,-0.6283,-0.2808,-1.7262,-2.5927,-2.8624,-1.6359
17048,-0.1582,0.1166,9.8465,-0.3381,-0.2186,-1.6549,-2.5868,-2.8574,-1.6364
17056,-0.0413,0.1463,9.8995,-0.2339,-0.4338,-1.5946,-2.5803,-2.8473,-1.6388
17064,0.0691,0.2396,10.0613,-0.1609,-0.5250,-1.4117,-2.5772,-2.8395,-1.6332
17072,0.0588,0.1228,10.1636,-0.0698,-0.2921,-1.1808,-2.5756,-2.8293,-1.6357
17080,0.0827,0.2038,10.0011,-0.1267,-0.1654,-1.0506,-2.5730,-2.8221,-1.6362
17088,0.1093,0.3300,9.8435,0.0376,-0.0256,-0.9608,-2.5704,-2.8149,-1.6367
17096,0.3525,0.2665,9.9538,0.0054,-0.1959,-0.9656,-2.5692,-2.8076,-1.6373
17104,0.1375,0.3188,9.9779,-0.3428,0.1559,-0.8902,-2.5600,-2.7981,-1.6321
17112,0.2537,0.1657,9.6659,-0.4197,0.0363,-0.8234,-2.5560,-2.7966,-1.6308
17120,0.2144,0.4663,9.6172,0.1787,-0.4061,-0.9462,-2.5520,-2.7951,-1.6294
17128,0.4262,0.4090,9.8433,-0.3371,-0.4557,-0.9250,-2.5481,-2.7875,-1.6295
17136,0.2930,0.3047,9.9563,-0.4863,-0.2552,-0.7660,-2.5441,-2.7799,-1.6282
17144,0.3407,0.2782,9.9378,0.0084,-0.1249,-0.7446,-2.5411,-2.7709,-1.6226
17152,0.3491,0.3581,9.9676,-0.4705,0.1572,-0.8175,-2.5382,-2.7620,-1.6170
17160,0.4269,0.2200,9.8765,-0.5659,0.2962,-0.8153,-2.5352,-2.7530,-1.6115
17168,0.3620,0.1528,9.8748,-0.2678,0.3465,-0.7997,-2.5289,-2.7455,-1.6069
17176,0.2970,0.2119,9.8691,-0.5533,0.4319,-0.7822,-2.5226,-2.7381,-1.6023
17184,0.3246,0.1938,9.7386,-0.3624,0.4736,-0.7015,-2.5140,-2.7339,-1.6010
17192,0.3920,0.2115,9.7350,-0.0571,0.2681,-0.7523,-2.5055,-2.7298,-1.5998
17200,0.4384,0.1461,9.8947,-0.3066,0.3276,-0.6435,-2.4969,-2.7257,-1.5985
17208,0.3027,0.0983,10.0046,0.0149,0.5365,-0.6222,-2.4889,-2.7235,-1.5959
17216,0.3389,0.1675,10.0030,0.1063,0.3230,-0.6631,-2.4813,-2.7171,-1.5984
17224,0.3016,0.2151,9.8949,0.0631,0.4787,-0.6223,-2.4776,-2.7097,-1.5996
17232,0.3279,0.0974,9.7306,0.0617,0.3797,-0.4499,-2.4672,-2.7004,-1.5978
17240,0.2947,0.2045,9.7122,0.2231,0.2023,-0.4903,-2.4569,-2.6912,-1.5961
17248,0.3417,0.2709,9.8108,0.3374,0.2300,-0.5077,-2.4470,-2.6839,-1.5916
17256,0.3118,0.3579,9.8504,0.3054,0.4032,-0.5083,-2.4415,-2.6747,-1.5875
17264,0.3713,0.2977,9.9030,0.2188,0.5768,-0.4609,-2.4336,-2.6694,-1.5891
17272,0.4097,0.3229,9.8978,0.1039,0.6175,-0.5489,-2.4262,-2.6622,-1.5870
17280,0.3537,0.3503,10.0243,0.1141,0.6671,-0.5903,-2.4189,-2.6550,-1.5848
17288,0.2967,0.3850,9.8094,-0.4841,0.7411,-0.6460,-2.4077,-2.6482,-1.5846
17296,0.2324,0.3896,9.6615,-0.1362,0.6919,-0.6779,-2.4047,-2.6401,-1.5805
17304,0.1691,0.3514,9.5877,-0.5075,0.6502,-0.7670,-2.4017,-2.6321,-1.5765
17312,0.1115,0.3151,9.4731,-0.4413,0.6024,-0.8736,-2.3944,-2.6259,-1.5725
17320,0.0939,0.2730,9.6641,-0.0392,0.3246,-0.9542,-2.3871,-2.6197,-1.5728
17328,0.1705,0.2842,9.8862,-0.3188,0.3603,-1.0393,-2.3799,-2.6136,-1.5730
17336,0.0781,0.2893,9.9204,-0.2474,0.5251,-1.0007,-2.3764,-2.6075,-1.5742
17344,0.0373,0.1886,9.8284,-0.2859,0.6187,-0.9984,-2.3730,-2.6014,-1.5754
17352,0.0058,0.1882,9.6331,-0.3173,0.5562,-0.9669,-2.3696,-2.5953,-1.5766
17360,0.0470,0.1346,9.6399,-0.0514,0.5925,-0.9314,-2.3624,-2.5907,-1.5736
17368,0.0638,0.0769,9.7098,-0.1437,0.5151,-0.8655,-2.3571,-2.5842,-1.5743
17376,-0.0011,0.1177,9.8246,0.0373,0.4598,-0.7971,-2.3490,-2.5758,-1.5689
17384,0.0781,0.0735,9.9844,0.1677,0.4923,-0.8490,-2.3429,-2.5679,-1.5687
17392,0.0651,0.0940,10.0189,-0.1048,0.6913,-0.9014,-2.3367,-2.5601,-1.5685
17400,0.0784,0.0211,9.8751,0.0211,0.7323,-0.8448,-2.3244,-2.5537,-1.5635
17408,0.0412,0.0804,9.7186,0.0243,0.6222,-0.7800,-2.3136,-2.5449,-1.5676
17416,0.0681,0.1039,9.7205,0.1686,0.6369,-0.6300,-2.2975,-2.5390,-1.5726
17424,0.1148,0.1339,9.6926,0.2373,0.6536,-0.5613,-2.2920,-2.5331,-1.5714
17432,0.1261,0.1014,9.8359,0.4017,0.6083,-0.4022,-2.2865,-2.5273,-1.5703
17440,0.1914,0.1206,9.8817,0.3028,0.6742,-0.3034,-2.2743,-2.5148,-1.5663
17448,0.1252,0.1436,9.9309,0.5177,0.7000,-0.3716,-2.2698,-2.5081,-1.5618
17456,0.2143,0.1525,9.8424,0.1978,0.7646,-0.3568,-2.2653,-2.5014,-1.5574
17464,0.1441,0.2593,9.8307,0.4438,0.7731,-0.4600,-2.2532,-2.4951,-1.5548
17472,0.1317,0.1762,9.7955,0.1992,0.9678,-0.4467,-2.2412,-2.4889,-1.5523
17480,0.0803,0.1692,9.6612,-0.0055,0.8661,-0.5807,-2.2292,-2.4827,-1.5498
17488,0.0939,0.1779,9.6785,0.2788,0.7181,-0.6741,-2.2172,-2.4728,-1.5482
17496,0.1719,0.1626,9.8445,0.1001,0.5206,-0.7714,-2.2053,-2.4628,-1.5467
17504,0.1463,0.1742,9.9870,-0.0229,0.7264,-0.7391,-2.1972,-2.4629,-1.5484
17512,0.1336,-0.0175,10.0280,-0.1672,0.8778,-0.7883,-2.1891,-2.4629,-1.5502
17520,0.1640,0.0632,9.7896,-0.1611,0.7987,-0.7660,-2.1791,-2.4564,-1.5458
17528,0.1214,0.2369,9.5975,0.2526,0.8937,-0.7686,-2.1716,-2.4522,-1.5447
17536,0.1025,0.0037,9.4437,-0.3730,0.8778,-0.6965,-2.1660,-2.4475,-1.5422
17544,-0.0627,0.0396,9.2731,0.0261,0.5827,-0.6888,-2.1604,-2.4429,-1.5397
17552,0.1449,0.0411,9.7711,0.8023,-0.0009,-0.6975,-2.1538,-2.4411,-1.5424
17560,0.1333,0.0916,10.1210,0.0620,0.3610,-0.6471,-2.1449,-2.4332,-1.5404
17568,0.0981,0.0257,10.0572,0.4686,0.6165,-0.6896,-2.1370,-2.4248,-1.5365
17576,0.1798,-0.0653,9.9991,0.1909,0.7141,-0.6663,-2.1230,-2.4140,-1.5350
17584,0.1621,-0.0434,9.7352,-0.1707,0.8207,-0.4493,-2.1090,-2.4034,-1.5335
17592,0.1311,0.0129,9.4758,0.1128,0.6348,-0.3138,-2.0969,-2.3970,-1.5305
17600,0.1385,0.0625,9.5176,0.1066,0.4862,-0.2722,-2.0830,-2.3911,-1.5304
17608,0.1794,-0.0808,9.5031,-0.1926,0.3229,-0.1978,-2.0691,-2.3852,-1.5304
17616,0.2378,-0.1080,9.6726,0.4305,-0.1160,-0.1959,-2.0581,-2.3798,-1.5341
17624,0.2547,-0.0483,9.9849,0.5064,-0.0637,-0.0902,-2.0472,-2.3744,-1.5378
17632,0.2472,-0.0320,10.0576,0.3363,0.2397,-0.1197,-2.0362,-2.3691,-1.5414
17640,0.1889,-0.0201,9.9288,0.5817,0.3351,0.0254,-2.0253,-2.3651,-1.5394
17648,0.1472,-0.0703,9.6889,0.3843,0.2770,0.1988,-2.0145,-2.3612,-1.5374
17656,0.1221,-0.0853,9.5127,0.5769,-0.0212,0.2606,-2.0022,-2.3531,-1.5373
17664,0.1919,-0.0050,9.6080,0.7611,-0.5250,0.2931,-1.9900,-2.3449,-1.5372
17672,0.1781,-0.0689,9.9857,0.6519,-0.5962,0.4708,-1.9807,-2.3411,-1.5409
17680,0.1870,-0.0890,9.9776,0.3794,-0.3735,0.7127,-1.9686,-2.3368,-1.5417
17688,0.2032,-0.0680,9.9804,0.6043,-0.2726,0.7841,-1.9598,-2.3335,-1.5425
17696,0.2175,-0.0600,9.9464,0.1152,-0.0535,0.8043,-1.9491,-2.3282,-1.5429
17704,0.1229,-0.0212,9.8565,-0.0137,-0.0759,1.0717,-1.9385,-2.3230,-1.5432
17712,0.1566,-0.1684,9.8257,0.0736,-0.0307,1.3380,-1.9270,-2.3192,-1.5445
17720,0.0742,-0.0874,9.7426,0.0691,-0.1794,1.5313,-1.9226,-2.3141,-1.5472
17728,0.1485,-0.1295,9.7723,0.3715,-0.1937,1.7109,-1.9121,-2.3141,-1.5476
17736,0.1402,-0.1697,9.7759,0.3060,-0.1327,1.9572,-1.9030,-2.3089,-1.5479
17744,0.1153,-0.1538,9.8065,0.5047,-0.1916,2.2328,-1.8939,-2.3038,-1.5482
17752,0.1803,-0.1781,9.8196,0.5507,-0.1200,2.3790,-1.8802,-2.2963,-1.5471
17760,0.2186,-0.1036,9.8123,0.4747,-0.3529,2.6282,-1.8664,-2.2888,-1.5461
17768,0.2414,-0.0543,9.8180,0.5700,-0.3755,2.8398,-1.8400,-2.2837,-1.5450
17776,0.2429,-0.0494,9.8118,0.6851,-0.2719,3.1141,-1.8137,-2.2786,-1.5439
17784,0.3545,-0.0490,9.8048,0.5045,-0.3221,3.4298,-1.7874,-2.2736,-1.5428
17792,0.3006,0.0584,9.7971,0.5959,-0.4208,3.4836,-1.7631,-2.2633,-1.5427
17800,0.3388,0.0736,9.7847,0.5632,-0.3658,3.4738,-1.7390,-2.2531,-1.5426
17808,0.3179,0.0823,9.8900,0.6573,-0.2332,3.5284,-1.7324,-2.2491,-1.5434
17816,0.3185,0.1663,9.8920,0.4060,-0.1625,3.4579,-1.7259,-2.2451,-1.5442
17824,0.3801,0.1334,9.8733,0.3710,-0.3854,3.4092,-1.7123,-2.2411,-1.5441
17832,0.2408,0.1942,9.8181,0.4868,-0.4574,3.4667,-1.6974,-2.2342,-1.5482
17840,0.2515,0.0553,9.7727,0.1763,-0.4621,3.4069,-1.6863,-2.2336,-1.5500
17848,0.3008,0.0940,9.8774,0.4526,-0.6960,3.3978,-1.6734,-2.2277,-1.5503
17856,0.2916,0.1491,9.9730,0.2209,-0.4957,3.2850,-1.6605,-2.2219,-1.5506
17864,0.2556,-0.0248,9.8905,-0.0300,-0.1388,3.3292,-1.6496,-2.2189,-1.5490
17872,0.2024,0.0293,9.7654,0.2447,-0.2695,3.1822,-1.6335,-2.2131,-1.5494
17880,0.2072,0.1320,9.7546,0.3047,-0.2878,3.1535,-1.6212,-2.2115,-1.5511
17888,0.2238,-0.0489,9.8419,0.2128,-0.2093,3.3048,-1.6114,-2.2015,-1.5528
17896,0.2110,0.0152,9.8958,0.5329,-0.2676,3.4201,-1.6016,-2.1915,-1.5546
17904,0.2132,0.0354,10.0038,0.5857,-0.1366,3.3971,-1.5900,-2.1867,-1.5535
17912,0.2980,-0.0520,9.8788,0.3774,0.0526,3.4630,-1.5785,-2.1819,-1.5524
17920,0.1957,-0.0008,9.7629,0.5703,0.0868,3.5288,-1.5669,-2.1809,-1.5584
17928,0.2699,-0.0174,9.6973,0.6295,0.1783,3.4476,-1.5555,-2.1800,-1.5643
17936,0.1958,0.0273,9.7253,0.5073,0.0711,3.5354,-1.5440,-2.1790,-1.5703
17944,0.2499,0.0737,9.7511,0.5986,-0.1915,3.5553,-1.5336,-2.1776,-1.5758
17952,0.2297,0.1043,9.8324,0.6378,-0.2212,3.5637,-1.5232,-2.1762,-1.5812
17960,0.1831,0.1702,9.7852,0.5980,-0.3696,3.5904,-1.5162,-2.1748,-1.5829
17968,0.2521,0.2558,9.7461,0.5999,-0.5756,3.5305,-1.5092,-2.1733,-1.5845
17976,0.1105,0.2568,9.8137,0.5990,-0.2792,3.3827,-1.4980,-2.1700,-1.5894
17984,0.1181,0.2490,9.6990,0.3103,-0.1690,3.3586,-1.4887,-2.1663,-1.5958
17992,0.0903,0.3002,9.6727,0.2981,-0.1384,3.3036,-1.4748,-2.1658,-1.5974
18000,0.0893,0.3138,9.5810,0.2411,-0.1465,3.2963,-1.4661,-2.1611,-1.5999
18008,0.0324,0.2724,9.5472,0.0453,-0.3088,3.2253,-1.4574,-2.1564,-1.6025
18016,0.0789,0.2353,9.6305,0.2421,-0.4081,3.2934,-1.4445,-2.1570,-1.6059
18024,0.1004,0.2806,9.8353,0.2702,-0.4630,3.2973,-1.4298,-2.1566,-1.6099
18032,0.1613,0.1885,10.0542,0.1798,-0.2515,3.3943,-1.4161,-2.1562,-1.6138
18040,0.0461,0.2100,9.9304,-0.1280,0.0814,3.3697,-1.4076,-2.1529,-1.6206
18048,0.0566,0.1265,9.7440,0.0763,0.1864,3.4022,-1.3992,-2.1497,-1.6273
18056,0.0206,0.1734,9.6000,0.0291,0.0815,3.4519,-1.3908,-2.1526,-1.6321
18064,0.0130,0.1257,9.6109,0.0692,-0.0482,3.3848,-1.3825,-2.1555,-1.6369
18072,0.0572,0.0439,9.7738,0.0622,-0.2202,3.4326,-1.3766,-2.1560,-1.6450
18080,0.1027,0.0955,10.0177,0.4396,-0.2913,3.4490,-1.3706,-2.1566,-1.6531
18088,0.1023,0.0488,10.0667,-0.2102,-0.0073,3.3501,-1.3648,-2.1571,-1.6611
18096,0.0314,0.0576,9.9449,0.0617,0.0962,3.2741,-1.3556,-2.1577,-1.6597
18104,0.0734,-0.0332,9.9234,-0.1743,0.2059,3.3267,-1.3465,-2.1582,-1.6582
18112,0.0153,0.0171,9.6871,-0.3386,0.2228,3.3078,-1.3331,-2.1578,-1.6644
18120,0.0228,-0.0044,9.7412,0.2056,0.0230,3.2870,-1.3198,-2.1574,-1.6705
18128,-0.0059,0.0291,9.8179,0.1634,-0.0375,3.2564,-1.3109,-2.1603,-1.6771
18136,0.0492,0.0885,9.8249,0.7150,-0.2126,3.2485,-1.2986,-2.1579,-1.6874
18144,-0.0153,0.1104,9.8914,0.6451,-0.2147,3.1263,-1.2892,-2.1599,-1.6901
18152,0.0612,0.0637,9.8527,0.8503,-0.2141,3.0841,-1.2747,-2.1576,-1.6947
18160,-0.0195,0.1608,9.8901,0.9692,-0.1468,2.9184,-1.2602,-2.1553,-1.6993
18168,-0.0022,0.2186,9.8337,0.6855,0.0455,2.9760,-1.2491,-2.1568,-1.7072
18176,-0.1124,0.2390,9.7700,0.6009,0.3041,2.9164,-1.2404,-2.1545,-1.7137
18184,-0.0804,0.1655,9.6895,0.6961,0.4100,2.7394,-1.2299,-2.1555,-1.7220
18192,-0.1531,0.2930,9.6058,0.5870,0.3593,2.5968,-1.2231,-2.1589,-1.7317
18200,-0.0890,0.2868,9.6599,0.8268,0.2308,2.4524,-1.2165,-2.1622,-1.7414
18208,-0.0346,0.2921,9.8386,0.6800,0.1133,2.2023,-1.2055,-2.1589,-1.7492
18216,-0.0930,0.3766,10.1042,0.9850,0.2436,2.1205,-1.1946,-2.1557,-1.7570
18224,-0.1462,0.3314,10.0890,0.3807,0.8028,2.0103,-1.1819,-2.1553,-1.7618
18232,-0.1347,0.2847,9.8711,0.6347,1.0549,1.7449,-1.1692,-2.1549,-1.7667
18240,-0.1106,0.3343,9.7824,0.4911,1.1014,1.5392,-1.1566,-2.1545,-1.7715
18248,-0.1863,0.2376,9.6653,0.0790,1.2978,1.3610,-1.1454,-2.1531,-1.7726
18256,-0.2521,0.1647,9.6308,0.4876,1.1176,1.2494,-1.1343,-2.1518,-1.7736
18264,-0.2009,0.1789,9.8264,0.4517,1.1479,1.2013,-1.1261,-2.1533,-1.7822
18272,-0.1619,0.0505,9.8522,0.1960,1.4143,1.2166,-1.1179,-2.1548,-1.7908
18280,-0.1685,0.0081,9.7821,0.4262,1.2023,1.2472,-1.1078,-2.1558,-1.8003
18288,-0.1102,-0.0056,9.8681,0.3263,1.2130,1.3832,-1.1002,-2.1544,-1.8036
18296,-0.1463,-0.0017,9.8294,0.4147,1.4552,1.4759,-1.0921,-2.1550,-1.8145
18304,-0.1102,-0.0254,9.9009,0.5527,1.5348,1.5966,-1.0869,-2.1522,-1.8225
18312,-0.1468,0.0128,9.8235,0.3646,1.8109,1.8079,-1.0817,-2.1494,-1.8305
18320,-0.1908,0.0560,9.6755,0.7633,1.7469,1.9594,-1.0656,-2.1500,-1.8356
18328,-0.1035,0.1051,9.5836,0.7500,1.6191,1.8776,-1.0582,-2.1486,-1.8450
18336,-0.1384,0.1144,9.6976,0.9293,1.6649,2.0206,-1.0483,-2.1497,-1.8529
18344,-0.0366,0.1666,9.7643,1.1034,1.3780,2.0321,-1.0405,-2.1512,-1.8612
18352,-0.0296,0.2685,9.9969,1.1019,1.5543,2.1471,-1.0326,-2.1527,-1.8695
18360,0.0478,0.2496,9.9782,0.7378,1.7735,2.0197,-1.0234,-2.1556,-1.8778
18368,-0.0074,0.2908,9.8943,0.6189,1.8978,1.9326,-1.0142,-2.1585,-1.8861
18376,0.0369,0.3303,9.7469,0.7026,1.8808,1.8253,-1.0022,-2.1604,-1.8986
18384,0.0674,0.3073,9.7215,0.1239,1.6377,1.6266,-0.9902,-2.1624,-1.9110
18392,0.0089,0.3403,9.7992,0.4186,1.4000,1.5034,-0.9783,-2.1643,-1.9234
18400,0.0667,0.2822,9.9619,0.3697,1.4927,1.1668,-0.9726,-2.1606,-1.9343
18408,0.0648,0.2610,9.9224,0.1309,1.6800,1.1010,-0.9669,-2.1568,-1.9452
18416,0.0717,0.2660,9.8758,0.3959,1.7097,0.9047,-0.9617,-2.1574,-1.9555
18424,0.0630,0.2282,9.8622,0.2040,1.7195,0.8530,-0.9495,-2.1636,-1.9649
18432,0.0127,0.1821,9.7876,0.3271,1.6862,0.7929,-0.9372,-2.1698,-1.9742
18440,0.0191,0.2434,9.7975,0.5889,1.3664,0.6794,-0.9241,-2.1712,-1.9821
18448,0.0508,0.1585,9.8975,0.5726,1.4685,0.5415,-0.9219,-2.1674,-1.9894
18456,0.0363,0.1332,9.8195,0.6102,1.4756,0.4284,-0.9141,-2.1694,-1.9991
18464,0.0163,0.2032,9.8469,0.7583,1.5676,0.2802,-0.9011,-2.1684,-2.0068
18472,0.0652,0.1345,9.8962,0.6865,1.9036,0.2425,-0.8881,-2.1675,-2.0145
18480,0.0762,0.1798,9.9254,0.5032,1.9342,0.1797,-0.8761,-2.1666,-2.0246
18488,0.0474,0.2134,10.0009,0.5626,2.1955,0.0904,-0.8694,-2.1699,-2.0351
18496,-0.0465,0.2508,9.8944,0.3608,2.3068,0.0183,-0.8570,-2.1709,-2.0436
18504,-0.0126,0.3524,9.7994,0.4664,2.1918,-0.1280,-0.8446,-2.1719,-2.0521
18512,-0.0074,0.2904,9.9015,0.5221,2.2978,-0.0999,-0.8361,-2.1662,-2.0634
18520,0.0542,0.3022,9.8500,0.2473,2.2152,-0.2543,-0.8276,-2.1605,-2.0747
18528,0.0248,0.4477,10.0166,0.4592,2.3576,-0.3887,-0.8239,-2.1596,-2.0892
18536,0.0514,0.3894,10.0288,-0.0368,2.7684,-0.5091,-0.8203,-2.1587,-2.1036
18544,-0.0511,0.3758,9.8518,-0.3271,2.8172,-0.5923,-0.8166,-2.1578,-2.1180
18552,-0.0099,0.3303,9.7795,-0.3194,2.6852,-0.7812,-0.8129,-2.1593,-2.1290
18560,0.0055,0.3091,9.8152,-0.4960,2.3804,-0.9779,-0.8093,-2.1608,-2.1399
18568,0.0026,0.2900,9.9391,-0.5316,2.1982,-0.9952,-0.8033,-2.1599,-2.1508
18576,-0.0711,0.2280,10.0416,-0.5549,2.2586,-1.1585,-0.7988,-2.1628,-2.1640
18584,-0.0440,0.1268,9.9667,-0.8039,2.3591,-1.2987,-0.7943,-2.1657,-2.1771
18592,-0.0518,0.1036,9.8002,-0.9087,2.4258,-1.2967,-0.7893,-2.1666,-2.1916
18600,-0.1044,0.0758,9.6626,-0.8249,2.3350,-1.3321,-0.7867,-2.1638,-2.2004
18608,-0.1515,-0.0396,9.6931,-0.8727,2.2134,-1.1847,-0.7832,-2.1629,-2.2086
18616,-0.1905,-0.0320,9.7803,-0.5078,2.0732,-1.0730,-0.7820,-2.1644,-2.2177
18624,-0.2372,-0.0797,9.9188,-0.3109,2.1257,-0.9982,-0.7809,-2.1658,-2.2267
18632,-0.2571,-0.0591,9.7236,-0.2426,2.2160,-0.8574,-0.7727,-2.1697,-2.2371
18640,-0.3266,-0.0546,9.6853,0.1134,2.1423,-0.7627,-0.7702,-2.1683,-2.2489
18648,-0.3262,0.0068,9.6708,0.0592,2.0852,-0.6641,-0.7677,-2.1669,-2.2606
18656,-0.3846,0.0169,9.7583,0.3940,2.0999,-0.6846,-0.7614,-2.1640,-2.2699
18664,-0.3641,0.0724,9.7906,0.4955,1.9087,-0.4988,-0.7552,-2.1612,-2.2792
18672,-0.4120,0.1464,9.8097,0.4833,1.9151,-0.6011,-0.7490,-2.1584,-2.2884
18680,-0.4349,0.1140,9.7988,0.5622,2.0012,-0.5843,-0.7423,-2.1575,-2.3041
18688,-0.4465,0.1904,9.7862,0.5203,1.8489,-0.7175,-0.7357,-2.1567,-2.3198
18696,-0.4474,0.2226,9.7279,0.1150,2.0900,-0.6930,-0.7310,-2.1558,-2.3354
18704,-0.4806,0.2400,9.6210,0.2527,2.1285,-0.7868,-0.7263,-2.1544,-2.3467
18712,-0.4801,0.4009,9.6221,0.0671,2.0106,-0.8232,-0.7216,-2.1531,-2.3579
18720,-0.5972,0.3102,9.6154,-0.2065,2.2019,-0.9727,-0.7193,-2.1588,-2.3704
18728,-0.6270,0.2354,9.5455,-0.1294,1.9129,-1.1023,-0.7199,-2.1617,-2.3858
18736,-0.5142,0.4086,9.7019,-0.0423,1.6338,-1.3489,-0.7204,-2.1646,-2.4010
18744,-0.5515,0.3185,9.8930,-0.4337,1.9402,-1.4620,-0.7205,-2.1665,-2.4157
18752,-0.6500,0.1996,9.7899,-0.4774,1.9666,-1.5436,-0.7225,-2.1637,-2.4289
18760,-0.6693,0.2005,9.7718,-0.2577,2.0958,-1.6802,-0.7188,-2.1671,-2.4363
18768,-0.4997,0.1898,9.5773,-0.6317,2.0941,-1.6802,-0.7152,-2.1728,-2.4527
18776,-0.5598,0.2253,9.4451,-0.6214,1.7857,-1.7148,-0.7115,-2.1785,-2.4690
18784,-0.5686,0.1016,9.5117,-0.4728,1.6696,-1.6867,-0.7102,-2.1832,-2.4819
18792,-0.5738,-0.0048,9.7072,-0.4694,1.4598,-1.6144,-0.7085,-2.1846,-2.4943
18800,-0.4911,0.0327,9.9839,-0.0955,1.3685,-1.4919,-0.7068,-2.1860,-2.5066
18808,-0.4582,0.0012,9.9578,-0.4739,1.7185,-1.3935,-0.7069,-2.1878,-2.5207
18816,-0.4867,-0.1039,9.6769,-0.3557,1.6320,-1.2380,-0.7071,-2.1897,-2.5347
18824,-0.4765,0.0383,9.5246,0.0265,1.3705,-1.1213,-0.7073,-2.1915,-2.5486
18832,-0.3985,-0.0029,9.6133,0.1014,1.5151,-1.0524,-0.7065,-2.1943,-2.5630
18840,-0.3484,-0.0466,9.7094,0.2557,1.2054,-0.9012,-0.7058,-2.1971,-2.5772
18848,-0.3441,0.1102,9.8406,0.8140,0.9066,-0.8153,-0.7050,-2.2022,-2.5900
18856,-0.2878,0.1132,9.8746,0.7691,0.9595,-0.7838,-0.7043,-2.2074,-2.6027
18864,-0.3325,0.1377,9.6927,0.7075,0.7488,-0.6363,-0.7035,-2.2125,-2.6153
18872,-0.3092,0.2496,9.6779,0.9926,0.6460,-0.6393,-0.7052,-2.2128,-2.6293
18880,-0.3428,0.3154,9.6599,0.4893,0.7983,-0.5968,-0.7054,-2.2113,-2.6380
18888,-0.3194,0.2651,9.5886,0.2853,0.7679,-0.5482,-0.7070,-2.2117,-2.6504
18896,-0.3206,0.2834,9.6119,0.3622,0.5843,-0.6057,-0.7087,-2.2120,-2.6628
18904,-0.2297,0.3059,9.6823,0.2198,0.5019,-0.5993,-0.7108,-2.2138,-2.6722
18912,-0.2899,0.3071,9.7163,0.0196,0.5219,-0.7213,-0.7139,-2.2165,-2.6858
18920,-0.2201,0.2020,9.6815,-0.1718,0.4956,-0.6912,-0.7174,-2.2173,-2.6975
18928,-0.2111,0.1935,9.7379,-0.0029,0.3825,-0.6678,-0.7209,-2.2181,-2.7091
18936,-0.2067,0.0870,9.7343,-0.4601,0.5410,-0.4854,-0.7249,-2.2185,-2.7212
18944,-0.1799,0.0953,9.6199,-0.2812,0.4473,-0.4150,-0.7265,-2.2221,-2.7345
18952,-0.1196,0.0856,9.7924,0.1752,0.4216,-0.2436,-0.7281,-2.2258,-2.7478
18960,-0.1457,0.0481,9.7504,-0.3058,0.4317,-0.1011,-0.7321,-2.2285,-2.7611
18968,-0.1119,0.0123,9.7820,0.2930,0.1774,0.0352,-0.7360,-2.2311,-2.7742
18976,-0.0121,0.0510,9.7774,0.2176,0.0223,0.1495,-0.7400,-2.2338,-2.7873
18984,-0.0489,0.0728,9.5988,0.0841,-0.0302,0.1975,-0.7401,-2.2322,-2.7985
18992,-0.0653,0.0074,9.5688,0.4125,-0.1123,0.3020,-0.7403,-2.2306,-2.8096
19000,-0.0023,0.0224,9.6081,0.3532,-0.2575,0.4313,-0.7414,-2.2399,-2.8229
19008,0.0593,0.1198,9.5950,0.2138,-0.4683,0.5817,-0.7425,-2.2492,-2.8362
19016,0.0430,0.1646,9.5950,0.3899,-0.5739,0.6747,-0.7436,-2.2584,-2.8495
19024,0.0812,0.1980,9.7074,0.4036,-0.9256,0.8091,-0.7428,-2.2610,-2.8622
19032,0.0993,0.2267,9.8042,0.2513,-0.9899,0.9162,-0.7463,-2.2654,-2.8753
19040,0.1672,0.2723,9.7724,0.3191,-1.1447,0.9067,-0.7508,-2.2699,-2.8884
19048,0.1621,0.2895,9.7163,0.0185,-1.1887,0.8282,-0.7552,-2.2743,-2.9013
19056,0.1379,0.3401,9.6688,0.1791,-1.2495,0.8065,-0.7581,-2.2792,-2.9138
19064,0.1451,0.3248,9.7519,0.1514,-1.3529,0.8365,-0.7644,-2.2817,-2.9271
19072,0.0797,0.2896,9.8176,0.0528,-1.4572,0.8304,-0.7612,-2.2866,-2.9418
19080,0.0775,0.4067,9.8055,0.2386,-1.6476,0.7819,-0.7666,-2.2915,-2.9526
19088,0.0809,0.3318,9.9685,0.2242,-1.5949,0.7276,-0.7719,-2.2963,-2.9633
19096,0.0713,0.2431,9.8870,-0.1522,-1.5953,0.6490,-0.7753,-2.2969,-2.9712
19104,-0.0185,0.2516,9.9935,0.1572,-1.5396,0.6591,-0.7787,-2.2974,-2.9790
19112,-0.0538,0.1792,9.9415,-0.2909,-1.2784,0.6448,-0.7817,-2.2999,-2.9910
19120,-0.0884,0.1824,9.7081,-0.1835,-1.4632,0.7378,-0.7846,-2.3023,-3.0029
19128,-0.0651,0.1261,9.8476,0.0339,-1.5573,0.6241,-0.7875,-2.3048,-3.0148
19136,-0.1447,0.0920,9.8759,-0.2728,-1.4847,0.7126,-0.7928,-2.3081,-3.0266
19144,-0.1174,0.0707,9.8806,0.1939,-1.5485,0.6640,-0.7980,-2.3115,-3.0384
19152,-0.1328,0.0674,9.9773,0.3788,-1.3642,0.6148,-0.8061,-2.3191,-3.0481
19160,-0.0542,0.0681,9.8398,0.1503,-1.3480,0.6718,-0.8142,-2.3267,-3.0579
19168,-0.1120,0.0710,9.8993,0.7211,-1.3031,0.6569,-0.8222,-2.3343,-3.0676
19176,-0.1817,0.1569,9.8230,0.3363,-1.2256,0.7654,-0.8303,-2.3409,-3.0739
19184,-0.1559,0.1982,9.5535,0.5497,-1.1247,0.7891,-0.8368,-2.3423,-3.0868
19192,-0.1015,0.2110,9.6148,0.8417,-1.3910,0.8518,-0.8429,-2.3479,-3.1005
19200,-0.0770,0.2750,9.7172,0.5210,-1.5043,0.7357,-0.8490,-2.3535,-3.1142
19208,-0.0543,0.2801,9.8554,0.8142,-1.7112,0.6008,-0.8569,-2.3548,-3.1227
19216,-0.0146,0.3525,9.9631,0.6414,-1.6878,0.4530,-0.8611,-2.3562,-3.1334
19224,0.0048,0.4067,9.8866,0.2014,-1.5454,0.2824,-0.8662,-2.3608,-3.1413
19232,-0.0162,0.4229,9.6707,0.2607,-1.4760,0.1779,-0.8722,-2.3631,-3.1557
19240,-0.0176,0.4261,9.5255,-0.0293,-1.5482,0.0006,-0.8782,-2.3653,-3.1700
19248,-0.0392,0.4355,9.3990,-0.2640,-1.6626,-0.1395,-0.8832,-2.3699,-3.1819
19256,0.0040,0.4490,9.5543,0.0823,-1.9533,-0.2709,-0.8882,-2.3745,-3.1938
19264,0.0190,0.4274,9.8228,-0.0106,-1.8793,-0.4312,-0.8932,-2.3753,-3.1999
19272,-0.0139,0.4093,9.7651,-0.2327,-1.7099,-0.5738,-0.8982,-2.3761,-3.2059
19280,0.0005,0.3952,9.7812,0.2855,-1.7612,-0.5262,-0.9032,-2.3769,-3.2119
19288,0.0381,0.3979,9.7361,-0.3469,-1.6743,-0.6780,-0.9062,-2.3796,-3.2255
19296,-0.0076,0.3494,9.5778,0.0537,-1.6231,-0.7911,-0.9093,-2.3822,-3.2389
19304,0.0914,0.3219,9.7202,0.2074,-1.8063,-0.9953,-0.9152,-2.3830,-3.2481
19312,0.0320,0.3703,9.8863,-0.0909,-1.6640,-1.0866,-0.9211,-2.3838,-3.2572
19320,0.0380,0.2410,9.8691,0.1251,-1.5360,-1.1686,-0.9269,-2.3845,-3.2662
19328,0.0096,0.2543,9.8931,-0.0283,-1.6883,-1.2149,-0.9370,-2.3886,-3.2761
19336,0.0760,0.3264,9.7945,-0.1936,-1.5592,-1.2913,-0.9443,-2.3931,-3.2865
19344,0.0586,0.2724,9.7796,-0.3064,-1.5611,-1.3269,-0.9543,-2.3934,-3.2996
19352,-0.0099,0.3460,9.7898,-0.5209,-1.6429,-1.3370,-0.9644,-2.3936,-3.3126
19360,-0.0251,0.3407,9.7949,-0.4168,-1.5025,-1.3227,-0.9725,-2.3958,-3.3275
19368,0.0027,0.3413,9.7226,-0.4958,-1.6669,-1.5223,-0.9834,-2.3984,-3.3371
19376,-0.0373,0.4343,9.6125,-0.5127,-1.9308,-1.6999,-0.9957,-2.4048,-3.3476
19384,-0.0220,0.3882,9.7069,-0.2329,-2.0124,-1.8004,-1.0037,-2.4069,-3.3585
19392,0.0455,0.3998,9.8442,-0.4960,-2.2852,-1.8778,-1.0117,-2.4090,-3.3693
19400,0.0752,0.4681,9.9253,-0.3555,-1.9940,-2.0958,-1.0173,-2.4135,-3.3825
19408,0.0593,0.4644,9.8214,-0.3999,-1.8436,-2.2803,-1.0229,-2.4180,-3.3955
19416,0.0052,0.5179,9.6477,-0.7224,-1.9290,-2.4220,-1.0332,-2.4186,-3.4028
19424,-0.0336,0.4643,9.5242,-0.6867,-1.8855,-2.6269,-1.0435,-2.4193,-3.4101
19432,-0.0702,0.4227,9.5856,-0.6366,-2.0624,-2.7588,-1.0537,-2.4199,-3.4173
19440,-0.0053,0.4957,9.7787,-0.8154,-2.2023,-2.8983,-1.0644,-2.4248,-3.4296
19448,-0.0701,0.4565,9.9256,-0.9463,-1.9894,-2.9597,-1.0750,-2.4297,-3.4419
19456,-0.0818,0.3413,9.7984,-0.9168,-2.0819,-2.9811,-1.0852,-2.4256,-3.4537
19464,-0.1201,0.3628,9.7822,-0.9127,-2.0129,-3.1428,-1.0953,-2.4215,-3.4654
19472,-0.1216,0.2967,9.7362,-1.2047,-1.7710,-3.3189,-1.1054,-2.4174,-3.4770
19480,-0.1748,0.2496,9.6225,-0.9799,-1.9263,-3.3459,-1.1183,-2.4200,-3.4867
19488,-0.2481,0.2830,9.6832,-0.8690,-1.8668,-3.4810,-1.1259,-2.4244,-3.4968
19496,-0.1790,0.1488,9.7021,-0.8483,-1.7726,-3.4502,-1.1336,-2.4227,-3.5068
19504,-0.1626,0.1290,9.7911,-0.6151,-1.9332,-3.5595,-1.1412,-2.4209,-3.5168
19512,-0.0662,0.1620,9.9410,-0.3601,-1.9241,-3.5680,-1.1530,-2.4197,-3.5229
19520,-0.0609,0.1054,9.9026,-0.6390,-1.6407,-3.6134,-1.1629,-2.4217,-3.5328
19528,-0.0935,0.1685,9.7539,-0.2630,-1.7004,-3.3795,-1.1780,-2.4257,-3.5445
19536,-0.0693,0.1340,9.7698,-0.2074,-1.5201,-3.3452,-1.1907,-2.4259,-3.5547
19544,-0.0159,0.1543,9.5987,-0.3516,-1.4891,-3.4510,-1.2034,-2.4260,-3.5649
19552,-0.0623,0.2155,9.5332,-0.0202,-1.5634,-3.4349,-1.2107,-2.4281,-3.5721
19560,-0.0000,0.2175,9.5873,0.1075,-1.6238,-3.5288,-1.2181,-2.4301,-3.5793
19568,0.0217,0.3118,9.7338,0.1548,-1.8762,-3.5280,-1.2269,-2.4355,-3.5865
19576,0.0318,0.2833,9.9615,0.2401,-1.6349,-3.6392,-1.2356,-2.4408,-3.5936
19584,0.0209,0.3577,9.7808,-0.0010,-1.5455,-3.6975,-1.2444,-2.4461,-3.6007
19592,0.0935,0.4087,9.6246,0.1578,-1.5267,-3.8759,-1.2516,-2.4457,-3.6101
19600,0.0931,0.3472,9.5858,-0.2370,-1.5060,-3.9159,-1.2589,-2.4453,-3.6195
19608,0.1160,0.3122,9.5466,-0.2599,-1.6489,-4.0154,-1.2694,-2.4506,-3.6245
19616,0.1946,0.3018,9.8249,0.0808,-1.4976,-4.0066,-1.2800,-2.4559,-3.6295
19624,0.2552,0.2506,9.9223,-0.4946,-1.2862,-4.0542,-1.2904,-2.4612,-3.6345
19632,0.2818,0.1117,9.9194,-0.3942,-1.2254,-4.0064,-1.3047,-2.4665,-3.6394
19640,0.2367,0.1528,9.8584,-0.3329,-1.2099,-4.0700,-1.3066,-2.4726,-3.6490
19648,0.2559,0.0492,9.7637,-0.5703,-1.0831,-3.9708,-1.3028,-2.4703,-3.6529
19656,0.2674,0.0234,9.6310,-0.4106,-1.2498,-3.9186,-1.2990,-2.4679,-3.6568
19664,0.2569,0.1753,9.7213,-0.1753,-1.6466,-3.8741,-1.2957,-2.4660,-3.6615
19672,0.3376,-0.0124,9.9361,-0.2169,-1.4020,-3.7434,-1.2924,-2.4680,-3.6696
19680,0.2434,0.0847,9.9314,-0.0007,-1.6081,-3.7279,-1.3019,-2.4723,-3.6785
19688,0.3859,0.0723,10.0096,0.0594,-1.6239,-3.6036,-1.3104,-2.4727,-3.6874
19696,0.3299,0.0679,9.8854,-0.3524,-1.5856,-3.5355,-1.3189,-2.4732,-3.6963
19704,0.2656,0.1177,9.8149,-0.1356,-1.8130,-3.4570,-1.3317,-2.4699,-3.7017
19712,0.1637,0.1450,9.7106,-0.3549,-1.4945,-3.5313,-1.3444,-2.4666,-3.7072
19720,0.2259,0.1597,9.6973,-0.1007,-1.5739,-3.5784,-1.3537,-2.4685,-3.7159
19728,0.2038,0.2354,9.7650,-0.3509,-1.6045,-3.5727,-1.3631,-2.4704,-3.7246
19736,0.1406,0.2205,9.8276,0.0019,-1.6098,-3.5406,-1.3724,-2.4724,-3.7332
19744,0.1480,0.2244,9.9708,-0.1701,-1.7535,-3.5765,-1.3797,-2.4724,-3.7404
19752,0.1092,0.3176,10.0530,-0.2600,-1.3362,-3.6376,-1.3871,-2.4724,-3.7475
19760,0.1010,0.2712,9.8345,-0.4018,-1.1986,-3.6800,-1.4015,-2.4733,-3.7546
19768,0.1004,0.2283,9.7811,-0.5162,-1.2402,-3.6832,-1.4159,-2.4743,-3.7616
19776,0.0506,0.2305,9.6800,-0.8256,-1.2374,-3.6676,-1.4302,-2.4752,-3.7686
19784,0.0703,0.1364,9.7416,-0.5694,-1.3814,-3.6287,-1.4436,-2.4738,-3.7775
19792,0.0985,0.1196,9.9786,-0.6311,-1.5884,-3.6928,-1.4555,-2.4714,-3.7844
19800,0.0931,0.1112,10.1010,-0.7381,-1.1891,-3.7408,-1.4697,-2.4738,-3.7922
19808,0.0668,-0.0126,10.0233,-0.9711,-1.0178,-3.5920,-1.4844,-2.4767,-3.7981
19816,0.0813,-0.0130,9.9483,-0.6739,-0.8994,-3.4657,-1.4990,-2.4795,-3.8040
19824,0.0151,0.0163,9.8505,-0.9416,-0.7622,-3.2996,-1.5078,-2.4776,-3.8112
19832,-0.0197,-0.0515,9.6694,-1.0084,-0.7910,-2.9915,-1.5195,-2.4837,-3.8165
19840,0.0290,-0.0259,9.7047,-0.5149,-1.2505,-2.6914,-1.5293,-2.4832,-3.8189
19848,0.0184,-0.0505,9.9183,-0.4990,-1.0205,-2.4979,-1.5414,-2.4851,-3.8308
19856,-0.0719,-0.0706,9.8743,-0.4891,-0.8753,-2.2621,-1.5534,-2.4870,-3.8426
19864,-0.0228,-0.0677,9.7730,-0.2636,-0.8992,-2.1033,-1.5654,-2.4888,-3.8544
19872,0.0603,0.0916,9.7957,-0.1067,-1.0019,-2.0608,-1.5793,-2.4850,-3.8585
19880,0.0667,-0.0777,9.9460,-0.6740,-0.7455,-2.0522,-1.5931,-2.4812,-3.8626
19888,-0.0545,-0.0432,9.8228,-0.4004,-0.6390,-1.8252,-1.6069,-2.4774,-3.8667
19896,0.0116,0.0208,9.8430,0.0985,-0.6119,-1.8189,-1.6164,-2.4792,-3.8745
19904,0.0632,0.0983,9.7707,-0.5497,-0.5245,-1.7435,-1.6258,-2.4811,-3.8823
19912,0.0488,0.0254,9.7202,0.0357,-0.5077,-1.7434,-1.6343,-2.4792,-3.8948
19920,0.1347,-0.0437,9.8422,-0.0045,-0.7049,-1.7459,-1.6427,-2.4773,-3.9072
19928,0.0079,0.1825,9.8364,0.0638,-0.5789,-1.7431,-1.6511,-2.4754,-3.9196
19936,0.0558,0.0916,9.7897,-0.1856,-0.3810,-1.8070,-1.6604,-2.4773,-3.9238
19944,0.0203,0.0435,9.6177,-0.5761,-0.2771,-1.8254,-1.6678,-2.4778,-3.9281
19952,0.0214,0.0596,9.5681,-0.2215,-0.4311,-1.8724,-1.6785,-2.4782,-3.9323
19960,-0.0208,0.0587,9.6881,-0.5517,-0.4663,-1.7867,-1.6892,-2.4811,-3.9397
19968,-0.0026,0.0529,9.7676,-0.5102,-0.4067,-1.8140,-1.6998,-2.4839,-3.9472
19976,-0.0293,0.0099,9.8518,-0.6091,-0.1897,-1.7788,-1.7099,-2.4801,-3.9508
19984,-0.0440,-0.0400,9.8538,-0.7998,0.0872,-1.7505,-1.7186,-2.4824,-3.9520
19992,-0.0950,-0.0278,9.6592,-0.9874,0.1839,-1.6941,-1.7291,-2.4852,-3.9569
20000,-0.1640,-0.0896,9.4791,-0.9881,0.3271,-1.6615,-1.7382,-2.4833,-3.9609
20008,-0.1495,-0.0471,9.4167,-0.7808,0.1467,-1.5183,-1.7472,-2.4814,-3.9649
20016,-0.1709,-0.1322,9.5576,-0.7826,0.0995,-1.4400,-1.7544,-2.4818,-3.9679
20024,-0.1757,-0.1863,9.6508,-0.4777,-0.1056,-1.2692,-1.7676,-2.4842,-3.9689
20032,-0.0557,-0.1246,9.8081,-0.2447,-0.0404,-1.2418,-1.7808,-2.4865,-3.9699
20040,-0.1134,-0.1139,9.7928,-0.3153,0.3473,-1.0663,-1.7869,-2.4889,-3.9743
20048,-0.1096,-0.1233,9.7033,-0.0814,0.3553,-0.8638,-1.7929,-2.4912,-3.9786
20056,-0.1726,-0.0654,9.6169,-0.2338,0.5177,-0.6355,-1.7989,-2.4935,-3.9828
20064,-0.1299,-0.0744,9.5975,0.1618,0.5289,-0.4092,-1.8073,-2.4958,-3.9838
20072,-0.2097,0.0554,9.5216,-0.3318,0.2677,-0.4195,-1.8157,-2.4981,-3.9847
20080,-0.1420,0.0504,9.5518,0.2734,0.1032,-0.3199,-1.8240,-2.5004,-3.9856
20088,-0.0326,0.0764,9.7253,0.1162,-0.3180,-0.2674,-1.8342,-2.5022,-3.9893
20096,-0.0428,0.1080,9.9730,-0.0235,-0.0436,-0.2412,-1.8467,-2.5040,-3.9977
20104,-0.0020,0.1071,9.9169,-0.2371,0.1922,-0.1548,-1.8592,-2.5044,-4.0023
20112,-0.0146,0.0484,9.8640,-0.7053,0.4684,-0.0508,-1.8673,-2.5019,-4.0054
20120,-0.0539,0.0336,9.5660,-0.9930,0.6551,0.0033,-1.8755,-2.4995,-4.0085
20128,-0.0558,-0.0596,9.4739,-1.0202,0.5671,0.2310,-1.8855,-2.5037,-4.0192
20136,-0.0770,-0.1143,9.5228,-1.2062,0.4028,0.3874,-1.8955,-2.5064,-4.0236
20144,-0.1090,-0.1419,9.7068,-0.9920,0.3258,0.5316,-1.9054,-2.5059,-4.0224
20152,-0.0564,-0.2097,9.8642,-0.9366,0.3988,0.6749,-1.9154,-2.5062,-4.0292
20160,-0.0179,-0.2146,9.8199,-0.8409,0.5246,0.9052,-1.9253,-2.5066,-4.0359
20168,-0.0732,-0.2622,9.6923,-0.8694,0.5329,1.0935,-1.9332,-2.5065,-4.0421
20176,-0.0655,-0.2371,9.5701,-0.5606,0.4955,1.3695,-1.9449,-2.5111,-4.0460
20184,-0.0398,-0.2903,9.5542,-0.5960,0.4117,1.6442,-1.9566,-2.5158,-4.0498
20192,-0.0047,-0.3044,9.6551,-0.2112,0.2249,1.8428,-1.9645,-2.5156,-4.0559
20200,0.1049,-0.2989,9.7764,-0.1393,0.2037,2.1900,-1.9723,-2.5155,-4.0621
20208,0.1089,-0.2648,9.7942,-0.0064,0.2340,2.4555,-1.9801,-2.5154,-4.0681
20216,0.1363,-0.2157,9.8217,-0.0234,0.2417,2.7226,-1.9875,-2.5134,-4.0713
20224,0.0703,-0.2172,9.7190,-0.2450,0.5183,3.0554,-1.9947,-2.5113,-4.0745
20232,0.1245,-0.1736,9.6397,0.1085,0.3882,3.4189,-2.0063,-2.5150,-4.0805
20240,0.0520,-0.0612,9.5917,-0.4842,0.3758,3.6599,-2.0178,-2.5187,-4.0865
20248,0.0870,-0.0460,9.4982,-0.1576,0.3106,3.9624,-2.0278,-2.5209,-4.0877
20256,0.1282,-0.0350,9.6372,-0.3227,-0.0077,4.1023,-2.0378,-2.5269,-4.0927
20264,0.0781,0.0351,9.7110,-0.4645,0.1198,4.3774,-2.0454,-2.5315,-4.0938
20272,0.1325,0.0661,9.6658,-0.3468,0.1218,4.4858,-2.0544,-2.5360,-4.1021
20280,0.1111,0.0651,9.7583,-0.8209,0.1611,4.6188,-2.0634,-2.5406,-4.1103
20288,0.0822,0.0874,9.5801,-1.0342,0.2013,4.6980,-2.0761,-2.5423,-4.1132
20296,0.1726,0.0091,9.6125,-0.8329,0.0024,4.7604,-2.0897,-2.5430,-4.1143
20304,0.1219,0.0882,9.7237,-1.1898,-0.1318,4.8148,-2.0971,-2.5466,-4.1200
20312,0.0924,-0.0379,9.8668,-1.1363,-0.0495,4.8907,-2.1045,-2.5501,-4.1258
20320,0.0726,-0.0947,9.8591,-1.0612,-0.0348,4.9394,-2.1138,-2.5575,-4.1277
20328,0.1298,-0.0075,9.7702,-1.1894,0.0060,4.9539,-2.1235,-2.5634,-4.1301
20336,0.1537,-0.1191,9.6938,-1.4320,0.2023,4.9411,-2.1332,-2.5693,-4.1324
20344,0.1026,-0.1144,9.6612,-1.0400,0.0060,5.0275,-2.1366,-2.5718,-4.1343
20352,0.1574,-0.1096,9.7919,-1.1664,-0.1603,5.1022,-2.1401,-2.5743,-4.1361
20360,0.1992,-0.1586,9.8907,-0.7833,0.0192,5.0642,-2.1435,-2.5769,-4.1379
20368,0.1906,-0.1565,9.9486,-0.6223,-0.0250,5.0573,-2.1536,-2.5784,-4.1397
20376,0.3063,-0.1473,9.7874,-0.8151,0.0233,5.0453,-2.1636,-2.5800,-4.1415
20384,0.1622,-0.0597,9.6497,-0.4233,-0.0692,5.0845,-2.1759,-2.5816,-4.1475
20392,0.1977,-0.0953,9.6486,-0.5794,-0.0589,5.0473,-2.1882,-2.5831,-4.1535
20400,0.1364,-0.0363,9.6940,-0.4940,-0.0811,5.1078,-2.2005,-2.5809,-4.1562
20408,0.2376,0.0220,9.7442,-0.1084,-0.1316,4.9336,-2.2089,-2.5867,-4.1626
20416,0.1534,0.1359,9.7569,-0.2995,-0.0520,4.9190,-2.2164,-2.5930,-4.1700
20424,0.2275,0.0580,9.7515,-0.0237,-0.0611,4.8704,-2.2285,-2.5978,-4.1735
20432,0.2075,0.1976,9.8035,-0.1973,-0.0512,4.7920,-2.2407,-2.6027,-4.1770
20440,0.2938,0.2515,9.7221,-0.1846,0.0596,4.6556,-2.2518,-2.6065,-4.1828
20448,0.4133,0.2364,9.7141,-0.3271,-0.1145,4.5972,-2.2638,-2.6151,-4.1901
20456,0.2964,0.3435,9.7524,-0.4767,-0.0596,4.3573,-2.2701,-2.6199,-4.1996
20464,0.3528,0.2049,9.8522,-0.6065,-0.1111,4.0266,-2.2783,-2.6265,-4.2073
20472,0.3182,0.2977,9.8550,-0.5625,-0.0750,3.7797,-2.2865,-2.6331,-4.2149
20480,0.3293,0.2646,9.9127,-0.7899,0.0076,3.3943,-2.2993,-2.6350,-4.2177
20488,0.2336,0.1632,9.8911,-0.9299,-0.0682,3.1697,-2.3121,-2.6369,-4.2205
20496,0.2122,0.2267,9.7732,-0.6852,-0.1727,2.8323,-2.3230,-2.6406,-4.2252
20504,0.1477,0.1653,9.7211,-0.9898,-0.1179,2.5523,-2.3338,-2.6444,-4.2299
20512,0.2424,0.0204,9.7013,-0.8705,-0.2681,2.4019,-2.3446,-2.6481,-4.2345
20520,0.1850,0.1135,9.8278,-0.7217,-0.4465,2.1913,-2.3535,-2.6485,-4.2420
20528,0.2388,-0.0538,10.0088,-0.8247,-0.3798,2.0647,-2.3623,-2.6489,-4.2494
20536,0.1791,-0.0767,9.9498,-0.8032,-0.4306,1.9889,-2.3730,-2.6535,-4.2506
20544,0.1282,-0.0678,9.9629,-0.6227,-0.5032,1.8685,-2.3837,-2.6582,-4.2518
20552,0.2143,-0.2123,9.9092,-0.7301,-0.5299,1.8893,-2.3924,-2.6638,-4.2535
20560,0.0585,-0.1996,9.7837,-0.7501,-0.6302,1.8772,-2.4011,-2.6655,-4.2595
20568,0.1115,-0.1431,9.7661,-0.3239,-0.9181,1.8550,-2.4097,-2.6659,-4.2644
20576,0.0425,-0.1370,9.8509,-0.4230,-0.7507,1.8017,-2.4151,-2.6700,-4.2750
20584,0.0675,-0.1378,9.8475,0.0129,-0.8573,1.8414,-2.4203,-2.6741,-4.2856
20592,0.0045,-0.0334,10.0093,-0.0529,-0.7566,1.9647,-2.4313,-2.6797,-4.2914
20600,0.0349,0.0005,9.9835,0.1162,-0.7589,2.1733,-2.4413,-2.6875,-4.2952
20608,-0.0897,0.1351,9.9169,0.0085,-0.6918,2.2022,-2.4512,-2.6907,-4.2991
20616,-0.0267,0.1380,9.6858,-0.1478,-0.5317,2.0937,-2.4592,-2.6952,-4.3043
20624,0.0013,0.1633,9.5446,0.0094,-0.7492,1.9740,-2.4672,-2.6997,-4.3095
20632,-0.0892,0.2564,9.6063,-0.3310,-0.7865,1.7262,-2.4761,-2.7033,-4.3147
20640,-0.0376,0.1767,9.6084,-0.3737,-1.0222,1.5666,-2.4850,-2.7068,-4.3199
20648,-0.0482,0.2298,9.8676,-0.3053,-1.1223,1.4113,-2.4881,-2.7127,-4.3274
20656,-0.0816,0.1854,9.9983,-0.9279,-0.9273,1.2467,-2.4912,-2.7186,-4.3348
20664,-0.1373,0.1111,9.9244,-0.7233,-0.8448,1.0174,-2.4944,-2.7244,-4.3423
20672,-0.1621,0.0857,9.8666,-0.9782,-0.7846,0.8381,-2.5046,-2.7255,-4.3440
20680,-0.2229,0.0587,9.5980,-1.3447,-0.6284,0.7626,-2.5148,-2.7266,-4.3457
20688,-0.2068,-0.0988,9.4815,-0.8045,-0.7430,0.7172,-2.5211,-2.7311,-4.3521
20696,-0.2069,-0.1293,9.5661,-1.0052,-1.0206,0.6283,-2.5274,-2.7355,-4.3585
20704,-0.2361,-0.1081,9.7273,-0.6559,-1.0221,0.7114,-2.5356,-2.7432,-4.3653
20712,-0.1386,-0.2707,9.8490,-0.2738,-0.9568,0.8708,-2.5443,-2.7466,-4.3702
20720,-0.0700,-0.2087,9.9210,-0.3484,-0.9344,0.9645,-2.5520,-2.7462,-4.3766
20728,-0.0557,-0.2879,9.9254,-0.2891,-0.5610,1.1849,-2.5577,-2.7439,-4.3843
20736,-0.2004,-0.2749,9.6945,-0.2644,-0.5159,1.3983,-2.5634,-2.7416,-4.3919
20744,-0.1414,-0.1396,9.5952,0.1432,-0.7421,1.5063,-2.5739,-2.7432,-4.3995
20752,-0.1403,-0.1858,9.5414,-0.2696,-0.5797,1.7216,-2.5824,-2.7466,-4.4057
20760,-0.1230,-0.1911,9.5091,0.3142,-0.8058,2.0422,-2.5894,-2.7495,-4.4100
20768,-0.0212,-0.1103,9.8179,0.3979,-1.0033,2.2234,-2.5979,-2.7505,-4.4147
20776,-0.0740,-0.0217,10.0226,0.2486,-0.7096,2.2660,-2.6063,-2.7516,-4.4194
20784,-0.0543,0.0111,9.8844,0.2311,-0.5700,2.2934,-2.6147,-2.7526,-4.4254
20792,0.0104,0.0458,9.7498,0.0357,-0.6125,2.3757,-2.6231,-2.7536,-4.4315
20800,-0.0399,0.1606,9.5615,-0.0444,-0.6984,2.3636,-2.6305,-2.7603,-4.4432
20808,-0.0513,0.2011,9.4886,-0.1318,-0.8687,2.2081,-2.6378,-2.7670,-4.4548
20816,-0.0598,0.2815,9.5761,-0.1913,-0.9408,2.0861,-2.6452,-2.7736,-4.4664
20824,-0.0219,0.1529,9.7314,-0.3708,-0.7804,2.0254,-2.6558,-2.7722,-4.4709
20832,-0.0163,0.2270,9.7461,-0.3239,-0.6750,1.8740,-2.6664,-2.7708,-4.4753
20840,-0.0290,0.2266,9.8388,-0.5350,-0.3690,1.7186,-2.6722,-2.7741,-4.4811
20848,-0.0997,0.1319,9.6470,-0.7582,-0.2229,1.6793,-2.6780,-2.7775,-4.4868
20856,-0.0070,0.2125,9.6894,-0.3796,-0.5099,1.3857,-2.6828,-2.7760,-4.4968
20864,0.0250,0.1065,9.7665,-0.9109,-0.2031,1.1929,-2.6910,-2.7803,-4.5010
20872,-0.0153,0.0200,9.6385,-0.5844,-0.2936,1.0566,-2.7029,-2.7836,-4.5124
20880,0.0448,0.0166,9.7432,-0.3254,-0.3082,0.8863,-2.7057,-2.7897,-4.5208
20888,0.1151,0.0084,9.7592,-0.4911,-0.1942,0.6514,-2.7085,-2.7958,-4.5292
20896,0.1159,-0.0869,9.7380,-0.2256,-0.1331,0.5388,-2.7132,-2.8000,-4.5437
20904,0.0988,-0.0725,9.6989,-0.1370,-0.0294,0.5057,-2.7222,-2.8037,-4.5519
20912,0.1148,0.0248,9.6193,0.0624,-0.1195,0.3968,-2.7259,-2.7984,-4.5606
20920,0.0901,-0.0985,9.6247,0.0824,0.0609,0.2820,-2.7329,-2.8050,-4.5659
20928,0.0891,-0.0246,9.5849,0.3576,-0.1025,0.2868,-2.7399,-2.8115,-4.5711
20936,0.1507,0.0130,9.8136,0.5407,0.0159,0.2275,-2.7469,-2.8157,-4.5773
20944,0.1421,0.0835,9.7928,0.4571,0.2358,0.1681,-2.7538,-2.8198,-4.5834
20952,0.1011,0.1391,9.7156,0.6865,0.2860,0.0419,-2.7583,-2.8239,-4.5894
20960,0.1647,0.1270,9.7137,0.5939,0.2407,-0.0041,-2.7628,-2.8280,-4.5954
20968,0.2050,0.1926,9.7679,0.5693,0.2481,-0.1947,-2.7673,-2.8321,-4.6014
20976,0.2291,0.1804,9.9583,0.4231,0.4152,-0.4676,-2.7728,-2.8353,-4.6106
20984,0.2436,0.2245,9.9524,0.1607,0.5722,-0.6273,-2.7782,-2.8384,-4.6197
20992,0.3150,0.0736,10.0217,0.2298,0.8451,-0.7720,-2.7878,-2.8410,-4.6331
21000,0.2471,0.0987,9.9911,-0.1709,1.1300,-0.8997,-2.7970,-2.8418,-4.6402
21008,0.2353,-0.0220,9.9912,-0.2900,1.4105,-1.0219,-2.8061,-2.8425,-4.6473
21016,0.2124,-0.0070,9.8323,-0.3399,1.3001,-1.0720,-2.8123,-2.8423,-4.6525
21024,0.2704,-0.0133,9.8248,-0.4943,1.1304,-1.1386,-2.8242,-2.8473,-4.6609
21032,0.2573,-0.1467,9.8858,-0.5006,1.1416,-1.1249,-2.8294,-2.8489,-4.6664
21040,0.3010,-0.2035,9.9656,-0.1493,0.9176,-1.0639,-2.8346,-2.8506,-4.6719
21048,0.3410,-0.2227,10.1416,-0.2054,1.1327,-0.9335,-2.8393,-2.8504,-4.6816
21056,0.3048,-0.2536,10.0035,-0.1790,1.3384,-0.8355,-2.8468,-2.8487,-4.6846
21064,0.3632,-0.2839,9.9350,-0.0445,1.3511,-0.6777,-2.8567,-2.8494,-4.6923
21072,0.3253,-0.2353,9.8630,-0.0811,1.4859,-0.4469,-2.8608,-2.8487,-4.7009
21080,0.2341,-0.1976,9.6890,0.0758,1.3508,-0.2902,-2.8649,-2.8480,-4.7094
21088,0.2960,-0.1759,9.6308,0.1859,1.2456,-0.1856,-2.8662,-2.8554,-4.7222
21096,0.2586,-0.1275,9.6583,0.2805,1.0917,0.0957,-2.8674,-2.8627,-4.7348
21104,0.2721,-0.1502,9.8850,0.6697,1.1099,0.1807,-2.8715,-2.8690,-4.7432
21112,0.1564,0.0247,9.8551,0.3458,1.2819,0.1606,-2.8755,-2.8754,-4.7515
21120,0.1031,0.1091,9.6764,0.5774,1.3024,0.2855,-2.8796,-2.8817,-4.7598
21128,0.1251,0.1591,9.6705,0.5055,1.1940,0.2502,-2.8864,-2.8842,-4.7699
21136,0.0962,0.1779,9.7001,0.1835,1.2130,0.2431,-2.8933,-2.8867,-4.7799
21144,0.0222,0.2313,9.7844,0.5129,1.1352,0.0417,-2.8953,-2.8854,-4.7852
21152,0.0163,0.3111,9.8224,0.1932,1.0741,-0.0176,-2.9021,-2.8841,-4.7942
21160,0.0643,0.2362,9.8891,0.0261,1.1571,-0.1517,-2.9089,-2.8828,-4.8032
21168,-0.0080,0.2076,9.9303,-0.0456,1.2710,-0.2905,-2.9152,-2.8810,-4.8158
21176,-0.0930,0.0893,9.9694,-0.2635,1.5720,-0.4686,-2.9209,-2.8859,-4.8280
21184,-0.1366,0.1821,9.7630,-0.3093,1.5132,-0.5083,-2.9295,-2.8851,-4.8406
21192,-0.0887,0.1705,9.7447,-0.2730,1.5396,-0.6742,-2.9343,-2.8843,-4.8474
21200,-0.1191,-0.0527,9.7354,-0.4677,1.5781,-0.7688,-2.9390,-2.8834,-4.8542
21208,-0.1489,-0.0607,9.8227,-0.0858,1.3110,-0.8753,-2.9476,-2.8850,-4.8642
21216,-0.1121,-0.0602,10.0201,-0.0593,1.3729,-0.9159,-2.9570,-2.8856,-4.8756
21224,-0.0665,-0.0838,9.9933,-0.1113,1.5814,-0.9040,-2.9616,-2.8862,-4.8856
21232,-0.0343,-0.1489,9.9982,-0.0597,1.6128,-0.8819,-2.9682,-2.8835,-4.8955
21240,0.0080,-0.1555,9.8605,-0.0477,1.6349,-0.8101,-2.9747,-2.8808,-4.9025
21248,-0.1113,-0.0671,9.7792,-0.0976,1.6373,-0.7922,-2.9812,-2.8781,-4.9094
21256,0.0153,-0.0724,9.8482,0.3454,1.4956,-0.5377,-2.9924,-2.8806,-4.9163
21264,-0.0100,-0.0183,9.9375,-0.0043,1.5841,-0.4543,-3.0035,-2.8831,-4.9232
21272,-0.0073,-0.0528,9.9636,0.6560,1.6367,-0.4173,-3.0146,-2.8856,-4.9300
21280,-0.0560,0.1169,10.0328,0.6234,1.6657,-0.4805,-3.0229,-2.8862,-4.9387
21288,-0.0448,0.2121,9.9470,0.4268,1.7521,-0.3196,-3.0311,-2.8868,-4.9473
21296,0.0240,0.1384,9.9809,0.5509,1.7360,-0.2591,-3.0369,-2.8883,-4.9559
21304,0.1195,0.2152,10.0065,0.2402,1.6167,-0.3586,-3.0445,-2.8880,-4.9649
21312,-0.0118,0.2797,10.1195,0.1005,1.7772,-0.4884,-3.0522,-2.8876,-4.9739
21320,-0.0044,0.3176,9.9666,-0.1559,1.7200,-0.6898,-3.0555,-2.8915,-4.9833
21328,0.0045,0.3432,10.0424,-0.3316,1.6761,-0.9758,-3.0594,-2.8902,-4.9912
21336,0.0322,0.2743,9.9205,-0.7397,1.8260,-1.0759,-3.0636,-2.8894,-4.9995
21344,-0.0821,0.1523,9.9515,-0.5033,1.7294,-1.2223,-3.0650,-2.8880,-5.0083
21352,-0.1136,0.2410,9.9804,-0.5039,1.6156,-1.3304,-3.0664,-2.8867,-5.0170
21360,-0.1152,0.2420,9.8740,-0.6511,1.8135,-1.5190,-3.0693,-2.8878,-5.0271
21368,-0.0311,0.0840,9.7636,-0.4266,1.7175,-1.6700,-3.0735,-2.8846,-5.0386
21376,-0.0319,0.1176,9.7362,-0.2545,1.5163,-1.7398,-3.0777,-2.8814,-5.0500
21384,-0.0221,0.0948,9.8621,0.0140,1.5985,-1.8758,-3.0800,-2.8806,-5.0567
21392,-0.0898,0.1781,9.8699,0.1588,1.5998,-2.0033,-3.0823,-2.8798,-5.0633
21400,-0.0536,0.1185,9.9134,0.3213,1.7558,-2.0238,-3.0845,-2.8790,-5.0698
21408,-0.0268,0.0369,9.8052,0.2393,1.6729,-1.8541,-3.0896,-2.8787,-5.0806
21416,-0.1018,0.1644,9.8394,0.4222,1.4470,-2.0092,-3.0947,-2.8783,-5.0913
21424,-0.1173,0.1640,9.8976,0.2931,1.4523,-1.9521,-3.0984,-2.8757,-5.1030
21432,-0.1236,0.0958,9.8569,0.1244,1.4706,-1.8442,-3.1020,-2.8730,-5.1145
21440,-0.0828,0.1880,9.8202,0.2110,1.2989,-1.6930,-3.1056,-2.8703,-5.1261
21448,-0.1420,0.2228,9.8288,0.2059,1.5880,-1.6791,-3.1134,-2.8757,-5.1337
21456,-0.2525,0.2059,9.6557,-0.0604,1.6804,-1.6792,-3.1213,-2.8772,-5.1447
21464,-0.2022,0.2467,9.5338,0.2796,1.5875,-1.6019,-3.1291,-2.8788,-5.1556
21472,-0.1462,0.1387,9.6243,0.1408,1.4400,-1.4933,-3.1349,-2.8799,-5.1659
21480,-0.1898,0.2068,9.7116,0.0401,1.3603,-1.5841,-3.1408,-2.8786,-5.1762
21488,-0.2029,0.2744,9.7916,0.0770,1.4573,-1.5003,-3.1438,-2.8802,-5.1870
21496,-0.1942,0.2062,9.7378,0.0271,1.7608,-1.4309,-3.1501,-2.8808,-5.1991
21504,-0.2360,0.0952,9.6126,-0.5140,1.6244,-1.3618,-3.1564,-2.8814,-5.2111
21512,-0.2943,0.1105,9.3973,-0.2528,1.4193,-1.1490,-3.1659,-2.8811,-5.2259
21520,-0.2914,0.1353,9.4365,-0.2430,1.1058,-0.9509,-3.1745,-2.8793,-5.2378
21528,-0.2443,0.0799,9.4794,-0.7696,1.0033,-0.7855,-3.1830,-2.8776,-5.2496
21536,-0.2038,0.0315,9.5627,-0.1559,0.8120,-0.6433,-3.1887,-2.8763,-5.2666
21544,-0.1673,0.0128,9.7398,-0.3664,0.7757,-0.4886,-3.1944,-2.8750,-5.2834
21552,-0.2380,0.0496,9.7137,-0.3943,0.8824,-0.3754,-3.2000,-2.8738,-5.3002
21560,-0.2328,0.0798,9.6454,-0.0876,0.8430,-0.3444,-3.2071,-2.8687,-5.3121
21568,-0.1507,0.0811,9.5964,-0.2824,0.7520,-0.3895,-3.2141,-2.8637,-5.3239
21576,-0.1975,0.0604,9.6541,-0.0073,0.5797,-0.3660,-3.2196,-2.8587,-5.3356
21584,-0.1720,0.0972,9.8001,-0.0109,0.3856,-0.3994,-3.2252,-2.8537,-5.3473
21592,-0.1394,0.1857,9.9259,0.1429,0.4240,-0.3941,-3.2307,-2.8487,-5.3589
21600,-0.0907,0.1979,9.8661,0.1141,0.5140,-0.5197,-3.2381,-2.8456,-5.3708
21608,-0.1341,0.2622,9.8089,-0.0255,0.5201,-0.5491,-3.2412,-2.8468,-5.3832
21616,-0.1548,0.2967,9.8090,0.0517,0.4646,-0.6545,-3.2448,-2.8452,-5.3950
21624,-0.1078,0.2860,9.8341,-0.2932,0.4568,-0.7554,-3.2483,-2.8435,-5.4068
21632,-0.0590,0.2741,9.9047,-0.3349,0.3508,-0.8545,-3.2533,-2.8428,-5.4184
21640,0.0207,0.2687,10.0256,-0.3695,0.4413,-1.0986,-3.2568,-2.8412,-5.4324
21648,-0.0119,0.2589,10.0880,-0.5653,0.6639,-1.2307,-3.2627,-2.8429,-5.4495
21656,0.0379,0.2627,9.9167,-0.7792,0.8368,-1.3917,-3.2662,-2.8375,-5.4666
21664,-0.0255,0.1929,9.7776,-0.9864,0.9914,-1.3990,-3.2696,-2.8321,-5.4802
21672,-0.0469,0.0490,9.6063,-1.1498,0.8726,-1.4832,-3.2731,-2.8229,-5.4938
21680,-0.0289,0.0697,9.5874,-0.8235,0.3830,-1.5558,-3.2765,-2.8137,-5.5073
21688,0.0407,0.0455,9.7247,-0.7034,0.2669,-1.7133,-3.2814,-2.8108,-5.5230
21696,0.1323,-0.0278,9.8322,-0.6472,0.2304,-1.7198,-3.2862,-2.8078,-5.5387
21704,0.2294,-0.0158,9.9203,-0.2629,0.1476,-1.8674,-3.2910,-2.8049,-5.5543
21712,0.2812,-0.0492,10.0095,-0.3140,0.4150,-1.8939,-3.2977,-2.8048,-5.5678
21720,0.2739,-0.0019,9.8931,-0.3495,0.4574,-1.9885,-3.3044,-2.8047,-5.5813
21728,0.3102,0.0418,9.7936,0.0085,0.3807,-2.0097,-3.3101,-2.8017,-5.5943
21736,0.3434,0.0221,9.7333,-0.1024,0.1953,-2.0833,-3.3158,-2.7988,-5.6071
21744,0.3001,0.1428,9.7702,0.0928,-0.2194,-2.1190,-3.3205,-2.7973,-5.6232
21752,0.3416,0.1408,9.9197,0.2821,-0.2665,-2.2971,-3.3261,-2.7944,-5.6382
21760,0.4342,0.1723,9.9221,0.0685,-0.3383,-2.3981,-3.3294,-2.7915,-5.6508
21768,0.4680,0.2308,9.9825,0.0989,-0.3723,-2.4467,-3.3373,-2.7910,-5.6680
21776,0.4584,0.2597,10.0358,0.1013,-0.3674,-2.5972,-3.3453,-2.7905,-5.6852
21784,0.3901,0.2798,9.9883,-0.2377,-0.3575,-2.7998,-3.3504,-2.7895,-5.7013
21792,0.3751,0.2234,9.7960,-0.1166,-0.4093,-2.9481,-3.3602,-2.7870,-5.7153
21800,0.4291,0.2443,9.7008,-0.0247,-0.8215,-3.0607,-3.3647,-2.7818,-5.7331
21808,0.3348,0.2600,9.7904,-0.2409,-0.9276,-3.3069,-3.3740,-2.7775,-5.7475
21816,0.4140,0.2227,9.9107,0.0510,-1.0665,-3.4945,-3.3832,-2.7732,-5.7618
21824,0.3239,0.2328,10.0879,-0.3338,-0.8979,-3.6604,-3.3848,-2.7723,-5.7764
21832,0.4091,0.1152,9.9832,-0.2298,-0.8408,-3.7152,-3.3865,-2.7714,-5.7910
21840,0.1838,0.1596,9.9462,-0.1837,-0.8474,-3.8048,-3.3938,-2.7629,-5.8064
21848,0.2035,0.0002,9.8627,-0.3449,-0.8138,-3.9492,-3.4010,-2.7544,-5.8217
21856,0.0802,0.0383,9.8408,-0.1604,-1.0243,-4.0393,-3.4083,-2.7459,-5.8369
21864,0.1649,-0.1214,9.9436,-0.0640,-0.8496,-4.0721,-3.4136,-2.7394,-5.8539
21872,0.0284,-0.0754,9.8607,-0.2998,-0.8719,-4.1542,-3.4189,-2.7328,-5.8708
21880,0.0219,-0.0138,9.8254,0.2907,-0.9625,-4.2433,-3.4275,-2.7297,-5.8871
21888,-0.0240,-0.0574,9.9036,-0.0273,-0.8945,-4.2566,-3.4361,-2.7265,-5.9034
21896,-0.0442,-0.0480,9.8797,0.0740,-0.9762,-4.1732,-3.4437,-2.7214,-5.9214
21904,-0.0305,-0.0291,9.9314,0.2748,-1.0169,-4.1122,-3.4499,-2.7131,-5.9351
21912,-0.0733,-0.0184,9.9741,0.2962,-0.8585,-4.0778,-3.4546,-2.7076,-5.9486
21920,-0.0442,0.0005,9.8742,-0.0647,-0.8804,-3.9996,-3.4597,-2.6988,-5.9682
21928,-0.1016,-0.0262,9.7802,0.1609,-0.5920,-3.9142,-3.4649,-2.6900,-5.9877
21936,-0.0579,-0.0362,9.6929,-0.0234,-0.7829,-3.8458,-3.4724,-2.6827,-6.0062
21944,-0.1527,0.1806,9.6439,0.0723,-0.8801,-3.7724,-3.4808,-2.6736,-6.0216
21952,-0.0928,0.0789,9.7740,0.2226,-0.8877,-3.7023,-3.4878,-2.6644,-6.0370
21960,-0.1346,0.1395,9.8244,-0.0177,-1.0070,-3.6832,-3.4919,-2.6581,-6.0551
21968,-0.0846,0.1156,9.9182,0.3498,-0.9050,-3.6222,-3.4960,-2.6519,-6.0731
21976,-0.0835,0.0902,9.8460,0.0079,-0.6476,-3.6813,-3.5010,-2.6456,-6.0886
21984,-0.0857,0.1643,9.7784,0.0089,-0.7560,-3.7778,-3.5060,-2.6394,-6.1040
21992,-0.0007,0.2428,9.7978,-0.0247,-0.7530,-3.8594,-3.5100,-2.6323,-6.1217
22000,-0.0677,0.0741,9.9461,-0.4169,-0.5022,-3.8467,-3.5140,-2.6251,-6.1392
22008,0.0051,0.0081,9.9022,-0.4506,-0.4117,-3.8346,-3.5181,-2.6180,-6.1567
22016,-0.0361,0.1674,9.9608,-0.2988,-0.4291,-3.7644,-3.5254,-2.6157,-6.1740
22024,0.0656,-0.0860,9.9911,-0.9190,-0.0991,-3.6039,-3.5327,-2.6133,-6.1912
22032,0.0634,-0.0325,9.7698,-0.7228,-0.3355,-3.5011,-3.5361,-2.6053,-6.2088
22040,0.1087,-0.1030,9.9723,-0.3457,-0.2016,-3.5601,-3.5396,-2.5973,-6.2263
22048,0.0946,-0.1075,9.9031,-0.8679,0.0944,-3.5499,-3.5468,-2.5913,-6.2423
22056,0.1629,-0.0893,9.8870,-0.1085,0.0815,-3.6068,-3.5512,-2.5809,-6.2548
22064,0.2320,-0.1307,9.9348,-0.2037,0.2292,-3.6345,-3.5603,-2.5721,-6.2720
22072,0.3023,-0.0957,9.8541,-0.0547,0.0637,-3.5864,-3.5674,-2.5590,-6.2896
22080,0.2779,-0.0672,10.0226,0.3490,0.0042,-3.5324,-3.5746,-2.5459,-6.3070
22088,0.2614,-0.0041,10.0297,0.2125,0.1472,-3.4567,-3.5784,-2.5377,-6.3201
22096,0.2642,-0.0322,9.9305,0.1806,0.4200,-3.3550,-3.5822,-2.5285,-6.3364
22104,0.3378,-0.0963,9.8589,0.2141,0.4302,-3.2817,-3.5883,-2.5217,-6.3536
22112,0.3324,-0.0436,9.8087,0.2035,0.2240,-3.3077,-3.5944,-2.5135,-6.3697
22120,0.3266,-0.0247,9.9131,0.2760,0.1734,-3.1699,-3.6005,-2.5053,-6.3857
22128,0.3063,-0.0481,9.9867,0.4493,0.1944,-3.0940,-3.5943,-2.4953,-6.3988
22136,0.3700,-0.0929,10.0533,0.3271,0.2145,-2.9522,-3.5881,-2.4852,-6.4118
22144,0.2632,-0.0852,9.9600,0.3409,0.5483,-2.7872,-3.5795,-2.4743,-6.4233
22152,0.2685,-0.0750,9.7699,0.3193,0.4542,-2.6748,-3.5710,-2.4634,-6.4347
22160,0.2930,0.0330,9.6262,0.3468,0.1483,-2.6260,-3.5625,-2.4526,-6.4460
22168,0.2413,-0.0478,9.6787,0.2290,0.2050,-2.5046,-3.5644,-2.4403,-6.4611
22176,0.1836,-0.1478,9.7632,0.1084,0.0753,-2.2446,-3.5663,-2.4281,-6.4760
22184,0.2216,-0.1239,9.8729,0.4651,0.0926,-2.2039,-3.5687,-2.4179,-6.4923
22192,0.1853,-0.0691,9.9298,0.2408,0.1011,-2.0343,-3.5711,-2.4076,-6.5084
22200,0.1275,-0.2121,9.8956,-0.1390,0.2959,-1.8055,-3.5753,-2.4031,-6.5264
22208,0.2018,-0.2059,9.8105,0.3485,0.0715,-1.6373,-3.5810,-2.3957,-6.5419
22216,0.1802,-0.2093,9.9403,0.0280,0.2516,-1.4632,-3.5895,-2.3870,-6.5625
22224,0.0413,-0.1422,9.7293,-0.0865,0.3545,-1.2274,-3.5951,-2.3797,-6.5792
22232,0.0723,-0.1781,9.6987,0.3507,0.4049,-1.0552,-3.6007,-2.3724,-6.5957
22240,0.0539,-0.2229,9.6387,0.0088,0.5545,-0.7225,-3.6101,-2.3637,-6.6112
22248,0.1083,-0.1987,9.5348,0.3751,0.2921,-0.4150,-3.6161,-2.3560,-6.6304
22256,0.0824,-0.1500,9.6876,0.5201,0.2332,-0.1477,-3.6207,-2.3498,-6.6423
22264,0.0908,-0.1678,9.7020,0.4028,0.2116,0.1346,-3.6276,-2.3398,-6.6589
22272,0.1363,-0.1334,9.7642,0.6719,0.1776,0.3619,-3.6345,-2.3298,-6.6754
22280,0.1496,-0.1232,9.7827,0.8066,0.3717,0.6006,-3.6433,-2.3217,-6.6955
22288,0.0888,-0.0434,9.6459,0.5167,0.3494,0.8262,-3.6520,-2.3137,-6.7155
22296,0.0825,0.0694,9.6233,0.8902,0.2933,1.1299,-3.6598,-2.3019,-6.7345
22304,0.1178,-0.0313,9.7317,0.8580,0.3464,1.2470,-3.6675,-2.2901,-6.7533
22312,0.0477,0.1027,9.7146,0.7525,0.1785,1.4523,-3.6752,-2.2784,-6.7720
22320,0.0403,0.1182,9.7651,1.0010,0.2152,1.4913,-3.6839,-2.2742,-6.7915
22328,-0.0192,0.1309,9.6364,0.6253,0.2157,1.6780,-3.6924,-2.2701,-6.8109
22336,-0.0207,0.1988,9.5882,0.7007,0.0189,1.6965,-3.6991,-2.2651,-6.8288
22344,0.0280,0.1706,9.8138,0.6848,0.0946,1.7168,-3.7053,-2.2610,-6.8437
22352,-0.0572,0.1874,9.8677,0.5389,0.2977,1.7389,-3.7114,-2.2570,-6.8585
22360,-0.0706,0.0596,9.9925,0.5834,0.4732,1.7227,-3.7195,-2.2520,-6.8785
22368,-0.1273,0.1598,9.8531,0.6873,0.5638,1.7259,-3.7213,-2.2437,-6.8959
22376,-0.0839,-0.0096,9.8576,0.6880,0.7010,1.7556,-3.7264,-2.2368,-6.9089
22384,-0.1352,0.0007,9.7474,0.7713,0.5496,1.7494,-3.7325,-2.2300,-6.9233
22392,-0.1298,0.0127,9.9543,1.0163,0.5728,1.7700,-3.7386,-2.2232,-6.9376
22400,-0.1517,-0.0220,9.9315,0.5706,0.8830,2.0085,-3.7460,-2.2131,-6.9541
22408,-0.1356,-0.0210,9.8757,0.8964,0.7689,2.0658,-3.7510,-2.2078,-6.9705
22416,-0.0982,-0.0452,9.8718,0.5599,0.8119,2.2114,-3.7566,-2.2020,-6.9859
22424,-0.1296,-0.0093,9.7935,0.8035,0.8423,2.3212,-3.7620,-2.1962,-7.0011
22432,-0.0887,0.0124,9.8675,0.9057,0.7753,2.4982,-3.7685,-2.1905,-7.0163
22440,-0.1018,0.0670,9.7996,0.7502,0.9300,2.5474,-3.7748,-2.1847,-7.0313
22448,-0.0703,0.0668,9.6899,0.9615,0.8326,2.4826,-3.7807,-2.1809,-7.0491
22456,-0.1430,0.1158,9.6358,0.5582,1.0140,2.4925,-3.7866,-2.1771,-7.0668
22464,-0.1013,0.1350,9.5048,0.7591,1.0196,2.5047,-3.7925,-2.1733,-7.0844
22472,-0.0476,0.2172,9.7206,0.9727,0.9022,2.4657,-3.7954,-2.1686,-7.1014
22480,0.0014,0.1890,9.9591,0.5315,1.0167,2.3671,-3.7984,-2.1639,-7.1182
22488,-0.0936,0.2059,9.8470,0.5364,1.0568,2.3741,-3.8019,-2.1563,-7.1355
22496,0.0404,0.2439,9.8567,0.8183,0.7725,2.3594,-3.8081,-2.1531,-7.1545
22504,-0.0109,0.2492,9.7557,-0.0721,0.9433,2.3028,-3.8144,-2.1498,-7.1734
22512,-0.0268,0.1783,9.5108,0.1112,0.8052,2.2912,-3.8168,-2.1485,-7.1941
22520,0.0439,0.2477,9.6468,0.1317,0.6119,2.1949,-3.8244,-2.1405,-7.2080
22528,0.0027,0.1688,9.9138,-0.2993,0.8271,2.2761,-3.8349,-2.1416,-7.2247
22536,0.0010,-0.0115,9.9554,-0.3462,0.9501,2.3991,-3.8452,-2.1379,-7.2413
22544,-0.0384,0.0564,9.9206,-0.2683,0.9558,2.4687,-3.8556,-2.1342,-7.2577
22552,-0.0955,-0.1050,9.7015,-0.6791,1.1346,2.6366,-3.8612,-2.1253,-7.2721
22560,-0.1006,-0.1818,9.4718,-0.4480,0.7882,2.7678,-3.8667,-2.1156,-7.2907
22568,-0.0743,-0.1920,9.6283,-0.2244,0.6490,3.0079,-3.8722,-2.1120,-7.3011
22576,-0.1130,-0.3630,9.7116,-0.4558,0.9851,3.2482,-3.8744,-2.1046,-7.3138
22584,-0.1224,-0.3337,9.7124,0.1068,0.8453,3.6274,-3.8765,-2.0972,-7.3264
22592,-0.1314,-0.2858,9.8141,0.0849,0.8369,3.9259,-3.8786,-2.0899,-7.3389
22600,-0.1431,-0.4037,9.7308,0.1306,0.9729,4.3074,-3.8817,-2.0788,-7.3536
22608,-0.1406,-0.3505,9.7634,0.5716,0.7856,4.6402,-3.8847,-2.0677,-7.3683
22616,-0.1410,-0.2550,9.7756,0.5907,0.7611,4.9558,-3.8929,-2.0567,-7.3828
22624,-0.1778,-0.2132,9.6177,0.7529,0.7084,5.2896,-3.9011,-2.0538,-7.4001
22632,-0.2284,-0.2327,9.6355,0.9000,0.7993,5.6141,-3.9093,-2.0508,-7.4173
22640,-0.1759,-0.1648,9.5760,0.6514,0.7743,5.8418,-3.9127,-2.0455,-7.4344
22648,-0.1911,-0.0364,9.5851,0.9417,0.7183,6.0515,-3.9160,-2.0379,-7.4528
22656,-0.1357,0.0356,9.6798,0.6192,0.6141,6.0654,-3.9194,-2.0303,-7.4710
22664,-0.1744,0.0830,9.7091,0.5642,0.6612,6.3026,-3.9213,-2.0217,-7.4849
22672,-0.0928,0.0895,9.7488,0.5276,0.5701,6.3509,-3.9260,-2.0151,-7.4969
22680,-0.1210,0.2128,9.7733,0.1086,0.6324,6.3303,-3.9340,-2.0133,-7.5158
22688,-0.0477,0.1723,9.7239,0.1479,0.7240,6.3773,-3.9410,-2.0043,-7.5313
22696,0.0364,0.1111,9.7563,-0.1798,0.7636,6.4036,-3.9480,-1.9954,-7.5467
22704,0.0292,0.1226,9.8534,-0.3279,0.8361,6.5061,-3.9469,-1.9902,-7.5605
22712,0.0509,0.0410,9.8133,-0.3575,0.9748,6.5374,-3.9510,-1.9842,-7.5786
22720,0.0532,0.0046,9.7998,-0.3937,0.9527,6.6794,-3.9556,-1.9824,-7.5898
22728,0.0858,-0.0466,9.7739,-0.6231,0.8863,6.8284,-3.9658,-1.9821,-7.6129
22736,0.1299,-0.1244,9.7796,-0.4878,0.8094,6.9283,-3.9760,-1.9817,-7.6357
22744,0.1539,-0.1442,9.8982,-0.4331,0.7413,7.0319,-3.9862,-1.9814,-7.6585
22752,0.2070,-0.1599,9.8625,-0.5327,0.8521,7.1255,-3.9953,-1.9740,-7.6754
22760,0.1999,-0.1886,9.7478,0.0093,0.8914,7.0978,-4.0044,-1.9666,-7.6922
22768,0.1853,-0.1267,9.7159,0.0610,0.6436,7.1512,-4.0106,-1.9634,-7.7102
22776,0.1594,-0.1577,9.6934,0.1397,0.6414,7.1970,-4.0168,-1.9603,-7.7282
22784,0.1933,-0.1265,9.7309,0.7056,0.5699,7.2354,-4.0230,-1.9572,-7.7460
22792,0.2121,-0.0550,9.9608,0.7615,0.6162,7.2162,-4.0291,-1.9527,-7.7637
22800,0.2232,0.0133,9.9045,0.9030,0.7138,7.1871,-4.0329,-1.9496,-7.7803
22808,0.2615,0.0783,9.9415,1.1689,0.7192,7.2793,-4.0375,-1.9451,-7.7992
22816,0.2438,0.1075,9.9427,0.7405,0.9883,7.1835,-4.0422,-1.9406,-7.8179
22824,0.2214,0.2688,9.7784,1.0428,0.8563,7.0812,-4.0444,-1.9347,-7.8327
22832,0.1428,0.3446,9.8151,0.9693,1.1541,6.9781,-4.0509,-1.9345,-7.8470
22840,0.1378,0.3571,9.7017,0.7710,1.0549,6.7301,-4.0550,-1.9282,-7.8682
22848,0.1059,0.4532,9.6683,0.9200,0.9066,6.4849,-4.0591,-1.9219,-7.8893
22856,0.1854,0.4090,9.6713,0.7718,0.8849,6.1092,-4.0659,-1.9222,-7.9074
22864,0.0816,0.4823,9.5806,0.7075,0.6721,5.7366,-4.0742,-1.9201,-7.9273
22872,0.1497,0.5428,9.6202,0.9206,0.6633,5.4762,-4.0758,-1.9138,-7.9457
22880,0.2483,0.4741,9.8159,0.8604,0.7055,5.0726,-4.0826,-1.9109,-7.9654
22888,0.1230,0.5117,9.8746,0.5949,0.8739,4.7026,-4.0894,-1.9079,-7.9849
22896,0.1540,0.5275,9.6088,0.4316,0.8429,4.2128,-4.0961,-1.9050,-8.0043
22904,0.1078,0.4844,9.4713,0.6301,0.8346,3.8404,-4.1043,-1.9077,-8.0203
22912,0.1288,0.4012,9.4571,0.3160,0.6320,3.4843,-4.1124,-1.9105,-8.0361
22920,0.1064,0.3304,9.6100,0.4315,0.4916,3.1732,-4.1171,-1.9066,-8.0562
22928,0.1923,0.2050,9.7825,0.5661,0.5040,2.8329,-4.1218,-1.9027,-8.0761
22936,0.1743,0.2645,9.7856,0.1801,0.5319,2.6569,-4.1265,-1.8988,-8.0958
22944,0.1512,0.1079,9.6595,0.1043,0.7132,2.4859,-4.1298,-1.8982,-8.1146
22952,0.1508,0.0091,9.5353,0.2691,0.5692,2.2984,-4.1340,-1.8901,-8.1331
22960,0.1213,0.0872,9.5014,0.0587,0.3969,2.1724,-4.1438,-1.8858,-8.1530
22968,0.1306,0.0309,9.5093,0.3856,0.2454,2.0546,-4.1536,-1.8815,-8.1728
22976,0.1203,0.0469,9.6176,0.5808,0.0899,2.1046,-4.1548,-1.8715,-8.1920
22984,0.0468,0.0226,9.7380,0.5888,0.1839,1.9524,-4.1641,-1.8678,-8.2063
22992,0.1543,-0.0162,9.6838,1.0364,0.1351,1.9509,-4.1700,-1.8640,-8.2239
23000,0.0734,0.1459,9.6872,1.0965,-0.0156,1.9654,-4.1782,-1.8602,-8.2451
23008,-0.0043,0.0940,9.5449,0.7779,0.1870,1.9846,-4.1865,-1.8565,-8.2662
23016,-0.1220,0.1308,9.2850,0.9613,0.1274,1.9177,-4.1871,-1.8537,-8.2838
23024,-0.0900,0.2352,9.2684,1.0913,-0.1456,1.8777,-4.1877,-1.8457,-8.3027
23032,-0.1075,0.2823,9.3487,0.4850,-0.3453,1.8448,-4.1930,-1.8392,-8.3192
23040,-0.1161,0.2106,9.6823,1.2039,-0.5790,1.7493,-4.1982,-1.8327,-8.3355
23048,-0.1498,0.2277,9.9668,0.6620,-0.3411,1.6713,-4.2035,-1.8262,-8.3517
23056,-0.0728,0.2591,9.7888,0.5011,-0.1083,1.6821,-4.2092,-1.8216,-8.3707
23064,-0.1799,0.2238,9.6132,0.5366,0.0770,1.6897,-4.2149,-1.8170,-8.3895
23072,-0.2499,0.2624,9.3281,-0.1948,0.0782,1.6597,-4.2191,-1.8111,-8.4096
23080,-0.0341,0.1639,9.1203,0.2604,-0.2486,1.6736,-4.2233,-1.8051,-8.4297
23088,-0.0200,0.2856,9.5261,0.8851,-1.0412,1.5776,-4.2275,-1.7992,-8.4495
23096,-0.0351,0.1494,9.8287,-0.0242,-1.1244,1.5605,-4.2302,-1.7966,-8.4698
23104,-0.0893,0.0042,9.9140,1.0796,-0.9613,1.6934,-4.2334,-1.7968,-8.4894
23112,0.0175,0.2090,10.0116,1.0231,-0.9467,1.6259,-4.2409,-1.7966,-8.5127
23120,-0.0426,0.1707,9.8954,0.2278,-0.1781,1.5133,-4.2483,-1.7964,-8.5359
23128,-0.0451,-0.0038,9.6532,-0.0021,-0.2111,1.5630,-4.2547,-1.7928,-8.5570
23136,-0.3014,0.1002,9.4139,0.4767,-0.6906,1.7012,-4.2578,-1.7869,-8.5770
23144,-0.2069,-0.1041,9.4425,0.5719,-0.8292,1.8680,-4.2613,-1.7853,-8.5940
23152,-0.0957,-0.0288,9.5148,0.6043,-1.3883,1.9608,-4.2691,-1.7808,-8.6171
23160,-0.0918,-0.0582,9.8791,0.9846,-1.6004,2.0442,-4.2769,-1.7764,-8.6400
23168,-0.0713,-0.0993,10.0561,1.0283,-1.4858,2.2147,-4.2775,-1.7744,-8.6561
23176,-0.0633,-0.0623,10.1397,1.3421,-1.3869,2.4497,-4.2781,-1.7723,-8.6722
23184,-0.0547,-0.0051,10.0277,1.4501,-1.2044,2.6531,-4.2843,-1.7712,-8.6904
23192,-0.0423,0.0170,9.8472,1.7721,-1.2698,2.8529,-4.2906,-1.7701,-8.7086
23200,-0.0594,0.1923,9.6191,2.0400,-1.3377,2.9986,-4.2968,-1.7690,-8.7266
23208,-0.0830,0.2271,9.5607,2.2428,-1.4266,3.0234,-4.3020,-1.7656,-8.7478
23216,-0.0351,0.2235,9.6437,2.3595,-1.6663,2.9830,-4.3072,-1.7621,-8.7689
23224,0.0851,0.3487,9.9214,2.4844,-1.8316,2.8164,-4.3148,-1.7587,-8.7884
23232,0.0660,0.4574,10.1910,2.3264,-1.5229,2.7451,-4.3223,-1.7553,-8.8078
23240,0.0049,0.4073,10.1242,1.6741,-1.1424,2.6076,-4.3298,-1.7519,-8.8270
23248,-0.1032,0.4285,9.8192,1.6823,-1.0692,2.4281,-4.3354,-1.7456,-8.8447
23256,0.0992,0.4399,9.5104,1.3755,-1.3512,2.1284,-4.3405,-1.7422,-8.8637
23264,0.2390,0.3919,9.2538,1.1514,-1.6689,1.8739,-4.3441,-1.7379,-8.8850
23272,0.3082,0.4386,9.4406,1.5878,-2.4153,1.5211,-4.3477,-1.7336,-8.9061
23280,0.5047,0.3047,9.9240,1.3251,-2.3878,1.1358,-4.3508,-1.7312,-8.9243
23288,0.5681,0.2591,10.0808,1.3432,-2.1881,0.6340,-4.3516,-1.7288,-8.9413
23296,0.7663,0.2625,10.1388,1.2112,-2.0319,0.3114,-4.3551,-1.7269,-8.9635
23304,0.7288,0.1562,10.1563,0.4876,-1.6398,-0.0530,-4.3606,-1.7193,-8.9827
23312,0.5988,0.1297,9.9712,0.7050,-1.7715,-0.4708,-4.3660,-1.7118,-9.0018
23320,0.6291,0.0953,10.0060,0.3689,-1.6335,-0.7850,-4.3732,-1.7085,-9.0221
23328,0.6425,0.0446,9.7537,0.2502,-1.5574,-0.9201,-4.3805,-1.7052,-9.0423
23336,0.5439,0.0652,9.7996,0.7447,-1.6794,-1.1934,-4.3839,-1.7034,-9.0624
23344,0.4497,0.1562,9.9983,0.6122,-1.4094,-1.5053,-4.3874,-1.7016,-9.0824
23352,0.3539,0.1921,10.0642,0.7468,-0.9699,-1.8543,-4.3908,-1.6998,-9.1022
23360,0.3051,0.1732,10.0387,0.8889,-0.6429,-2.1773,-4.3960,-1.6923,-9.1229
23368,0.1539,0.2840,9.8580,1.1447,-0.5622,-2.3102,-4.4013,-1.6848,-9.1434
23376,0.0763,0.3629,9.7382,1.2267,-0.6184,-2.6213,-4.4065,-1.6826,-9.1657
23384,-0.0004,0.4703,9.6603,1.5692,-0.8001,-3.0228,-4.4117,-1.6803,-9.1879
23392,0.0638,0.4918,9.7907,1.7366,-0.9659,-3.4041,-4.4160,-1.6705,-9.2080
23400,0.0662,0.5519,9.8946,1.8274,-0.7564,-3.7954,-4.4235,-1.6631,-9.2266
23408,0.0821,0.6358,9.8916,1.8235,-0.6121,-4.1855,-4.4329,-1.6538,-9.2412
23416,0.1288,0.7209,9.8492,1.6305,-0.4021,-4.5799,-4.4408,-1.6446,-9.2591
23424,0.0504,0.7846,9.7999,1.2620,-0.1613,-4.9384,-4.4487,-1.6354,-9.2768
23432,-0.0133,0.7271,9.7517,0.9895,0.0157,-5.3773,-4.4528,-1.6281,-9.3020
23440,-0.0764,0.7460,9.6953,0.9556,0.0302,-5.7782,-4.4545,-1.6199,-9.3175
23448,-0.0469,0.7773,9.6447,0.9526,-0.0199,-6.1297,-4.4618,-1.6150,-9.3343
23456,-0.2544,0.7583,9.6860,0.8537,0.1962,-6.4844,-4.4672,-1.6096,-9.3525
23464,-0.1970,0.6285,9.6085,0.9191,0.2482,-6.8396,-4.4726,-1.6043,-9.3704
23472,-0.2700,0.7389,9.5758,1.2189,0.0579,-7.1446,-4.4756,-1.6004,-9.3897
23480,-0.2863,0.4971,9.7087,0.9617,0.1666,-7.4896,-4.4786,-1.5966,-9.4088
23488,-0.1640,0.4628,9.6692,1.2597,-0.3747,-7.6729,-4.4834,-1.5884,-9.4292
23496,-0.1426,0.4791,10.1021,1.7900,-0.4978,-7.9121,-4.4883,-1.5804,-9.4495
23504,-0.1397,0.3473,10.1080,1.0758,0.1072,-8.0796,-4.4931,-1.5723,-9.4696
23512,-0.1538,0.3728,9.8524,1.6221,0.2697,-8.1437,-4.5030,-1.5609,-9.4825
23520,-0.0819,0.3366,9.7541,1.3259,0.4038,-8.1570,-4.5130,-1.5496,-9.4953
23528,-0.1886,0.3413,9.5485,0.7707,0.4414,-8.1644,-4.5200,-1.5402,-9.5117
23536,-0.1403,0.2690,9.5689,1.1864,0.1334,-8.0889,-4.5280,-1.5332,-9.5351
23544,-0.0227,0.2345,9.6779,0.8799,-0.0119,-7.9819,-4.5359,-1.5262,-9.5584
23552,-0.0102,0.3031,9.7265,1.0108,-0.3081,-7.9543,-4.5423,-1.5202,-9.5787
23560,0.1815,0.0189,9.8610,0.8347,-0.0528,-7.8559,-4.5474,-1.5143,-9.5950
23568,0.0160,0.2419,9.6230,0.8236,-0.0352,-7.5858,-4.5533,-1.5064,-9.6165
23576,0.2171,0.0269,9.6280,0.9516,0.1015,-7.5489,-4.5592,-1.4986,-9.6378
23584,-0.0214,0.0679,9.3142,0.2741,0.3710,-7.2549,-4.5669,-1.4908,-9.6580
23592,0.1695,-0.0017,9.3227,1.5142,-0.1820,-7.0751,-4.5713,-1.4806,-9.6790
23600,0.2699,0.0907,9.6250,1.5987,-0.4041,-6.6978,-4.5714,-1.4719,-9.6905
23608,0.2892,0.1420,9.9059,2.3062,-0.5712,-6.3611,-4.5748,-1.4618,-9.7046
23616,0.3996,0.1310,10.0794,2.6307,-0.6643,-6.1564,-4.5782,-1.4517,-9.7187
23624,0.4876,0.2910,10.0825,2.8184,-0.4680,-5.7419,-4.5745,-1.4379,-9.7327
23632,0.5017,0.3182,9.9177,2.5499,-0.2030,-5.6310,-4.5708,-1.4242,-9.7465
23640,0.5076,0.3574,9.7139,2.0104,-0.0936,-5.2875,-4.5751,-1.4104,-9.7579
23648,0.5434,0.3241,9.4365,1.8306,0.0271,-5.0951,-4.5794,-1.3967,-9.7691
23656,0.5066,0.3878,9.3978,1.6426,-0.2842,-4.9191,-4.5836,-1.3831,-9.7803
23664,0.5945,0.3470,9.4293,1.1215,-0.3179,-4.7534,-4.5883,-1.3737,-9.7966
23672,0.6380,0.2969,9.5634,1.2445,-0.5154,-4.6137,-4.5930,-1.3644,-9.8127
23680,0.6911,0.2229,9.8570,1.0102,-0.5069,-4.4934,-4.6048,-1.3552,-9.8321
23688,0.6580,0.2561,9.9150,0.9434,0.0025,-4.3410,-4.6112,-1.3464,-9.8476
23696,0.6604,0.2366,9.8162,1.0982,0.0522,-4.1286,-4.6177,-1.3376,-9.8629
23704,0.5984,0.2357,9.6398,0.9876,-0.0201,-4.0269,-4.6212,-1.3284,-9.8730
23712,0.5254,0.1725,9.4619,1.3085,-0.1187,-3.9056,-4.6295,-1.3202,-9.8848
23720,0.4849,0.1946,9.3780,1.7246,-0.5463,-3.7283,-4.6391,-1.3130,-9.9032
23728,0.4550,0.2305,9.4510,1.9173,-0.9765,-3.6707,-4.6477,-1.3067,-9.9190
23736,0.4968,0.2507,9.5721,2.0722,-1.2998,-3.6476,-4.6563,-1.3004,-9.9348
23744,0.5009,0.2749,9.7993,2.2043,-1.4784,-3.4469,-4.6634,-1.2932,-9.9495
23752,0.5210,0.2527,9.9274,2.0453,-1.4385,-3.3430,-4.6775,-1.2847,-9.9618
23760,0.5109,0.4334,10.0005,2.2212,-1.5737,-3.2249,-4.6892,-1.2761,-9.9749
23768,0.5323,0.3273,10.0289,1.6962,-1.4150,-3.0320,-4.7037,-1.2671,-9.9879
23776,0.3622,0.3401,9.8054,1.5487,-1.5139,-2.9009,-4.7181,-1.2581,-10.0013
23784,0.3331,0.3676,9.8263,1.8237,-1.6591,-2.8022,-4.7324,-1.2492,-10.0146
23792,0.2120,0.4231,9.7401,1.1640,-1.4433,-2.7265,-4.7386,-1.2450,-10.0278
23800,0.1694,0.4177,9.5777,1.2639,-1.6396,-2.6567,-4.7447,-1.2408,-10.0409
23808,0.1313,0.3158,9.6317,1.0420,-1.7340,-2.5793,-4.7508,-1.2367,-10.0539
23816,0.1000,0.3630,9.7334,1.2538,-1.9923,-2.4867,-4.7615,-1.2278,-10.0716
23824,0.0275,0.3437,10.0199,1.6004,-1.8019,-2.4274,-4.7722,-1.2190,-10.0891
23832,-0.0408,0.2907,9.9002,1.1745,-1.4332,-2.3920,-4.7766,-1.2106,-10.0966
23840,-0.0375,0.2601,9.7377,1.6818,-1.3953,-2.2489,-4.7820,-1.2023,-10.1088
23848,-0.0714,0.2561,9.6872,1.4070,-1.1830,-2.0987,-4.7873,-1.1940,-10.1208
23856,-0.1928,0.1974,9.5896,1.2322,-0.9667,-1.9764,-4.7930,-1.1862,-10.1357
23864,-0.2383,0.2499,9.6547,1.4757,-1.1119,-1.6008,-4.8025,-1.1822,-10.1494
23872,-0.1930,0.2427,9.7128,1.0073,-0.9680,-1.3882,-4.8100,-1.1716,-10.1627
23880,-0.2399,0.1270,9.7248,0.9353,-0.9691,-1.1210,-4.8174,-1.1658,-10.1824
23888,-0.0095,-0.1140,9.7488,0.6158,-0.9782,-0.9988,-4.8248,-1.1600,-10.2021
23896,0.1630,-0.1753,9.6841,0.1423,-0.9948,-0.9486,-4.8298,-1.1532,-10.2126
23904,0.3373,-0.3292,9.7607,-0.4465,-1.1201,-0.9272,-4.8404,-1.1451,-10.2287
23912,0.4545,-0.4425,9.8041,-1.2016,-1.2772,-0.9335,-4.8471,-1.1389,-10.2428
23920,0.5350,-0.6056,9.7423,-2.0676,-1.1848,-0.9022,-4.8586,-1.1256,-10.2559
23928,0.7404,-0.7655,9.7155,-3.8398,-0.8751,-0.8962,-4.8699,-1.1123,-10.2689
23936,0.9409,-1.0468,9.7323,-5.5851,-0.4376,-0.6638,-4.8812,-1.0991,-10.2818
23944,1.1979,-1.2244,9.9496,-5.8941,-0.4005,-0.6682,-4.8939,-1.0840,-10.2975
23952,1.2915,-1.4147,9.9673,-5.6669,-0.3864,-0.8778,-4.9065,-1.0690,-10.3130
23960,1.1950,-1.5883,9.8449,-5.3510,-0.3490,-1.1369,-4.9251,-1.0323,-10.3309
23968,1.1199,-1.6510,9.7036,-4.6116,-0.2998,-1.4646,-4.9436,-0.9958,-10.3486
23976,1.0410,-1.7516,9.5948,-3.4432,-0.4848,-1.8527,-4.9621,-0.9595,-10.3662
23984,0.9277,-1.8913,9.7100,-2.0672,-0.8270,-2.3198,-4.9865,-0.9045,-10.3833
23992,0.7779,-1.9603,9.7943,-0.6661,-0.7516,-2.6492,-5.0089,-0.8395,-10.4040
24000,0.6149,-2.0405,9.8213,0.7911,-0.8448,-3.1935,-5.0311,-0.7748,-10.4246
24008,0.4142,-2.1268,9.9555,1.8565,-1.0167,-3.0126,-5.0611,-0.7111,-10.4494
24016,0.1847,-2.0987,9.9918,2.1607,-0.6743,-1.7304,-5.0920,-0.6431,-10.4716
24024,-0.0338,-1.8692,9.8989,2.1716,-0.5256,-0.4908,-5.1259,-0.5722,-10.4946
24032,-0.0617,-1.5791,9.8968,1.8994,-0.3007,0.6891,-5.1614,-0.5009,-10.5193
24040,-0.0428,-1.3052,9.8635,1.0631,0.1570,1.9188,-5.1967,-0.4300,-10.5439
24048,-0.0593,-1.1631,9.9596,-0.0487,0.7094,2.9721,-5.2312,-0.3605,-10.5631
24056,-0.1937,-1.0426,10.0474,-0.8131,1.4189,4.0299,-5.2599,-0.2901,-10.5912
24064,-0.3430,-0.8544,10.1874,-1.0295,1.8121,5.0362,-5.2892,-0.2239,-10.6125
24072,-0.4084,-0.5552,10.1247,-0.9937,2.1027,5.7718,-5.3236,-0.1572,-10.6341
24080,-0.3897,-0.3641,10.0027,-0.2502,2.2473,6.3232,-5.3577,-0.0910,-10.6555
24088,-0.2189,-0.1794,9.7689,0.1808,2.0736,6.6026,-5.3915,-0.0252,-10.6767
24096,-0.2806,-0.0856,9.7064,0.8676,2.1555,6.8750,-5.4218,0.0402,-10.6955
24104,-0.2923,0.0321,9.7463,1.1324,2.0098,6.9515,-5.4519,0.1051,-10.7141
24112,-0.3170,0.2625,9.8157,1.5963,2.1158,7.0407,-5.4851,0.1658,-10.7349
24120,-0.3184,0.3917,9.9463,1.4719,2.2998,7.0806,-5.5180,0.2262,-10.7555
24128,-0.3306,0.5888,9.8159,1.1182,2.1612,7.0148,-5.5507,0.2860,-10.7760
24136,-0.2260,0.6920,9.7811,0.9934,1.9539,7.0559,-5.5770,0.3451,-10.7992
24144,-0.2119,0.7271,9.7702,0.2687,1.6677,7.0525,-5.6074,0.4046,-10.8232
24152,-0.2474,0.7989,9.9011,-0.3470,1.4713,7.0893,-5.6385,0.4657,-10.8418
24160,-0.2673,0.8083,9.9817,-0.9277,1.7369,7.0444,-5.6694,0.5263,-10.8603
24168,-0.3108,0.8314,9.7527,-1.6191,1.9001,7.1642,-5.6977,0.5851,-10.8810
24176,-0.3169,0.9020,9.3983,-1.9735,1.7309,7.1561,-5.7272,0.6455,-10.9011
24184,-0.2591,0.8688,9.2412,-2.0191,1.3638,7.2283,-5.7565,0.6983,-10.9224
24192,-0.2728,0.9330,9.3281,-1.6548,0.6021,7.0894,-5.7880,0.7569,-10.9413
24200,-0.1190,0.9780,9.8791,-0.9863,0.1510,6.9379,-5.8192,0.8151,-10.9600
24208,0.0452,1.0150,10.2018,-0.5258,0.2450,6.7423,-5.8498,0.8734,-10.9767
24216,0.1246,1.0394,10.3841,0.1812,0.5721,6.5393,-5.8806,0.9295,-10.9937
24224,0.0603,1.1799,10.0986,0.4974,0.8904,6.1612,-5.9088,0.9866,-11.0130
24232,0.0863,1.2246,9.8147,0.3730,0.9866,5.9170,-5.9368,1.0433,-11.0321
24240,0.0238,1.2759,9.5642,-0.0792,0.9827,5.5474,-5.9647,1.0996,-11.0511
24248,0.0678,1.3775,9.5803,-0.0637,0.5577,5.1540,-5.9923,1.1542,-11.0713
24256,0.1373,1.2640,9.8213,-0.4755,0.7992,4.8418,-6.0197,1.2084,-11.0915
24264,0.1660,1.3504,9.8147,-0.5706,0.8115,4.4126,-6.0479,1.2594,-11.1119
24272,0.2667,1.4085,9.9997,-0.8296,0.9325,4.0421,-6.0759,1.3101,-11.1323
24280,0.2845,1.3613,9.9284,-1.8879,1.4190,3.6132,-6.1037,1.3604,-11.1525
24288,0.2792,1.3149,9.8260,-1.8946,1.4948,2.9951,-6.1276,1.4104,-11.1735
24296,0.2452,1.3313,9.9420,-2.1276,1.5807,2.3373,-6.1531,1.4643,-11.1892
24304,0.1712,1.2969,9.9231,-2.2172,1.8174,1.7589,-6.1765,1.5169,-11.2052
24312,0.1903,1.2316,9.7866,-1.9295,1.7079,1.0619,-6.1998,1.5691,-11.2211
24320,0.1270,1.3442,9.6586,-1.4011,1.6751,0.4006,-6.2291,1.6201,-11.2369
24328,0.1385,1.2681,9.6434,-1.2184,1.6197,-0.2770,-6.2558,1.6717,-11.2540
24336,0.1060,1.2652,9.5518,-1.0997,1.2441,-1.0050,-6.2804,1.7287,-11.2738
24344,0.0781,1.3473,9.7185,-0.8609,0.9943,-1.8692,-6.3091,1.7796,-11.2892
24352,0.0404,1.2941,9.7991,-1.3631,0.8727,-2.6582,-6.3376,1.8302,-11.3045
24360,0.0073,1.2605,9.8088,-1.2115,0.7138,-3.5834,-6.3635,1.8842,-11.3211
24368,0.0120,1.2542,9.7652,-1.6211,0.5991,-4.2815,-6.3893,1.9380,-11.3376
24376,-0.1096,1.1903,9.6902,-1.8634,0.5775,-4.9491,-6.4125,1.9928,-11.3516
24384,-0.1070,1.0832,9.5996,-2.2419,0.3995,-5.7314,-6.4355,2.0473,-11.3656
24392,-0.1648,1.0305,9.5222,-2.3691,0.1919,-6.3809,-6.4584,2.1014,-11.3794
24400,-0.1010,0.9277,9.6006,-2.2267,-0.1746,-7.0446,-6.4816,2.1571,-11.3935
24408,-0.2309,0.7814,9.7380,-2.3946,-0.2930,-7.4874,-6.5046,2.2125,-11.4076
24416,-0.2382,0.7706,9.7690,-1.5925,-0.5423,-8.0894,-6.5251,2.2661,-11.4192
24424,-0.1710,0.7025,9.9451,-1.3588,-0.3540,-8.6304,-6.5454,2.3194,-11.4307
24432,-0.1257,0.6191,9.8047,-1.3833,-0.1393,-9.1584,-6.5655,2.3724,-11.4421
24440,-0.1472,0.6565,9.9200,-0.7267,-0.2326,-9.6447,-6.5836,2.4231,-11.4506
24448,-0.2663,0.6171,10.0467,-0.7096,0.2541,-10.1470,-6.6063,2.4736,-11.4613
24456,-0.3454,0.5600,9.8406,-0.6958,0.4182,-10.4514,-6.6270,2.5232,-11.4786
24464,-0.2863,0.5862,9.6459,-0.4000,0.4898,-10.7931,-6.6475,2.5726,-11.4958
24472,-0.2455,0.5890,9.6625,-0.4557,0.3903,-11.1066,-6.6678,2.6216,-11.5105
24480,-0.1986,0.5273,9.7398,-0.7571,0.3245,-11.3343,-6.6861,2.6765,-11.5237
24488,-0.0700,0.5466,9.9469,-0.5199,0.4028,-11.6881,-6.6986,2.7301,-11.5353
24496,-0.0275,0.4643,10.2573,-0.7438,0.8591,-11.9678,-6.7199,2.7805,-11.5450
24504,-0.0191,0.4609,10.3232,-0.8192,1.2821,-12.2032,-6.7411,2.8306,-11.5546
24512,-0.1117,0.3813,10.2252,-0.9579,1.9799,-12.2310,-6.7565,2.8819,-11.5651
24520,-0.1604,0.4131,9.8304,-1.2053,2.2766,-12.3989,-6.7717,2.9328,-11.5754
24528,-0.1849,0.4497,9.5201,-1.1112,2.4909,-12.5674,-6.7930,2.9839,-11.5867
24536,-0.1123,0.2673,9.3787,-1.3172,2.1839,-12.5846,-6.8141,3.0346,-11.5978
24544,-0.1400,0.3218,9.5209,-0.8768,1.5116,-12.5611,-6.8350,3.0851,-11.6089
24552,0.0021,0.2755,9.9319,-0.7571,1.5167,-12.4585,-6.8577,3.1296,-11.6156
24560,0.1388,0.2463,10.1472,-0.6639,1.6310,-12.2645,-6.8803,3.1738,-11.6222
24568,0.1688,0.2600,10.2677,-0.7775,2.0629,-12.1376,-6.9037,3.2253,-11.6345
24576,0.1899,0.1640,10.0520,-1.1181,2.3425,-11.9789,-6.9269,3.2764,-11.6466
24584,0.0820,0.2557,9.7420,-1.0064,2.4047,-11.7845,-6.9499,3.3273,-11.6587
24592,0.0682,0.2393,9.4283,-1.1957,2.1921,-11.5053,-6.9700,3.3807,-11.6646
24600,0.0652,0.1303,9.2528,-1.3873,1.6315,-11.3423,-6.9913,3.4276,-11.6760
24608,0.0370,0.1678,9.2844,-1.0293,0.9034,-11.1064,-7.0102,3.4757,-11.6864
24616,0.0575,0.1602,9.5931,-1.0175,0.6071,-10.9475,-7.0289,3.5234,-11.6968
24624,0.1872,0.1316,9.7272,-1.0916,0.4971,-10.6729,-7.0513,3.5704,-11.7085
24632,0.2020,0.1949,9.8808,-0.9811,0.5546,-10.4236,-7.0683,3.6152,-11.7115
24640,0.2041,0.0923,9.8582,-1.1528,0.6122,-10.1532,-7.0904,3.6626,-11.7165
24648,0.1736,0.0546,9.7466,-0.9330,0.4220,-9.8360,-7.1062,3.7077,-11.7242
24656,0.1502,0.1553,9.7827,-0.6721,0.2748,-9.5673,-7.1219,3.7526,-11.7318
24664,0.1517,0.0488,9.7652,-0.9267,0.1900,-9.1530,-7.1403,3.7982,-11.7422
24672,0.1544,0.0621,9.6105,-0.4634,-0.0350,-8.8262,-7.1586,3.8434,-11.7525
24680,0.1496,0.0692,9.7338,-0.2604,-0.0556,-8.5164,-7.1601,3.9040,-11.7571
24688,0.1335,0.0501,9.7274,-0.6689,-0.0513,-8.1161,-7.1617,3.9642,-11.7616
24696,0.1543,0.0123,9.7521,-0.5370,-0.0285,-7.7173,-7.1631,4.0240,-11.7661
24704,0.1450,0.0373,9.8720,-0.7974,-0.0253,-7.4053,-7.1664,4.0730,-11.7733
24712,0.1206,-0.0461,9.9012,-1.1078,0.1137,-6.8909,-7.1696,4.1217,-11.7805
24720,0.1564,-0.0688,9.9722,-0.8553,0.1453,-6.4443,-7.1859,4.1695,-11.7833
24728,0.1150,-0.0366,10.1058,-1.0591,0.2315,-5.9293,-7.2022,4.2171,-11.7861
24736,0.0825,-0.2014,9.9669,-1.5661,0.3166,-5.4688,-7.2183,4.2643,-11.7889
24744,0.0007,-0.1319,9.7757,-1.2215,0.1660,-4.9618,-7.2339,4.3055,-11.7911
24752,0.0839,-0.1032,9.7517,-1.4494,0.3153,-4.5516,-7.2479,4.3459,-11.7961
24760,-0.0445,-0.1132,9.6880,-1.6726,0.2714,-4.1300,-7.2633,4.3880,-11.8039
24768,-0.0518,-0.1372,9.7566,-1.2274,0.1255,-3.7669,-7.2785,4.4297,-11.8117
24776,-0.0889,-0.0647,9.7922,-1.5296,-0.0435,-3.4037,-7.2979,4.4707,-11.8156
24784,-0.0569,0.0259,9.7547,-1.1840,-0.2610,-2.9629,-7.3176,4.5156,-11.8223
24792,0.0404,0.0328,9.8442,-1.3548,-0.1943,-2.6748,-7.3340,4.5540,-11.8242
24800,-0.0811,0.1502,9.9339,-1.3555,-0.1599,-2.3860,-7.3516,4.5941,-11.8279
24808,-0.0416,0.1575,9.9080,-1.4175,-0.0150,-2.1871,-7.3691,4.6339,-11.8316
24816,-0.0974,0.2170,9.8368,-1.4234,0.0302,-2.0050,-7.3836,4.6748,-11.8343
24824,-0.0509,0.3387,9.7481,-1.5091,-0.2359,-1.9828,-7.3981,4.7154,-11.8370
24832,-0.1879,0.3869,9.6470,-1.5110,-0.2504,-1.8175,-7.4129,4.7515,-11.8405
24840,-0.2025,0.2852,9.6461,-1.3635,-0.5708,-1.8168,-7.4276,4.7873,-11.8441
24848,-0.1906,0.4419,9.6544,-1.4012,-0.9893,-1.7335,-7.4422,4.8229,-11.8475
24856,-0.1608,0.3850,9.8282,-1.3838,-0.8775,-1.7659,-7.4535,4.8582,-11.8509
24864,-0.1606,0.3637,9.8197,-1.5352,-0.9385,-1.7568,-7.4646,4.8932,-11.8543
24872,-0.1892,0.2929,9.9030,-1.4880,-0.6369,-1.7321,-7.4803,4.9365,-11.8553
24880,-0.1832,0.2147,9.9047,-1.4002,-0.6978,-1.6845,-7.4960,4.9795,-11.8562
24888,-0.2060,0.2218,9.9594,-1.3002,-0.6334,-1.7830,-7.5116,5.0222,-11.8571
24896,-0.2106,0.1800,9.8897,-1.2073,-0.6118,-1.8638,-7.5228,5.0618,-11.8575
24904,-0.2677,0.1631,9.8880,-0.8811,-0.6871,-1.9437,-7.5362,5.0998,-11.8612
24912,-0.2674,0.1820,9.9243,-0.7238,-0.6739,-2.0149,-7.5487,5.1327,-11.8648
24920,-0.3318,0.1043,9.9034,-0.5415,-0.4398,-1.9522,-7.5610,5.1668,-11.8669
24928,-0.3109,0.2122,9.8431,-0.2924,-0.5200,-2.0283,-7.5733,5.2006,-11.8691
24936,-0.2906,0.2200,9.9065,-0.4195,-0.2634,-2.1464,-7.5878,5.2390,-11.8693
24944,-0.2954,0.1456,9.8381,-0.3571,-0.2473,-2.2754,-7.5961,5.2756,-11.8704
24952,-0.3781,0.1966,9.8341,-0.3641,-0.1572,-2.3613,-7.6091,5.3097,-11.8738
24960,-0.3791,0.2656,9.7771,-0.5521,-0.0125,-2.5822,-7.6219,5.3435,-11.8772
24968,-0.3569,0.2388,9.7251,-0.7425,0.0006,-2.7027,-7.6338,5.3823,-11.8791
24976,-0.3486,0.2586,9.6235,-0.8260,-0.0055,-2.9167,-7.6455,5.4208,-11.8810
24984,-0.3064,0.2516,9.6649,-0.6978,-0.0940,-3.0599,-7.6543,5.4548,-11.8848
24992,-0.3334,0.2643,9.7675,-0.8925,-0.1013,-3.2982,-7.6631,5.4886,-11.8885
25000,-0.2244,0.3155,9.8568,-0.6308,-0.2897,-3.4461,-7.6718,5.5221,-11.8922
25008,-0.2756,0.2944,9.8938,-0.8578,-0.0591,-3.6196,-7.6861,5.5564,-11.8887
25016,-0.2878,0.2912,9.7660,-0.6615,-0.1693,-3.8307,-7.7003,5.5904,-11.8852
25024,-0.3257,0.2569,9.7060,-0.8152,-0.1413,-3.9447,-7.7148,5.6223,-11.8883
25032,-0.3344,0.2659,9.5464,-0.7568,-0.2719,-4.0003,-7.7293,5.6540,-11.8914
25040,-0.3565,0.3015,9.5615,-0.7223,-0.5781,-4.1868,-7.7437,5.6855,-11.8945
25048,-0.2922,0.1660,9.6403,-0.8413,-0.7296,-4.2959,-7.7552,5.7177,-11.8947
25056,-0.3014,0.1946,9.7079,-0.6405,-1.1411,-4.3175,-7.7647,5.7539,-11.8920
25064,-0.2314,0.2269,9.8807,-0.6857,-1.2653,-4.4395,-7.7761,5.7856,-11.8921
25072,-0.2487,0.1495,9.9009,-0.9797,-1.1494,-4.4521,-7.7882,5.8134,-11.8922
25080,-0.2589,0.1592,9.9027,-0.7007,-1.1052,-4.3469,-7.8004,5.8409,-11.8923
25088,-0.1975,0.0664,9.8711,-1.0394,-1.1270,-4.1636,-7.8044,5.8730,-11.8956
25096,-0.2740,0.0649,9.6285,-1.0165,-1.2918,-4.1030,-7.8130,5.9025,-11.8933
25104,-0.3073,0.0430,9.6421,-0.6586,-1.3081,-3.9304,-7.8259,5.9374,-11.8938
25112,-0.2395,-0.0470,9.6995,-0.9884,-1.3716,-3.8239,-7.8344,5.9689,-11.8947
25120,-0.1690,-0.0404,9.5556,-0.8425,-1.4911,-3.5755,-7.8429,6.0001,-11.8956
25128,0.0296,-0.2158,9.7215,-0.6522,-1.5653,-3.3833,-7.8513,6.0311,-11.8964
25136,0.0399,-0.1185,10.1517,-0.6116,-1.6229,-3.0155,-7.8653,6.0572,-11.8939
25144,-0.1672,-0.0250,10.3506,-0.3248,-0.8514,-2.7411,-7.8792,6.0831,-11.8915
25152,-0.2844,-0.2055,9.9444,-0.7972,-0.3989,-2.3347,-7.8864,6.1183,-11.8889
25160,-0.3404,-0.0910,9.3035,-0.3929,-0.3823,-2.0847,-7.8936,6.1532,-11.8831
25168,-0.3346,0.0149,9.1954,-0.0810,-0.7343,-1.7870,-7.9007,6.1880,-11.8773
25176,-0.3202,-0.1070,9.2958,-0.8094,-1.3269,-1.4144,-7.9106,6.2159,-11.8742
25184,-0.3809,-0.1385,9.7506,0.0487,-1.9123,-1.1487,-7.9204,6.2436,-11.8712
25192,-0.2701,-0.0025,10.1762,-0.2667,-1.7148,-0.8999,-7.9302,6.2711,-11.8682
25200,-0.1826,-0.0973,10.1341,-0.6269,-1.0032,-0.5314,-7.9398,6.2999,-11.8637
25208,-0.1262,-0.0873,9.8819,-0.4781,-0.8775,-0.0483,-7.9523,6.3289,-11.8554
25216,-0.1357,0.0100,9.7070,-0.9385,-0.5065,0.3044,-7.9576,6.3554,-11.8529
25224,-0.2136,-0.0800,9.5674,-1.0294,-0.4345,0.7402,-7.9652,6.3856,-11.8488
25232,-0.2112,-0.0320,9.4812,-0.6069,-0.8829,1.1570,-7.9727,6.4155,-11.8448
25240,-0.1224,-0.0360,9.6136,-0.1923,-1.0051,1.5450,-7.9835,6.4400,-11.8408
25248,-0.0467,-0.1066,9.7061,-0.1399,-1.2312,1.9932,-7.9891,6.4700,-11.8282
25256,0.0086,-0.0707,9.8280,0.0037,-1.1648,2.4513,-7.9983,6.4937,-11.8251
25264,-0.0447,-0.0100,9.7475,-0.1178,-0.8586,2.7746,-8.0085,6.5172,-11.8183
25272,-0.0178,-0.0139,9.7043,-0.1005,-0.8805,3.1078,-8.0186,6.5406,-11.8114
25280,-0.0162,-0.0487,9.5950,-0.5241,-1.0534,3.4157,-8.0286,6.5638,-11.8045
25288,-0.0522,-0.0339,9.6583,-0.0518,-1.4108,3.8488,-8.0333,6.5887,-11.7996
25296,-0.1812,0.0243,9.7861,-0.3814,-1.5392,4.1217,-8.0380,6.6135,-11.7946
25304,-0.1864,-0.0056,9.6071,-0.3527,-1.6086,4.5480,-8.0446,6.6324,-11.7915
25312,-0.0363,0.0917,9.5108,0.1415,-1.9417,5.0142,-8.0511,6.6512,-11.7884
25320,-0.0357,0.1538,9.7110,-0.1966,-1.9269,5.3295,-8.0575,6.6698,-11.7853
25328,-0.1263,0.0538,9.8894,-0.4400,-1.8274,5.5296,-8.0644,6.6940,-11.7793
25336,-0.1772,0.1582,9.9474,-0.0247,-1.8576,5.6329,-8.0660,6.7185,-11.7724
25344,-0.1300,0.2432,9.8947,-0.3315,-1.7718,5.7291,-8.0775,6.7376,-11.7698
25352,-0.1364,0.2198,9.7441,-0.3929,-1.6870,5.6638,-8.0890,6.7565,-11.7671
25360,-0.1550,0.2848,9.7918,0.0043,-1.7900,5.6333,-8.0961,6.7759,-11.7578
25368,-0.1928,0.3294,9.9371,-0.2105,-1.5712,5.4174,-8.1056,6.7950,-11.7547
25376,-0.2005,0.3776,9.8895,-0.0719,-1.4606,5.3257,-8.1145,6.8183,-11.7464
25384,-0.1643,0.4653,9.8491,0.1007,-1.2935,5.0060,-8.1234,6.8414,-11.7380
25392,-0.1301,0.4295,9.8395,-0.1396,-1.2323,4.7909,-8.1298,6.8621,-11.7321
25400,-0.1247,0.4604,9.8558,0.1532,-1.2192,4.4626,-8.1334,6.8854,-11.7252
25408,-0.1143,0.4988,10.0054,0.1452,-0.9453,4.1433,-8.1397,6.9095,-11.7225
25416,-0.0111,0.5450,9.8839,-0.0997,-0.9367,3.7126,-8.1451,6.9297,-11.7152
25424,0.0290,0.5540,9.8108,-0.0033,-0.9552,3.3195,-8.1504,6.9497,-11.7078
25432,-0.0017,0.5343,9.7393,-0.1137,-0.9249,2.9035,-8.1557,6.9696,-11.7004
25440,0.0412,0.5552,9.7109,-0.2780,-0.9758,2.3190,-8.1623,6.9889,-11.6893
25448,0.2089,0.5222,9.7614,-0.1098,-1.1713,1.7975,-8.1689,7.0081,-11.6781
25456,0.1880,0.4978,9.9546,-0.3329,-1.0888,1.3361,-8.1745,7.0271,-11.6737
25464,0.0729,0.4963,9.8971,-0.3170,-0.8046,0.8975,-8.1801,7.0460,-11.6692
25472,0.2686,0.4005,9.7986,-0.0137,-0.7275,0.4515,-8.1856,7.0648,-11.6647
25480,0.2447,0.5021,9.6954,-0.2357,-0.8805,0.0009,-8.1892,7.0815,-11.6493
25488,0.2013,0.4140,9.7100,-0.2160,-0.8054,-0.4966,-8.1904,7.1029,-11.6397
25496,0.2717,0.1817,9.8316,-0.1598,-1.0056,-0.8737,-8.1939,7.1279,-11.6300
25504,0.2489,0.4134,9.8878,0.1259,-1.0904,-1.4289,-8.1974,7.1527,-11.6204
25512,0.4060,0.2982,10.0239,0.0178,-0.9181,-1.8532,-8.1956,7.1794,-11.6150
25520,0.2552,0.1867,9.8410,-0.3736,-0.7668,-2.2297,-8.1920,7.2016,-11.6030
25528,0.3191,0.2876,9.7182,0.4068,-1.0673,-2.4936,-8.1897,7.2260,-11.5935
25536,0.2886,0.1881,9.8203,-0.2255,-0.9467,-2.7674,-8.1955,7.2479,-11.5839
25544,0.2474,0.1636,9.7005,-0.1529,-1.2821,-3.0985,-8.2012,7.2697,-11.5743
25552,0.2433,0.2202,9.8854,0.3191,-1.2695,-3.3884,-8.2036,7.2900,-11.5624
25560,0.2428,0.1622,9.8564,-0.1841,-1.0254,-3.6604,-8.2112,7.3082,-11.5571
25568,0.1704,0.1324,9.8114,0.0840,-1.1013,-3.9044,-8.2168,7.3320,-11.5490
25576,0.1860,0.0913,9.8373,-0.1129,-0.9979,-4.1085,-8.2224,7.3556,-11.5410
25584,0.1581,0.0268,9.8114,-0.1786,-0.9924,-4.2529,-8.2279,7.3791,-11.5329
25592,0.2145,-0.0320,9.9270,-0.2813,-0.9924,-4.2898,-8.2334,7.3987,-11.5272
25600,0.1661,0.0834,9.9337,-0.5130,-0.9764,-4.4263,-8.2389,7.4182,-11.5215
25608,0.0719,-0.0751,9.8340,-0.8011,-0.6732,-4.3222,-8.2434,7.4413,-11.5120
25616,0.1164,-0.0572,9.6641,-0.5300,-0.6712,-4.2093,-8.2478,7.4643,-11.5026
25624,0.0993,0.0787,9.7522,-0.4921,-0.4132,-4.2134,-8.2522,7.4872,-11.4931
25632,0.0405,-0.1340,9.7974,-0.9198,-0.3026,-4.1186,-8.2571,7.5066,-11.4842
25640,-0.0550,-0.1237,9.6820,-0.6782,-0.4395,-3.9346,-8.2529,7.5340,-11.4748
25648,-0.0067,-0.0347,9.7065,-0.6525,-0.4130,-3.9027,-8.2496,7.5570,-11.4658
25656,0.0166,-0.1209,9.7222,-0.9239,-0.2650,-3.7948,-8.2464,7.5798,-11.4569
25664,0.0263,-0.1493,9.7953,-0.6127,-0.3102,-3.5957,-8.2483,7.6044,-11.4452
25672,-0.0210,-0.0766,9.8404,-0.7419,-0.1988,-3.4612,-8.2507,7.6222,-11.4345
25680,0.0706,-0.0877,9.8389,-0.5827,-0.2602,-3.3673,-8.2550,7.6404,-11.4251
25688,-0.1075,-0.0340,9.6763,-0.8225,0.0278,-3.1815,-8.2578,7.6562,-11.4102
25696,0.1112,-0.1362,9.6225,-0.3638,-0.1902,-3.0492,-8.2606,7.6718,-11.3952
25704,-0.0534,-0.0019,9.7260,-0.8238,-0.3213,-2.7920,-8.2614,7.6925,-11.3808
25712,-0.0927,-0.1491,9.7340,-0.7144,-0.1880,-2.6447,-8.2590,7.7145,-11.3654
25720,0.0253,-0.1510,9.7950,-0.6977,-0.3646,-2.3599,-8.2584,7.7298,-11.3530
25728,0.1043,-0.0349,9.8830,-0.5885,-0.2107,-2.2208,-8.2578,7.7450,-11.3405
25736,-0.0282,-0.1147,9.8451,-1.0760,0.0164,-2.1225,-8.2571,7.7601,-11.3281
25744,-0.0129,-0.2179,9.7998,-0.6729,-0.0171,-1.8818,-8.2570,7.7793,-11.3195
25752,0.0729,-0.1249,9.8168,-0.7807,-0.1851,-1.6197,-8.2568,7.7985,-11.3109
25760,0.0964,-0.1780,9.8626,-0.8598,-0.0978,-1.4516,-8.2613,7.8213,-11.2990
25768,0.0734,-0.2127,9.9296,-0.6102,-0.0889,-1.1683,-8.2658,7.8440,-11.2872
25776,0.0704,-0.0834,9.9883,-0.3047,0.0929,-0.9480,-8.2703,7.8665,-11.2753
25784,0.0645,-0.1718,9.9022,-0.7327,0.2880,-0.7534,-8.2719,7.8833,-11.2560
25792,0.0824,-0.2108,9.7021,-0.4032,0.1600,-0.6072,-8.2711,7.8986,-11.2447
25800,0.0985,-0.0716,9.7985,-0.3362,-0.1171,-0.4968,-8.2689,7.9175,-11.2325
25808,0.1697,-0.1119,9.8738,-0.4774,-0.0034,-0.3859,-8.2667,7.9364,-11.2203
25816,0.1247,-0.0418,9.8682,-0.2471,-0.0120,-0.3812,-8.2720,7.9570,-11.2053
25824,0.2539,-0.0832,9.9552,-0.2883,0.1877,-0.2700,-8.2740,7.9704,-11.1904
25832,0.2059,0.0152,9.8389,-0.4103,0.3148,-0.3076,-8.2783,7.9847,-11.1812
25840,0.2495,0.0695,9.9095,-0.0629,0.4149,-0.2957,-8.2755,8.0088,-11.1686
25848,0.2462,0.1269,9.8536,-0.5548,0.4760,-0.4175,-8.2727,8.0329,-11.1561
25856,0.2317,0.1775,9.7998,-0.1024,0.3797,-0.5421,-8.2751,8.0449,-11.1370
25864,0.2916,0.1075,9.8263,-0.4699,0.3224,-0.8158,-8.2798,8.0607,-11.1227
25872,0.2928,0.2779,9.7355,-0.0746,0.0702,-0.9736,-8.2789,8.0726,-11.1118
25880,0.2808,0.3537,9.8414,-0.2219,0.0930,-1.3272,-8.2779,8.0844,-11.1008
25888,0.2726,0.2839,9.7273,-0.5121,0.0562,-1.4973,-8.2769,8.0961,-11.0899
25896,0.2147,0.3696,9.7912,0.1063,-0.0857,-1.8866,-8.2759,8.1130,-11.0724
25904,0.2320,0.3115,9.8404,-0.3903,-0.0454,-2.1042,-8.2749,8.1297,-11.0549
25912,0.2749,0.3385,9.8593,-0.0865,-0.2788,-2.4510,-8.2767,8.1431,-11.0451
25920,0.1179,0.3057,9.8738,-0.4119,-0.0301,-2.7106,-8.2785,8.1564,-11.0353
25928,0.1302,0.1206,9.6796,-0.5845,0.0105,-2.9855,-8.2802,8.1696,-11.0255
25936,0.1578,0.1326,9.7704,-0.2562,-0.0228,-3.1578,-8.2815,8.1883,-11.0129
25944,0.1108,0.1029,9.8839,-0.7396,0.0335,-3.2612,-8.2795,8.2089,-11.0007
25952,0.1083,-0.0037,9.8282,-0.7219,0.0179,-3.2907,-8.2807,8.2237,-10.9844
25960,0.0678,-0.0719,9.8570,-0.3182,0.0137,-3.4682,-8.2820,8.2385,-10.9681
25968,0.1323,-0.0735,9.8962,-0.4042,-0.1103,-3.5554,-8.2799,8.2536,-10.9570
25976,0.1497,-0.0958,9.9518,-0.3932,-0.1383,-3.5640,-8.2787,8.2696,-10.9422
25984,-0.0255,-0.1726,9.8336,-0.2039,0.1257,-3.5296,-8.2775,8.2888,-10.9275
25992,0.0920,-0.0516,9.6961,0.1744,-0.1739,-3.5074,-8.2702,8.3131,-10.9137
26000,0.1524,-0.0397,9.8508,-0.0211,0.0676,-3.4728,-8.2629,8.3373,-10.8999
26008,0.1095,-0.0949,9.8534,-0.0988,-0.0321,-3.4291,-8.2646,8.3557,-10.8786
26016,0.0193,-0.0414,9.9089,-0.0478,0.1738,-3.5259,-8.2681,8.3745,-10.8626
26024,0.1239,0.0347,9.8458,0.2064,0.1388,-3.5652,-8.2674,8.3865,-10.8471
26032,0.1471,0.0767,9.8829,-0.3506,0.1613,-3.7494,-8.2667,8.3985,-10.8316
26040,0.0701,0.0688,9.7803,-0.2885,0.2201,-3.8136,-8.2660,8.4104,-10.8162
26048,0.1466,0.0743,9.8560,-0.1918,0.1751,-4.0109,-8.2628,8.4298,-10.7975
26056,0.1230,0.1417,9.7729,-0.6167,0.3773,-4.1650,-8.2597,8.4492,-10.7788
26064,0.1371,0.1330,9.7600,-0.2710,0.3867,-4.4270,-8.2599,8.4623,-10.7593
26072,0.1695,0.1211,9.7780,-0.5110,0.3877,-4.5389,-8.2601,8.4753,-10.7398
26080,0.1428,0.0774,9.8211,-0.3540,0.3460,-4.6138,-8.2603,8.4882,-10.7203
26088,0.2056,0.0503,9.8347,-0.3904,0.1488,-4.6669,-8.2552,8.5039,-10.7024
26096,0.2674,0.1341,9.8173,-0.2119,0.2242,-4.6402,-8.2549,8.5186,-10.6868
26104,0.2127,0.0555,9.8549,-0.2119,0.3443,-4.6094,-8.2569,8.5279,-10.6680
26112,0.2097,-0.0247,9.6980,-0.3906,0.1978,-4.4093,-8.2590,8.5373,-10.6492
26120,0.2210,0.0139,9.6713,-0.1988,0.0550,-4.3460,-8.2577,8.5503,-10.6305
26128,0.2791,0.0169,9.6836,-0.4073,-0.0335,-4.2267,-8.2592,8.5661,-10.6156
26136,0.1882,-0.0150,9.8414,-0.2575,0.0072,-4.1447,-8.2616,8.5871,-10.5951
26144,0.3629,-0.1263,9.9241,-0.2875,-0.1672,-4.0529,-8.2551,8.6041,-10.5827
26152,0.3237,-0.0084,10.0221,-0.0895,-0.1900,-4.0398,-8.2485,8.6211,-10.5703
26160,0.3210,-0.0880,10.0402,-0.4228,-0.0038,-3.8486,-8.2430,8.6342,-10.5513
26168,0.2785,-0.0748,9.8083,-0.1923,0.0810,-3.7138,-8.2402,8.6454,-10.5329
26176,0.2992,-0.0593,9.8627,-0.0225,-0.0860,-3.4808,-8.2337,8.6607,-10.5173
26184,0.1991,-0.1062,9.7329,-0.5401,-0.0430,-3.2474,-8.2272,8.6760,-10.5018
26192,0.1732,-0.0503,9.7452,0.1996,-0.2926,-3.0509,-8.2207,8.6912,-10.4864
26200,0.2377,-0.0631,9.9364,0.0136,-0.2699,-2.8869,-8.2165,8.7053,-10.4686
26208,0.2933,-0.1211,10.0314,-0.1856,-0.2348,-2.6768,-8.2124,8.7194,-10.4508
26216,0.2667,-0.0542,10.0450,-0.0587,0.0013,-2.4492,-8.2135,8.7339,-10.4407
26224,0.2885,-0.0948,10.0864,-0.2868,0.2565,-2.3303,-8.2146,8.7483,-10.4306
26232,0.1758,-0.0760,9.9225,-0.5581,0.4365,-2.0752,-8.2156,8.7627,-10.4205
26240,0.1594,-0.0093,9.8781,-0.2257,0.4700,-1.9272,-8.2143,8.7807,-10.4024
26248,0.1723,-0.0743,9.8207,-0.4571,0.4887,-1.5884,-8.2116,8.7964,-10.3854
26256,0.0939,-0.0615,9.7313,-0.3450,0.3839,-1.3924,-8.2088,8.8095,-10.3721
26264,0.0912,-0.0322,9.8741,-0.0379,0.4250,-1.1170,-8.2108,8.8250,-10.3589
26272,0.0769,-0.0726,9.8288,-0.5148,0.5416,-0.9123,-8.2128,8.8404,-10.3457
26280,0.0772,-0.0199,9.7924,-0.1495,0.4159,-0.6579,-8.2076,8.8567,-10.3245
26288,0.0046,-0.0693,9.8096,-0.5629,0.6636,-0.5906,-8.2025,8.8719,-10.3043
26296,0.0004,-0.0816,9.7386,-0.5049,0.5031,-0.2756,-8.1988,8.8833,-10.2898
26304,-0.0098,-0.0125,9.7650,-0.5694,0.5257,-0.0117,-8.1955,8.9003,-10.2750
26312,-0.0008,-0.0494,9.7556,-0.5298,0.5313,0.1394,-8.1923,8.9172,-10.2601
26320,-0.0282,-0.0700,9.7581,-0.5772,0.3979,0.2891,-8.1900,8.9313,-10.2444
26328,0.0295,-0.0134,9.7093,-0.3506,0.3291,0.5577,-8.1868,8.9466,-10.2272
26336,0.0165,-0.0101,9.7872,-0.3578,0.3753,0.6305,-8.1836,8.9619,-10.2102
26344,0.0230,-0.0440,9.7429,-0.5221,0.3848,0.8094,-8.1803,8.9771,-10.1931
26352,0.0230,0.0192,9.7775,-0.1379,0.2178,0.9939,-8.1747,8.9861,-10.1795
26360,-0.0016,-0.0002,9.8025,-0.3384,0.2369,1.0476,-8.1691,8.9951,-10.1658
26368,0.0098,0.0466,9.6602,-0.2022,0.0791,1.0936,-8.1640,9.0073,-10.1451
26376,0.0014,0.1116,9.6225,-0.0240,-0.0451,1.2550,-8.1589,9.0194,-10.1245
26384,0.0331,-0.0058,9.5821,-0.2322,-0.1666,1.4520,-8.1539,9.0315,-10.1039
26392,0.0148,0.0856,9.6243,0.2113,-0.5174,1.4350,-8.1512,9.0407,-10.0834
26400,0.0724,0.0822,9.8269,-0.0365,-0.3275,1.6828,-8.1503,9.0507,-10.0682
26408,0.1948,0.0268,9.8207,-0.1482,-0.3353,1.7917,-8.1471,9.0617,-10.0549
26416,0.1247,0.0559,9.9295,0.0704,-0.0948,1.8692,-8.1421,9.0769,-10.0388
26424,0.1159,-0.0753,9.8166,-0.2913,0.1006,1.9673,-8.1370,9.0920,-10.0227
26432,0.0587,0.0241,9.7271,-0.0825,-0.0645,2.0745,-8.1286,9.1047,-10.0010
26440,0.2038,0.0931,9.7296,-0.0375,0.1002,2.0836,-8.1274,9.1135,-9.9808
26448,0.1720,-0.1223,9.8379,-0.3411,0.1377,2.2630,-8.1275,9.1265,-9.9658
26456,0.2142,-0.0531,9.7560,0.1206,0.0669,2.2692,-8.1263,9.1390,-9.9490
26464,0.2611,0.0037,9.9465,0.0980,0.3166,2.3392,-8.1250,9.1515,-9.9323
26472,0.3200,-0.0588,9.8465,-0.2915,0.4246,2.4034,-8.1214,9.1629,-9.9132
26480,0.4265,-0.0589,9.9629,0.1093,0.3333,2.4941,-8.1172,9.1733,-9.8937
26488,0.3503,-0.0358,9.9998,-0.0594,0.7766,2.5543,-8.1131,9.1837,-9.8743
26496,0.3023,-0.0053,9.8483,0.0219,0.7152,2.6944,-8.1095,9.1936,-9.8601
26504,0.3144,0.0898,9.7026,0.1344,0.7738,2.9138,-8.1059,9.2034,-9.8460
26512,0.4064,0.0304,9.6627,-0.0541,0.6166,2.9235,-8.1023,9.2131,-9.8319
26520,0.3763,0.0578,9.6644,-0.2050,0.4582,3.0369,-8.1001,9.2233,-9.8127
26528,0.2944,0.0284,9.7926,-0.1333,0.5707,3.1159,-8.0979,9.2334,-9.7935
26536,0.3578,0.0774,9.7528,-0.3554,0.4890,3.2715,-8.0952,9.2435,-9.7743
26544,0.4366,0.0571,9.8781,-0.5038,0.6268,3.2416,-8.0926,9.2592,-9.7567
26552,0.4195,-0.0205,9.8238,-0.7310,0.5800,3.3997,-8.0918,9.2668,-9.7400
26560,0.3872,0.0513,9.7970,-0.6096,0.4418,3.4949,-8.0882,9.2786,-9.7168
26568,0.3466,0.0062,9.6989,-0.6856,0.4938,3.6552,-8.0832,9.2942,-9.7007
26576,0.4069,-0.0120,9.6635,-0.4729,0.0767,3.6486,-8.0782,9.3097,-9.6847
26584,0.3635,0.0432,9.6688,-0.4908,0.0806,3.8049,-8.0708,9.3189,-9.6616
26592,0.4040,-0.0632,9.7173,-0.2973,-0.0357,3.8716,-8.0696,9.3305,-9.6466
26600,0.3918,0.0647,9.7835,-0.2829,-0.2722,4.1355,-8.0660,9.3382,-9.6307
26608,0.4013,0.0483,9.8712,-0.3411,-0.1251,4.2092,-8.0606,9.3492,-9.6130
26616,0.3817,-0.0217,9.8089,-0.4341,-0.1604,4.2850,-8.0551,9.3602,-9.5954
26624,0.3726,0.1514,9.8464,-0.3470,-0.3408,4.3414,-8.0497,9.3721,-9.5721
26632,0.4395,0.0402,9.8735,-0.6958,-0.2813,4.3954,-8.0500,9.3805,-9.5536
26640,0.3794,0.0763,9.7408,-0.5200,-0.4484,4.4310,-8.0502,9.3890,-9.5351
26648,0.3668,0.1590,9.7670,-0.6958,-0.4936,4.2598,-8.0490,9.3941,-9.5206
26656,0.4275,0.1245,9.6782,-0.8080,-0.4088,4.1040,-8.0479,9.3991,-9.5060
26664,0.3962,0.1603,9.8178,-0.6246,-0.5383,4.0431,-8.0467,9.4042,-9.4915
26672,0.4381,0.1279,9.7929,-0.8999,-0.2569,4.0114,-8.0408,9.4115,-9.4714
26680,0.4428,0.1593,9.8515,-0.5178,-0.3344,3.9492,-8.0349,9.4188,-9.4513
26688,0.4461,0.1963,9.9127,-0.6724,-0.1872,3.9590,-8.0318,9.4271,-9.4317
26696,0.4696,0.0826,9.9157,-0.6789,-0.1878,3.9711,-8.0288,9.4352,-9.4122
26704,0.5364,0.0345,9.8733,-0.5412,-0.2364,3.9479,-8.0276,9.4415,-9.3899
26712,0.4133,0.0938,9.8350,-0.7107,-0.0268,3.7605,-8.0236,9.4458,-9.3744
26720,0.4339,0.1512,9.6577,-0.5423,-0.0797,3.7012,-8.0177,9.4506,-9.3560
26728,0.5766,0.0728,9.6626,-0.6691,-0.0077,3.5405,-8.0138,9.4610,-9.3415
26736,0.4952,0.0069,9.7760,-0.6465,-0.0748,3.4775,-8.0098,9.4714,-9.3270
26744,0.5062,0.0206,9.9222,-0.5795,-0.0483,3.4653,-8.0063,9.4784,-9.3097
26752,0.5491,0.0968,9.9485,-0.4967,0.0518,3.3843,-8.0057,9.4896,-9.2920
26760,0.5436,0.1060,9.9139,-0.5083,0.0274,3.2188,-8.0008,9.4966,-9.2691
26768,0.5205,-0.1038,9.8043,-0.9086,0.1934,3.0766,-7.9959,9.5035,-9.2463
26776,0.4786,-0.0181,9.6582,-0.3662,0.0855,3.0552,-7.9911,9.5103,-9.2236
26784,0.4862,0.1533,9.7264,-0.2928,0.0597,2.8695,-7.9814,9.5233,-9.2066
26792,0.4681,0.0957,9.6692,-0.4812,0.0670,2.8012,-7.9719,9.5362,-9.1897
26800,0.4908,0.0080,9.7113,-0.0241,-0.0487,2.6585,-7.9647,9.5429,-9.1704
26808,0.4449,0.0617,9.7981,-0.0350,0.0113,2.5248,-7.9575,9.5496,-9.1512
26816,0.4749,0.1772,9.7442,0.0986,-0.1179,2.3436,-7.9504,9.5563,-9.1321
26824,0.4797,0.2658,9.7509,-0.0323,-0.0629,2.2156,-7.9456,9.5605,-9.1130
26832,0.4895,0.2107,9.7875,-0.1175,-0.0502,2.0799,-7.9385,9.5662,-9.0940
26840,0.5367,0.1631,9.7814,-0.3029,-0.1715,2.0221,-7.9290,9.5718,-9.0784
26848,0.5670,0.2116,9.8265,-0.1576,-0.1834,1.8282,-7.9196,9.5773,-9.0628
26856,0.5125,0.2541,9.9384,-0.4080,-0.1388,1.4908,-7.9149,9.5876,-9.0453
26864,0.4094,0.1810,9.9408,-0.5381,0.2212,1.1335,-7.9055,9.5955,-9.0298
26872,0.4054,0.2223,9.7024,-0.3798,0.3067,0.7198,-7.9037,9.6029,-9.0115
26880,0.4574,0.3203,9.5651,-0.3538,0.1352,0.3428,-7.8986,9.6126,-8.9957
26888,0.3946,0.3401,9.6093,-0.4089,-0.0528,-0.0843,-7.8935,9.6222,-8.9798
26896,0.3597,0.2260,9.8147,-0.0696,-0.2486,-0.3728,-7.8837,9.6318,-8.9631
26904,0.4255,0.3132,9.9664,0.0601,-0.4225,-0.7393,-7.8833,9.6400,-8.9450
26912,0.4410,0.2886,10.0595,-0.0531,-0.0528,-1.0764,-7.8764,9.6414,-8.9265
26920,0.4121,0.2168,9.9324,-0.2627,0.1328,-1.4388,-7.8694,9.6429,-8.9081
26928,0.3368,0.1877,9.8028,-0.2685,0.3235,-1.7267,-7.8625,9.6444,-8.8897
26936,0.3456,0.1806,9.6559,-0.5700,0.3806,-2.0126,-7.8542,9.6538,-8.8685
26944,0.3153,0.1878,9.6656,-0.5597,0.1845,-2.2967,-7.8458,9.6633,-8.8473
26952,0.3048,0.0453,9.7062,-0.6191,0.1730,-2.6218,-7.8413,9.6732,-8.8306
26960,0.3203,0.0413,9.8140,-0.4040,-0.0700,-2.7726,-7.8369,9.6830,-8.8138
26968,0.3499,0.0581,9.9526,-0.5422,0.0977,-2.9115,-7.8324,9.6928,-8.7971
26976,0.3620,0.0332,9.9126,-0.3464,0.2793,-2.9109,-7.8298,9.7030,-8.7738
26984,0.3712,0.0535,9.8568,-0.3992,0.3676,-2.9638,-7.8239,9.7099,-8.7540
26992,0.3221,-0.0452,9.7955,-0.4950,0.5455,-3.0490,-7.8204,9.7167,-8.7332
27000,0.3141,-0.1035,9.7978,-0.2960,0.3982,-3.0024,-7.8169,9.7235,-8.7125
27008,0.3733,-0.0283,9.7798,-0.2656,0.2360,-2.9739,-7.8101,9.7355,-8.6937
27016,0.3336,-0.0336,9.8032,-0.2446,0.2036,-2.9920,-7.8029,9.7484,-8.6788
27024,0.3327,-0.1267,9.8303,-0.3685,0.1566,-2.9506,-7.7957,9.7560,-8.6654
27032,0.2991,-0.0775,9.7300,-0.3377,0.2476,-2.7564,-7.7903,9.7693,-8.6444
27040,0.3480,-0.0207,9.7781,-0.3562,0.2547,-2.7707,-7.7850,9.7825,-8.6235
27048,0.3475,-0.0841,9.7370,-0.7872,0.2108,-2.7923,-7.7868,9.7909,-8.6036
27056,0.3221,-0.0540,9.7731,-0.2740,-0.0258,-2.8103,-7.7844,9.8021,-8.5842
27064,0.3382,-0.0008,9.8868,-0.2740,-0.0628,-2.6916,-7.7800,9.8114,-8.5715
27072,0.3533,-0.0488,9.8754,-0.2606,0.0218,-2.7887,-7.7757,9.8207,-8.5589
27080,0.4189,-0.0635,9.8624,0.0322,-0.0999,-2.7829,-7.7713,9.8299,-8.5463
27088,0.3775,-0.0417,9.8397,-0.3491,-0.0269,-2.9026,-7.7646,9.8415,-8.5280
27096,0.3483,-0.0817,9.7603,-0.3191,0.1468,-2.9558,-7.7580,9.8530,-8.5098
27104,0.3214,-0.0409,9.7364,-0.3144,0.1769,-3.0840,-7.7532,9.8625,-8.4969
27112,0.4319,-0.0309,9.7165,-0.2166,0.1791,-3.1373,-7.7485,9.8720,-8.4840
27120,0.4622,-0.0345,9.8420,-0.2031,0.0212,-3.0629,-7.7437,9.8815,-8.4711
27128,0.4869,-0.1189,10.0298,0.0525,0.1208,-2.9011,-7.7404,9.8948,-8.4503
27136,0.3416,-0.0131,9.9830,-0.0337,0.2614,-2.8237,-7.7253,9.9094,-8.4408
27144,0.3509,-0.0376,9.8317,-0.2201,0.4332,-2.8403,-7.7088,9.9272,-8.4210
27152,0.3935,-0.0215,9.5559,-0.3398,0.3629,-2.8056,-7.6923,9.9450,-8.4012
27160,0.4525,0.0195,9.6033,-0.2808,0.2076,-2.8337,-7.6754,9.9623,-8.3796
27168,0.4125,-0.1124,9.8635,-0.4618,0.2030,-2.6579,-7.6633,9.9771,-8.3643
27176,0.3863,-0.0099,10.0156,0.1304,0.1587,-2.7085,-7.6546,9.9858,-8.3466
27184,0.4219,0.0655,10.0789,0.0861,0.4337,-2.5942,-7.6515,9.9977,-8.3280
27192,0.4472,-0.0266,9.7855,-0.1402,0.6406,-2.5462,-7.6485,10.0095,-8.3094
27200,0.4688,-0.0411,9.7045,0.1286,0.4492,-2.3483,-7.6393,10.0213,-8.2900
27208,0.4090,-0.0001,9.6963,-0.2222,0.4741,-2.4471,-7.6354,10.0288,-8.2749
27216,0.4160,-0.0067,9.7240,-0.0351,0.2259,-2.3496,-7.6276,10.0344,-8.2565
27224,0.4738,-0.0222,9.8816,-0.1015,0.1166,-2.3629,-7.6199,10.0399,-8.2382
27232,0.5138,-0.0659,9.9085,-0.1437,0.1428,-2.2211,-7.6122,10.0455,-8.2200
27240,0.4584,-0.0375,9.9124,-0.1227,0.1331,-2.2374,-7.6050,10.0500,-8.2036
27248,0.4474,-0.0059,9.8616,-0.1799,0.2172,-2.0557,-7.5979,10.0545,-8.1874
27256,0.4398,-0.0138,9.8148,-0.1653,0.0976,-1.9913,-7.5917,10.0628,-8.1726
27264,0.4876,-0.0364,9.8066,-0.0473,0.0765,-1.8390,-7.5855,10.0711,-8.1578
27272,0.4916,-0.0322,9.8161,0.0468,0.2458,-1.7947,-7.5793,10.0793,-8.1431
27280,0.5267,-0.0002,9.7599,0.1182,0.2396,-1.7231,-7.5746,10.0875,-8.1238
27288,0.6031,-0.0027,9.8043,0.1891,0.0737,-1.5772,-7.5694,10.0952,-8.1049
27296,0.6317,-0.1106,9.9793,-0.0605,0.0937,-1.4457,-7.5642,10.1029,-8.0894
27304,0.5824,-0.1081,9.9956,-0.0484,0.2515,-1.3359,-7.5590,10.1105,-8.0740
27312,0.6194,-0.0361,9.9160,-0.0529,0.4157,-1.3590,-7.5544,10.1148,-8.0581
27320,0.6004,-0.0556,9.7337,-0.4678,0.4554,-1.2397,-7.5506,10.1229,-8.0414
27328,0.5796,-0.1239,9.5980,-0.4246,0.3468,-1.1736,-7.5517,10.1285,-8.0256
27336,0.6268,-0.1410,9.6819,-0.3033,0.1468,-1.0438,-7.5508,10.1370,-8.0103
27344,0.6559,-0.0786,9.8845,-0.2220,0.0863,-0.9569,-7.5499,10.1454,-7.9952
27352,0.6959,-0.0882,9.9995,-0.1122,0.0684,-0.7352,-7.5448,10.1505,-7.9800
27360,0.6979,-0.0937,9.9446,0.0647,0.2273,-0.5632,-7.5401,10.1608,-7.9621
27368,0.7152,-0.0404,9.8189,0.2793,0.1260,-0.3854,-7.5365,10.1677,-7.9432
27376,0.7039,-0.0190,9.7588,0.1192,0.1037,-0.2554,-7.5328,10.1746,-7.9244
27384,0.7134,-0.0069,9.7291,0.2114,0.0451,-0.1123,-7.5291,10.1814,-7.9057
27392,0.7315,0.0076,9.8074,0.1795,0.0503,0.0298,-7.5245,10.1892,-7.8918
27400,0.7634,0.0222,9.8204,0.0531,0.1274,0.0963,-7.5199,10.1970,-7.8779
27408,0.7995,0.0371,9.8203,0.0015,0.0490,0.2080,-7.5134,10.2080,-7.8608
27416,0.8112,0.0493,9.8112,-0.1758,0.0435,0.2827,-7.5070,10.2190,-7.8436
27424,0.8063,0.0608,9.8730,-0.2361,0.0515,0.4396,-7.5005,10.2300,-7.8266
27432,0.8051,0.0543,9.9158,-0.4777,0.2084,0.4295,-7.4960,10.2376,-7.8082
27440,0.8068,0.0940,9.8260,-0.4474,0.1586,0.5053,-7.4896,10.2484,-7.7927
27448,0.8123,0.1163,9.7635,-0.4238,0.0549,0.3617,-7.4856,10.2517,-7.7724
27456,0.7449,0.0759,9.7146,-0.3985,0.0544,0.3444,-7.4806,10.2564,-7.7594
27464,0.7122,0.1135,9.7656,-0.1397,-0.1568,0.3252,-7.4757,10.2610,-7.7464
27472,0.6999,0.1307,9.8728,-0.1508,-0.1827,0.3042,-7.4707,10.2680,-7.7311
27480,0.6546,0.1040,9.8960,-0.1295,-0.0715,0.2334,-7.4686,10.2778,-7.7153
27488,0.5940,0.0802,9.8791,-0.0318,0.0002,0.2910,-7.4661,10.2857,-7.7001
27496,0.5360,0.0600,9.8225,-0.1783,0.0554,0.2102,-7.4636,10.2936,-7.6849
27504,0.4726,0.0577,9.7776,-0.1798,0.1909,0.2475,-7.4530,10.3033,-7.6645
27512,0.4171,0.0393,9.8025,-0.2852,0.2058,0.1925,-7.4448,10.3106,-7.6476
27520,0.3600,0.0048,9.8210,-0.3380,0.4227,0.2413,-7.4414,10.3155,-7.6330
27528,0.3178,-0.0269,9.8332,-0.3751,0.5528,0.2666,-7.4379,10.3204,-7.6185
27536,0.2966,-0.0450,9.8310,-0.3840,0.6372,0.3388,-7.4345,10.3253,-7.6040
27544,0.2696,-0.0765,9.8226,-0.3231,0.6299,0.3199,-7.4307,10.3330,-7.5915
27552,0.2470,-0.0922,9.8620,-0.2729,0.6256,0.3444,-7.4268,10.3406,-7.5790
27560,0.2626,-0.1023,9.8725,-0.1422,0.6161,0.4132,-7.4248,10.3478,-7.5599
27568,0.2666,-0.1024,9.8548,-0.0439,0.6284,0.4683,-7.4229,10.3549,-7.5409
27576,0.2962,-0.1011,9.7995,0.1034,0.5655,0.5077,-7.4209,10.3620,-7.5220
27584,0.3076,-0.0675,9.7832,0.1216,0.5293,0.4973,-7.4128,10.3705,-7.5092
27592,0.3256,-0.0335,9.8240,0.1443,0.4707,0.4261,-7.4067,10.3795,-7.4932
27600,0.3405,-0.0001,9.8546,0.1554,0.4387,0.3900,-7.3995,10.3931,-7.4753
27608,0.3517,0.0252,9.8376,0.0807,0.4828,0.3928,-7.3972,10.3982,-7.4594
27616,0.3477,0.0386,9.7826,-0.0254,0.4582,0.4942,-7.3948,10.4032,-7.4435
27624,0.3273,0.0661,9.7287,-0.0256,0.3654,0.4391,-7.3882,10.4187,-7.4296
27632,0.3147,0.0764,9.7237,-0.1110,0.2660,0.4531,-7.3826,10.4279,-7.4181
27640,0.3147,0.0703,9.7675,-0.1155,0.1416,0.4931,-7.3803,10.4352,-7.4014
27648,0.3083,0.0625,9.8075,-0.1010,-0.0280,0.4967,-7.3761,10.4435,-7.3876
27656,0.3085,0.0613,9.8296,-0.0899,0.0898,0.5935,-7.3719,10.4517,-7.3739
27664,0.2954,0.0498,9.8232,-0.0685,0.0691,0.5714,-7.3687,10.4598,-7.3578
27672,0.2831,0.0348,9.8042,-0.0348,-0.0627,0.5556,-7.3607,10.4656,-7.3475
27680,0.2788,0.0231,9.8020,-0.0185,-0.0794,0.5352,-7.3528,10.4714,-7.3371
27688,0.2608,0.0220,9.8165,0.0103,-0.1540,0.5503,-7.3420,10.4813,-7.3269
27696,0.2500,0.0133,9.8218,0.0646,-0.1854,0.5514,-7.3313,10.4913,-7.3114
27704,0.2425,0.0105,9.8225,0.0685,-0.2020,0.6032,-7.3206,10.5012,-7.2960
27712,0.2193,0.0111,9.8286,0.0803,-0.1726,0.6953,-7.3161,10.5073,-7.2806
27720,0.1942,0.0075,9.8332,0.0195,-0.1685,0.6368,-7.3117,10.5134,-7.2653
27728,0.1916,0.0075,9.8461,-0.0279,-0.1166,0.7355,-7.3072,10.5194,-7.2500
27736,0.1700,0.0098,9.8385,-0.0573,-0.0936,0.6698,-7.3084,10.5278,-7.2410
27744,0.1565,0.0027,9.8226,-0.0507,-0.0769,0.7617,-7.3039,10.5409,-7.2272
27752,0.1478,0.0086,9.8155,-0.1618,-0.0770,0.8176,-7.3023,10.5450,-7.2163
27760,0.1455,0.0162,9.8264,-0.0866,-0.0024,0.8390,-7.2993,10.5537,-7.1998
27768,0.1324,0.0090,9.8417,-0.1508,0.1063,0.9155,-7.2963,10.5625,-7.1833
27776,0.1206,0.0070,9.8355,-0.1561,0.1915,0.8927,-7.2885,10.5665,-7.1702
27784,0.1031,0.0093,9.8176,-0.1532,0.2197,0.9402,-7.2832,10.5742,-7.1524
27792,0.0986,0.0209,9.7827,-0.1798,0.2280,0.9909,-7.2755,10.5758,-7.1370
27800,0.1041,0.0160,9.7662,-0.1919,0.1640,0.9301,-7.2702,10.5835,-7.1287
27808,0.0946,0.0033,9.7763,-0.1927,0.1214,0.8479,-7.2649,10.5912,-7.1205
27816,0.0914,0.0010,9.7859,-0.1429,0.0939,0.8601,-7.2620,10.5988,-7.1123
27824,0.0857,-0.0148,9.7859,-0.2339,0.0757,0.7756,-7.2614,10.6064,-7.1008
27832,0.0729,-0.0150,9.7741,-0.1209,0.0423,0.7082,-7.2609,10.6140,-7.0894
27840,0.0636,-0.0161,9.7780,-0.1623,-0.0323,0.5905,-7.2599,10.6197,-7.0770
27848,0.0606,-0.0130,9.7678,-0.0898,-0.0316,0.5418,-7.2588,10.6254,-7.0647
27856,0.0542,-0.0188,9.7678,-0.0978,-0.0977,0.4740,-7.2578,10.6310,-7.0524
27864,0.0426,-0.0104,9.7691,-0.1214,-0.1288,0.4998,-7.2545,10.6404,-7.0402
27872,0.0357,-0.0155,9.7766,-0.1120,-0.2120,0.4845,-7.2511,10.6498,-7.0280
27880,0.0371,-0.0070,9.7784,-0.1351,-0.1395,0.4405,-7.2421,10.6624,-7.0158
27888,0.0362,-0.0034,9.7723,-0.1918,-0.1501,0.3877,-7.2330,10.6750,-7.0037
27896,0.0463,0.0063,9.7732,-0.1233,-0.1710,0.3586,-7.2288,10.6757,-6.9892
27904,0.0627,0.0050,9.7872,-0.0445,-0.1456,0.3521,-7.2250,10.6831,-6.9743
27912,0.0589,0.0057,9.8017,-0.1078,-0.0494,0.2659,-7.2218,10.6847,-6.9661
27920,0.0673,0.0149,9.8066,-0.1444,-0.0320,0.3088,-7.2185,10.6864,-6.9579
27928,0.0626,0.0124,9.8142,-0.1713,-0.0127,0.2938,-7.2166,10.6965,-6.9474
27936,0.0693,0.0014,9.8124,-0.1411,-0.0235,0.2555,-7.2148,10.7028,-6.9379
27944,0.0598,0.0102,9.8054,-0.2189,0.0941,0.1335,-7.2111,10.7087,-6.9269
27952,0.0494,-0.0029,9.8077,-0.2212,0.0812,0.2089,-7.2097,10.7135,-6.9160
27960,0.0537,-0.0019,9.8011,-0.1915,0.1622,0.1743,-7.2084,10.7183,-6.9051
27968,0.0371,-0.0101,9.8024,-0.1977,0.1917,0.2238,-7.2042,10.7213,-6.8910
27976,0.0289,-0.0048,9.8131,-0.2543,0.2599,0.1779,-7.2000,10.7289,-6.8830
27984,0.0174,-0.0110,9.8069,-0.2951,0.2397,0.1713,-7.1959,10.7365,-6.8751
27992,0.0015,-0.0074,9.7958,-0.2835,0.2818,0.1304,-7.1951,10.7418,-6.8648
28000,-0.0006,-0.0370,9.7858,-0.2617,0.2767,0.2032,-7.1942,10.7470,-6.8546
28008,0.0002,-0.0424,9.7726,-0.2835,0.2558,0.3502,-7.1934,10.7522,-6.8444
28016,-0.0113,-0.0636,9.7712,-0.2377,0.2199,0.3547,-7.1949,10.7583,-6.8285
28024,-0.0090,-0.0783,9.7781,-0.2392,0.2762,0.3164,-7.1965,10.7644,-6.8127
28032,-0.0046,-0.0888,9.7925,-0.2620,0.3060,0.4611,-7.1933,10.7671,-6.8026
28040,0.0039,-0.1029,9.7814,-0.2918,0.2385,0.5461,-7.1901,10.7699,-6.7926
28048,-0.0162,-0.1097,9.7687,-0.2350,0.2407,0.6514,-7.1874,10.7707,-6.7806
28056,-0.0253,-0.1036,9.7498,-0.1967,0.2107,0.8321,-7.1847,10.7753,-6.7702
28064,-0.0462,-0.1095,9.7456,-0.1760,0.1314,0.9169,-7.1796,10.7809,-6.7574
28072,-0.0401,-0.0993,9.7490,-0.0762,-0.0271,0.9527,-7.1793,10.7888,-6.7447
28080,-0.0478,-0.1137,9.7607,-0.0528,-0.2107,1.0642,-7.1790,10.7967,-6.7319
28088,-0.0580,-0.0986,9.7681,-0.0011,-0.2209,1.2668,-7.1763,10.7998,-6.7155
28096,-0.0599,-0.0926,9.7835,0.0510,-0.2920,1.3406,-7.1745,10.8048,-6.7043
28104,-0.0848,-0.0859,9.7856,0.0662,-0.4187,1.4245,-7.1728,10.8121,-6.6898
28112,-0.1028,-0.0825,9.7888,0.0460,-0.5318,1.5341,-7.1654,10.8190,-6.6735
28120,-0.1337,-0.0771,9.7918,0.1307,-0.7173,1.6228,-7.1580,10.8258,-6.6572
28128,-0.1544,-0.0586,9.8040,0.1664,-0.6467,1.6624,-7.1545,10.8312,-6.6424
28136,-0.1672,-0.0473,9.8023,0.1632,-0.7072,1.7722,-7.1509,10.8365,-6.6276
28144,-0.1814,-0.0435,9.7962,0.1308,-0.7410,1.8052,-7.1436,10.8456,-6.6186
28152,-0.2035,-0.0401,9.8039,0.2038,-0.7494,1.8128,-7.1363,10.8547,-6.6096
28160,-0.2253,-0.0219,9.8250,0.1643,-0.6534,1.8387,-7.1290,10.8638,-6.6006
28168,-0.2504,-0.0068,9.8482,0.1852,-0.5669,1.8208,-7.1274,10.8671,-6.5832
28176,-0.2636,0.0064,9.8418,0.0878,-0.6229,1.8464,-7.1258,10.8705,-6.5657
28184,-0.2765,0.0092,9.8165,0.0987,-0.5457,1.9028,-7.1219,10.8776,-6.5550
28192,-0.3054,0.0117,9.8018,0.1492,-0.6160,1.9248,-7.1179,10.8847,-6.5443
28200,-0.3252,0.0281,9.8007,0.0694,-0.5845,1.9698,-7.1145,10.8898,-6.5308
28208,-0.3509,0.0321,9.7953,0.0011,-0.5650,1.9782,-7.1148,10.8945,-6.5159
28216,-0.3532,0.0470,9.7680,-0.0802,-0.5624,1.9889,-7.1133,10.8977,-6.5020
28224,-0.3662,0.0747,9.7715,-0.1207,-0.6585,1.9618,-7.1136,10.9010,-6.4915
28232,-0.3729,0.0655,9.7975,-0.1913,-0.6705,1.8345,-7.1140,10.9042,-6.4810
28240,-0.3931,0.0440,9.7996,-0.2535,-0.6766,1.7875,-7.1053,10.9097,-6.4705
28248,-0.4178,0.0337,9.8143,-0.2491,-0.5945,1.7478,-7.1066,10.9172,-6.4620
28256,-0.4456,0.0307,9.7984,-0.3088,-0.4972,1.6086,-7.1065,10.9246,-6.4478
28264,-0.4781,0.0103,9.7799,-0.4138,-0.5189,1.5154,-7.1064,10.9320,-6.4336
28272,-0.4960,-0.0142,9.7523,-0.3943,-0.6170,1.3943,-7.1063,10.9394,-6.4195
28280,-0.5223,-0.0190,9.7610,-0.3624,-0.8174,1.2999,-7.0987,10.9401,-6.4059
28288,-0.5429,-0.0083,9.7875,-0.3424,-0.8864,1.1109,-7.0910,10.9408,-6.3924
28296,-0.5638,-0.0154,9.8220,-0.2914,-0.9631,0.8422,-7.0862,10.9472,-6.3841
28304,-0.5905,-0.0060,9.8610,-0.1253,-0.9644,0.6945,-7.0814,10.9535,-6.3758
28312,-0.5918,0.0039,9.8620,-0.0197,-0.9577,0.5560,-7.0767,10.9599,-6.3676
28320,-0.6527,0.0302,9.8448,0.0492,-0.9246,0.4956,-7.0738,10.9619,-6.3518
28328,-0.7101,0.0681,9.8242,0.1098,-0.8662,0.4644,-7.0728,10.9644,-6.3412
28336,-0.7401,0.0418,9.7778,-0.0669,-0.6424,0.3866,-7.0667,10.9674,-6.3312
28344,-0.7605,0.0964,9.7253,-0.0066,-0.7804,0.2483,-7.0605,10.9704,-6.3212
28352,-0.7033,0.0915,9.8208,-0.1356,-0.7951,0.1319,-7.0582,10.9776,-6.3074
28360,-0.7231,0.0266,9.8658,-0.2829,-0.9077,0.0367,-7.0530,10.9858,-6.2932
28368,-0.7405,0.0179,9.9388,-0.1998,-0.9061,-0.0384,-7.0498,10.9882,-6.2862
28376,-0.7326,-0.0113,9.9034,-0.3710,-0.8326,-0.1662,-7.0465,10.9930,-6.2759
28384,-0.7546,-0.0064,9.7765,-0.3080,-0.6450,-0.2057,-7.0433,10.9978,-6.2656
28392,-0.6902,0.0300,9.7424,-0.2718,-0.6495,-0.1929,-7.0396,11.0030,-6.2534
28400,-0.6894,-0.0373,9.7493,-0.3039,-0.4992,-0.3219,-7.0349,11.0054,-6.2384
28408,-0.6722,-0.0686,9.8011,-0.0492,-0.6088,-0.2906,-7.0289,11.0120,-6.2278
28416,-0.6758,-0.0477,9.9222,-0.0376,-0.5563,-0.3727,-7.0229,11.0186,-6.2171
28424,-0.6695,-0.0698,9.8969,-0.0319,-0.5194,-0.3366,-7.0168,11.0252,-6.2066
28432,-0.6214,-0.0775,9.8372,0.1362,-0.4494,-0.3527,-7.0132,11.0270,-6.1960
28440,-0.5319,-0.0809,9.7549,-0.0737,-0.4626,-0.2907,-7.0096,11.0288,-6.1855
28448,-0.5443,-0.0848,9.7333,-0.0877,-0.3471,-0.2581,-7.0036,11.0316,-6.1773
28456,-0.6106,-0.1138,9.7565,-0.2958,-0.2793,-0.2350,-6.9977,11.0344,-6.1692
28464,-0.5486,-0.0850,9.7257,-0.2095,-0.4172,-0.2449,-6.9918,11.0371,-6.1612
28472,-0.4186,-0.1450,9.8038,-0.3909,-0.4104,-0.2276,-6.9887,11.0393,-6.1512
28480,-0.3981,-0.1902,9.8254,-0.4311,-0.4172,-0.1045,-6.9856,11.0477,-6.1427
28488,-0.3949,-0.1295,9.9196,-0.2081,-0.3517,0.0426,-6.9845,11.0580,-6.1333
28496,-0.3707,-0.1270,9.8732,-0.2243,-0.2385,0.2579,-6.9833,11.0682,-6.1239
28504,-0.3902,-0.1547,9.7506,-0.2158,-0.1915,0.3225,-6.9802,11.0728,-6.1117
28512,-0.4320,-0.2086,9.6191,-0.1703,-0.1012,0.3176,-6.9753,11.0777,-6.0982
28520,-0.3929,-0.1439,9.5275,-0.0921,-0.2015,0.3822,-6.9685,11.0822,-6.0908
28528,-0.3484,-0.0452,9.6437,-0.0200,-0.3482,0.5534,-6.9679,11.0843,-6.0787
28536,-0.2256,-0.1509,9.8467,-0.1244,-0.4297,0.6957,-6.9672,11.0864,-6.0666
28544,-0.1824,-0.1331,10.0191,0.0958,-0.4170,0.8691,-6.9628,11.0923,-6.0560
28552,-0.2089,-0.0893,10.0707,-0.1470,-0.1835,1.0110,-6.9631,11.0991,-6.0441
28560,-0.2297,-0.0733,9.8450,-0.2405,-0.0403,1.1573,-6.9587,11.0997,-6.0312
28568,-0.1565,-0.0100,9.6641,-0.0659,-0.0713,1.2039,-6.9543,11.1003,-6.0183
28576,-0.1509,-0.0854,9.6552,-0.3443,-0.0049,1.3257,-6.9499,11.1009,-6.0055
28584,-0.1927,-0.1535,9.6440,-0.3252,-0.2428,1.4503,-6.9489,11.1048,-6.0012
28592,-0.1084,-0.1291,9.8137,-0.1575,-0.1370,1.5267,-6.9478,11.1088,-5.9970
28600,-0.0627,-0.1162,9.8981,-0.3946,0.0443,1.6131,-6.9435,11.1108,-5.9843
28608,-0.0587,-0.1696,9.8938,-0.3999,0.2149,1.7144,-6.9391,11.1127,-5.9716
28616,-0.1083,-0.1377,9.8394,-0.3037,0.3247,1.9340,-6.9348,11.1147,-5.9589
28624,-0.0872,-0.1116,9.7109,-0.3317,0.3498,1.9653,-6.9257,11.1167,-5.9486
28632,-0.0340,-0.1249,9.7049,-0.2918,0.3897,2.1365,-6.9209,11.1206,-5.9398
28640,0.0447,-0.1328,9.7026,-0.2216,0.2652,2.2203,-6.9176,11.1254,-5.9325
28648,0.0340,-0.1810,9.8271,-0.1252,0.1889,2.3110,-6.9152,11.1302,-5.9251
28656,-0.0350,-0.1576,9.8150,-0.0490,0.1505,2.2911,-6.9129,11.1326,-5.9155
28664,0.0261,-0.0773,9.8109,0.1199,0.0925,2.2215,-6.9124,11.1392,-5.9063
28672,0.0599,-0.0683,9.7416,-0.0546,0.0397,2.2802,-6.9095,11.1397,-5.8948
28680,0.0304,-0.0921,9.7099,-0.0668,-0.0801,2.3736,-6.9044,11.1430,-5.8800
28688,0.0251,-0.0016,9.7800,0.0842,-0.1121,2.4070,-6.8992,11.1463,-5.8652
28696,0.0722,0.0854,9.7505,-0.0008,-0.0813,2.3936,-6.8945,11.1486,-5.8557
28704,0.1258,0.0961,9.7812,0.1153,-0.1238,2.4341,-6.8912,11.1548,-5.8486
28712,0.0855,0.1141,9.8997,-0.0136,-0.1245,2.3795,-6.8861,11.1580,-5.8397
28720,-0.0152,0.1021,9.8725,-0.1583,0.0562,2.4207,-6.8810,11.1613,-5.8307
28728,0.0075,0.1323,9.7103,-0.0646,0.1090,2.2867,-6.8759,11.1645,-5.8218
28736,0.0946,0.1969,9.6989,-0.0737,-0.1606,2.1905,-6.8693,11.1710,-5.8072
28744,0.0303,0.1069,9.8169,-0.3411,-0.1650,2.0052,-6.8628,11.1776,-5.7927
28752,-0.0784,0.0696,9.8382,-0.0501,-0.1985,1.8494,-6.8625,11.1746,-5.7783
28760,0.0132,0.1361,9.8523,-0.1025,-0.1906,1.6684,-6.8622,11.1716,-5.7638
28768,0.0141,0.0464,9.8410,-0.3820,-0.1164,1.5460,-6.8619,11.1687,-5.7494
28776,-0.0534,-0.0630,9.8458,-0.2359,-0.0881,1.5729,-6.8564,11.1709,-5.7356
28784,-0.1181,0.0261,9.8361,-0.1468,-0.1383,1.5773,-6.8537,11.1741,-5.7236
28792,-0.1093,0.0330,9.8186,-0.1070,0.0243,1.4828,-6.8511,11.1759,-5.7127
28800,-0.1036,-0.0355,9.7576,-0.1489,-0.0148,1.5125,-6.8494,11.1739,-5.7089
28808,-0.1526,-0.0533,9.8023,0.1257,0.0224,1.4315,-6.8477,11.1718,-5.7051
28816,-0.1382,-0.0371,9.8267,0.1909,0.0206,1.4181,-6.8450,11.1798,-5.6909
28824,-0.0869,0.0332,9.8625,0.3120,0.1656,1.3573,-6.8386,11.1862,-5.6815
28832,-0.1426,-0.0340,9.9021,0.0597,0.3309,1.3925,-6.8369,11.1865,-5.6745
28840,-0.1870,-0.0892,9.8187,0.1598,0.4144,1.3781,-6.8291,11.1902,-5.6656
28848,-0.2436,0.0279,9.8010,0.1063,0.4755,1.2497,-6.8213,11.1938,-5.6567
28856,-0.2019,-0.0060,9.7404,-0.2303,0.5526,1.2442,-6.8136,11.1974,-5.6479
28864,-0.2543,-0.0434,9.7497,0.0132,0.4717,1.2470,-6.8115,11.2009,-5.6343
28872,-0.2612,0.0042,9.8388,0.1820,0.4449,1.2923,-6.8094,11.2045,-5.6208
28880,-0.2351,0.0751,9.8429,0.1488,0.3634,1.1117,-6.8074,11.2081,-5.6073
28888,-0.1673,0.1005,9.8207,0.3996,0.2694,1.0136,-6.8011,11.2111,-5.5968
28896,-0.1402,0.1017,9.8384,0.3249,0.1688,0.8905,-6.7948,11.2142,-5.5862
28904,-0.1944,0.0959,9.8780,0.3681,0.2194,0.9060,-6.7933,11.2134,-5.5757
28912,-0.2758,0.1221,9.8661,0.3294,0.4117,0.7236,-6.7917,11.2127,-5.5652
28920,-0.1877,0.1426,9.7715,0.1031,0.3849,0.5892,-6.7902,11.2120,-5.5548
28928,-0.1982,0.0837,9.7592,-0.0814,0.5326,0.3459,-6.7873,11.2164,-5.5463
28936,-0.3202,0.0892,9.7244,-0.1537,0.4419,0.2173,-6.7844,11.2199,-5.5378
28944,-0.2771,0.0718,9.8510,-0.2336,0.4405,0.0543,-6.7800,11.2244,-5.5317
28952,-0.2372,0.0730,9.8631,-0.2327,0.3085,0.0398,-6.7748,11.2288,-5.5232
28960,-0.1351,0.0489,9.9341,-0.1624,0.1902,0.0046,-6.7695,11.2332,-5.5148
28968,-0.1369,0.0304,9.9118,-0.2446,0.2744,0.0349,-6.7666,11.2367,-5.5050
28976,-0.1578,0.0132,9.8666,-0.0085,0.3550,0.1199,-6.7628,11.2482,-5.4914
28984,-0.1602,0.0067,9.7770,-0.2787,0.2721,0.1505,-6.7585,11.2516,-5.4807
28992,-0.1250,-0.0657,9.7009,-0.2358,0.1874,0.0678,-6.7548,11.2545,-5.4720
29000,-0.1160,-0.0843,9.7354,-0.2027,0.1251,0.0047,-6.7510,11.2574,-5.4632
29008,-0.0773,-0.0592,9.8427,-0.2565,0.0495,0.0590,-6.7472,11.2603,-5.4545
29016,-0.0819,-0.0870,9.9125,-0.1932,0.1826,-0.0197,-6.7544,11.2641,-5.4459
29024,-0.0401,-0.0958,9.8959,-0.1807,0.2485,-0.0230,-6.7615,11.2680,-5.4372
29032,0.0474,-0.1338,9.8386,-0.3127,0.4289,0.0246,-6.7600,11.2647,-5.4319
29040,0.0205,-0.1573,9.7644,-0.4229,0.5427,0.2193,-6.7586,11.2614,-5.4266
29048,0.0453,-0.1394,9.7455,-0.3337,0.6355,0.2883,-6.7572,11.2581,-5.4213
29056,0.1078,-0.0776,9.7976,-0.2217,0.7003,0.4342,-6.7572,11.2610,-5.4071
29064,0.0705,-0.0805,9.7833,-0.2159,0.5889,0.4964,-6.7534,11.2639,-5.3995
29072,0.0805,-0.1218,9.7248,-0.1491,0.5011,0.6225,-6.7492,11.2668,-5.3919
29080,0.1657,-0.0116,9.7762,0.0882,0.3424,0.6152,-6.7449,11.2677,-5.3782
29088,0.1575,-0.0148,9.8551,-0.1810,0.5426,0.8108,-6.7455,11.2720,-5.3712
29096,0.0887,-0.0537,9.7538,-0.2090,0.4355,0.9125,-6.7436,11.2692,-5.3642
29104,0.1521,-0.0033,9.7632,-0.0704,0.2370,0.9191,-6.7394,11.2763,-5.3530
29112,0.1903,-0.0077,9.7654,-0.3780,0.1832,1.0188,-6.7352,11.2834,-5.3418
29120,0.1730,-0.0373,9.8079,-0.2294,0.1184,1.0528,-6.7348,11.2852,-5.3349
29128,0.1901,-0.0162,9.8432,-0.3673,0.2191,1.1359,-6.7325,11.2843,-5.3289
29136,0.2238,-0.0167,9.7704,-0.4271,0.2755,1.3008,-6.7259,11.2852,-5.3211
29144,0.2584,-0.0454,9.8142,-0.4257,0.2040,1.4291,-6.7246,11.2903,-5.3115
29152,0.2050,-0.0641,9.8271,-0.5710,0.2343,1.5704,-6.7233,11.2955,-5.3018
29160,0.1171,-0.0450,9.7662,-0.4140,0.1673,1.5989,-6.7220,11.3006,-5.2922
29168,0.1363,-0.0227,9.6779,-0.3651,0.1832,1.6395,-6.7197,11.3005,-5.2826
29176,0.2162,-0.0950,9.6896,-0.4038,0.2011,1.7690,-6.7175,11.3004,-5.2730
29184,0.1845,-0.1705,9.8104,-0.3207,0.0502,1.7995,-6.7138,11.3017,-5.2673
29192,0.1377,-0.1353,9.9101,-0.2199,-0.0034,1.8447,-6.7102,11.3031,-5.2616
29200,0.1600,-0.0990,9.8755,-0.3049,0.0520,2.0559,-6.7065,11.3044,-5.2559
29208,0.1547,-0.1194,9.8192,-0.3302,0.0943,2.3111,-6.7062,11.3038,-5.2450
29216,0.1699,-0.1675,9.7637,-0.4103,0.1267,2.4512,-6.7035,11.3080,-5.2341
29224,0.1436,-0.1381,9.8068,-0.2710,0.0537,2.6786,-6.6985,11.3135,-5.2299
29232,0.1061,-0.0869,9.8012,-0.4017,0.1279,2.8079,-6.6935,11.3191,-5.2257
29240,0.1205,-0.1377,9.7679,-0.5641,0.1776,2.8223,-6.6941,11.3222,-5.2149
29248,0.1135,-0.1644,9.7282,-0.5834,0.1211,2.9001,-6.6872,11.3211,-5.2013
29256,0.0793,-0.0629,9.8098,-0.4311,-0.0183,3.0065,-6.6827,11.3224,-5.1934
29264,0.0420,-0.0717,9.9127,-0.5549,0.1017,3.1348,-6.6763,11.3265,-5.1837
29272,0.0725,-0.0656,9.7440,-0.4225,0.0752,3.1776,-6.6699,11.3305,-5.1739
29280,0.0969,-0.0163,9.8696,-0.0480,-0.1102,3.2452,-6.6626,11.3374,-5.1643
29288,0.1022,0.0142,9.8398,-0.2311,-0.0475,3.3258,-6.6558,11.3410,-5.1527
29296,0.0745,0.0012,9.7869,-0.0410,-0.0435,3.3602,-6.6538,11.3460,-5.1435
29304,0.0528,0.0177,9.8160,-0.2271,-0.0211,3.3744,-6.6517,11.3510,-5.1344
29312,0.0563,0.0678,9.7594,-0.3998,-0.0636,3.3960,-6.6497,11.3559,-5.1253
29320,0.0731,0.0757,9.7551,-0.4022,-0.0269,3.3314,-6.6429,11.3585,-5.1177
29328,0.0300,0.0988,9.7708,-0.5032,0.0242,3.3469,-6.6362,11.3610,-5.1101
29336,0.0781,0.0600,9.8183,-0.6585,0.0037,3.2870,-6.6280,11.3659,-5.1048
29344,0.0787,0.0440,9.8344,-0.5243,-0.0586,3.2111,-6.6199,11.3708,-5.0996
29352,0.1153,0.1089,9.8895,-0.4973,-0.0861,3.1412,-6.6118,11.3757,-5.0944
29360,0.1306,0.0691,9.8172,-0.7061,0.1116,2.9570,-6.6071,11.3701,-5.0840
29368,0.1928,0.0004,9.6922,-0.3832,-0.0941,2.9009,-6.6080,11.3708,-5.0803
29376,0.1934,0.0329,9.8209,-0.4157,-0.1734,2.7352,-6.6037,11.3704,-5.0752
29384,0.1157,-0.0305,9.9078,-0.3988,-0.0386,2.6621,-6.5995,11.3701,-5.0701
29392,0.1670,0.0268,9.8033,-0.0573,-0.0963,2.5176,-6.5948,11.3717,-5.0640
29400,0.2680,0.1092,9.7971,-0.1414,-0.1275,2.3847,-6.5939,11.3728,-5.0551
29408,0.1987,0.0257,9.8539,-0.1578,-0.0134,2.2309,-6.5972,11.3734,-5.0506
29416,0.1555,-0.0047,9.9067,0.0185,-0.0616,2.1372,-6.5934,11.3740,-5.0460
29424,0.2299,0.0802,9.8761,-0.0715,0.1457,1.9143,-6.5897,11.3746,-5.0414
29432,0.2457,0.0751,9.8015,-0.2110,0.1092,1.7651,-6.5831,11.3794,-5.0269
29440,0.2153,0.0158,9.8351,-0.2750,0.1010,1.6251,-6.5789,11.3791,-5.0206
29448,0.2038,0.0437,9.8496,-0.2589,0.1492,1.5179,-6.5752,11.3806,-5.0161
29456,0.2741,0.0972,9.9055,-0.2942,0.3232,1.2820,-6.5715,11.3821,-5.0116
29464,0.2278,0.0690,9.8031,-0.5573,0.4816,1.1711,-6.5678,11.3837,-5.0072
29472,0.2502,0.0272,9.8115,-0.2435,0.3558,0.9505,-6.5613,11.3885,-4.9999
29480,0.1948,0.0444,9.8820,-0.3861,0.4141,0.7821,-6.5548,11.3933,-4.9926
29488,0.2226,-0.0152,9.8432,-0.3065,0.4246,0.6451,-6.5531,11.3929,-4.9854
29496,0.2674,0.0330,9.7617,-0.1264,0.4373,0.5487,-6.5514,11.3925,-4.9782
