Timestamp_ms,AccX_Filt,AccY_Filt,AccZ_Filt,GyrX_Filt,GyrY_Filt,GyrZ_Filt,MagX_Filt,MagY_Filt,MagZ_Filt
5233,-0.1507,-0.0261,9.8417,-0.9720,0.7830,-0.3913,-7.8300,-58.1850,-12.5550
5240,-0.0772,-0.0334,9.8323,-0.3655,1.0590,0.7341,-7.9486,-61.7881,-12.9450
5248,-0.0556,-0.0262,9.8355,-0.1014,0.5406,1.0296,-7.9639,-62.0842,-13.1365
5256,-0.0459,-0.0460,9.7878,0.3684,0.0046,1.2238,-7.8061,-62.5190,-13.1653
5264,-0.0441,-0.0459,9.7891,0.3430,-0.5030,1.7845,-7.6948,-62.6593,-13.1569
5272,-0.0576,-0.0137,9.7874,0.3467,-0.4807,1.0637,-7.6072,-62.6508,-13.1297
5280,-0.0559,0.0019,9.7847,-0.0168,-0.7683,1.1896,-7.5758,-62.4729,-13.0707
5288,-0.0448,-0.0029,9.7756,-0.0700,-0.7801,1.3949,-7.5427,-62.2631,-13.0104
5296,-0.0412,-0.0125,9.7787,-0.0620,-0.7327,1.1167,-7.3444,-62.1645,-13.0316
5304,-0.0225,-0.0076,9.7897,0.1311,-0.8748,0.9573,-7.1786,-62.0259,-13.0358
5312,-0.0254,-0.0012,9.7805,0.0649,-0.7016,0.8972,-7.0365,-61.8585,-13.0279
5320,-0.0263,-0.0196,9.7760,0.0810,-0.7378,0.8523,-6.9743,-61.5337,-13.0726
5328,-0.0285,-0.0294,9.7770,0.0071,-0.5679,0.5979,-6.8365,-61.2940,-12.8835
5336,-0.0243,-0.0296,9.7819,0.0938,-0.5281,0.5191,-6.7668,-60.9089,-12.8510
5344,-0.0242,-0.0287,9.7862,0.1418,-0.3968,0.5101,-6.7022,-60.5370,-12.8150
5352,-0.0344,-0.0191,9.7742,0.1884,-0.2855,0.5591,-6.6323,-60.3066,-12.7389
5360,-0.0303,-0.0286,9.7762,0.1293,-0.2998,0.6068,-6.6021,-60.0353,-12.6121
5368,-0.0190,-0.0298,9.7693,0.0320,-0.2118,0.5649,-6.5801,-59.9039,-12.5593
5376,-0.0160,-0.0280,9.7790,-0.0167,-0.2609,0.4766,-6.5571,-59.5762,-12.5296
5384,-0.0195,-0.0227,9.7800,0.0331,-0.3204,0.6411,-6.5334,-59.2537,-12.4973
5392,-0.0232,-0.0146,9.7851,0.0566,-0.2030,0.5463,-6.5020,-58.9074,-12.4555
5400,-0.0222,-0.0190,9.7865,0.0426,-0.1524,0.4170,-6.4708,-58.5680,-12.4126
5408,-0.0148,-0.0188,9.7975,0.0054,-0.2307,0.4818,-6.4332,-58.3258,-12.3555
5416,0.0025,-0.0121,9.7948,-0.0729,-0.2385,0.4095,-6.3962,-58.0816,-12.2987
5424,0.0033,-0.0186,9.7989,-0.0059,-0.2391,0.3625,-6.3600,-57.8361,-12.2421
5432,-0.0043,-0.0133,9.7989,0.0400,-0.2690,0.2960,-6.3531,-57.5433,-12.1857
5440,-0.0079,-0.0187,9.7879,-0.0134,-0.2328,0.3143,-6.2891,-57.2698,-12.1296
5448,-0.0153,-0.0195,9.7931,-0.0443,-0.1359,0.2493,-6.2812,-56.9975,-12.0470
5456,-0.0184,-0.0169,9.7941,-0.0235,-0.0858,0.1016,-6.2719,-56.7267,-11.9665
5464,-0.0160,-0.0142,9.7955,-0.0408,0.0256,0.1135,-6.2365,-56.4722,-11.9629
5472,-0.0208,-0.0085,9.7875,-0.0903,-0.0124,0.1096,-6.2257,-56.1408,-11.9320
5480,-0.0096,-0.0193,9.7927,-0.1189,-0.0240,0.0848,-6.1530,-55.8383,-11.8670
5488,-0.0214,-0.0209,9.7974,-0.0538,-0.0142,0.1684,-6.1286,-55.5895,-11.7801
5496,-0.0270,-0.0214,9.7958,0.0428,0.0714,0.2648,-6.1041,-55.3413,-11.6954
5504,-0.0239,-0.0182,9.7965,0.0553,0.1377,0.2333,-6.0366,-55.1238,-11.6856
5512,-0.0169,-0.0167,9.7990,0.0815,0.1628,0.2441,-5.9714,-54.9053,-11.6737
5520,-0.0166,-0.0177,9.8100,0.0834,0.1347,0.1164,-5.9246,-54.6699,-11.6435
5528,-0.0181,-0.0299,9.8121,0.0708,0.1795,0.1296,-5.8789,-54.4347,-11.6123
5536,-0.0167,-0.0400,9.8168,0.0363,0.1709,0.0798,-5.8343,-54.1999,-11.5803
5544,-0.0178,-0.0460,9.8183,0.1334,0.1204,-0.0156,-5.8095,-54.0070,-11.5138
5552,-0.0260,-0.0442,9.8078,0.1412,0.1904,-0.1369,-5.7847,-53.8125,-11.4481
5560,-0.0161,-0.0461,9.8083,0.1654,0.0863,-0.0983,-5.7277,-53.6096,-11.4121
5568,-0.0195,-0.0452,9.8078,0.0742,0.0682,-0.1536,-5.7037,-53.3500,-11.3721
5576,-0.0226,-0.0279,9.8047,0.0653,0.0482,-0.0368,-5.6798,-53.0923,-11.3318
5584,-0.0212,-0.0286,9.8037,0.0457,0.0457,-0.0558,-5.6358,-52.8565,-11.2947
5592,-0.0132,-0.0157,9.8119,0.0849,0.0213,-0.0186,-5.5795,-52.6447,-11.2048
5600,-0.0187,-0.0076,9.8089,0.0123,0.1301,-0.0383,-5.6240,-52.3784,-11.1778
5608,-0.0232,-0.0098,9.8147,-0.0130,0.1350,0.0143,-5.6058,-52.1490,-11.1218
5616,-0.0136,-0.0100,9.8246,0.0231,0.1505,0.0316,-5.5872,-51.9205,-11.0664
5624,-0.0167,-0.0102,9.8190,0.0384,0.1299,0.0426,-5.6015,-51.6508,-11.0446
5632,-0.0155,-0.0072,9.8235,-0.0233,0.0394,-0.0695,-5.5936,-51.4162,-10.9924
5640,-0.0094,-0.0159,9.8207,-0.1175,0.0374,-0.0377,-5.5849,-51.1828,-10.9407
5648,-0.0093,-0.0146,9.8177,-0.0282,-0.0189,0.0361,-5.5756,-50.9508,-10.8892
5656,-0.0042,-0.0084,9.8091,-0.0920,0.0143,0.0929,-5.5769,-50.7004,-10.8354
5664,0.0045,-0.0211,9.8108,-0.0420,-0.0191,0.1579,-5.5773,-50.4521,-10.7820
5672,-0.0022,-0.0361,9.8138,-0.0159,0.0004,0.1957,-5.5470,-50.2245,-10.7264
5680,-0.0060,-0.0416,9.8074,-0.0125,0.0811,0.2344,-5.5037,-49.9824,-10.6713
5688,-0.0067,-0.0447,9.8134,-0.0363,0.1717,0.1904,-5.4610,-49.7420,-10.6167
5696,-0.0064,-0.0571,9.8102,-0.0374,0.1234,0.1862,-5.4215,-49.5084,-10.5601
5704,-0.0071,-0.0482,9.8105,0.0261,0.1097,0.2764,-5.3951,-49.2816,-10.5268
5712,-0.0081,-0.0393,9.8067,-0.0101,0.1099,0.3733,-5.4011,-49.0660,-10.4982
5720,-0.0122,-0.0340,9.8032,-0.0419,0.0699,0.3314,-5.3670,-48.8686,-10.4645
5728,0.0018,-0.0223,9.8014,-0.0616,0.0075,0.3049,-5.3333,-48.6717,-10.4306
5736,0.0063,-0.0296,9.8053,-0.0993,-0.0038,0.1909,-5.3165,-48.4706,-10.3777
5744,0.0053,-0.0261,9.8074,-0.1379,0.0122,0.1437,-5.2691,-48.2702,-10.3416
5752,-0.0006,-0.0247,9.8052,-0.1372,-0.0637,0.1818,-5.2225,-48.0706,-10.3054
5760,-0.0081,-0.0290,9.8042,-0.0910,-0.0558,0.2343,-5.2061,-47.8308,-10.2761
5768,-0.0064,-0.0292,9.8028,-0.1246,-0.0348,0.2013,-5.1895,-47.5931,-10.2465
5776,-0.0047,-0.0226,9.8170,-0.0737,0.0307,0.1645,-5.1728,-47.3572,-10.2168
5784,-0.0115,-0.0193,9.8048,-0.0116,0.0559,0.1614,-5.1298,-47.1428,-10.1738
5792,-0.0126,-0.0209,9.8106,0.0611,0.0559,0.0889,-5.0874,-46.9297,-10.1311
5800,-0.0058,-0.0196,9.8081,0.1253,0.0211,0.1132,-5.0604,-46.7052,-10.1013
5808,-0.0092,-0.0270,9.8036,0.0662,0.0119,0.0723,-5.0335,-46.4823,-10.0713
5816,-0.0092,-0.0160,9.8082,0.0873,0.0191,0.1776,-4.9986,-46.2898,-10.0371
5824,-0.0087,-0.0289,9.7995,0.1583,0.0260,0.1632,-4.9864,-46.0636,-9.9765
5832,-0.0027,-0.0314,9.8031,0.0925,-0.0208,0.1789,-4.9620,-45.8371,-9.9387
5840,0.0095,-0.0286,9.8055,0.1151,-0.0549,0.1004,-4.9634,-45.6401,-9.9089
5848,0.0059,-0.0229,9.8089,0.1848,-0.0153,0.0708,-4.9643,-45.4441,-9.8790
5856,0.0073,-0.0155,9.8007,0.2114,0.0973,0.0211,-4.9375,-45.2200,-9.8336
5864,0.0085,-0.0043,9.8060,0.2502,0.0794,0.0323,-4.9148,-45.0073,-9.7981
5872,0.0037,0.0100,9.7962,0.1778,0.1425,-0.0878,-4.8883,-44.7960,-9.7532
5880,0.0053,0.0029,9.8056,0.1299,0.1707,-0.1332,-4.8620,-44.5862,-9.7086
5888,0.0154,0.0010,9.8104,0.1054,0.0989,-0.1927,-4.8359,-44.3778,-9.6643
5896,0.0145,-0.0070,9.8166,0.0474,0.0916,-0.1027,-4.8355,-44.1853,-9.6477
5904,0.0200,-0.0089,9.8277,0.0666,0.1114,-0.1234,-4.8346,-43.9940,-9.6307
5912,0.0260,-0.0001,9.8359,0.0903,0.1623,-0.0979,-4.8262,-43.8072,-9.5705
5920,0.0227,0.0038,9.8314,0.0863,0.1870,-0.0414,-4.8176,-43.6214,-9.5109
5928,0.0215,0.0105,9.8306,0.1492,0.2453,-0.1742,-4.7686,-43.4365,-9.4642
5936,0.0241,0.0070,9.8267,0.1213,0.2743,-0.1491,-4.7601,-43.2440,-9.4351
5944,0.0174,0.0006,9.8291,0.0946,0.3741,-0.1678,-4.7172,-43.0440,-9.4008
5952,0.0190,0.0008,9.8312,0.1171,0.3362,-0.1857,-4.6766,-42.8640,-9.3818
5960,0.0160,0.0060,9.8163,0.0585,0.4386,-0.3255,-4.6365,-42.6849,-9.3626
5968,0.0036,0.0161,9.8165,0.0639,0.4645,-0.2564,-4.6085,-42.5248,-9.3100
5976,0.0056,0.0175,9.8052,0.0637,0.4546,-0.2251,-4.5971,-42.3391,-9.2660
5984,-0.0003,0.0343,9.7941,0.0662,0.3865,-0.1791,-4.5565,-42.1479,-9.2402
5992,0.0049,0.0590,9.8005,0.0446,0.3426,-0.1698,-4.5163,-41.9579,-9.2143
6000,0.0050,0.0614,9.7976,-0.0134,0.4741,-0.2275,-4.4766,-41.7691,-9.1884
6008,0.0064,0.0571,9.7959,-0.0983,0.4371,-0.3015,-4.4611,-41.6067,-9.1324
6016,0.0191,0.0925,9.7953,-0.0940,0.4204,-0.2922,-4.4456,-41.4449,-9.0769
6024,0.0233,0.1112,9.7916,-0.1540,0.4418,-0.3579,-4.4270,-41.2730,-9.0422
6032,0.0285,0.1091,9.7777,-0.2166,0.3555,-0.3248,-4.4085,-41.1019,-9.0075
6040,0.0109,0.1067,9.7679,-0.3406,0.2944,-0.4825,-4.3900,-40.9317,-8.9729
6048,-0.0069,0.1314,9.7758,-0.3897,0.3452,-0.5186,-4.3701,-40.7654,-8.9476
6056,0.0020,0.1578,9.7848,-0.4661,0.3246,-0.5291,-4.3369,-40.5894,-8.8983
6064,-0.0122,0.1744,9.8003,-0.6298,0.3981,-0.4965,-4.2981,-40.4528,-8.8317
6072,-0.0305,0.1731,9.7861,-0.6956,0.3325,-0.3773,-4.2598,-40.3165,-8.7659
6080,-0.0252,0.2038,9.7909,-0.7426,0.2483,-0.4073,-4.1785,-40.1760,-8.7154
6088,-0.0264,0.2497,9.7562,-0.6808,0.1945,-0.4521,-4.1202,-40.0401,-8.6827
6096,-0.0065,0.2686,9.7097,-0.7551,0.1671,-0.4041,-4.0715,-39.8802,-8.6415
6104,0.0075,0.2965,9.6913,-0.8902,0.0955,-0.3237,-4.0562,-39.7239,-8.5993
6112,0.0520,0.3328,9.7052,-1.0620,0.0964,-0.3267,-4.0411,-39.5681,-8.5574
6120,0.0840,0.3510,9.7314,-1.3543,0.0306,-0.2149,-4.0193,-39.4019,-8.5353
6128,0.0793,0.3183,9.7820,-1.7698,-0.0003,-0.1587,-3.9978,-39.2366,-8.5132
6136,0.0837,0.2832,9.8601,-1.9618,0.0155,0.0790,-3.9807,-39.0584,-8.4788
6144,0.0731,0.2929,9.9026,-1.8974,0.0546,0.1144,-3.9639,-38.8812,-8.4446
6152,0.0626,0.3605,9.9651,-1.5664,0.1879,0.2629,-3.9473,-38.7052,-8.4106
6160,0.0517,0.4153,9.9138,-1.1780,0.1368,0.2928,-3.9376,-38.5328,-8.3727
6168,0.0706,0.4908,9.8291,-0.7878,0.0799,0.3802,-3.9161,-38.3562,-8.3471
6176,0.0549,0.5691,9.7369,-0.5001,0.0628,0.5197,-3.9173,-38.1806,-8.3242
6184,0.0375,0.6573,9.6946,-0.6009,-0.0949,0.5704,-3.9184,-38.0060,-8.3013
6192,0.0550,0.7503,9.6986,-0.9534,-0.3363,0.6669,-3.8883,-37.8261,-8.2758
6200,0.0708,0.8135,9.6931,-1.4158,-0.5725,0.7059,-3.8754,-37.6627,-8.2427
6208,0.1051,0.8202,9.7068,-1.7059,-0.6171,0.7565,-3.8652,-37.4977,-8.2072
6216,0.1535,0.7980,9.7579,-2.0340,-0.5983,0.5916,-3.8564,-37.3387,-8.1834
6224,0.1714,0.7464,9.8078,-2.0784,-0.5671,0.5725,-3.8477,-37.1805,-8.1596
6232,0.1975,0.7576,9.9003,-1.6329,-0.4412,0.6023,-3.8228,-37.0069,-8.1321
6240,0.2267,0.8069,9.9376,-0.9722,-0.4008,0.7961,-3.7983,-36.8344,-8.1048
6248,0.2312,0.8566,9.9549,-0.4604,-0.1062,0.8480,-3.7765,-36.6777,-8.0763
6256,0.2025,0.8664,9.9173,-0.0137,0.0609,0.9351,-3.7551,-36.5219,-8.0479
6264,0.1674,0.8776,9.8468,-0.0185,0.2979,0.8690,-3.7339,-36.3669,-8.0197
6272,0.1224,0.8959,9.7653,-0.0791,0.4127,0.8831,-3.7215,-36.2188,-7.9952
6280,0.0917,0.9152,9.6993,-0.3343,0.5330,0.8940,-3.7092,-36.0714,-7.9709
6288,0.1250,0.8922,9.6668,-0.6104,0.3841,0.9684,-3.7007,-35.9282,-7.9525
6296,0.1237,0.8713,9.7063,-0.8024,0.2418,0.9515,-3.6780,-35.7657,-7.9294
6304,0.0660,0.9353,9.7461,-0.6767,-0.0704,0.9540,-3.6556,-35.6040,-7.9064
6312,0.0043,0.9572,9.7871,-0.8552,-0.2356,0.8951,-3.6499,-35.4574,-7.8705
6320,-0.0042,0.9056,9.8406,-0.8232,-0.2815,0.8921,-3.6337,-35.2918,-7.8443
6328,-0.0001,0.8989,9.8179,-0.4672,-0.4455,0.8919,-3.6270,-35.1387,-7.8181
6336,0.0451,0.9202,9.8221,-0.3322,-0.4369,0.9157,-3.6203,-35.0013,-7.7920
6344,0.0323,0.9058,9.8012,-0.2217,-0.4074,0.9837,-3.6137,-34.8646,-7.7661
6352,0.0129,0.8540,9.7932,-0.3561,-0.4458,1.0195,-3.5959,-34.7138,-7.7402
6360,0.0168,0.8281,9.7915,-0.2552,-0.4372,1.0724,-3.5917,-34.5785,-7.7179
6368,0.0490,0.8188,9.8031,-0.3721,-0.4664,1.1123,-3.5876,-34.4437,-7.6956
6376,0.0900,0.8181,9.8364,-0.3239,-0.5475,1.1558,-3.5646,-34.3096,-7.6734
6384,0.1371,0.7464,9.8424,-0.2484,-0.4198,1.1441,-3.5419,-34.1706,-7.6512
6392,0.1251,0.6902,9.8146,-0.1310,-0.3831,1.0528,-3.5194,-34.0323,-7.6291
6400,0.1292,0.6927,9.7575,0.1227,-0.3506,0.9789,-3.5027,-33.9111,-7.5908
6408,0.2213,0.7591,9.7364,0.5386,-0.1622,0.9722,-3.4862,-33.7903,-7.5526
6416,0.2646,0.7846,9.7155,0.7043,-0.0007,0.9072,-3.4699,-33.6700,-7.5148
6424,0.2632,0.7589,9.7767,0.5641,0.3058,0.8823,-3.4601,-33.5351,-7.4923
6432,0.2255,0.6910,9.7009,0.6088,0.4655,0.7465,-3.4452,-33.3924,-7.4592
6440,0.1869,0.6346,9.8346,0.1901,0.7115,0.5234,-3.4368,-33.2547,-7.4273
6448,0.1268,0.6278,9.8677,0.2591,0.6188,0.2806,-3.4390,-33.1124,-7.4010
6456,0.0953,0.7181,9.8434,0.5250,0.4449,0.0538,-3.4411,-32.9708,-7.3747
6464,0.1697,0.6118,9.8159,0.6060,0.2385,-0.1871,-3.4348,-32.8238,-7.3476
6472,0.1910,0.4837,9.7528,0.8194,0.1265,-0.4254,-3.4297,-32.6922,-7.3196
6480,0.1032,0.4935,9.7144,1.2155,-0.1433,-0.6987,-3.4245,-32.5611,-7.2917
6488,0.1145,0.5488,9.7584,1.3703,-0.1186,-0.8373,-3.4164,-32.4328,-7.2732
6496,0.1488,0.5765,9.8146,1.3717,-0.0870,-0.8419,-3.4083,-32.3051,-7.2547
6504,0.1452,0.6121,9.8286,1.1650,0.0525,-0.8969,-3.4003,-32.1780,-7.2363
6512,0.1187,0.5304,9.8217,0.6553,0.3487,-0.9122,-3.4014,-32.0425,-7.2099
6520,0.0388,0.3617,9.7785,0.1706,0.6505,-0.8602,-3.4025,-31.9076,-7.1835
6528,-0.0924,0.3394,9.7827,0.2111,0.9445,-0.7678,-3.3836,-31.7845,-7.1454
6536,-0.1208,0.3775,9.8184,0.5965,1.0149,-0.6127,-3.3649,-31.6619,-7.1075
6544,-0.1124,0.3236,9.8480,0.7810,0.9516,-0.2858,-3.3553,-31.5310,-7.0877
6552,-0.1909,0.2739,9.8538,0.8934,0.9044,-0.3812,-3.3428,-31.4076,-7.0630
6560,-0.2009,0.3606,9.8331,1.1610,0.6353,-0.2937,-3.3275,-31.2790,-7.0424
6568,-0.1985,0.4372,9.7834,1.1635,0.4392,-0.2234,-3.3231,-31.1569,-7.0179
6576,-0.2574,0.3357,9.6555,0.3712,0.3504,-0.2015,-3.3187,-31.0353,-6.9936
6584,-0.2114,0.2065,9.6186,-0.2824,0.2895,-0.1752,-3.3057,-30.9085,-6.9684
6592,-0.1520,0.2846,9.6453,0.1939,0.0366,-0.0034,-3.2860,-30.7795,-6.9501
6600,-0.1603,0.3611,9.7934,0.3560,-0.0799,0.1715,-3.2819,-30.6502,-6.9194
6608,-0.1230,0.2650,9.8759,0.2231,-0.0153,0.2162,-3.2777,-30.5216,-6.8889
6616,-0.0912,0.1990,9.8895,0.4479,-0.1242,0.3335,-3.2736,-30.3937,-6.8586
6624,-0.0428,0.1758,9.9082,0.5536,-0.0764,0.4671,-3.2620,-30.2814,-6.8370
6632,0.0302,0.1165,9.8810,0.4574,-0.0013,0.6508,-3.2505,-30.1697,-6.8154
6640,0.0110,0.1279,9.8673,0.4933,0.0412,0.6744,-3.2410,-30.0501,-6.8005
6648,-0.0587,0.2535,9.8088,0.8130,0.1245,0.8811,-3.2316,-29.9310,-6.7856
6656,-0.0530,0.2196,9.7327,0.5667,0.2414,1.0094,-3.2222,-29.8125,-6.7707
6664,-0.0074,0.1589,9.7449,0.3792,0.1880,1.1827,-3.2102,-29.6891,-6.7393
6672,-0.0512,0.1832,9.8252,0.5386,0.2035,1.2898,-3.1982,-29.5645,-6.7081
6680,-0.0786,0.2133,9.8173,0.3870,0.1703,1.4828,-3.1901,-29.4533,-6.6962
6688,-0.1202,0.2320,9.8224,0.0900,0.2000,1.6168,-3.1820,-29.3426,-6.6843
6696,-0.1387,0.2489,9.7427,0.2087,0.2043,1.8142,-3.1775,-29.2152,-6.6652
6704,-0.1213,0.1871,9.7244,-0.0085,0.1871,2.0297,-3.1704,-29.0975,-6.6461
6712,-0.0714,0.1031,9.6850,0.0532,0.2587,2.2970,-3.1679,-28.9848,-6.6289
6720,-0.1142,0.2064,9.7254,0.4268,0.1805,2.3287,-3.1591,-28.8709,-6.6073
6728,-0.1369,0.2203,9.7985,0.1761,0.2203,2.5030,-3.1504,-28.7576,-6.5858
6736,-0.0814,0.1672,9.8331,-0.1730,0.2771,2.7123,-3.1435,-28.6510,-6.5688
6744,-0.1009,0.1861,9.7570,-0.2828,0.3341,2.8805,-3.1367,-28.5448,-6.5519
6752,-0.1003,0.1974,9.7054,-0.5265,0.4259,3.1293,-3.1168,-28.4348,-6.5201
6760,-0.0989,0.1820,9.7772,-0.6395,0.5590,3.2286,-3.0970,-28.3252,-6.4884
6768,-0.1390,0.2551,9.8548,-0.3476,0.4543,3.3662,-3.0775,-28.2162,-6.4570
6776,-0.0765,0.2001,9.8668,-0.4231,0.3648,3.4498,-3.0650,-28.1059,-6.4388
6784,-0.0395,0.1813,9.7907,-0.5674,0.3433,3.5644,-3.0578,-27.9902,-6.4189
6792,-0.0434,0.2941,9.7805,-0.3986,0.2587,3.7380,-3.0525,-27.8776,-6.4034
6800,0.0159,0.2695,9.7536,-0.6746,0.1831,3.8560,-3.0471,-27.7655,-6.3880
6808,0.0428,0.2108,9.7565,-1.0051,0.3055,3.7555,-3.0358,-27.6582,-6.3666
6816,0.0297,0.2630,9.7751,-0.9079,0.2466,3.7820,-3.0323,-27.5481,-6.3445
6824,0.0721,0.2354,9.8257,-1.1722,0.3236,3.8368,-3.0152,-27.4503,-6.3174
6832,0.1227,0.1805,9.8855,-1.2677,0.2878,3.8598,-3.0017,-27.3378,-6.3005
6840,0.1070,0.2423,9.9119,-0.7990,0.3897,3.8178,-2.9882,-27.2258,-6.2837
6848,0.1261,0.2086,9.8989,-0.7081,0.3270,3.7910,-2.9833,-27.1186,-6.2670
6856,0.1420,0.1917,9.8707,-0.5785,0.2911,3.6720,-2.9784,-27.0119,-6.2503
6864,0.1104,0.2333,9.8452,-0.3506,0.2568,3.6115,-2.9710,-26.9114,-6.2287
6872,0.1360,0.2929,9.8103,-0.2713,0.3387,3.5030,-2.9637,-26.8115,-6.2073
6880,0.1131,0.2434,9.8201,-0.4702,0.3236,3.4100,-2.9564,-26.7120,-6.1859
6888,0.0031,0.2123,9.7689,-0.5456,0.3279,3.3183,-2.9509,-26.6105,-6.1687
6896,0.0011,0.2752,9.7850,-0.5778,0.3800,3.1640,-2.9453,-26.5094,-6.1516
6904,0.0608,0.3103,9.7717,-0.6886,0.3551,3.0618,-2.9382,-26.4072,-6.1345
6912,0.0510,0.2969,9.8203,-0.7546,0.3580,2.8440,-2.9312,-26.3054,-6.1175
6920,-0.0061,0.2689,9.7955,-0.6709,0.3234,2.7104,-2.9185,-26.1985,-6.1030
6928,-0.0496,0.2349,9.8259,-0.7350,0.1997,2.5587,-2.9196,-26.0888,-6.0934
6936,-0.0607,0.2866,9.8538,-0.5829,0.1694,2.4749,-2.9095,-25.9869,-6.0774
6944,-0.0439,0.3187,9.8473,-0.5655,0.1270,2.3575,-2.8970,-25.8839,-6.0493
6952,-0.0469,0.2882,9.8636,-0.7381,0.0039,2.2292,-2.8847,-25.7814,-6.0215
6960,-0.0588,0.2564,9.8183,-0.6552,0.0221,2.0505,-2.8708,-25.6850,-6.0073
6968,-0.1118,0.3006,9.7868,-0.6133,0.1596,1.9703,-2.8483,-25.5961,-5.9773
6976,-0.1357,0.3009,9.7866,-0.8212,0.2377,1.8563,-2.8126,-25.5257,-5.9506
6984,-0.1059,0.2830,9.8051,-0.9160,0.3257,1.7099,-2.7772,-25.4554,-5.9241
6992,-0.0611,0.2718,9.8719,-0.9453,0.1832,1.5326,-2.7421,-25.3854,-5.8977
7000,-0.0738,0.2803,9.8331,-0.9520,0.1056,1.4457,-2.7346,-25.2928,-5.8707
7008,-0.1000,0.2621,9.8362,-1.1851,0.1221,1.2613,-2.7272,-25.2006,-5.8439
7016,-0.0753,0.1914,9.8277,-1.3627,-0.0222,1.2209,-2.7129,-25.1065,-5.8288
7024,-0.0831,0.2053,9.7876,-1.2791,-0.2321,1.1717,-2.7033,-25.0119,-5.8169
7032,-0.0523,0.1955,9.8224,-1.3859,-0.1529,1.0366,-2.6938,-24.9177,-5.8050
7040,-0.0021,0.1516,9.7709,-1.4053,-0.2531,0.8861,-2.6812,-24.8247,-5.7878
7048,-0.0337,0.1352,9.8451,-1.5439,-0.2370,0.7474,-2.6696,-24.7336,-5.7644
7056,-0.0591,0.1562,9.8471,-1.2445,-0.1628,0.6442,-2.6702,-24.6360,-5.7496
7064,-0.0292,0.1512,9.8903,-1.3181,-0.0813,0.5269,-2.6541,-24.5441,-5.7425
7072,-0.0068,0.1584,9.8666,-1.1592,-0.0193,0.5079,-2.6381,-24.4526,-5.7354
7080,-0.0024,0.1513,9.8319,-1.0179,0.0586,0.4445,-2.6434,-24.3471,-5.7161
7088,0.0376,0.1499,9.7846,-0.9494,0.1011,0.3839,-2.6329,-24.2526,-5.6938
7096,0.0027,0.1636,9.7914,-0.8893,0.1711,0.3499,-2.6224,-24.1586,-5.6717
7104,-0.0827,0.2162,9.7593,-0.7331,0.1900,0.2854,-2.6142,-24.0649,-5.6497
7112,-0.0592,0.2623,9.8292,-0.6958,0.1868,0.2557,-2.6061,-23.9679,-5.6263
7120,-0.1031,0.2490,9.8295,-0.6441,0.2131,0.3660,-2.5980,-23.8713,-5.6029
7128,-0.1306,0.2192,9.8908,-0.8079,0.2701,0.3141,-2.5900,-23.7736,-5.5924
7136,-0.1217,0.2363,9.8857,-0.6073,0.3541,0.3099,-2.5821,-23.6764,-5.5819
7144,-0.1150,0.2523,9.8988,-0.4048,0.3623,0.2791,-2.5742,-23.5796,-5.5713
7152,-0.1400,0.2536,9.8511,-0.1099,0.2956,0.2604,-2.5730,-23.4855,-5.5579
7160,-0.1352,0.2753,9.8447,0.1962,0.2851,0.1998,-2.5688,-23.3910,-5.5510
7168,-0.1350,0.2766,9.7985,0.4063,0.2830,0.1339,-2.5647,-23.3005,-5.5369
7176,-0.0792,0.3116,9.7830,0.4764,0.2971,0.1295,-2.5496,-23.2142,-5.5155
7184,-0.0096,0.3623,9.7540,0.5409,0.3452,0.1066,-2.5347,-23.1281,-5.4941
7192,0.0000,0.3668,9.7474,0.4105,0.4285,0.1834,-2.5336,-23.0344,-5.4845
7200,-0.0108,0.3868,9.7969,0.3445,0.4841,0.1769,-2.5232,-22.9506,-5.4699
7208,-0.0211,0.3853,9.7793,0.3907,0.6067,0.1706,-2.5121,-22.8569,-5.4560
7216,0.0134,0.3967,9.8122,0.3096,0.6946,0.1566,-2.4996,-22.7673,-5.4472
7224,0.0040,0.3842,9.7708,0.4960,0.7253,0.0952,-2.4872,-22.6781,-5.4383
7232,-0.0026,0.4053,9.7680,0.4529,0.7947,0.0472,-2.4749,-22.5892,-5.4295
7240,-0.0474,0.3738,9.7496,0.2570,0.9250,0.1053,-2.4784,-22.5007,-5.4172
7248,-0.0938,0.3130,9.7775,0.0378,0.9536,0.0302,-2.4819,-22.4126,-5.4048
7256,-0.1267,0.3340,9.7977,0.0147,0.9703,-0.0124,-2.4747,-22.3319,-5.3925
7264,-0.1177,0.3120,9.7409,-0.1166,0.8716,-0.1090,-2.4675,-22.2516,-5.3803
7272,-0.1205,0.2766,9.7952,-0.3783,0.8226,-0.0414,-2.4640,-22.1645,-5.3701
7280,-0.1431,0.2528,9.7823,-0.2338,0.6664,-0.1448,-2.4674,-22.0757,-5.3530
7288,-0.1408,0.2367,9.7652,-0.2583,0.5677,-0.0650,-2.4667,-21.9879,-5.3387
7296,-0.1574,0.2235,9.7812,-0.3777,0.5186,-0.0447,-2.4624,-21.8991,-5.3308
7304,-0.1728,0.2102,9.7952,-0.4226,0.4930,-0.0680,-2.4582,-21.8107,-5.3229
7312,-0.1485,0.2223,9.8720,-0.4148,0.4285,0.0511,-2.4477,-21.7234,-5.3129
7320,-0.1434,0.2319,9.8970,-0.4394,0.3375,0.0664,-2.4511,-21.6385,-5.2925
7328,-0.1720,0.2092,9.8785,-0.5055,0.3065,0.1236,-2.4407,-21.5519,-5.2825
7336,-0.1988,0.1863,9.8477,-0.3902,0.3355,0.1943,-2.4303,-21.4657,-5.2726
7344,-0.1434,0.1224,9.8053,-0.2478,0.2859,0.2886,-2.4200,-21.3798,-5.2628
7352,-0.1283,0.1419,9.8033,0.1230,0.1798,0.2695,-2.4215,-21.2943,-5.2564
7360,-0.1711,0.1564,9.7715,0.3975,0.1611,0.2485,-2.4230,-21.2092,-5.2499
7368,-0.1625,0.2055,9.7982,0.4387,0.0551,0.1431,-2.4155,-21.1305,-5.2373
7376,-0.1127,0.1657,9.8006,0.5022,-0.0649,0.0343,-2.4081,-21.0523,-5.2248
7384,-0.0700,0.1402,9.8305,0.5468,-0.1076,0.0236,-2.4008,-20.9743,-5.2123
7392,-0.0546,0.1617,9.7956,0.7682,-0.2178,0.0561,-2.4043,-20.8925,-5.2039
7400,-0.0370,0.1251,9.8100,0.7692,-0.2432,-0.0623,-2.3943,-20.8159,-5.1873
7408,-0.0553,0.0925,9.8049,1.0662,-0.1822,-0.0607,-2.3938,-20.7334,-5.1783
7416,-0.0107,0.0848,9.7993,1.3768,-0.1345,-0.1606,-2.3933,-20.6513,-5.1693
7424,0.0314,0.0583,9.7838,1.5752,-0.1208,-0.2401,-2.3847,-20.5722,-5.1563
7432,-0.0052,0.0511,9.8312,1.7649,0.0709,-0.3428,-2.3883,-20.4989,-5.1446
7440,-0.0215,0.0483,9.8272,1.7090,0.1902,-0.3557,-2.3744,-20.4177,-5.1324
7448,0.0262,0.0676,9.8919,1.6102,0.2269,-0.2373,-2.3760,-20.3349,-5.1261
7456,0.0320,0.0874,9.8836,1.6518,0.1848,-0.3028,-2.3776,-20.2524,-5.1199
7464,-0.0196,0.1285,9.8422,1.6701,0.0778,-0.2588,-2.3738,-20.1763,-5.1044
7472,-0.0395,0.0778,9.7848,1.5570,0.0341,-0.3926,-2.3700,-20.1005,-5.0889
7480,-0.0452,0.0533,9.7716,1.6462,-0.0930,-0.4993,-2.3736,-20.0270,-5.0808
7488,-0.0727,0.0320,9.7282,1.6248,-0.1905,-0.6067,-2.3772,-19.9538,-5.0727
7496,-0.0516,0.0374,9.7900,1.3457,-0.2224,-0.6773,-2.3807,-19.8809,-5.0646
7504,-0.0151,0.0414,9.8205,1.3082,-0.2209,-0.7743,-2.3802,-19.7990,-5.0571
7512,0.0105,0.1379,9.8508,1.4216,-0.2702,-0.9016,-2.3666,-19.7260,-5.0385
7520,0.0083,0.0794,9.8080,1.1087,-0.3066,-1.0020,-2.3648,-19.6442,-5.0325
7528,0.0650,-0.0495,9.7871,0.8548,-0.4534,-0.9994,-2.3631,-19.5626,-5.0264
7536,0.0944,-0.0478,9.7705,1.0894,-0.6499,-0.9969,-2.3581,-19.4847,-5.0237
7544,0.1152,-0.0120,9.8114,1.2177,-0.6564,-1.1305,-2.3597,-19.4058,-5.0123
7552,0.1344,0.0107,9.9014,1.0417,-0.5692,-1.2182,-2.3573,-19.3246,-5.0004
7560,0.1363,-0.0042,9.9176,1.1534,-0.4913,-1.4008,-2.3576,-19.2509,-4.9846
7568,0.1767,-0.0555,9.9527,0.9803,-0.3154,-1.4261,-2.3578,-19.1775,-4.9688
7576,0.2083,-0.1179,9.9021,0.9960,-0.2538,-1.5089,-2.3562,-19.1031,-4.9608
7584,0.1530,-0.0882,9.8199,1.1364,-0.2136,-1.6201,-2.3545,-19.0290,-4.9529
7592,0.0926,-0.0846,9.7304,1.1666,0.0301,-1.7638,-2.3528,-18.9617,-4.9417
7600,0.1126,-0.0804,9.6909,1.3769,0.2072,-1.9785,-2.3511,-18.8946,-4.9305
7608,0.1083,-0.1063,9.6639,1.5060,0.1046,-2.1892,-2.3494,-18.8278,-4.9194
7616,0.0590,-0.0609,9.6895,1.5814,0.0384,-2.3026,-2.3433,-18.7593,-4.9051
7624,0.0516,-0.0699,9.6944,1.2215,0.1298,-2.4911,-2.3372,-18.6911,-4.8908
7632,0.0231,-0.0917,9.7422,1.0134,0.1292,-2.5674,-2.3336,-18.6225,-4.8791
7640,0.0379,-0.1083,9.7553,0.8303,0.2006,-2.6483,-2.3301,-18.5542,-4.8674
7648,0.1050,-0.1128,9.7913,0.8340,0.0716,-2.7897,-2.3177,-18.4868,-4.8596
7656,0.0905,-0.1779,9.7702,0.9788,0.0069,-3.0102,-2.3155,-18.4126,-4.8435
7664,0.0638,-0.1571,9.7615,1.2106,-0.0710,-3.0931,-2.3108,-18.3426,-4.8249
7672,0.0861,-0.1096,9.7273,1.6296,-0.1161,-3.2977,-2.3112,-18.2798,-4.8160
7680,0.0839,-0.0921,9.6826,1.7023,-0.2126,-3.2587,-2.3116,-18.2172,-4.8070
7688,0.1198,-0.0531,9.6964,1.5851,-0.2809,-3.3707,-2.3095,-18.1454,-4.8049
7696,0.1814,-0.0241,9.7025,1.3717,-0.3569,-3.3738,-2.3061,-18.0695,-4.7934
7704,0.1628,0.0613,9.7213,1.1330,-0.4029,-3.3848,-2.3009,-18.0002,-4.7838
7712,0.1566,0.0716,9.7419,0.8087,-0.3961,-3.3633,-2.2956,-17.9311,-4.7742
7720,0.1404,0.0063,9.7623,0.6160,-0.2857,-3.4094,-2.2904,-17.8624,-4.7646
7728,0.1672,-0.0027,9.7708,0.6797,-0.3775,-3.4775,-2.2909,-17.7945,-4.7588
7736,0.2197,-0.0205,9.7890,0.6926,-0.5479,-3.4466,-2.2913,-17.7269,-4.7530
7744,0.1866,-0.0338,9.8377,0.6622,-0.6655,-3.5237,-2.2918,-17.6596,-4.7453
7752,0.1417,0.0298,9.8787,0.8945,-0.7620,-3.5175,-2.2922,-17.5894,-4.7376
7760,0.2044,0.0499,9.8583,0.8767,-0.6783,-3.5969,-2.2926,-17.5195,-4.7299
7768,0.2406,-0.0061,9.8295,0.7636,-0.6622,-3.6114,-2.2931,-17.4598,-4.7148
7776,0.1982,0.0280,9.7805,0.8768,-0.6148,-3.7187,-2.2978,-17.3855,-4.6966
7784,0.1376,0.0697,9.7390,0.9318,-0.5242,-3.6052,-2.2982,-17.3195,-4.6890
7792,0.1911,0.0633,9.7379,0.8376,-0.4055,-3.5208,-2.2949,-17.2513,-4.6777
7800,0.1940,0.0261,9.7551,0.7183,-0.3640,-3.4533,-2.2916,-17.1834,-4.6664
7808,0.1369,0.1031,9.8007,0.7428,-0.4657,-3.3355,-2.2871,-17.1213,-4.6545
7816,0.1850,0.0707,9.8219,0.4223,-0.3682,-3.2148,-2.2851,-17.0588,-4.6451
7824,0.1511,0.0369,9.8598,0.3851,-0.3844,-3.2168,-2.2831,-16.9966,-4.6357
7832,0.0594,0.0445,9.8431,0.3975,-0.3518,-3.0533,-2.2799,-16.9364,-4.6264
7840,0.0142,0.1161,9.8945,0.5401,-0.2487,-2.9530,-2.2766,-16.8764,-4.6213
7848,0.0772,0.0242,9.8540,0.5991,-0.1101,-2.8677,-2.2734,-16.8167,-4.6163
7856,0.0631,0.0067,9.8159,0.6928,-0.2735,-2.7221,-2.2751,-16.7560,-4.6027
7864,-0.0321,0.0846,9.7792,0.9158,-0.1925,-2.4309,-2.2768,-16.6955,-4.5891
7872,-0.0289,0.1032,9.7292,1.0490,-0.0136,-2.1738,-2.2785,-16.6353,-4.5756
7880,-0.0106,0.0854,9.7586,0.9204,0.0481,-2.0586,-2.2825,-16.5734,-4.5675
7888,-0.0195,0.1180,9.7825,0.9681,0.0430,-1.7351,-2.2739,-16.5173,-4.5559
7896,0.0153,0.1653,9.8086,0.8937,-0.0551,-1.4551,-2.2725,-16.4516,-4.5443
7904,-0.0116,0.1139,9.7508,0.6653,-0.0876,-1.0007,-2.2603,-16.3857,-4.5423
7912,-0.0801,0.1110,9.7626,0.6681,-0.0627,-0.6088,-2.2482,-16.3200,-4.5404
7920,-0.0059,0.0947,9.7374,0.9028,-0.2629,-0.3300,-2.2469,-16.2612,-4.5360
7928,0.0832,0.1206,9.8430,1.1033,-0.3396,-0.1968,-2.2504,-16.1996,-4.5334
7936,0.0717,0.1202,9.8598,1.2390,-0.3863,-0.0241,-2.2510,-16.1352,-4.5188
7944,0.0987,0.1482,9.8672,1.3608,-0.3084,0.0851,-2.2557,-16.0741,-4.5132
7952,0.1386,0.2068,9.8475,1.5145,-0.2978,0.3202,-2.2604,-16.0132,-4.5076
7960,0.1774,0.1727,9.7923,1.3362,-0.1704,0.3823,-2.2650,-15.9526,-4.5021
7968,0.2281,0.1629,9.7902,1.3231,-0.1365,0.6151,-2.2691,-15.8856,-4.4899
7976,0.2648,0.1672,9.7181,1.5372,-0.2028,0.6670,-2.2731,-15.8189,-4.4778
7984,0.2001,0.1834,9.7554,1.4726,-0.1142,0.7646,-2.2711,-15.7614,-4.4640
7992,0.1834,0.2158,9.7350,1.4988,-0.1414,0.8420,-2.2692,-15.7041,-4.4502
8000,0.2508,0.2138,9.7971,1.1692,-0.2022,0.8226,-2.2631,-15.6393,-4.4465
8008,0.2553,0.1731,9.8556,1.1473,-0.2869,0.8468,-2.2612,-15.5777,-4.4345
8016,0.2388,0.1628,9.8347,1.1824,-0.2586,0.8352,-2.2551,-15.5164,-4.4208
8024,0.2436,0.1744,9.7538,1.1307,-0.2555,0.8055,-2.2521,-15.4689,-4.4119
8032,0.2961,0.1093,9.7372,1.1612,-0.2179,0.6784,-2.2490,-15.4215,-4.4029
8040,0.2999,0.1465,9.7358,1.3850,-0.3607,0.6689,-2.2442,-15.3673,-4.3940
8048,0.3398,0.1615,9.8046,1.3644,-0.3798,0.5744,-2.2359,-15.3120,-4.3810
8056,0.2957,0.1072,9.7977,1.1180,-0.3581,0.3881,-2.2429,-15.2476,-4.3734
8064,0.2659,0.1241,9.8816,0.8877,-0.2520,0.3193,-2.2499,-15.1835,-4.3657
8072,0.2553,0.1061,9.8437,0.6728,-0.1853,0.2161,-2.2568,-15.1196,-4.3580
8080,0.3176,0.1523,9.9674,0.6674,0.1346,0.0375,-2.2555,-15.0612,-4.3481
8088,0.3713,0.0542,9.8671,0.7954,0.1578,-0.0640,-2.2542,-15.0030,-4.3381
8096,0.3347,0.0251,9.8224,0.9766,0.2253,-0.2571,-2.2523,-14.9533,-4.3363
8104,0.3208,0.0617,9.8042,1.2965,0.1565,-0.4124,-2.2505,-14.9037,-4.3345
8112,0.3405,0.0437,9.7782,1.4237,0.0988,-0.8169,-2.2486,-14.8542,-4.3327
8120,0.3688,0.0521,9.7551,1.4974,0.0489,-1.0757,-2.2485,-14.8021,-4.3164
8128,0.4349,0.0724,9.7465,1.3946,0.0971,-1.4165,-2.2513,-14.7438,-4.3060
8136,0.4333,0.0298,9.7911,1.2108,0.0793,-1.8144,-2.2564,-14.6857,-4.2972
8144,0.3776,0.0253,9.7800,1.2405,0.1316,-2.1149,-2.2614,-14.6278,-4.2886
8152,0.4196,0.0441,9.7891,1.3089,0.1736,-2.5676,-2.2630,-14.5649,-4.2747
8160,0.4955,-0.0182,9.7759,1.4676,0.2057,-2.9578,-2.2646,-14.5023,-4.2597
8168,0.4708,-0.0732,9.7572,1.6860,0.1832,-3.4483,-2.2661,-14.4434,-4.2500
8176,0.4402,0.0019,9.7689,1.9749,0.0069,-3.7867,-2.2688,-14.3795,-4.2397
8184,0.4554,0.0001,9.7444,2.0378,-0.0630,-4.1263,-2.2715,-14.3159,-4.2295
8192,0.4254,0.0103,9.7163,1.8633,-0.2391,-4.5284,-2.2701,-14.2618,-4.2227
8200,0.4206,0.0711,9.6946,1.9684,-0.4156,-4.9075,-2.2688,-14.2078,-4.2159
8208,0.5483,0.0313,9.7164,1.5996,-0.4110,-5.1714,-2.2617,-14.1604,-4.2052
8216,0.4074,-0.0548,9.7388,1.3696,-0.4920,-5.5305,-2.2547,-14.1131,-4.1944
8224,0.3063,0.1246,9.6826,1.7123,-0.6040,-5.7138,-2.2477,-14.0660,-4.1837
8232,0.4436,0.0998,9.6207,1.4587,-0.5939,-6.0331,-2.2572,-14.0139,-4.1754
8240,0.3473,-0.0188,9.7019,1.2269,-0.6241,-6.1811,-2.2571,-13.9529,-4.1653
8248,0.2715,0.0046,9.8560,1.3758,-0.6904,-6.2453,-2.2609,-13.8950,-4.1570
8256,0.3086,0.0108,9.9057,1.3369,-0.7831,-6.2587,-2.2647,-13.8373,-4.1486
8264,0.2074,-0.0242,9.9356,0.7931,-0.7811,-6.4955,-2.2628,-13.7890,-4.1387
8272,0.1764,-0.0526,9.9294,0.6997,-0.8726,-6.4580,-2.2666,-13.7317,-4.1287
8280,0.1839,-0.0797,9.8396,0.7304,-1.0507,-6.4914,-2.2647,-13.6809,-4.1216
8288,0.0959,-0.0405,9.8293,0.8584,-1.1863,-6.4221,-2.2662,-13.6190,-4.1179
8296,0.1780,-0.0893,9.7759,0.8314,-1.1933,-6.2091,-2.2677,-13.5573,-4.1142
8304,0.1584,0.0201,9.6883,1.0297,-1.1414,-5.9867,-2.2686,-13.5083,-4.1060
8312,0.1380,0.1614,9.7854,1.0913,-1.0384,-5.6968,-2.2695,-13.4595,-4.0978
8320,0.1905,0.1076,9.7443,0.4755,-0.9132,-5.5715,-2.2743,-13.4080,-4.0907
8328,0.2231,0.0876,9.8156,-0.0680,-0.7935,-5.4144,-2.2792,-13.3568,-4.0837
8336,0.2165,0.0362,9.7730,-0.3984,-0.6871,-5.2641,-2.2840,-13.3057,-4.0767
8344,0.2375,0.0644,9.7841,-0.5330,-0.6200,-5.1311,-2.2887,-13.2520,-4.0697
8352,0.2760,0.0681,9.8042,-0.6351,-0.4491,-5.1452,-2.2935,-13.1986,-4.0627
8360,0.2649,0.0345,9.8019,-0.3941,-0.4297,-5.1561,-2.2971,-13.1465,-4.0569
8368,0.3068,0.0956,9.8371,-0.1555,-0.5472,-5.1771,-2.3007,-13.0945,-4.0510
8376,0.3196,0.0025,9.7806,-0.2155,-0.5262,-5.1519,-2.3031,-13.0400,-4.0452
8384,0.2879,0.0298,9.7305,-0.3501,-0.3914,-5.1705,-2.3089,-12.9879,-4.0377
8392,0.3563,0.1479,9.7784,-0.3722,-0.2892,-5.1695,-2.3097,-12.9327,-4.0308
8400,0.3275,0.1641,9.8054,-0.5106,-0.1435,-5.3500,-2.3137,-12.8783,-4.0205
8408,0.2227,0.1305,9.8431,-0.8857,0.0039,-5.2852,-2.3178,-12.8241,-4.0103
8416,0.2312,0.0418,9.8630,-0.9110,0.2061,-5.2099,-2.3207,-12.7745,-3.9985
8424,0.1300,0.0462,9.8496,-0.7005,0.4049,-5.1726,-2.3253,-12.7212,-4.0000
8432,0.0467,0.0776,9.8967,-0.6593,0.4056,-4.9476,-2.3237,-12.6760,-3.9882
8440,0.0242,0.0741,9.8642,-0.5105,0.3422,-4.8311,-2.3222,-12.6308,-3.9763
8448,-0.0997,0.0413,9.8698,-0.4429,0.2790,-4.6183,-2.3207,-12.5859,-3.9645
8456,-0.2340,0.0923,9.7765,-0.0956,0.1119,-4.4336,-2.3213,-12.5395,-3.9567
8464,-0.1989,0.1962,9.7486,-0.2248,-0.1492,-4.2675,-2.3220,-12.4932,-3.9488
8472,-0.2118,0.1550,9.7488,-0.4097,-0.4336,-4.1834,-2.3277,-12.4421,-3.9398
8480,-0.2972,0.1628,9.7937,-0.4185,-0.8576,-3.8737,-2.3311,-12.3918,-3.9303
8488,-0.2488,0.2218,9.7883,-0.2696,-1.2523,-3.6735,-2.3345,-12.3417,-3.9208
8496,-0.2432,0.3016,9.7533,-0.3538,-1.5844,-3.4820,-2.3373,-12.2913,-3.9107
8504,-0.2150,0.2435,9.7494,-0.5144,-1.8247,-3.2989,-2.3329,-12.2437,-3.8980
8512,-0.1211,0.2178,9.7063,-0.4253,-2.0465,-3.0305,-2.3363,-12.1969,-3.8874
8520,-0.0453,0.2588,9.7169,-0.2014,-2.0986,-2.9045,-2.3358,-12.1476,-3.8797
8528,0.0708,0.1825,9.7179,-0.4300,-1.9804,-2.7414,-2.3353,-12.0984,-3.8719
8536,0.1324,0.0665,9.8559,-0.7446,-1.6407,-2.6894,-2.3453,-12.0450,-3.8598
8544,0.1195,0.0622,9.8874,-0.4214,-1.3692,-2.6316,-2.3480,-12.0022,-3.8498
8552,0.1055,0.1044,9.9864,-0.3897,-0.8243,-2.6644,-2.3507,-11.9596,-3.8400
8560,0.1284,0.0482,10.0014,-0.4020,-0.3005,-2.6717,-2.3529,-11.9095,-3.8301
8568,0.1058,0.0703,9.9862,0.2128,-0.1063,-2.7214,-2.3551,-11.8596,-3.8197
8576,0.0917,0.1421,9.8340,0.9448,-0.0832,-2.7343,-2.3572,-11.8099,-3.8093
8584,0.1018,0.1680,9.7050,1.1247,-0.0851,-2.7732,-2.3642,-11.7647,-3.7973
8592,0.0876,0.2493,9.6174,1.2328,-0.2523,-2.8078,-2.3712,-11.7198,-3.7853
8600,0.1008,0.3520,9.5918,1.0109,-0.2815,-2.6115,-2.3782,-11.6749,-3.7734
8608,0.0398,0.3141,9.5368,0.3239,-0.3441,-2.5145,-2.3824,-11.6248,-3.7724
8616,0.0457,0.3132,9.5321,-0.4769,-0.3587,-2.3124,-2.3816,-11.5776,-3.7648
8624,0.0296,0.3506,9.7461,-1.0001,-0.1592,-2.2578,-2.3853,-11.5285,-3.7562
8632,-0.0410,0.2646,9.8044,-1.1351,-0.0779,-2.0696,-2.3823,-11.4865,-3.7492
8640,-0.1121,0.2597,9.9168,-0.9068,0.0506,-1.9936,-2.3794,-11.4447,-3.7422
8648,-0.0385,0.1906,9.9147,-0.2379,0.1015,-1.7796,-2.3847,-11.3917,-3.7325
8656,-0.0803,0.2519,9.8869,0.2391,0.0488,-1.5484,-2.3850,-11.3508,-3.7250
8664,-0.0976,0.2988,9.8466,0.5166,-0.0016,-1.3485,-2.3853,-11.3101,-3.7175
8672,-0.0545,0.3316,9.7879,0.6059,-0.1138,-1.2001,-2.3873,-11.2641,-3.7138
8680,-0.0574,0.3828,9.6518,0.6060,-0.3704,-1.0554,-2.3892,-11.2182,-3.7101
8688,-0.0764,0.5156,9.5743,0.7448,-0.4718,-0.8798,-2.3911,-11.1726,-3.7064
8696,-0.0381,0.4799,9.4480,-0.0611,-0.6327,-0.7865,-2.3930,-11.1255,-3.6990
8704,0.0326,0.4669,9.6905,-0.5945,-0.5066,-0.7107,-2.3949,-11.0786,-3.6915
8712,-0.0533,0.4637,9.7655,-0.4619,-0.8607,-0.7981,-2.4010,-11.0313,-3.6856
8720,0.0065,0.4822,9.8201,-0.6551,-0.8260,-0.7884,-2.4072,-10.9842,-3.6798
8728,0.0675,0.3741,9.9420,-1.0345,-0.6594,-0.8458,-2.4009,-10.9437,-3.6708
8736,0.0097,0.3374,9.8405,-0.5253,-0.5669,-0.8633,-2.4070,-10.9023,-3.6676
8744,-0.0084,0.4185,9.7974,0.0203,-0.4010,-0.9014,-2.4094,-10.8573,-3.6618
8752,0.0376,0.4012,9.7091,0.4407,-0.0904,-0.9486,-2.4122,-10.8087,-3.6544
8760,0.0769,0.3391,9.7436,0.2107,0.0680,-1.0149,-2.4151,-10.7603,-3.6470
8768,0.0569,0.3864,9.6660,0.5347,-0.0899,-0.9931,-2.4184,-10.7158,-3.6455
8776,0.0047,0.4824,9.6937,0.0980,-0.0782,-0.9775,-2.4260,-10.6699,-3.6333
8784,0.0194,0.4832,9.6741,-0.5223,-0.0510,-0.9333,-2.4283,-10.6214,-3.6291
8792,0.0136,0.4060,9.6641,-1.1555,0.0523,-1.0163,-2.4305,-10.5732,-3.6249
8800,0.0233,0.3740,9.7293,-1.1344,0.0791,-0.9624,-2.4327,-10.5251,-3.6208
8808,0.0708,0.3423,9.6949,-0.6928,0.1820,-1.0335,-2.4333,-10.4799,-3.6139
8816,0.0911,0.4097,9.7577,-0.3933,0.2698,-1.0589,-2.4339,-10.4349,-3.6071
8824,0.1071,0.3113,9.7393,-0.0855,0.3724,-1.1257,-2.4329,-10.3932,-3.6009
8832,0.0888,0.3156,9.6648,-0.1324,0.3372,-1.0670,-2.4319,-10.3517,-3.5946
8840,0.1902,0.4366,9.7969,-0.1000,0.3756,-0.8936,-2.4271,-10.3114,-3.5878
8848,0.1886,0.3493,9.7142,-0.7224,0.3562,-0.7890,-2.4320,-10.2627,-3.5847
8856,0.1357,0.3846,9.8097,-1.1228,0.5004,-0.7851,-2.4267,-10.2206,-3.5774
8864,0.1612,0.3746,9.7139,-0.9591,0.4969,-0.7093,-2.4320,-10.1797,-3.5723
8872,0.1296,0.2969,9.7293,-1.1519,0.5896,-0.6474,-2.4374,-10.1390,-3.5671
8880,0.1410,0.2570,9.8083,-0.9309,0.6009,-0.6790,-2.4353,-10.1005,-3.5577
8888,0.1901,0.2701,9.8462,-0.6369,0.3557,-0.7972,-2.4384,-10.0542,-3.5536
8896,0.1257,0.2957,9.8635,-0.6944,0.3506,-0.9022,-2.4390,-10.0123,-3.5469
8904,0.0919,0.2792,9.8833,-0.6935,0.3723,-0.9626,-2.4395,-9.9706,-3.5402
8912,0.0992,0.2250,9.8603,-0.9165,0.3878,-1.1430,-2.4400,-9.9291,-3.5335
8920,0.0680,0.2084,9.8367,-0.8978,0.3092,-1.1715,-2.4347,-9.8934,-3.5210
8928,0.0626,0.1633,9.7488,-0.8506,0.3088,-1.2308,-2.4294,-9.8580,-3.5086
8936,0.0745,0.1484,9.6821,-0.7255,0.2337,-1.2662,-2.4294,-9.8215,-3.5035
8944,0.0397,0.2375,9.6941,-0.5631,0.1592,-1.3667,-2.4294,-9.7853,-3.4985
8952,-0.0068,0.2511,9.7018,-0.5759,0.2400,-1.3294,-2.4294,-9.7491,-3.4935
8960,0.0085,0.2079,9.7156,-0.9268,0.1706,-1.3978,-2.4294,-9.7047,-3.4874
8968,0.0283,0.1341,9.8219,-1.3823,0.2269,-1.2926,-2.4231,-9.6657,-3.4761
8976,0.0002,0.1762,9.7837,-1.4499,0.1074,-1.3306,-2.4278,-9.6221,-3.4732
8984,-0.0461,0.1351,9.7533,-1.8105,0.1824,-1.4762,-2.4325,-9.5786,-3.4703
8992,-0.0134,0.0223,9.6779,-1.8647,0.1555,-1.5142,-2.4346,-9.5354,-3.4674
9000,-0.0189,0.0117,9.6521,-1.5486,0.0312,-1.5159,-2.4398,-9.4917,-3.4625
9008,-0.0006,0.0791,9.6952,-1.2489,0.0455,-1.4588,-2.4335,-9.4535,-3.4575
9016,0.0128,0.0800,9.7310,-1.3197,0.2140,-1.4308,-2.4334,-9.4154,-3.4504
9024,0.0244,0.1533,9.8286,-1.3020,0.3297,-1.4255,-2.4334,-9.3774,-3.4434
9032,0.0732,0.1808,9.7602,-1.4051,0.4110,-1.4550,-2.4333,-9.3385,-3.4374
9040,0.0919,0.1433,9.7078,-1.7970,0.4515,-1.4485,-2.4333,-9.2998,-3.4314
9048,0.0632,0.0507,9.6309,-1.9398,0.6208,-1.3784,-2.4337,-9.2549,-3.4249
9056,0.0514,0.0256,9.6045,-2.0257,0.6814,-1.2580,-2.4342,-9.2102,-3.4185
9064,0.0621,0.0840,9.6758,-1.8785,0.8220,-1.2388,-2.4347,-9.1657,-3.4120
9072,0.0717,0.0903,9.7199,-1.7697,0.7751,-1.1192,-2.4351,-9.1270,-3.4066
9080,0.0942,0.0250,9.7420,-1.9404,0.8610,-1.0528,-2.4293,-9.0911,-3.4028
9088,0.0534,0.0060,9.7355,-1.7436,0.9431,-0.8613,-2.4313,-9.0528,-3.3964
9096,0.0471,0.0599,9.7520,-1.6061,1.0216,-0.7635,-2.4333,-9.0145,-3.3899
9104,0.0518,0.0357,9.7292,-1.5359,1.1287,-0.6326,-2.4276,-8.9765,-3.3872
9112,0.0128,-0.0176,9.7176,-1.6261,1.2684,-0.4968,-2.4244,-8.9421,-3.3808
9120,-0.0010,-0.0025,9.7162,-1.5070,1.2900,-0.3883,-2.4056,-8.9173,-3.3640
9128,-0.0259,0.0504,9.6913,-1.2705,1.3880,-0.3058,-2.3901,-8.8972,-3.3520
9136,-0.0803,0.0522,9.6655,-1.2630,1.4070,-0.3016,-2.3746,-8.8772,-3.3400
9144,-0.1181,0.0397,9.6427,-1.2345,1.3746,-0.1270,-2.3550,-8.8593,-3.3337
9152,-0.1477,0.1090,9.6689,-1.1032,1.2769,0.0347,-2.3355,-8.8414,-3.3274
9160,-0.0908,0.0729,9.6727,-1.2524,1.2235,0.2480,-2.3352,-8.8066,-3.3186
9168,-0.1034,-0.0249,9.6623,-1.4830,1.1110,0.3879,-2.3349,-8.7718,-3.3098
9176,-0.1340,0.0087,9.7222,-1.4448,0.8809,0.6338,-2.3346,-8.7372,-3.3010
9184,-0.1239,-0.0020,9.7487,-1.3630,0.5861,0.8395,-2.3318,-8.6970,-3.2985
9192,-0.0961,0.0322,9.8619,-1.4448,0.3442,1.0869,-2.3289,-8.6570,-3.2959
9200,-0.0627,0.0225,9.8213,-1.1764,0.2969,1.3902,-2.3281,-8.6191,-3.2939
9208,-0.0676,0.0178,9.8537,-0.9090,0.2357,1.6695,-2.3227,-8.5794,-3.2888
9216,-0.1203,0.0241,9.8053,-0.6666,0.3425,1.7553,-2.3173,-8.5398,-3.2836
9224,-0.0545,0.0635,9.7687,-0.5442,0.3939,1.8347,-2.3155,-8.5034,-3.2811
9232,-0.0324,0.0886,9.7365,-0.6298,0.3498,1.9452,-2.3132,-8.4651,-3.2832
9240,-0.0839,0.1292,9.7994,-0.8263,0.4569,2.1550,-2.3156,-8.4315,-3.2770
9248,-0.0334,0.1021,9.8084,-0.9129,0.5300,2.2302,-2.3102,-8.3981,-3.2761
9256,-0.0474,0.1586,9.7957,-0.9237,0.5039,2.3421,-2.3048,-8.3648,-3.2750
9264,-0.0406,0.1483,9.7705,-0.9500,0.4656,2.5345,-2.3051,-8.3280,-3.2704
9272,-0.0188,0.1026,9.7645,-0.9325,0.3516,2.6518,-2.2977,-8.2970,-3.2612
9280,-0.0078,0.1673,9.8056,-0.4784,0.3600,2.8653,-2.2904,-8.2661,-3.2520
9288,-0.0061,0.2167,9.7945,-0.3109,0.4320,3.0214,-2.2779,-8.2323,-3.2475
9296,0.0370,0.2164,9.8140,-0.4840,0.5222,3.0881,-2.2654,-8.1985,-3.2429
9304,0.0349,0.1997,9.7976,-0.5696,0.5578,3.2745,-2.2531,-8.1649,-3.2384
9312,0.0417,0.2064,9.7799,-0.6647,0.5865,3.4688,-2.2515,-8.1309,-3.2359
9320,0.0333,0.2139,9.7708,-0.9424,0.7552,3.5799,-2.2499,-8.0970,-3.2335
9328,0.0015,0.1937,9.7621,-0.9679,0.9540,3.6888,-2.2483,-8.0632,-3.2310
9336,-0.0035,0.2060,9.7656,-0.9283,0.9493,3.7156,-2.2539,-8.0300,-3.2265
9344,0.0684,0.0960,9.7770,-1.0450,1.0222,3.8106,-2.2462,-7.9939,-3.2255
9352,0.0588,0.0525,9.7335,-1.0047,1.0599,3.8481,-2.2482,-7.9641,-3.2210
9360,0.0647,0.1566,9.8167,-0.9555,1.1867,3.8439,-2.2436,-7.9262,-3.2181
9368,0.1029,0.1934,9.8469,-1.0871,1.2278,3.7519,-2.2390,-7.8884,-3.2151
9376,0.1018,0.1064,9.8492,-1.2903,1.2086,3.6320,-2.2369,-7.8523,-3.2121
9384,0.0850,0.0628,9.8175,-1.2286,1.1341,3.4693,-2.2287,-7.8122,-3.2056
9392,0.1098,0.0985,9.8485,-1.1162,1.1083,3.3217,-2.2262,-7.7728,-3.2067
9400,0.1846,0.0593,9.9335,-1.3528,0.9769,3.1459,-2.2262,-7.7376,-3.2058
9408,0.1403,0.0612,9.8674,-1.2030,0.9446,2.8685,-2.2263,-7.7026,-3.2049
9416,0.1339,0.0957,9.8473,-1.0385,0.8630,2.6512,-2.2263,-7.6676,-3.2040
9424,0.1463,-0.0271,9.8527,-1.2331,0.9210,2.3900,-2.2238,-7.6405,-3.2005
9432,0.0901,-0.0471,9.8289,-1.0166,0.8485,2.2390,-2.2212,-7.6134,-3.1970
9440,0.1800,0.0064,9.8092,-0.7375,0.6991,2.0172,-2.2167,-7.5859,-3.1951
9448,0.1853,0.0192,9.8223,-0.7240,0.6497,1.7864,-2.2122,-7.5585,-3.1931
9456,0.0781,0.0094,9.8124,-0.7404,0.5890,1.5285,-2.2041,-7.5261,-3.1953
9464,0.0899,0.0379,9.7610,-0.5107,0.4590,1.2284,-2.1996,-7.4898,-3.1948
9472,0.0837,0.0422,9.7359,-0.4111,0.4520,0.9202,-2.1901,-7.4536,-3.1919
9480,0.0330,0.0321,9.7323,-0.3318,0.3706,0.7881,-2.1887,-7.4247,-3.1884
9488,0.1051,0.0661,9.7387,-0.2934,0.1222,0.5551,-2.1873,-7.3958,-3.1849
9496,0.1267,0.0619,9.7275,-0.3126,-0.1661,0.3883,-2.1829,-7.3625,-3.1855
9504,0.0623,0.0376,9.7557,-0.4110,-0.2791,0.1941,-2.1774,-7.3308,-3.1775
9512,0.0884,-0.0259,9.8136,-0.5237,-0.4324,0.0671,-2.1746,-7.2977,-3.1745
9520,0.1607,-0.0474,9.8341,-0.4342,-0.6138,-0.1877,-2.1717,-7.2647,-3.1716
9528,0.1897,-0.0381,9.8098,-0.1673,-0.7605,-0.4047,-2.1688,-7.2319,-3.1686
9536,0.1558,-0.1404,9.7942,-0.1893,-0.7328,-0.4522,-2.1533,-7.2123,-3.1596
9544,0.1734,-0.0785,9.9445,0.0295,-0.6850,-0.5643,-2.1379,-7.1928,-3.1507
9552,0.1871,-0.1018,9.8668,0.4575,-0.6207,-0.6688,-2.1336,-7.1627,-3.1488
9560,0.2168,-0.0668,9.8695,0.4508,-0.4471,-0.9234,-2.1294,-7.1328,-3.1469
9568,0.2131,-0.1564,9.7585,0.4337,-0.2545,-1.0122,-2.1252,-7.1029,-3.1450
9576,0.1688,-0.1212,9.7377,0.3640,-0.0756,-1.2225,-2.1199,-7.0798,-3.1396
9584,0.1241,-0.0872,9.7435,0.2760,0.0155,-1.3275,-2.1122,-7.0491,-3.1418
9592,0.1033,-0.1041,9.6914,0.1786,-0.0041,-1.4813,-2.1106,-7.0160,-3.1400
9600,0.1027,-0.0644,9.6889,0.0454,0.0145,-1.6391,-2.1089,-6.9830,-3.1381
9608,0.1377,-0.1141,9.6278,-0.1806,0.0109,-1.8166,-2.1053,-6.9482,-3.1433
9616,0.0919,-0.1381,9.6760,-0.3168,-0.1231,-2.0397,-2.0991,-6.9144,-3.1424
9624,0.0591,-0.1206,9.6321,-0.2017,-0.2407,-1.9917,-2.0924,-6.8828,-3.1404
9632,0.0969,-0.1162,9.6234,-0.4036,-0.1877,-2.0151,-2.0888,-6.8508,-3.1329
9640,0.1451,-0.1541,9.7029,-0.6420,-0.0464,-2.1682,-2.0852,-6.8189,-3.1254
9648,0.1296,-0.1547,9.6670,-0.3873,-0.0607,-2.2132,-2.0807,-6.7872,-3.1265
9656,0.1402,-0.1257,9.6668,-0.4024,0.0271,-2.3523,-2.0761,-6.7555,-3.1276
9664,0.1269,-0.1035,9.7067,-0.3555,0.0576,-2.3573,-2.0685,-6.7350,-3.1221
9672,0.1664,-0.1189,9.7419,-0.2254,-0.0945,-2.2874,-2.0610,-6.7146,-3.1166
9680,0.1557,-0.1602,9.7578,-0.1462,-0.2053,-2.4285,-2.0535,-6.6943,-3.1111
9688,0.1310,-0.1265,9.8200,-0.0972,-0.2899,-2.4515,-2.0445,-6.6634,-3.1166
9696,0.1760,-0.1311,9.8294,-0.1757,-0.4268,-2.5882,-2.0315,-6.6347,-3.1176
9704,0.1730,-0.1125,9.7768,-0.1361,-0.6483,-2.7082,-2.0296,-6.6036,-3.1140
9712,0.2241,-0.0929,9.7744,0.1605,-0.7536,-2.7749,-2.0277,-6.5726,-3.1105
9720,0.2161,-0.1312,9.7526,0.3988,-0.8302,-2.7908,-2.0228,-6.5462,-3.1049
9728,0.1647,-0.1062,9.8148,0.4959,-0.7781,-2.8726,-2.0194,-6.5179,-3.1013
9736,0.1573,-0.0813,9.7646,0.9062,-0.8244,-2.9268,-2.0126,-6.4887,-3.1012
9744,0.1420,-0.0383,9.8844,0.8452,-0.8659,-2.9467,-2.0087,-6.4576,-3.1006
9752,0.0762,-0.0613,9.8913,0.8882,-0.8789,-2.9257,-2.0049,-6.4266,-3.1000
9760,0.0741,-0.0972,9.9012,0.8093,-0.8141,-3.0389,-2.0011,-6.3968,-3.1004
9768,0.0680,-0.1378,9.9143,0.8165,-0.8241,-3.0139,-1.9973,-6.3670,-3.1008
9776,0.0585,-0.1240,9.9024,1.1247,-0.9243,-3.1100,-1.9925,-6.3398,-3.0976
9784,0.0471,-0.0933,9.8570,1.2301,-0.8254,-3.1325,-1.9877,-6.3127,-3.0944
9792,0.0254,-0.0519,9.8583,1.4616,-0.8829,-3.2687,-1.9830,-6.2857,-3.0912
9800,-0.0220,-0.0440,9.8030,1.6830,-0.9566,-3.2763,-1.9797,-6.2533,-3.0945
9808,0.0116,0.0055,9.7666,1.7586,-0.8830,-3.2942,-1.9765,-6.2211,-3.0978
9816,0.0051,-0.0094,9.7451,1.3430,-0.7140,-3.3220,-1.9723,-6.1954,-3.0916
9824,-0.0048,-0.0105,9.8131,1.0229,-0.5230,-3.1886,-1.9681,-6.1698,-3.0853
9832,-0.0534,-0.0098,9.8404,0.8581,-0.4097,-3.1250,-1.9639,-6.1388,-3.0851
9840,-0.1243,-0.0683,9.6989,0.6125,-0.1387,-3.0108,-1.9602,-6.1050,-3.0903
9848,-0.0318,-0.0201,9.7763,0.6257,0.0698,-3.1604,-1.9506,-6.0762,-3.0880
9856,0.0552,-0.0157,9.8568,0.9716,0.0905,-3.1193,-1.9465,-6.0485,-3.0777
9864,0.0026,0.0584,9.9624,1.2784,0.0836,-3.0508,-1.9423,-6.0210,-3.0675
9872,-0.0112,0.1064,9.9237,1.4331,0.0317,-3.0706,-1.9392,-5.9985,-3.0672
9880,0.0246,0.0951,9.9227,1.2237,0.0621,-2.9135,-1.9357,-5.9601,-3.0649
9888,0.1335,0.0772,9.9041,1.1301,-0.0582,-2.8779,-1.9286,-5.9334,-3.0676
9896,0.1373,0.1320,9.9296,0.9740,-0.1759,-2.8439,-1.9215,-5.9068,-3.0702
9904,0.1007,0.1488,9.9969,0.7820,-0.1178,-2.6434,-1.9145,-5.8803,-3.0729
9912,0.1545,0.0930,9.9735,0.7878,-0.1076,-2.5157,-1.9130,-5.8584,-3.0700
9920,0.1864,0.0575,10.0011,0.9853,-0.0871,-2.3402,-1.9115,-5.8366,-3.0671
9928,0.1646,0.0390,10.0575,1.2568,0.0524,-2.2604,-1.9070,-5.8154,-3.0648
9936,0.1960,0.0638,10.0884,1.7137,0.3165,-2.2801,-1.9065,-5.7824,-3.0634
9944,0.1629,0.0757,9.9880,2.1134,0.5398,-2.4135,-1.9060,-5.7495,-3.0620
9952,0.0741,0.1598,9.9099,2.3943,0.7639,-2.3972,-1.9015,-5.7277,-3.0571
9960,0.0458,0.1585,9.8019,2.5535,0.8289,-2.3895,-1.9010,-5.7000,-3.0557
9968,-0.0095,0.1637,9.7633,2.4098,0.8617,-2.3956,-1.9020,-5.6724,-3.0553
9976,-0.0973,0.2121,9.7881,2.3470,0.6878,-2.2760,-1.8986,-5.6469,-3.0543
9984,-0.0911,0.2386,9.7964,2.1030,0.5348,-2.1777,-1.8951,-5.6216,-3.0534
9992,-0.0887,0.2348,9.8718,1.6696,0.3885,-2.0730,-1.8922,-5.5919,-3.0519
10000,-0.1294,0.1444,9.8494,1.4979,0.1899,-1.9808,-1.8853,-5.5692,-3.0410
10008,-0.1448,0.2612,9.8897,1.7977,0.0827,-1.8341,-1.8784,-5.5467,-3.0302
10016,-0.1988,0.2343,9.7198,1.9856,0.1215,-1.6671,-1.8710,-5.5237,-3.0287
10024,-0.2107,0.2008,9.7210,1.9921,0.1400,-1.5714,-1.8637,-5.5009,-3.0273
10032,-0.1756,0.1551,9.7985,2.1236,0.0402,-1.4185,-1.8564,-5.4781,-3.0259
10040,-0.1879,0.2635,9.9448,2.1640,-0.2951,-1.2057,-1.8555,-5.4495,-3.0210
10048,-0.1458,0.3448,10.0407,1.7866,-0.4238,-0.9275,-1.8547,-5.4210,-3.0161
10056,-0.1095,0.2430,10.0036,1.1405,-0.4561,-0.7921,-1.8539,-5.3927,-3.0112
10064,-0.0789,0.1185,9.9390,0.8585,-0.5751,-0.6360,-1.8471,-5.3694,-3.0112
10072,-0.0677,0.1266,9.9393,1.2076,-0.7769,-0.4681,-1.8433,-5.3457,-3.0107
10080,-0.0703,0.0829,9.8905,1.3467,-0.7858,-0.4035,-1.8425,-5.3151,-3.0073
10088,-0.0480,0.0547,9.8111,1.5678,-0.6050,-0.1923,-1.8328,-5.2917,-3.0058
10096,-0.0902,0.1650,9.8583,2.1071,-0.4215,-0.0971,-1.8232,-5.2683,-3.0044
10104,-0.0975,0.1860,9.8722,2.0096,-0.1873,0.0472,-1.8145,-5.2440,-3.0014
10112,-0.0968,0.1234,9.8980,1.5163,0.0233,0.2226,-1.8054,-5.2179,-2.9989
10120,-0.1786,0.1051,9.8540,1.2233,0.1713,0.3744,-1.8018,-5.1909,-2.9935
10128,-0.2521,0.1258,9.8073,1.0018,0.2223,0.5941,-1.7981,-5.1630,-2.9905
10136,-0.2645,0.0580,9.7587,0.6912,0.2443,0.7296,-1.7945,-5.1352,-2.9876
10144,-0.3408,-0.0361,9.6773,0.8423,0.3747,0.8352,-1.7909,-5.1075,-2.9846
10152,-0.4089,0.0017,9.7107,1.3814,0.3154,0.9628,-1.7824,-5.0889,-2.9831
10160,-0.4187,0.0273,9.8102,1.4463,0.2640,1.2555,-1.7739,-5.0703,-2.9817
10168,-0.4726,0.0103,9.8515,1.3803,0.3909,1.5514,-1.7728,-5.0389,-2.9836
10176,-0.4717,0.0907,9.9276,1.3225,0.5735,1.8877,-1.7717,-5.0077,-2.9855
10184,-0.4891,0.1014,9.8498,1.3740,0.6175,2.1852,-1.7658,-4.9806,-2.9850
10192,-0.4503,0.0847,9.8335,1.1245,0.7369,2.7071,-1.7627,-4.9580,-2.9864
10200,-0.4237,0.0085,9.7401,1.2113,0.7765,3.1875,-1.7533,-4.9335,-2.9834
10208,-0.4594,-0.0153,9.6541,1.5636,0.7343,3.5829,-1.7479,-4.9096,-2.9867
10216,-0.4625,0.0328,9.7093,1.7165,0.8219,3.9104,-1.7425,-4.8858,-2.9901
10224,-0.3924,0.0450,9.7648,1.7560,0.7110,4.2555,-1.7346,-4.8646,-2.9914
10232,-0.3668,0.0728,9.8946,1.6685,0.6930,4.7055,-1.7292,-4.8400,-2.9864
10240,-0.3751,0.1048,9.9329,1.6541,0.6998,5.0345,-1.7160,-4.8224,-2.9823
10248,-0.3289,0.0832,9.9334,1.5098,0.7249,5.3758,-1.7028,-4.8049,-2.9783
10256,-0.3093,0.0728,9.9174,1.5290,0.8663,5.6435,-1.6897,-4.7874,-2.9742
10264,-0.2875,0.0401,9.8674,1.9447,0.9455,5.8141,-1.6840,-4.7661,-2.9711
10272,-0.2728,0.0047,9.8336,1.9423,1.0212,6.0173,-1.6783,-4.7449,-2.9680
10280,-0.2368,0.0067,9.8130,2.1453,1.0190,6.3423,-1.6736,-4.7262,-2.9699
10288,-0.2187,0.0846,9.9132,2.0621,0.9875,6.4984,-1.6689,-4.7076,-2.9717
10296,-0.2219,0.0554,9.8308,1.8705,0.9147,6.6157,-1.6642,-4.6890,-2.9735
10304,-0.1866,0.1196,9.8601,1.4393,0.8878,6.7332,-1.6566,-4.6612,-2.9709
10312,-0.1660,0.1171,9.7737,1.4137,0.8834,6.8828,-1.6476,-4.6419,-2.9678
10320,-0.1970,0.0993,9.6472,1.3065,0.7565,7.0446,-1.6425,-4.6182,-2.9617
10328,-0.1850,0.1493,9.5354,1.4226,0.7365,7.1433,-1.6374,-4.5947,-2.9557
10336,-0.2470,0.1417,9.4817,1.2883,0.7894,7.1657,-1.6245,-4.5732,-2.9501
10344,-0.2480,0.1558,9.5551,0.7466,0.9040,7.3471,-1.6156,-4.5542,-2.9505
10352,-0.2120,0.1603,9.6826,0.3779,0.8962,7.3233,-1.6018,-4.5353,-2.9523
10360,-0.1845,0.1913,9.8076,-0.1586,0.9181,7.3832,-1.5920,-4.5081,-2.9487
10368,-0.1732,0.1282,9.8441,-0.7997,0.8963,7.3924,-1.5822,-4.4811,-2.9451
10376,-0.1680,-0.0067,9.7956,-1.1222,0.9342,7.2999,-1.5719,-4.4600,-2.9454
10384,-0.1806,-0.0423,9.7745,-0.7825,0.8558,7.2035,-1.5617,-4.4390,-2.9457
10392,-0.0991,-0.0891,9.7819,-0.3936,0.6981,7.1192,-1.5491,-4.4191,-2.9426
10400,-0.0472,-0.0790,9.7675,-0.0405,0.5767,6.9587,-1.5365,-4.3992,-2.9395
10408,-0.0308,-0.0321,9.8279,0.1479,0.5752,6.7065,-1.5239,-4.3795,-2.9364
10416,0.0524,0.0482,9.7618,0.2267,0.5178,6.4974,-1.5212,-4.3588,-2.9298
10424,0.1468,0.1099,9.7704,-0.1753,0.7109,6.2200,-1.5067,-4.3363,-2.9262
10432,0.1685,0.0878,9.7280,-0.4076,0.9035,5.9175,-1.4967,-4.3192,-2.9256
10440,0.2027,0.0286,9.7033,-0.7472,1.0638,5.5588,-1.4868,-4.3022,-2.9249
10448,0.2044,0.0339,9.7648,-0.7172,1.1157,5.2639,-1.4705,-4.2887,-2.9223
10456,0.1646,0.0204,9.8528,-0.6166,1.1226,4.7818,-1.4650,-4.2650,-2.9236
10464,0.1782,-0.0014,9.9059,-0.5443,1.0653,4.3981,-1.4522,-4.2428,-2.9210
10472,0.1668,0.0013,9.9103,-0.4433,1.0984,3.9406,-1.4414,-4.2276,-2.9276
10480,0.1501,-0.0214,9.8118,-0.2533,0.9968,3.4631,-1.4307,-4.2124,-2.9342
10488,0.1073,-0.0460,9.7031,-0.3009,0.7956,3.0438,-1.4234,-4.1934,-2.9345
10496,0.0612,0.0319,9.6626,-0.2985,0.6673,2.5655,-1.4161,-4.1744,-2.9347
10504,0.0445,0.0469,9.6341,-0.2748,0.6245,2.4601,-1.4069,-4.1526,-2.9319
10512,0.0121,0.0171,9.6730,-0.6255,0.6156,2.2233,-1.3977,-4.1309,-2.9292
10520,-0.0190,0.0376,9.7091,-0.7955,0.4498,2.0582,-1.3886,-4.1093,-2.9264
10528,-0.0216,0.0547,9.7600,-1.1715,0.2512,1.7777,-1.3780,-4.0921,-2.9280
10536,-0.0791,0.0639,9.7555,-1.3309,0.1573,1.7121,-1.3675,-4.0750,-2.9296
10544,-0.1175,0.0489,9.7278,-1.3555,0.0275,1.6200,-1.3584,-4.0512,-2.9258
10552,-0.0634,0.0021,9.7272,-1.3229,-0.1073,1.6066,-1.3431,-4.0274,-2.9220
10560,-0.0550,0.0081,9.8279,-1.1718,-0.3295,1.5325,-1.3278,-4.0067,-2.9222
10568,-0.0870,0.0563,9.8607,-0.9286,-0.5660,1.5096,-1.3140,-3.9928,-2.9218
10576,-0.0304,0.0976,9.8625,-1.0027,-0.7522,1.4584,-1.2988,-3.9746,-2.9257
10584,-0.0060,0.0270,9.7986,-1.2682,-0.9435,1.5134,-1.2910,-3.9565,-2.9258
10592,0.0567,-0.0587,9.8100,-1.5861,-1.0252,1.6034,-1.2832,-3.9385,-2.9258
10600,0.1311,-0.0192,9.7817,-1.4662,-1.1753,1.7400,-1.2720,-3.9176,-2.9278
10608,0.1214,-0.0754,9.8416,-1.6128,-1.2148,1.5454,-1.2603,-3.8958,-2.9302
10616,0.1533,-0.0398,9.9505,-1.3769,-1.2019,1.5380,-1.2468,-3.8751,-2.9331
10624,0.1757,-0.0308,10.0208,-0.9701,-1.0856,1.4242,-1.2333,-3.8545,-2.9360
10632,0.1613,-0.0709,10.0043,-0.6984,-0.9824,1.4327,-1.2198,-3.8339,-2.9389
10640,0.2030,-0.0744,9.9660,-0.5266,-0.7903,1.3848,-1.2147,-3.8124,-2.9470
10648,0.2011,-0.0653,9.8791,-0.3410,-0.6440,1.2404,-1.2096,-3.7911,-2.9551
10656,0.1698,-0.0743,9.7940,-0.3501,-0.5441,1.1370,-1.2001,-3.7780,-2.9545
10664,0.1797,-0.0005,9.7253,-0.2068,-0.6299,0.9847,-1.1867,-3.7626,-2.9552
10672,0.1659,0.0321,9.6831,-0.0379,-0.5359,0.8045,-1.1735,-3.7473,-2.9559
10680,0.1429,-0.0350,9.7342,-0.3242,-0.4647,0.5548,-1.1675,-3.7271,-2.9586
10688,0.0812,0.0055,9.8323,-0.1981,-0.4713,0.4626,-1.1557,-3.7070,-2.9626
10696,0.0635,0.0088,9.7827,-0.3095,-0.5923,0.4225,-1.1484,-3.6861,-2.9672
10704,0.0234,-0.0109,9.8271,-0.7227,-0.5320,0.4802,-1.1352,-3.6647,-2.9712
10712,0.0108,-0.0502,9.7930,-0.4671,-0.5250,0.6020,-1.1221,-3.6434,-2.9751
10720,-0.0065,0.0003,9.7926,-0.1721,-0.5076,0.7425,-1.1080,-3.6236,-2.9776
10728,-0.0400,-0.0646,9.7581,-0.2020,-0.3497,0.7248,-1.0935,-3.6083,-2.9771
10736,-0.0666,-0.0478,9.7561,0.0815,-0.3239,0.8226,-1.0791,-3.5930,-2.9766
10744,-0.0638,-0.0248,9.7784,0.0352,-0.3100,0.8761,-1.0662,-3.5807,-2.9746
10752,-0.0576,-0.0076,9.8013,-0.1371,-0.3074,0.9859,-1.0533,-3.5685,-2.9726
10760,0.0081,0.0193,9.8147,-0.1871,-0.3929,1.0509,-1.0404,-3.5563,-2.9706
10768,-0.0094,-0.0361,9.7394,-0.4643,-0.4639,1.1504,-1.0320,-3.5437,-2.9740
10776,0.0121,-0.0210,9.7337,-0.5081,-0.5746,1.1736,-1.0236,-3.5311,-2.9773
10784,0.0169,-0.1646,9.7631,-0.5659,-0.6510,1.2624,-1.0152,-3.5186,-2.9805
10792,0.0104,-0.1473,9.8226,-0.4132,-0.7055,1.3180,-1.0069,-3.4983,-2.9799
10800,0.0478,-0.1303,9.8782,-0.1792,-0.5842,1.3418,-1.0000,-3.4796,-2.9816
10808,0.0825,-0.1318,9.9011,-0.0541,-0.5189,1.5086,-0.9932,-3.4624,-2.9872
10816,0.0825,-0.1204,9.9488,0.0229,-0.4725,1.5161,-0.9825,-3.4424,-2.9880
10824,0.0798,-0.1274,9.9364,0.2432,-0.4067,1.6592,-0.9718,-3.4224,-2.9887
10832,0.0591,-0.1657,9.9251,0.1605,-0.1918,1.6308,-0.9607,-3.4045,-2.9923
10840,0.0800,-0.0572,9.8630,0.5454,-0.0424,1.6916,-0.9477,-3.3837,-2.9939
10848,0.0757,-0.0629,9.7385,0.6495,0.0659,1.7365,-0.9352,-3.3673,-2.9974
10856,0.0462,-0.0877,9.7725,0.4904,0.1401,1.8460,-0.9247,-3.3529,-3.0005
10864,-0.0423,-0.0773,9.7873,0.6769,0.0910,1.8654,-0.9142,-3.3386,-3.0034
10872,-0.1074,-0.0251,9.7843,0.5779,0.0442,1.9719,-0.9038,-3.3244,-3.0064
10880,-0.1272,-0.0553,9.8399,0.2032,0.0260,2.0818,-0.8939,-3.3083,-3.0050
10888,-0.1341,-0.0944,9.8369,0.3010,-0.2207,2.0989,-0.8840,-3.2922,-3.0036
10896,-0.1085,-0.0278,9.9153,0.3277,-0.3633,1.9819,-0.8751,-3.2767,-3.0026
10904,-0.1054,-0.0997,9.8154,0.4440,-0.4544,2.0461,-0.8662,-3.2612,-3.0016
10912,-0.1303,-0.1041,9.7792,0.6672,-0.4854,2.1047,-0.8506,-3.2429,-3.0050
10920,-0.1511,-0.0885,9.7141,0.9820,-0.5604,2.2221,-0.8443,-3.2237,-3.0054
10928,-0.0842,-0.0443,9.7026,0.9923,-0.5868,2.4038,-0.8331,-3.2011,-3.0044
10936,0.0123,0.0271,9.7528,0.9222,-0.6468,2.5321,-0.8254,-3.1883,-2.9990
10944,0.0258,0.0051,9.7093,0.7431,-0.6801,2.6362,-0.8177,-3.1756,-2.9936
10952,0.0011,0.0604,9.7894,0.5853,-0.6666,2.6343,-0.8022,-3.1610,-2.9935
10960,-0.0321,-0.0913,9.7752,0.2876,-0.5523,2.7473,-0.7815,-3.1498,-2.9905
10968,0.0566,-0.0974,9.8586,0.4163,-0.5204,2.8846,-0.7667,-3.1363,-2.9919
10976,0.0974,-0.0574,9.8351,0.8381,-0.6526,2.9786,-0.7520,-3.1228,-2.9932
10984,0.1465,-0.0422,9.8271,1.0547,-0.6696,2.8871,-0.7373,-3.1093,-2.9945
10992,0.1099,-0.0648,9.8076,1.0965,-0.6593,2.8610,-0.7265,-3.0945,-2.9948
11000,0.0859,-0.0325,9.7949,1.2218,-0.5107,2.8680,-0.7158,-3.0797,-2.9951
11008,0.1252,-0.0264,9.7958,1.0217,-0.3446,2.7627,-0.7028,-3.0611,-2.9978
11016,0.1803,0.0164,9.7204,1.0943,-0.1485,2.6007,-0.6897,-3.0425,-3.0005
11024,0.2034,0.1258,9.7853,0.9450,-0.0595,2.4751,-0.6768,-3.0240,-3.0032
11032,0.1718,0.0867,9.7287,0.7730,-0.0092,2.2857,-0.6725,-3.0052,-3.0015
11040,0.1560,0.0641,9.7404,0.6885,0.0496,2.1418,-0.6568,-2.9839,-2.9988
11048,0.1367,0.0828,9.7419,0.6743,0.1885,2.0416,-0.6512,-2.9671,-3.0024
11056,0.1762,0.1216,9.8015,0.6608,0.1427,1.8125,-0.6456,-2.9503,-3.0059
11064,0.1217,0.1672,9.8714,0.5998,0.1309,1.6787,-0.6261,-2.9356,-3.0056
11072,0.0766,0.1515,9.8522,0.5469,0.1969,1.4201,-0.6149,-2.9194,-3.0038
11080,0.0963,0.1382,9.8326,0.5202,0.2334,1.2341,-0.6022,-2.9067,-3.0025
11088,0.0685,0.1094,9.7579,0.5961,0.1989,1.0243,-0.5911,-2.8882,-3.0065
11096,0.0913,0.0951,9.7053,0.5966,0.1553,0.8236,-0.5800,-2.8698,-3.0105
11104,0.1300,0.1227,9.6819,0.7838,0.0416,0.6931,-0.5723,-2.8549,-3.0115
11112,0.2025,0.0780,9.6884,0.7655,-0.1738,0.6242,-0.5647,-2.8400,-3.0125
11120,0.1870,0.1173,9.7682,0.7186,-0.3478,0.4277,-0.5552,-2.8266,-3.0106
11128,0.1821,0.1300,9.8649,0.7778,-0.3035,0.2985,-0.5457,-2.8132,-3.0087
11136,0.2177,0.0309,9.8673,0.5357,-0.2105,0.1616,-0.5362,-2.7999,-3.0068
11144,0.2563,0.0295,9.8909,0.8589,-0.2442,-0.0173,-0.5234,-2.7881,-3.0131
11152,0.3240,0.0361,9.8644,1.1173,-0.2204,-0.1804,-0.5136,-2.7696,-3.0131
11160,0.3771,0.0415,9.8440,1.5030,-0.2350,-0.3524,-0.5096,-2.7559,-3.0131
11168,0.3240,0.0200,9.8479,1.7279,-0.1610,-0.5275,-0.5056,-2.7424,-3.0131
11176,0.2819,0.0452,9.8341,2.0443,-0.0742,-0.7856,-0.4920,-2.7288,-3.0082
11184,0.2707,0.0188,9.8896,1.8642,-0.0099,-1.0911,-0.4809,-2.7144,-3.0057
11192,0.2683,0.0446,9.8531,1.8706,0.0116,-1.2633,-0.4664,-2.7009,-3.0105
11200,0.2843,0.0465,9.8307,1.7274,0.1922,-1.4946,-0.4549,-2.6871,-3.0143
11208,0.2738,-0.0069,9.8213,1.5825,0.4395,-1.7291,-0.4434,-2.6733,-3.0180
11216,0.1440,-0.0028,9.7991,1.7612,0.3561,-2.0280,-0.4329,-2.6595,-3.0184
11224,0.1231,0.0391,9.7822,1.9215,0.3376,-2.2738,-0.4225,-2.6458,-3.0188
11232,0.1552,0.0183,9.7661,1.9254,0.2879,-2.5596,-0.4155,-2.6340,-3.0210
11240,0.1460,-0.0338,9.7979,1.7558,0.2137,-2.7661,-0.4085,-2.6223,-3.0233
11248,0.1746,0.0548,9.8198,1.8149,0.0335,-2.9397,-0.4016,-2.6107,-3.0255
11256,0.1417,0.0671,9.7709,1.5115,-0.1282,-3.0337,-0.3928,-2.5981,-3.0248
11264,0.1092,0.0286,9.7426,1.0880,-0.1549,-3.1742,-0.3840,-2.5856,-3.0241
11272,0.1294,0.0025,9.6924,1.0511,-0.2230,-3.3112,-0.3752,-2.5731,-3.0268
11280,0.1409,-0.0294,9.6429,0.9971,-0.3922,-3.4503,-0.3674,-2.5607,-3.0294
11288,0.1572,-0.0105,9.7065,0.9694,-0.3833,-3.5299,-0.3597,-2.5449,-3.0354
11296,0.1779,0.0026,9.8045,0.8763,-0.3481,-3.6114,-0.3568,-2.5268,-3.0366
11304,0.1661,-0.0207,9.9197,0.7472,-0.3518,-3.7320,-0.3482,-2.5087,-3.0319
11312,0.1481,-0.1264,9.8868,0.6078,-0.4353,-3.9220,-0.3401,-2.4950,-3.0341
11320,0.1760,-0.0513,9.9736,0.7465,-0.3659,-4.1143,-0.3320,-2.4814,-3.0362
11328,0.2810,-0.0813,9.9142,0.8818,-0.3501,-4.0689,-0.3220,-2.4693,-3.0373
11336,0.2434,-0.0747,9.8481,1.2032,-0.5431,-4.0468,-0.3140,-2.4519,-3.0393
11344,0.1675,-0.0678,9.8161,1.4145,-0.5382,-4.0097,-0.3041,-2.4438,-3.0394
11352,0.1977,-0.0343,9.8040,1.6166,-0.4643,-3.9262,-0.2942,-2.4356,-3.0396
11360,0.2519,-0.0053,9.8604,1.5272,-0.3749,-3.9877,-0.2844,-2.4275,-3.0397
11368,0.2185,-0.0055,9.8687,1.4870,-0.2921,-3.9318,-0.2765,-2.4151,-3.0402
11376,0.1700,-0.0298,9.7869,1.2353,-0.1969,-3.9318,-0.2687,-2.4028,-3.0408
11384,0.1872,-0.0012,9.7999,1.1092,0.0195,-3.7957,-0.2561,-2.3895,-3.0404
11392,0.1230,-0.0879,9.7151,1.0926,0.0450,-3.7669,-0.2522,-2.3709,-3.0400
11400,0.1009,-0.0196,9.7918,1.4635,0.0401,-3.7553,-0.2483,-2.3525,-3.0395
11408,0.0923,0.0052,9.7848,1.7487,0.0141,-3.7176,-0.2425,-2.3423,-3.0396
11416,-0.0115,0.0045,9.7820,1.5389,-0.0481,-3.5749,-0.2348,-2.3340,-3.0391
11424,-0.0017,0.0567,9.8328,1.4022,-0.1396,-3.3558,-0.2334,-2.3234,-3.0421
11432,0.0050,0.0884,9.7708,1.3861,-0.2564,-3.1542,-0.2258,-2.3075,-3.0440
11440,-0.0360,0.0807,9.7343,1.0695,-0.2854,-3.0495,-0.2182,-2.2916,-3.0459
11448,-0.0488,0.0673,9.7336,0.8013,-0.3025,-2.8826,-0.2101,-2.2792,-3.0459
11456,-0.0509,0.0857,9.7649,0.8196,-0.4389,-2.6991,-0.1973,-2.2731,-3.0425
11464,-0.0569,0.1106,9.7467,0.9517,-0.5746,-2.4809,-0.1845,-2.2670,-3.0391
11472,-0.0263,0.1071,9.7995,0.7793,-0.5284,-2.4083,-0.1732,-2.2595,-3.0472
11480,-0.0064,0.1231,9.8947,0.7505,-0.4895,-2.2268,-0.1620,-2.2520,-3.0553
11488,-0.0139,0.0205,9.9033,0.6856,-0.4470,-2.0933,-0.1508,-2.2445,-3.0634
11496,-0.0266,0.1154,9.9758,0.7943,-0.4757,-1.9016,-0.1458,-2.2328,-3.0637
11504,-0.0099,0.0896,9.8224,0.9061,-0.4738,-1.6757,-0.1410,-2.2211,-3.0640
11512,0.0244,0.0886,9.7987,0.8585,-0.5067,-1.4543,-0.1361,-2.2094,-3.0643
11520,0.0231,0.0863,9.8302,1.0422,-0.5968,-1.2319,-0.1264,-2.1891,-3.0660
11528,0.0456,0.0956,9.8481,1.1486,-0.6829,-1.1499,-0.1211,-2.1708,-3.0633
11536,0.0669,0.0986,9.9295,0.8236,-0.6240,-1.0608,-0.1120,-2.1574,-3.0655
11544,0.0839,0.0963,9.8839,0.8969,-0.5596,-1.0689,-0.1001,-2.1450,-3.0671
11552,0.0332,0.1762,9.9241,0.7536,-0.4501,-0.9940,-0.0881,-2.1326,-3.0688
11560,0.0561,0.1542,9.7755,0.7686,-0.2253,-0.9464,-0.0840,-2.1145,-3.0718
11568,0.0613,0.1060,9.7782,0.7243,0.0003,-0.9356,-0.0740,-2.1027,-3.0763
11576,0.0355,0.1385,9.7528,1.0739,0.2267,-0.9892,-0.0641,-2.0909,-3.0807
11584,0.0601,0.1811,9.7618,1.1362,0.3099,-1.0431,-0.0543,-2.0840,-3.0803
11592,0.0585,0.2119,9.8432,1.0731,0.3254,-1.0734,-0.0445,-2.0771,-3.0799
11600,-0.0039,0.2540,9.8435,1.1541,0.3189,-1.0783,-0.0347,-2.0703,-3.0795
11608,0.0139,0.2300,9.7528,0.9063,0.3047,-1.1123,-0.0226,-2.0610,-3.0766
11616,0.0254,0.2270,9.7407,0.6852,0.2111,-1.2462,-0.0105,-2.0518,-3.0738
11624,0.0003,0.2298,9.7618,0.8526,0.1163,-1.3022,-0.0042,-2.0388,-3.0767
11632,-0.0246,0.2656,9.7330,0.9699,0.0230,-1.3051,0.0021,-2.0259,-3.0796
11640,-0.0750,0.2505,9.7133,0.8207,-0.0929,-1.3133,0.0117,-2.0168,-3.0825
11648,-0.1143,0.2142,9.7984,0.6675,-0.1291,-1.3157,0.0342,-2.0183,-3.0800
11656,-0.0828,0.2150,9.8613,0.6089,-0.2037,-1.2594,0.0589,-2.0222,-3.0790
11664,-0.0042,0.1474,9.9255,0.2729,-0.2537,-1.2081,0.0783,-2.0131,-3.0842
11672,0.0072,0.1409,9.9167,0.3329,-0.3175,-1.1618,0.0976,-2.0041,-3.0894
11680,0.0458,0.1149,9.8667,0.3663,-0.3786,-1.0642,0.1143,-1.9970,-3.0907
11688,0.0019,0.1507,9.8325,0.8035,-0.5409,-0.8136,0.1238,-1.9899,-3.0815
11696,-0.0091,0.1557,9.7828,1.0190,-0.6615,-0.7232,0.1322,-1.9805,-3.0838
11704,0.0802,0.1644,9.7447,1.0517,-0.6995,-0.6527,0.1406,-1.9711,-3.0860
11712,0.0732,0.1858,9.7959,0.9203,-0.6638,-0.5934,0.1489,-1.9617,-3.0882
11720,0.1365,0.2062,9.8071,0.8640,-0.5097,-0.4726,0.1586,-1.9457,-3.0909
11728,0.1550,0.1904,9.8519,0.5355,-0.3197,-0.4025,0.1682,-1.9297,-3.0936
11736,0.1139,0.1543,9.7740,0.3521,-0.1006,-0.3354,0.1739,-1.9205,-3.0900
11744,0.1087,0.1558,9.8073,0.2726,0.1062,-0.2873,0.1796,-1.9113,-3.0864
11752,0.1189,0.0815,9.7847,0.4313,0.0693,-0.0999,0.1904,-1.9050,-3.0867
11760,0.0549,0.1036,9.8297,0.7137,-0.0487,-0.0354,0.1945,-1.8882,-3.0888
11768,0.0475,0.1445,9.8687,0.7331,-0.1081,-0.0057,0.2009,-1.8791,-3.0876
11776,0.0003,0.1420,9.8461,0.6130,-0.1730,0.0440,0.2140,-1.8720,-3.0859
11784,-0.0347,0.1756,9.7669,0.5701,-0.1363,0.1742,0.2270,-1.8649,-3.0842
11792,-0.0081,0.1614,9.6825,0.4092,-0.0906,0.3520,0.2356,-1.8593,-3.0806
11800,0.0151,0.1194,9.6877,0.1432,0.0651,0.3914,0.2379,-1.8493,-3.0870
11808,-0.0578,0.1101,9.6627,0.2889,0.0433,0.4665,0.2455,-1.8404,-3.0843
11816,-0.0440,0.1622,9.7076,0.1882,0.0412,0.5809,0.2529,-1.8315,-3.0816
11824,-0.0634,0.1365,9.6771,0.0413,0.0978,0.7516,0.2604,-1.8226,-3.0789
11832,-0.1060,0.1324,9.6481,0.0714,0.1173,0.8695,0.2692,-1.8080,-3.0790
11840,-0.0143,0.1041,9.7477,-0.0518,0.0986,0.9850,0.2779,-1.7934,-3.0792
11848,-0.0424,0.0858,9.8072,-0.0549,-0.0127,1.0954,0.2832,-1.7813,-3.0817
11856,-0.0784,0.1188,9.8397,-0.0925,-0.1644,1.2809,0.2885,-1.7693,-3.0842
11864,-0.0512,0.1251,9.8604,-0.2059,-0.2614,1.3837,0.2937,-1.7572,-3.0867
11872,-0.0581,0.0770,9.8764,-0.1703,-0.3542,1.5247,0.3017,-1.7424,-3.0877
11880,-0.0247,0.1099,9.9291,-0.0029,-0.4990,1.6514,0.3097,-1.7314,-3.0863
11888,0.0589,0.1234,9.9158,0.1945,-0.5414,1.6794,0.3153,-1.7229,-3.0883
11896,0.0620,0.0691,9.7489,0.1193,-0.4567,1.7060,0.3208,-1.7143,-3.0903
11904,0.0580,0.1028,9.6635,0.0714,-0.3863,1.7076,0.3286,-1.7044,-3.0936
11912,0.0881,0.1506,9.6577,0.0709,-0.1376,1.6957,0.3277,-1.6878,-3.0998
11920,0.1468,0.1411,9.7071,-0.1376,0.0495,1.5110,0.3393,-1.6828,-3.1008
11928,0.1571,0.1215,9.7195,-0.2943,0.1484,1.3691,0.3422,-1.6720,-3.1026
11936,0.1149,0.1188,9.7599,-0.5882,0.1603,1.2200,0.3451,-1.6613,-3.1045
11944,0.0804,0.0763,9.7467,-0.6292,0.2730,1.2321,0.3565,-1.6491,-3.1097
11952,0.0915,0.1112,9.8141,-0.4070,0.2502,1.0650,0.3678,-1.6370,-3.1148
11960,0.0939,0.0822,9.8003,-0.1866,0.3323,0.9853,0.3724,-1.6279,-3.1162
11968,0.0705,0.1292,9.7879,0.0748,0.4029,0.9250,0.3770,-1.6187,-3.1174
11976,0.0716,0.1582,9.8473,0.1728,0.3770,0.9500,0.3815,-1.6096,-3.1187
11984,0.0366,0.1994,9.8846,0.1812,0.3656,0.9392,0.3874,-1.6005,-3.1186
11992,0.0150,0.2075,9.8987,-0.0508,0.4427,1.0143,0.4023,-1.5943,-3.1222
12000,0.0593,0.1415,9.7849,-0.3553,0.4497,1.0887,0.4090,-1.5805,-3.1201
12008,-0.0037,0.1378,9.7284,-0.4651,0.4592,1.2266,0.4215,-1.5753,-3.1180
12016,0.0050,0.0867,9.7665,-0.3702,0.5108,1.2598,0.4338,-1.5702,-3.1226
12024,-0.0282,0.0983,9.8507,-0.0794,0.4082,1.3795,0.4399,-1.5583,-3.1257
12032,-0.0737,0.1165,9.9546,0.1081,0.1848,1.5659,0.4540,-1.5504,-3.1331
12040,-0.0187,0.1261,9.9713,0.3486,0.0111,1.7123,0.4595,-1.5453,-3.1400
12048,-0.0474,0.1207,9.9681,0.5360,-0.1176,1.9188,0.4649,-1.5403,-3.1468
12056,-0.0933,0.1545,9.9124,0.7258,-0.1554,2.1271,0.4732,-1.5271,-3.1532
12064,-0.0538,0.1519,9.7877,0.8620,-0.2608,2.3848,0.4814,-1.5140,-3.1595
12072,0.0293,0.1267,9.7519,0.8083,-0.2283,2.5353,0.4881,-1.5110,-3.1643
12080,0.0293,0.1814,9.7695,1.0582,-0.2693,2.6979,0.4948,-1.5079,-3.1692
12088,0.0449,0.2505,9.7578,1.0465,-0.2151,2.8081,0.5014,-1.5049,-3.1740
12096,0.0835,0.2446,9.7744,0.8194,-0.1739,2.9507,0.5070,-1.4933,-3.1787
12104,0.0852,0.1751,9.7626,0.5835,-0.1212,2.8738,0.5126,-1.4818,-3.1835
12112,0.1173,0.1901,9.7802,0.6939,-0.2815,2.9069,0.5176,-1.4731,-3.1868
12120,0.1040,0.1827,9.7820,0.5355,-0.3334,2.8666,0.5279,-1.4640,-3.1881
12128,0.0682,0.2175,9.8761,0.7627,-0.3938,2.8334,0.5381,-1.4549,-3.1895
12136,0.0195,0.1984,9.8419,1.0013,-0.4168,2.7509,0.5368,-1.4440,-3.1975
12144,0.0337,0.2226,9.7904,1.1281,-0.4682,2.6614,0.5427,-1.4345,-3.2040
12152,0.0561,0.2781,9.7885,1.2334,-0.4879,2.7012,0.5494,-1.4274,-3.2081
12160,0.0927,0.2323,9.7371,1.0141,-0.4402,2.7285,0.5561,-1.4204,-3.2146
12168,0.0717,0.2956,9.7871,0.9963,-0.3279,2.7840,0.5628,-1.4134,-3.2210
12176,-0.0006,0.2905,9.7222,0.6487,-0.3298,2.9570,0.5685,-1.4050,-3.2308
12184,0.0078,0.2781,9.7828,0.3216,-0.3103,3.0718,0.5774,-1.3942,-3.2323
12192,0.0003,0.2378,9.8290,0.1982,-0.2409,3.1843,0.5863,-1.3834,-3.2338
12200,0.0131,0.2445,9.8621,0.3335,-0.2733,3.3185,0.6005,-1.3737,-3.2349
12208,0.0566,0.2169,9.9203,0.2735,-0.2670,3.5908,0.6145,-1.3639,-3.2359
12216,0.0117,0.2562,9.8436,0.7601,-0.3275,3.6966,0.6285,-1.3542,-3.2369
12224,0.0321,0.3040,9.7893,0.7988,-0.3561,3.7657,0.6396,-1.3460,-3.2373
12232,0.0756,0.3122,9.7597,0.9025,-0.4395,3.7359,0.6482,-1.3369,-3.2402
12240,0.0899,0.2609,9.7857,0.6097,-0.5032,3.7553,0.6567,-1.3277,-3.2430
12248,0.1498,0.2955,9.8917,0.4789,-0.4867,4.0058,0.6652,-1.3172,-3.2443
12256,0.1835,0.2826,9.8460,0.3993,-0.5217,4.0775,0.6780,-1.3077,-3.2404
12264,0.1698,0.3043,9.8661,0.3978,-0.3471,4.0633,0.6864,-1.3025,-3.2441
12272,0.1861,0.2222,9.8055,0.3936,-0.1802,3.9830,0.6991,-1.2987,-3.2506
12280,0.1940,0.2227,9.8714,0.7844,0.0274,3.8983,0.7117,-1.2950,-3.2571
12288,0.1697,0.2469,9.7638,1.3447,0.2153,3.7400,0.7175,-1.2860,-3.2607
12296,0.2019,0.3170,9.7736,1.5231,0.3310,3.6232,0.7219,-1.2775,-3.2590
12304,0.1737,0.2925,9.6976,1.5498,0.3802,3.5489,0.7262,-1.2690,-3.2573
12312,0.1641,0.3369,9.6544,1.3300,0.3287,3.4378,0.7387,-1.2630,-3.2661
12320,0.1741,0.3912,9.6153,1.1838,0.2981,3.2676,0.7510,-1.2570,-3.2748
12328,0.1344,0.3523,9.5872,0.7506,0.3114,3.1449,0.7634,-1.2510,-3.2835
12336,0.1550,0.2785,9.6452,0.2591,0.2122,3.0648,0.7713,-1.2422,-3.2811
12344,0.1508,0.2696,9.7186,0.2957,0.0480,2.8736,0.7792,-1.2334,-3.2788
12352,0.1430,0.2605,9.7749,0.1840,0.0297,2.7840,0.7857,-1.2337,-3.2783
12360,0.0939,0.2346,9.8711,0.0479,0.0495,2.6158,0.7921,-1.2339,-3.2778
12368,0.0641,0.1697,9.8373,0.2511,-0.0356,2.5215,0.8032,-1.2271,-3.2830
12376,0.0686,0.1788,9.8569,0.3148,0.0030,2.4554,0.8057,-1.2202,-3.2811
12384,0.0854,0.2035,9.8368,0.5303,0.0320,2.4294,0.8134,-1.2077,-3.2834
12392,0.0505,0.2017,9.7480,0.5924,-0.0657,2.4100,0.8230,-1.1995,-3.2838
12400,-0.0243,0.2292,9.7342,0.5691,-0.0897,2.5167,0.8326,-1.1913,-3.2842
12408,-0.0000,0.2413,9.6629,0.4668,-0.0194,2.6428,0.8397,-1.1879,-3.2845
12416,0.0247,0.2709,9.7360,0.2277,-0.1441,2.5340,0.8482,-1.1788,-3.2863
12424,0.0311,0.2586,9.7206,0.0737,-0.2447,2.3900,0.8542,-1.1707,-3.2856
12432,-0.0228,0.2119,9.6474,-0.1376,-0.3063,2.3190,0.8603,-1.1626,-3.2850
12440,-0.0324,0.2357,9.6395,-0.1583,-0.3225,2.1044,0.8663,-1.1545,-3.2843
12448,-0.0310,0.1844,9.5563,-0.2768,-0.3726,1.9178,0.8775,-1.1532,-3.2827
12456,0.0285,0.1689,9.6076,-0.1101,-0.2819,1.7447,0.8886,-1.1518,-3.2810
12464,0.0601,0.1872,9.6394,0.0094,-0.2671,1.6752,0.8959,-1.1481,-3.2841
12472,0.1014,0.2347,9.7585,0.0169,-0.1651,1.5928,0.9032,-1.1444,-3.2872
12480,0.1497,0.1516,9.8060,-0.0932,-0.1794,1.4099,0.9113,-1.1354,-3.2898
12488,0.1419,0.1506,9.8395,0.0361,-0.1425,1.3017,0.9161,-1.1317,-3.2919
12496,0.1463,0.1524,9.8698,0.1172,-0.1178,1.1769,0.9233,-1.1295,-3.2949
12504,0.1607,0.1222,9.8863,0.1413,-0.0303,1.1136,0.9265,-1.1239,-3.2940
12512,0.1519,0.1017,9.8443,0.3057,-0.0425,0.9997,0.9298,-1.1184,-3.2932
12520,0.1608,0.0927,9.7698,0.5137,-0.0756,0.9361,0.9340,-1.1105,-3.2947
12528,0.1570,0.1789,9.8437,0.6565,-0.0672,1.0087,0.9401,-1.1021,-3.2886
12536,0.1841,0.1766,9.8490,0.5557,-0.0218,0.9793,0.9437,-1.0985,-3.2858
12544,0.1594,0.1815,9.8811,0.3447,-0.1011,1.0260,0.9474,-1.0950,-3.2830
12552,0.1092,0.0902,9.8195,0.1216,-0.1450,1.0306,0.9510,-1.0914,-3.2802
12560,0.0757,0.0969,9.7962,-0.0011,-0.2055,1.1203,0.9541,-1.0898,-3.2836
12568,0.0927,0.0984,9.8215,-0.1131,-0.1515,1.2461,0.9571,-1.0882,-3.2870
12576,0.1018,0.0833,9.8435,0.0144,-0.1398,1.3718,0.9607,-1.0823,-3.2851
12584,0.0353,0.1075,9.8488,0.2857,-0.1552,1.4679,0.9642,-1.0764,-3.2832
12592,0.0357,0.0838,9.8409,0.1878,-0.1060,1.5918,0.9677,-1.0705,-3.2813
12600,0.0223,0.0993,9.8701,0.0676,-0.1416,1.6357,0.9759,-1.0671,-3.2856
12608,0.0249,0.0700,9.8697,-0.0794,-0.1757,1.6616,0.9826,-1.0574,-3.2851
12616,0.0659,0.1706,9.8161,-0.1933,-0.0829,1.7558,0.9865,-1.0512,-3.2826
12624,0.0834,0.1259,9.7730,-0.4943,0.0458,1.7498,0.9903,-1.0449,-3.2802
12632,0.0533,0.0841,9.7522,-0.5047,0.0382,1.8481,0.9984,-1.0391,-3.2820
12640,0.0282,0.1319,9.8145,-0.3867,0.0469,1.8914,1.0051,-1.0334,-3.2886
12648,0.0954,0.1638,9.8408,-0.5085,0.1033,1.8101,1.0140,-1.0291,-3.2866
12656,0.0941,0.1060,9.8113,-0.7876,0.0665,1.8231,1.0182,-1.0172,-3.2860
12664,0.0611,0.1262,9.7678,-0.7506,0.0767,1.7182,1.0224,-1.0053,-3.2854
12672,0.0704,0.1819,9.8122,-0.8485,-0.0016,1.6338,1.0313,-0.9973,-3.2834
12680,0.1112,0.1174,9.7622,-0.8834,0.0169,1.4065,1.0401,-0.9894,-3.2813
12688,0.1080,0.1848,9.7989,-0.8102,-0.0187,1.2558,1.0451,-0.9833,-3.2835
12696,0.1502,0.1606,9.7707,-0.8735,0.1818,1.0584,1.0501,-0.9773,-3.2857
12704,0.1707,0.1192,9.8066,-0.8806,0.2643,0.9575,1.0550,-0.9712,-3.2879
12712,0.1390,0.2037,9.8961,-0.8475,0.2685,0.9038,1.0571,-0.9657,-3.2906
12720,0.1437,0.1545,9.8686,-1.0185,0.2565,0.7751,1.0658,-0.9555,-3.2884
12728,0.1451,0.1263,9.8889,-1.2087,0.1704,0.6680,1.0697,-0.9476,-3.2844
12736,0.1938,0.1123,9.8580,-1.0225,0.1760,0.4696,1.0745,-0.9365,-3.2804
12744,0.1614,0.0713,9.8219,-1.0445,0.1520,0.3145,1.0793,-0.9254,-3.2825
12752,0.1398,0.1089,9.8333,-0.9882,0.0705,0.2142,1.0851,-0.9205,-3.2837
12760,0.1512,0.0523,9.9148,-1.1291,-0.0662,0.1210,1.0955,-0.9132,-3.2810
12768,0.1155,0.2229,9.9347,-0.6398,-0.0955,-0.1148,1.1012,-0.9074,-3.2822
12776,0.1889,0.2065,9.8457,-0.7745,-0.1156,-0.2923,1.1068,-0.9016,-3.2833
12784,0.1947,0.0996,9.8067,-1.0847,-0.0975,-0.5074,1.1119,-0.8987,-3.2883
12792,0.1198,0.1077,9.8164,-0.9226,-0.1735,-0.7131,1.1170,-0.8958,-3.2932
12800,0.2192,0.1783,9.7451,-0.7917,-0.1155,-0.8324,1.1255,-0.8905,-3.2957
12808,0.2599,0.1452,9.7402,-1.1438,0.0093,-0.9572,1.1338,-0.8853,-3.2982
12816,0.2007,0.1179,9.7749,-1.2405,0.1767,-1.1085,1.1422,-0.8800,-3.3007
12824,0.2527,0.1625,9.8273,-1.0823,0.1180,-1.2612,1.1476,-0.8777,-3.2955
12832,0.2520,0.1327,9.8100,-1.1763,0.1926,-1.4179,1.1530,-0.8753,-3.2903
12840,0.1535,0.1007,9.7962,-1.2343,0.1759,-1.5571,1.1613,-0.8749,-3.2904
12848,0.1258,0.0932,9.7910,-1.4097,0.1733,-1.7142,1.1718,-0.8673,-3.2929
12856,0.0720,0.1465,9.7895,-1.3187,0.0855,-1.8085,1.1824,-0.8597,-3.2953
12864,0.0511,0.1027,9.7589,-1.5624,0.0362,-1.9892,1.1843,-0.8603,-3.2901
12872,0.0600,0.1569,9.7368,-1.4355,-0.1523,-2.1994,1.1900,-0.8551,-3.2925
12880,0.0790,0.0876,9.6926,-1.7701,-0.2792,-2.3124,1.1991,-0.8505,-3.2887
12888,0.0484,0.0694,9.7364,-1.8181,-0.3899,-2.4312,1.2071,-0.8477,-3.2902
12896,0.0657,0.1428,9.7947,-1.8160,-0.4718,-2.5314,1.2151,-0.8450,-3.2916
12904,0.0673,0.0556,9.7637,-2.1233,-0.4354,-2.5739,1.2183,-0.8375,-3.2859
12912,0.1038,0.1057,9.8645,-2.1424,-0.3340,-2.6012,1.2206,-0.8363,-3.2860
12920,0.1597,0.0343,9.8464,-2.1181,-0.1649,-2.6966,1.2228,-0.8350,-3.2860
12928,0.0963,-0.0338,9.8182,-2.1829,-0.1313,-2.6519,1.2278,-0.8356,-3.2926
12936,0.0307,-0.0003,9.8036,-1.8795,-0.1098,-2.5744,1.2329,-0.8363,-3.2992
12944,0.0562,-0.0315,9.8296,-1.9520,-0.0866,-2.4924,1.2379,-0.8369,-3.3058
12952,0.0864,0.0095,9.8868,-1.8507,-0.0537,-2.4886,1.2429,-0.8337,-3.3019
12960,0.0733,0.0184,9.7905,-1.6525,-0.0490,-2.3303,1.2421,-0.8292,-3.3004
12968,0.0847,0.0460,9.7850,-1.8389,0.0223,-2.3122,1.2414,-0.8246,-3.2989
12976,0.0758,-0.0556,9.7662,-1.9986,0.0317,-2.2016,1.2383,-0.8191,-3.2973
12984,0.0796,0.0287,9.7789,-1.7299,-0.0206,-2.1065,1.2432,-0.8145,-3.2991
12992,0.0917,0.0881,9.7403,-1.6116,0.0307,-1.8450,1.2472,-0.8124,-3.3009
13000,0.0886,-0.0348,9.7495,-1.9438,0.1998,-1.8908,1.2535,-0.8079,-3.2956
13008,0.0028,-0.0117,9.8203,-1.8322,0.3535,-1.7746,1.2599,-0.8034,-3.2902
13016,0.0528,0.0448,9.8059,-1.6428,0.4524,-1.6529,1.2614,-0.7989,-3.2910
13024,0.0711,0.0366,9.8312,-1.8750,0.4617,-1.4991,1.2686,-0.8006,-3.2928
13032,0.0006,-0.0131,9.7903,-1.8144,0.4573,-1.4268,1.2758,-0.8023,-3.2946
13040,-0.0239,-0.0071,9.7310,-1.6364,0.3304,-1.3602,1.2820,-0.8054,-3.2954
13048,-0.0033,0.0403,9.7015,-1.5756,0.1983,-1.2673,1.2882,-0.8086,-3.2962
13056,0.0313,0.0444,9.6734,-1.5574,0.0641,-1.2211,1.2943,-0.8117,-3.2969
13064,0.0685,0.0714,9.7291,-1.8227,-0.1203,-1.0142,1.2986,-0.8091,-3.2991
13072,0.0402,0.0339,9.7380,-2.1750,-0.1153,-1.0190,1.3028,-0.8065,-3.3013
13080,0.0224,0.0901,9.7839,-2.2426,-0.0705,-0.8930,1.3036,-0.8015,-3.2987
13088,0.0672,0.0886,9.8409,-2.4779,0.0790,-0.7752,1.3045,-0.7965,-3.2961
13096,0.0828,0.0175,9.8209,-2.6123,0.0433,-0.6918,1.3053,-0.7940,-3.2916
13104,0.0641,0.0325,9.8006,-2.3621,0.1051,-0.6654,1.3094,-0.7929,-3.2881
13112,0.0495,0.0018,9.7932,-2.3042,0.1350,-0.5575,1.3122,-0.7865,-3.2903
13120,-0.0125,0.0406,9.8420,-2.1581,0.2675,-0.5130,1.3168,-0.7811,-3.2896
13128,-0.0322,0.1098,9.7892,-1.9145,0.2529,-0.3957,1.3213,-0.7758,-3.2889
13136,0.0147,0.0978,9.7710,-2.1935,0.1215,-0.3690,1.3249,-0.7680,-3.2930
13144,-0.0139,0.0964,9.8032,-2.4869,0.0546,-0.3354,1.3276,-0.7646,-3.2903
13152,-0.0380,0.1326,9.7800,-2.3995,-0.0573,-0.1646,1.3283,-0.7636,-3.2915
13160,0.0081,0.0555,9.8142,-2.8226,0.0063,-0.0786,1.3290,-0.7626,-3.2927
13168,-0.0204,0.0017,9.7512,-2.6593,-0.0156,0.1130,1.3297,-0.7616,-3.2939
13176,-0.0252,0.0560,9.8141,-2.4124,0.0302,0.3042,1.3332,-0.7596,-3.2955
13184,0.0953,-0.0133,9.8176,-2.4002,-0.0034,0.5537,1.3367,-0.7576,-3.2971
13192,0.1009,-0.0428,9.8300,-2.2553,-0.1235,0.6643,1.3341,-0.7585,-3.2930
13200,0.0568,0.0025,9.8498,-1.9434,-0.1157,0.7594,1.3314,-0.7594,-3.2889
13208,0.0966,-0.0285,9.8472,-2.0131,-0.0842,0.7596,1.3359,-0.7527,-3.2881
13216,0.1107,-0.0743,9.8499,-1.9918,-0.1101,0.8639,1.3432,-0.7541,-3.2845
13224,0.1349,-0.0506,9.8533,-1.7581,-0.0015,0.7876,1.3480,-0.7469,-3.2819
13232,0.1723,-0.0529,9.7543,-1.4706,0.0489,0.6799,1.3524,-0.7426,-3.2745
13240,0.1956,-0.0135,9.7649,-1.2810,0.1239,0.4570,1.3568,-0.7383,-3.2671
13248,0.1753,-0.0338,9.7080,-1.0144,0.0809,0.4038,1.3626,-0.7393,-3.2630
13256,0.0881,-0.0308,9.7221,-0.9887,-0.1309,0.3530,1.3688,-0.7360,-3.2628
13264,0.0575,-0.0017,9.7344,-0.9589,-0.1228,0.4057,1.3722,-0.7331,-3.2587
13272,0.0909,0.0734,9.7438,-1.1063,-0.2003,0.2374,1.3755,-0.7303,-3.2547
13280,0.1128,0.0293,9.7809,-1.1887,-0.2718,0.2311,1.3788,-0.7275,-3.2507
13288,0.1191,0.0135,9.7735,-1.0514,-0.2175,0.2812,1.3850,-0.7252,-3.2519
13296,0.0477,-0.0436,9.8201,-1.0108,-0.1629,0.2010,1.3911,-0.7229,-3.2531
13304,-0.0428,-0.0105,9.8135,-0.7907,-0.2787,0.2523,1.3972,-0.7220,-3.2485
13312,-0.0177,0.0713,9.8381,-0.7641,-0.1868,0.3121,1.4033,-0.7211,-3.2440
13320,-0.0150,0.0160,9.7460,-0.8588,-0.2375,0.3506,1.4093,-0.7202,-3.2395
13328,-0.0431,0.0193,9.8030,-0.9093,-0.1794,0.4674,1.4101,-0.7150,-3.2365
13336,-0.0015,0.0035,9.7343,-0.9202,-0.2171,0.5098,1.4147,-0.7118,-3.2353
13344,0.0406,0.0203,9.7609,-1.1067,-0.2692,0.5823,1.4150,-0.7048,-3.2375
13352,-0.0060,0.0049,9.7823,-1.1090,-0.3083,0.7423,1.4153,-0.6978,-3.2396
13360,-0.0235,0.0147,9.7369,-1.0286,-0.3191,0.8313,1.4213,-0.6955,-3.2418
13368,0.0262,0.0381,9.7155,-0.9810,-0.3027,0.9457,1.4221,-0.6904,-3.2425
13376,0.1017,0.0247,9.7617,-0.8768,-0.1831,0.8712,1.4256,-0.6882,-3.2355
13384,0.0912,0.0390,9.7662,-0.9025,-0.1887,0.9599,1.4235,-0.6813,-3.2353
13392,0.0831,0.0883,9.8235,-1.0578,-0.1007,1.0394,1.4214,-0.6743,-3.2351
13400,0.1172,0.0519,9.7943,-1.2062,0.0235,1.0007,1.4221,-0.6741,-3.2377
13408,0.1175,0.0267,9.6913,-1.1562,0.0915,0.8757,1.4228,-0.6738,-3.2403
13416,0.1625,0.0549,9.7371,-1.1537,0.2393,0.9216,1.4264,-0.6707,-3.2400
13424,0.2132,0.0440,9.7238,-0.9619,0.1832,0.9761,1.4299,-0.6676,-3.2397
13432,0.1383,0.0377,9.7701,-0.9839,0.0683,1.0762,1.4334,-0.6645,-3.2394
13440,0.1116,0.0266,9.7419,-0.8983,-0.0069,1.1399,1.4341,-0.6619,-3.2444
13448,0.0815,0.0289,9.7396,-0.9417,0.0225,1.1582,1.4385,-0.6612,-3.2478
13456,0.0971,0.0655,9.6678,-0.7859,-0.0374,1.2370,1.4387,-0.6568,-3.2523
13464,0.1827,0.0663,9.6379,-0.7409,-0.1134,1.2937,1.4450,-0.6589,-3.2467
13472,0.1814,0.0666,9.7744,-0.7939,-0.1193,1.3426,1.4513,-0.6611,-3.2412
13480,0.1569,0.0605,9.8036,-0.5059,-0.1970,1.4294,1.4533,-0.6580,-3.2408
13488,0.0947,0.0814,9.8132,-0.5052,-0.2927,1.4297,1.4601,-0.6574,-3.2429
13496,0.0886,0.0793,9.8464,-0.8005,-0.1281,1.5686,1.4663,-0.6510,-3.2435
13504,0.1367,0.0392,9.8811,-0.7389,-0.0774,1.7388,1.4726,-0.6446,-3.2441
13512,0.1926,0.0180,9.9174,-0.6186,-0.0930,1.7522,1.4754,-0.6445,-3.2466
13520,0.1452,0.0087,9.8456,-0.4876,-0.1665,1.8557,1.4783,-0.6443,-3.2491
13528,0.0914,-0.0165,9.8052,-0.4743,-0.0261,1.9360,1.4859,-0.6456,-3.2393
13536,0.0733,-0.0001,9.7791,-0.1523,0.0948,1.9755,1.4934,-0.6468,-3.2294
13544,0.1361,-0.0012,9.7204,0.0303,0.2184,2.0586,1.5010,-0.6481,-3.2196
13552,0.2011,0.0446,9.7042,0.0422,0.2006,1.9647,1.5042,-0.6451,-3.2184
13560,0.1707,0.0889,9.7123,-0.0556,0.2342,1.9069,1.5074,-0.6421,-3.2171
13568,0.1887,0.0574,9.7214,-0.5359,0.3917,1.7876,1.5116,-0.6424,-3.2135
13576,0.2465,0.0399,9.8372,-0.7152,0.2730,1.6576,1.5091,-0.6427,-3.2171
13584,0.1489,0.0796,9.8581,-0.7213,0.1728,1.5306,1.5066,-0.6430,-3.2206
13592,0.1312,0.0686,9.8903,-0.9725,0.1437,1.3798,1.5055,-0.6391,-3.2150
13600,0.1543,0.0641,9.8411,-0.6127,-0.0335,1.1716,1.5111,-0.6370,-3.2162
13608,0.0783,0.0282,9.8011,-0.3753,-0.1016,1.1005,1.5119,-0.6302,-3.2078
13616,0.1329,0.0617,9.7590,-0.3216,-0.1641,0.9525,1.5184,-0.6354,-3.2075
13624,0.1691,0.1157,9.7637,-0.2916,-0.2052,0.8856,1.5248,-0.6404,-3.2072
13632,0.1194,0.1578,9.7233,-0.4095,-0.3405,0.6644,1.5261,-0.6379,-3.2088
13640,0.1528,0.1995,9.7451,-0.7677,-0.2912,0.6421,1.5287,-0.6378,-3.2081
13648,0.2413,0.1142,9.7329,-1.0382,-0.3667,0.6529,1.5313,-0.6377,-3.2073
13656,0.2166,0.0476,9.8039,-1.2781,-0.4389,0.6364,1.5311,-0.6332,-3.2070
13664,0.1752,0.0674,9.8831,-1.1183,-0.3959,0.5087,1.5309,-0.6288,-3.2067
13672,0.2237,0.0489,9.9174,-1.0188,-0.4295,0.5093,1.5306,-0.6245,-3.2064
13680,0.2759,0.0126,9.8661,-0.7343,-0.4030,0.3632,1.5380,-0.6220,-3.2070
13688,0.3144,0.0148,9.8583,-0.2596,-0.3990,0.3514,1.5477,-0.6153,-3.2010
13696,0.2987,-0.0132,9.8345,0.0397,-0.2804,0.3642,1.5574,-0.6086,-3.1950
13704,0.3392,0.0133,9.8657,0.0699,-0.1884,0.3311,1.5585,-0.6061,-3.1910
13712,0.4141,0.0501,9.8926,0.1228,0.0356,0.1687,1.5638,-0.6066,-3.1864
13720,0.3880,0.0669,9.7967,0.0721,0.2231,0.0321,1.5601,-0.6051,-3.1824
13728,0.4391,0.1327,9.7960,-0.0111,0.3491,-0.0958,1.5640,-0.6022,-3.1778
13736,0.4143,0.0251,9.7006,-0.1387,0.4616,-0.3115,1.5679,-0.5994,-3.1733
13744,0.3832,0.0089,9.7109,0.2566,0.5318,-0.4990,1.5695,-0.5927,-3.1731
13752,0.3313,0.0606,9.7707,0.4560,0.5216,-0.7211,1.5695,-0.5880,-3.1667
13760,0.2480,0.0628,9.8230,0.3107,0.5332,-0.9307,1.5696,-0.5832,-3.1603
13768,0.2865,0.0880,9.9237,0.2384,0.5870,-1.1979,1.5626,-0.5785,-3.1540
13776,0.2880,0.0758,9.8549,0.3292,0.6304,-1.4214,1.5556,-0.5738,-3.1476
13784,0.2188,0.0005,9.7762,0.1388,0.7066,-1.6084,1.5486,-0.5692,-3.1413
13792,0.1339,-0.0226,9.6941,0.2020,0.7047,-1.5739,1.5487,-0.5607,-3.1383
13800,0.1732,0.0427,9.6859,0.4011,0.6737,-1.7143,1.5488,-0.5523,-3.1353
13808,0.1768,0.0948,9.7080,0.4155,0.6920,-1.6325,1.5428,-0.5538,-3.1314
13816,0.2002,0.1015,9.6634,0.2666,0.6401,-1.6610,1.5367,-0.5554,-3.1275
13824,0.2874,0.0752,9.8739,-0.2491,0.4519,-1.5949,1.5421,-0.5574,-3.1335
13832,0.2301,0.0410,9.9716,-0.5822,0.4025,-1.5850,1.5423,-0.5490,-3.1282
13840,0.2406,0.0983,10.0239,-0.7328,0.3420,-1.5809,1.5453,-0.5463,-3.1223
13848,0.2803,0.0295,9.9520,-0.8688,0.1455,-1.5903,1.5478,-0.5441,-3.1161
13856,0.2961,-0.0068,9.9297,-0.6149,0.1735,-1.6126,1.5502,-0.5419,-3.1098
13864,0.3249,0.0019,9.8890,-0.1054,0.1577,-1.6126,1.5532,-0.5363,-3.1055
13872,0.3388,0.0096,9.9232,0.0805,0.2119,-1.7086,1.5585,-0.5370,-3.0950
13880,0.3262,0.0299,9.8431,0.4103,0.1597,-1.7551,1.5591,-0.5391,-3.0926
13888,0.3677,0.1216,9.8484,0.2483,0.2591,-1.7355,1.5596,-0.5412,-3.0902
13896,0.3738,0.1048,9.8314,-0.2373,0.3862,-1.7915,1.5601,-0.5432,-3.0878
13904,0.3079,0.0445,9.8716,-0.6750,0.5291,-1.9596,1.5602,-0.5434,-3.0863
13912,0.3575,0.0304,9.9512,-0.5762,0.4523,-2.0218,1.5602,-0.5436,-3.0849
13920,0.3728,-0.0182,9.8944,-0.3724,0.4670,-2.3372,1.5551,-0.5409,-3.0816
13928,0.3410,-0.0732,9.9012,-0.3988,0.5183,-2.5296,1.5499,-0.5382,-3.0782
13936,0.3848,-0.0346,9.9047,0.0532,0.5167,-2.7001,1.5538,-0.5379,-3.0759
13944,0.4325,-0.0402,9.8104,0.5389,0.4432,-2.9592,1.5510,-0.5362,-3.0692
13952,0.4571,-0.0125,9.7651,0.5979,0.4476,-3.1057,1.5521,-0.5364,-3.0678
13960,0.4146,0.0299,9.7897,0.4037,0.5637,-3.2591,1.5502,-0.5323,-3.0645
13968,0.3985,0.0606,9.8011,0.0953,0.5788,-3.3231,1.5484,-0.5283,-3.0613
13976,0.4172,0.1047,9.8382,-0.0822,0.6093,-3.4749,1.5456,-0.5242,-3.0580
13984,0.4514,0.0426,9.6846,-0.2440,0.6304,-3.5721,1.5419,-0.5197,-3.0528
13992,0.5229,-0.0095,9.7738,-0.4201,0.6799,-3.6198,1.5448,-0.5204,-3.0519
14000,0.4336,-0.0426,9.8099,-0.1404,0.6499,-3.6733,1.5478,-0.5211,-3.0511
14008,0.3360,0.0610,9.8280,0.1030,0.6559,-3.8099,1.5507,-0.5218,-3.0502
14016,0.3346,0.0650,9.8038,0.0611,0.7043,-3.8418,1.5484,-0.5197,-3.0498
14024,0.3006,-0.0143,9.8421,-0.1416,0.7986,-4.0216,1.5461,-0.5176,-3.0494
14032,0.3546,0.0324,9.9031,-0.0821,0.7341,-4.1136,1.5509,-0.5164,-3.0376
14040,0.3979,0.0300,9.9429,-0.3826,0.7204,-4.3189,1.5557,-0.5152,-3.0258
14048,0.3297,-0.0077,9.9219,-0.3712,0.7020,-4.4539,1.5604,-0.5141,-3.0141
14056,0.2693,0.0319,9.8018,-0.2111,0.6150,-4.5376,1.5538,-0.5162,-3.0133
14064,0.3116,0.0455,9.7291,-0.0046,0.5745,-4.7697,1.5553,-0.5108,-3.0092
14072,0.3253,0.0451,9.7161,0.0623,0.5278,-4.7997,1.5515,-0.5073,-3.0042
14080,0.3214,0.0314,9.7368,0.0435,0.4805,-4.8070,1.5478,-0.5037,-2.9992
14088,0.3018,0.0697,9.7254,-0.1451,0.5152,-4.8299,1.5478,-0.5002,-2.9923
14096,0.2500,0.0797,9.8512,-0.6268,0.6204,-4.9239,1.5621,-0.5086,-2.9821
14104,0.2172,0.0832,9.8918,-0.7221,0.7424,-5.0217,1.5749,-0.5203,-2.9709
14112,0.2499,0.0532,9.9003,-0.6186,0.7710,-4.9927,1.5877,-0.5310,-2.9703
14120,0.2263,0.0037,9.9162,-0.4796,0.7850,-4.9915,1.6004,-0.5416,-2.9696
14128,0.1219,-0.0005,9.9492,-0.1467,0.7664,-4.8624,1.6088,-0.5508,-2.9585
14136,0.0052,0.0499,9.8178,0.2997,0.5993,-4.5710,1.6172,-0.5600,-2.9475
14144,-0.0576,0.0777,9.7327,0.3558,0.5649,-4.3296,1.6084,-0.5615,-2.9474
14152,-0.0233,0.0710,9.7303,0.2735,0.5719,-4.0135,1.5997,-0.5630,-2.9472
14160,0.0095,0.0781,9.7519,0.2775,0.4213,-3.7805,1.5911,-0.5646,-2.9471
14168,-0.0869,0.1534,9.7709,-0.0360,0.3627,-3.4350,1.5905,-0.5618,-2.9394
14176,-0.1241,0.1891,9.7681,-0.2398,0.3626,-2.9980,1.5885,-0.5600,-2.9341
14184,-0.1263,0.1258,9.7342,-0.5094,0.2264,-2.6547,1.5865,-0.5606,-2.9278
14192,-0.1265,0.0986,9.7681,-0.4418,0.0910,-2.2492,1.5826,-0.5569,-2.9278
14200,-0.0583,0.1031,9.7915,-0.2625,-0.0439,-1.8694,1.5787,-0.5533,-2.9277
14208,0.0001,0.1600,9.8765,-0.1658,-0.1116,-1.5861,1.5725,-0.5473,-2.9220
14216,0.0121,0.1281,9.7985,-0.0199,-0.2910,-1.2673,1.5677,-0.5436,-2.9186
14224,0.0256,0.1790,9.7808,0.0662,-0.4785,-0.9704,1.5681,-0.5409,-2.9167
14232,0.1317,0.2082,9.7693,0.0099,-0.3965,-0.7105,1.5685,-0.5383,-2.9147
14240,0.2431,0.1358,9.7557,-0.1852,-0.2967,-0.6726,1.5599,-0.5370,-2.9123
14248,0.2379,0.1841,9.8227,-0.2038,-0.2493,-0.5111,1.5513,-0.5358,-2.9099
14256,0.2058,0.1983,9.8464,-0.2243,-0.0787,-0.4126,1.5442,-0.5322,-2.9052
14264,0.1563,0.1464,9.8209,-0.4492,0.1245,-0.5131,1.5371,-0.5286,-2.9004
14272,0.1952,0.2033,9.8553,-0.1843,0.1401,-0.5958,1.5301,-0.5250,-2.8957
14280,0.2528,0.1518,9.8381,-0.1203,0.1391,-0.6830,1.5254,-0.5267,-2.8909
14288,0.1842,0.1590,9.9018,-0.0537,0.1701,-0.6356,1.5207,-0.5283,-2.8862
14296,0.1627,0.1560,9.7713,0.1886,0.1304,-0.6757,1.5161,-0.5300,-2.8815
14304,0.2006,0.1596,9.7238,-0.0304,0.1111,-0.6180,1.5157,-0.5236,-2.8754
14312,0.2618,0.1483,9.8193,-0.0558,0.2020,-0.6429,1.5153,-0.5171,-2.8693
14320,0.2243,0.1531,9.8552,-0.0881,0.1076,-0.4986,1.5116,-0.5212,-2.8647
14328,0.1142,0.1984,9.9104,-0.2816,0.1986,-0.4780,1.5112,-0.5233,-2.8629
14336,0.0766,0.1825,9.9490,-0.2373,0.3150,-0.4130,1.5099,-0.5188,-2.8630
14344,0.1036,0.1248,9.8964,-0.2297,0.3650,-0.3561,1.5058,-0.5148,-2.8612
14352,0.1389,0.1255,9.9573,0.0203,0.4661,-0.2351,1.5016,-0.5108,-2.8594
14360,0.0884,0.0846,9.8238,0.2807,0.1922,-0.1353,1.5018,-0.5049,-2.8539
14368,0.0929,0.1537,9.9481,0.5617,0.1968,0.0694,1.4948,-0.5090,-2.8459
14376,0.1119,0.1749,9.8829,0.8651,0.1400,0.1932,1.4878,-0.5131,-2.8380
14384,0.0786,0.2127,9.8416,0.9392,0.1469,0.3089,1.4809,-0.5110,-2.8396
14392,0.1273,0.2346,9.8253,0.9967,0.1669,0.2568,1.4740,-0.5089,-2.8412
14400,0.1235,0.1911,9.7754,1.1611,0.1594,0.2844,1.4671,-0.5068,-2.8428
14408,0.0909,0.2105,9.8482,1.1262,0.1282,0.2441,1.4645,-0.5028,-2.8378
14416,0.0240,0.1925,9.8517,1.2423,0.0850,0.2669,1.4595,-0.5012,-2.8351
14424,0.0523,0.2058,9.9182,1.3239,0.0570,0.1820,1.4545,-0.4996,-2.8324
14432,0.1791,0.1578,9.9274,1.4766,-0.0551,0.0875,1.4453,-0.4952,-2.8303
14440,0.1289,0.0924,9.8865,1.6760,-0.1142,-0.0082,1.4442,-0.4893,-2.8248
14448,0.0539,0.0984,9.7861,1.9226,-0.1122,-0.0917,1.4454,-0.4897,-2.8202
14456,0.0184,0.1572,9.7805,2.0998,-0.1475,-0.0462,1.4438,-0.4872,-2.8176
14464,0.0577,0.1707,9.6830,2.3466,-0.2053,-0.0027,1.4423,-0.4847,-2.8150
14472,0.1052,0.1893,9.6935,2.3612,-0.3379,0.0175,1.4388,-0.4803,-2.8129
14480,0.0424,0.1997,9.7523,1.9913,-0.2434,0.0129,1.4377,-0.4793,-2.8084
14488,-0.0121,0.2393,9.7763,2.0348,-0.2597,0.0938,1.4366,-0.4782,-2.8039
14496,-0.0154,0.2691,9.8386,1.5831,-0.2992,0.1365,1.4331,-0.4772,-2.7914
14504,0.0345,0.2096,9.9077,1.4871,-0.3051,0.2973,1.4296,-0.4761,-2.7789
14512,-0.0252,0.1721,9.8372,1.4807,-0.4173,0.3311,1.4262,-0.4751,-2.7664
14520,0.0233,0.2334,9.9356,1.8106,-0.4953,0.5501,1.4251,-0.4717,-2.7635
14528,0.0540,0.1586,9.8124,1.8567,-0.5565,0.6342,1.4240,-0.4683,-2.7605
14536,0.0654,0.2854,9.8557,2.1647,-0.4925,0.7253,1.4191,-0.4606,-2.7524
14544,0.1558,0.2817,9.7647,2.3420,-0.4498,0.8017,1.4143,-0.4530,-2.7443
14552,0.2080,0.3120,9.7010,2.0155,-0.3451,0.8881,1.4118,-0.4478,-2.7372
14560,0.1993,0.3104,9.8005,1.7087,-0.1969,0.9307,1.4056,-0.4440,-2.7267
14568,0.1171,0.2824,9.7584,1.3166,-0.0472,0.9822,1.3984,-0.4402,-2.7220
14576,0.1644,0.3237,9.8584,0.9896,0.1226,0.9647,1.3894,-0.4298,-2.7192
14584,0.2422,0.3013,9.8678,0.9383,0.0983,0.9506,1.3803,-0.4194,-2.7164
14592,0.1660,0.2264,9.9008,1.1799,0.0671,0.9772,1.3742,-0.4172,-2.7084
14600,0.0797,0.2620,9.8383,1.5442,0.0532,0.9572,1.3704,-0.4135,-2.6990
14608,0.0904,0.2883,9.8532,1.7779,0.0133,0.8955,1.3662,-0.4164,-2.6906
14616,0.0892,0.2707,9.7620,1.9401,-0.0542,0.7752,1.3620,-0.4194,-2.6822
14624,0.1218,0.3139,9.8520,1.9219,-0.0547,0.7641,1.3578,-0.4223,-2.6738
14632,0.1272,0.3412,9.8461,1.6351,-0.0739,0.7641,1.3493,-0.4138,-2.6603
14640,0.2241,0.3559,9.9081,1.2969,-0.0629,0.7668,1.3409,-0.4054,-2.6467
14648,0.1983,0.3082,9.9337,1.0055,-0.0471,0.6974,1.3386,-0.4003,-2.6375
14656,0.2041,0.2303,10.0197,0.9508,-0.1466,0.8631,1.3364,-0.3953,-2.6283
14664,0.2067,0.2574,9.9645,1.4185,-0.3031,0.9015,1.3327,-0.3893,-2.6230
14672,0.3051,0.2577,10.0180,1.6417,-0.3834,0.9622,1.3286,-0.3852,-2.6191
14680,0.3081,0.2134,10.0017,1.8712,-0.4229,1.0709,1.3292,-0.3821,-2.6133
14688,0.2192,0.2844,9.9597,2.2053,-0.5113,1.0629,1.3270,-0.3761,-2.6032
14696,0.2271,0.3368,9.8610,2.2208,-0.4332,1.1218,1.3248,-0.3702,-2.5932
14704,0.2712,0.2800,9.7599,1.6863,-0.2945,1.1596,1.3264,-0.3671,-2.5851
14712,0.3325,0.2718,9.7076,1.5885,-0.1806,1.2303,1.3223,-0.3607,-2.5836
14720,0.2923,0.3454,9.6625,1.4550,-0.0769,1.0553,1.3201,-0.3620,-2.5793
14728,0.3352,0.2645,9.6272,0.7780,0.0702,0.8987,1.3179,-0.3632,-2.5751
14736,0.3599,0.1713,9.7884,0.3866,0.0989,0.7302,1.3158,-0.3644,-2.5708
14744,0.3449,0.2308,9.8422,0.7856,-0.0470,0.4997,1.3122,-0.3632,-2.5599
14752,0.3660,0.2993,9.8131,0.6952,-0.1359,0.2153,1.3086,-0.3621,-2.5491
14760,0.4132,0.1817,9.7329,0.3794,-0.1649,0.0607,1.3022,-0.3614,-2.5478
14768,0.3371,0.1364,9.7246,0.6054,-0.3259,-0.1271,1.2958,-0.3607,-2.5464
14776,0.2970,0.1756,9.7030,0.7016,-0.4212,-0.4188,1.2894,-0.3601,-2.5451
14784,0.3394,0.2197,9.6925,0.3428,-0.4911,-0.8096,1.2840,-0.3561,-2.5348
14792,0.3560,0.2387,9.7181,0.1865,-0.5818,-1.1221,1.2809,-0.3531,-2.5269
14800,0.3459,0.1980,9.8014,-0.0911,-0.6260,-1.4662,1.2732,-0.3500,-2.5247
14808,0.2880,0.1078,9.7834,-0.3031,-0.5429,-1.7153,1.2654,-0.3470,-2.5225
14816,0.3509,0.1935,9.8601,-0.1539,-0.5060,-2.0121,1.2610,-0.3421,-2.5160
14824,0.3258,0.1174,9.7308,-0.3339,-0.4682,-2.3893,1.2552,-0.3349,-2.5095
14832,0.2535,0.1042,9.6849,-0.1460,-0.3813,-2.6220,1.2518,-0.3338,-2.5055
14840,0.2450,0.1296,9.6379,0.2309,-0.3275,-2.8072,1.2432,-0.3276,-2.5000
14848,0.2118,0.1161,9.6787,0.0048,-0.1614,-3.0030,1.2346,-0.3213,-2.4946
14856,0.1448,0.1167,9.7380,-0.2408,-0.1253,-3.1955,1.2355,-0.3184,-2.4901
14864,0.1270,0.1746,9.7401,-0.2490,-0.1467,-3.2383,1.2364,-0.3155,-2.4856
14872,0.1319,0.0780,9.7225,-0.9581,-0.1486,-3.3619,1.2359,-0.3164,-2.4802
14880,0.1591,-0.0307,9.7712,-1.1483,-0.2330,-3.3200,1.2354,-0.3173,-2.4748
14888,0.1500,-0.0258,9.8772,-0.9035,-0.3830,-3.3040,1.2349,-0.3182,-2.4694
14896,0.1276,0.0001,9.8639,-0.7147,-0.6199,-3.3021,1.2273,-0.3143,-2.4660
14904,0.1657,-0.0566,9.8272,-0.7901,-0.7530,-3.2202,1.2287,-0.3133,-2.4620
14912,0.1969,-0.0824,9.9356,-0.6410,-0.9043,-3.0992,1.2211,-0.3081,-2.4553
14920,0.1797,-0.0821,9.9777,-0.6583,-0.8544,-3.0529,1.2234,-0.3118,-2.4490
14928,0.1554,-0.0745,9.8947,-0.7549,-0.8786,-2.9712,1.2258,-0.3156,-2.4428
14936,0.2104,-0.0813,9.8446,-0.9433,-0.6404,-3.0052,1.2192,-0.3108,-2.4380
14944,0.2360,-0.1107,9.8963,-1.0221,-0.6393,-3.1069,1.2201,-0.3117,-2.4360
14952,0.1618,-0.1441,9.9239,-0.9108,-0.5876,-3.0522,1.2149,-0.3026,-2.4293
14960,0.2089,-0.1047,9.9635,-0.7670,-0.5835,-3.1680,1.2097,-0.2936,-2.4227
14968,0.1832,-0.2275,9.8745,-0.9602,-0.5822,-3.2839,1.2107,-0.2946,-2.4184
14976,0.1567,-0.2098,9.8719,-0.6942,-0.5650,-3.4669,1.2117,-0.2955,-2.4142
14984,0.1916,-0.1308,9.8731,-0.3973,-0.6046,-3.5964,1.2074,-0.2960,-2.4071
14992,0.1780,-0.1232,9.7522,-0.2440,-0.6024,-3.7550,1.2032,-0.2965,-2.4000
15000,0.1138,-0.1062,9.7425,-0.3107,-0.5549,-3.8533,1.1990,-0.2970,-2.3930
15008,0.1072,-0.1788,9.6791,-0.5398,-0.4403,-4.0033,1.1957,-0.2937,-2.3826
15016,0.1162,-0.1351,9.7438,-0.6549,-0.4319,-4.0214,1.1925,-0.2904,-2.3723
15024,0.1053,-0.2109,9.8397,-1.0610,-0.2986,-3.9774,1.1916,-0.2909,-2.3639
15032,0.1031,-0.1901,9.9825,-1.0973,-0.2965,-3.7594,1.1927,-0.2904,-2.3589
15040,0.0492,-0.1327,9.9468,-0.8867,-0.4384,-3.6681,1.1937,-0.2900,-2.3539
15048,0.0902,-0.1371,9.8963,-0.8000,-0.4168,-3.4983,1.1943,-0.2843,-2.3456
15056,0.0421,-0.2810,9.8141,-0.9650,-0.3109,-3.3171,1.2014,-0.2858,-2.3354
15064,-0.0598,-0.2477,9.8118,-0.5442,-0.4575,-3.0773,1.1972,-0.2873,-2.3285
15072,-0.0153,-0.0995,9.8361,-0.3605,-0.5178,-2.7786,1.1959,-0.2930,-2.3236
15080,0.0651,-0.0680,9.8157,-0.6408,-0.4314,-2.6342,1.1945,-0.2987,-2.3187
15088,0.0595,-0.1055,9.8446,-0.9968,-0.4528,-2.4776,1.2003,-0.2982,-2.3114
15096,0.0220,-0.0980,9.9323,-1.0093,-0.4919,-2.3411,1.2041,-0.2973,-2.2999
15104,0.0068,-0.0679,9.9751,-0.9652,-0.5746,-2.1759,1.2080,-0.2963,-2.2884
15112,0.0564,-0.1327,10.0153,-1.2350,-0.5577,-1.9459,1.2118,-0.3016,-2.2817
15120,0.0497,-0.1281,10.0193,-0.9597,-0.6643,-1.7367,1.2156,-0.3068,-2.2750
15128,0.0037,-0.0492,9.9109,-0.4885,-0.7048,-1.5873,1.2194,-0.3119,-2.2684
15136,0.0403,-0.0671,9.8028,-0.1872,-0.5675,-1.5671,1.2199,-0.3100,-2.2627
15144,0.0056,-0.0696,9.7400,-0.1124,-0.4603,-1.4757,1.2194,-0.3095,-2.2580
15152,-0.0554,-0.0368,9.7110,-0.0009,-0.4591,-1.3031,1.2227,-0.3090,-2.2533
15160,-0.0068,0.0453,9.7225,-0.2755,-0.4419,-1.2793,1.2260,-0.3123,-2.2415
15168,0.0300,0.0558,9.7790,-0.6929,-0.4042,-1.0805,1.2274,-0.3127,-2.2358
15176,-0.0065,0.0361,9.8046,-0.8573,-0.3654,-1.0211,1.2259,-0.3075,-2.2250
15184,-0.0153,-0.0245,9.8054,-0.8492,-0.2990,-0.8550,1.2245,-0.3122,-2.2181
15192,-0.0202,0.0009,9.7615,-0.3828,-0.2782,-0.6402,1.2230,-0.3169,-2.2111
15200,0.0033,0.0329,9.7560,-0.1954,-0.3676,-0.4667,1.2135,-0.3130,-2.2075
15208,0.0673,0.0213,9.7874,-0.2323,-0.3278,-0.2688,1.2159,-0.3144,-2.1939
15216,-0.0105,0.0063,9.8741,-0.2461,-0.2497,-0.1009,1.2182,-0.3158,-2.1804
15224,0.0630,0.0966,9.8050,-0.0914,-0.1297,0.0516,1.2154,-0.3129,-2.1802
15232,0.1099,0.1181,9.8272,-0.3915,-0.0043,0.1868,1.2125,-0.3100,-2.1800
15240,0.0376,0.0479,9.8646,-0.6464,0.1370,0.3988,1.2097,-0.3071,-2.1798
15248,0.0492,-0.0047,9.7431,-0.5675,0.0934,0.5588,1.2040,-0.3038,-2.1734
15256,0.0984,-0.0054,9.7949,-0.4761,0.0784,0.7118,1.1984,-0.3004,-2.1671
15264,0.0636,-0.0033,9.7725,-0.1513,0.0800,0.8608,1.1970,-0.3014,-2.1636
15272,0.0358,0.0697,9.7782,0.1992,0.0470,1.0433,1.1956,-0.3023,-2.1601
15280,0.0657,0.1088,9.7082,0.3558,0.1993,1.1725,1.1971,-0.2990,-2.1548
15288,0.0965,0.0923,9.6685,0.3322,0.3984,1.1974,1.1929,-0.2909,-2.1471
15296,0.0983,0.1275,9.6860,0.4403,0.4660,1.1225,1.1925,-0.2933,-2.1413
15304,0.0750,0.1743,9.7167,0.1676,0.6027,1.2268,1.1930,-0.2938,-2.1384
15312,0.0998,0.1561,9.7892,-0.2798,0.8028,1.2653,1.1936,-0.2943,-2.1354
15320,0.0635,0.0664,9.9427,-0.4142,0.7807,1.2115,1.1903,-0.2896,-2.1325
15328,-0.0417,0.0083,9.8899,-0.2708,0.6503,1.0906,1.1928,-0.2934,-2.1263
15336,-0.0003,0.0182,9.9200,-0.3044,0.5417,1.0524,1.1838,-0.2878,-2.1248
15344,0.0732,-0.0293,9.8082,-0.0005,0.3791,0.9012,1.1749,-0.2821,-2.1234
15352,0.0590,-0.0367,9.8028,0.4875,0.0556,0.8446,1.1660,-0.2765,-2.1219
15360,-0.0658,0.0002,9.8220,0.6688,0.0316,0.6678,1.1619,-0.2718,-2.1157
15368,-0.0513,0.0086,9.7665,0.7248,0.0033,0.7280,1.1578,-0.2671,-2.1096
15376,-0.0417,0.0641,9.7373,0.4237,0.0562,0.7883,1.1504,-0.2582,-2.1053
15384,-0.0103,0.0049,9.7081,-0.1122,0.2615,0.9020,1.1430,-0.2494,-2.1011
15392,0.0213,-0.0341,9.8037,-0.4353,0.4045,1.0427,1.1466,-0.2481,-2.0954
15400,-0.0148,-0.0033,9.8998,-0.3097,0.5065,1.0999,1.1434,-0.2473,-2.0822
15408,0.0149,-0.0679,9.9362,-0.2028,0.5695,1.1732,1.1408,-0.2461,-2.0799
15416,0.0655,-0.0785,9.9450,0.1980,0.5763,1.2381,1.1377,-0.2415,-2.0739
15424,0.0157,-0.0335,9.8705,0.7732,0.5188,1.3534,1.1346,-0.2369,-2.0678
15432,0.0020,-0.0410,9.8195,0.7740,0.6452,1.3863,1.1344,-0.2381,-2.0623
15440,0.0183,-0.0738,9.7397,0.8921,0.6034,1.4392,1.1351,-0.2335,-2.0530
15448,-0.0252,-0.0301,9.6998,0.8691,0.6621,1.5084,1.1325,-0.2300,-2.0442
15456,0.0593,0.0677,9.6910,0.6550,0.7289,1.5799,1.1299,-0.2264,-2.0354
15464,0.1056,0.0251,9.6812,0.2743,0.7368,1.6082,1.1273,-0.2228,-2.0266
15472,0.0151,-0.0295,9.7575,0.2516,0.7710,1.7154,1.1290,-0.2183,-2.0240
15480,-0.0140,-0.0369,9.7214,0.4992,0.6810,1.7938,1.1307,-0.2138,-2.0215
15488,0.0238,-0.0541,9.7616,0.5787,0.6696,1.8982,1.1319,-0.2165,-2.0161
15496,0.0071,-0.0351,9.7587,0.9746,0.6508,2.0113,1.1331,-0.2191,-2.0107
15504,0.0033,-0.0452,9.8509,1.1026,0.6221,2.1675,1.1343,-0.2217,-2.0053
15512,-0.0069,0.0058,9.8355,1.2970,0.5866,2.4501,1.1331,-0.2144,-2.0080
15520,-0.0540,0.0100,9.7323,1.2136,0.6460,2.7285,1.1376,-0.2118,-2.0041
15528,-0.0779,0.0020,9.7382,1.1258,0.5882,3.0373,1.1345,-0.2064,-1.9968
15536,-0.0472,-0.0308,9.7722,1.1698,0.6129,3.2259,1.1315,-0.2010,-1.9896
15544,-0.1063,0.0430,9.6996,1.3319,0.4045,3.3956,1.1331,-0.1956,-1.9871
15552,-0.1266,0.0701,9.7295,1.3003,0.4826,3.6512,1.1296,-0.1860,-1.9842
15560,-0.0744,-0.0129,9.6965,1.1340,0.4079,3.9677,1.1279,-0.1845,-1.9784
15568,-0.1205,0.0050,9.7823,1.3217,0.2485,4.2010,1.1249,-0.1744,-1.9751
15576,-0.0875,0.0143,9.8176,1.4479,0.1947,4.4401,1.1218,-0.1644,-1.9717
15584,-0.0030,0.0214,9.8249,1.1045,0.1939,4.5220,1.1188,-0.1568,-1.9707
15592,-0.0291,0.0264,9.8229,1.2535,0.1772,4.6510,1.1158,-0.1492,-1.9697
15600,-0.0148,0.0314,9.7518,1.2839,0.1452,4.6571,1.1184,-0.1501,-1.9640
15608,0.0541,0.0432,9.7030,1.3024,0.1279,4.6362,1.1211,-0.1511,-1.9583
15616,0.0390,0.0776,9.6484,1.5067,0.1567,4.7043,1.1237,-0.1520,-1.9526
15624,0.0363,0.0622,9.5871,1.4968,0.3390,4.8120,1.1197,-0.1468,-1.9456
15632,0.0179,0.0948,9.6218,1.3033,0.4946,4.7497,1.1233,-0.1420,-1.9300
15640,-0.0351,0.1397,9.6828,1.1315,0.5207,4.7461,1.1146,-0.1354,-1.9244
15648,-0.0545,0.1727,9.7290,0.7913,0.6390,4.8387,1.1135,-0.1270,-1.9250
15656,-0.0510,0.0804,9.7775,0.3567,0.6535,4.8579,1.1124,-0.1185,-1.9255
15664,-0.0665,0.0816,9.8297,0.4130,0.5553,4.9136,1.1093,-0.1120,-1.9200
15672,-0.1289,0.0969,9.8140,0.5043,0.4881,4.9855,1.1158,-0.1078,-1.9144
15680,-0.1912,0.0851,9.7652,0.6368,0.4665,5.2569,1.1265,-0.1089,-1.9065
15688,-0.1625,0.1050,9.7497,0.9236,0.4992,5.3805,1.1372,-0.1100,-1.8986
15696,-0.1392,0.1823,9.7735,1.2298,0.3758,5.6266,1.1389,-0.1087,-1.8940
15704,-0.1299,0.1551,9.7427,1.1093,0.2364,5.8594,1.1405,-0.1074,-1.8895
15712,-0.1330,0.2385,9.8000,0.8767,0.1832,6.0926,1.1464,-0.1066,-1.8821
15720,-0.1539,0.2880,9.7921,0.5957,0.0549,6.2303,1.1523,-0.1057,-1.8748
15728,-0.1410,0.2504,9.7591,0.1936,-0.0731,6.5033,1.1581,-0.1049,-1.8675
15736,-0.1165,0.2045,9.7674,0.1424,-0.1261,6.8203,1.1574,-0.1070,-1.8607
15744,-0.0379,0.1843,9.7508,0.5014,-0.1502,6.9662,1.1566,-0.1090,-1.8539
15752,0.0478,0.2517,9.8629,0.8048,-0.1865,7.1083,1.1591,-0.1049,-1.8495
15760,0.0483,0.1984,9.8837,0.9482,-0.2720,7.3456,1.1640,-0.1045,-1.8370
15768,0.0179,0.2399,9.8387,0.9573,-0.1963,7.4818,1.1689,-0.1042,-1.8246
15776,0.0664,0.3298,9.8568,0.9021,-0.1160,7.6681,1.1704,-0.0977,-1.8193
15784,0.0998,0.2859,9.7406,0.5906,-0.0818,7.6089,1.1724,-0.0922,-1.8122
15792,0.0854,0.2525,9.7288,0.5354,0.0415,7.5922,1.1740,-0.0834,-1.8046
15800,0.0528,0.2374,9.6918,0.6506,0.1887,7.6323,1.1797,-0.0741,-1.8032
15808,0.0624,0.3476,9.7849,0.6647,0.2949,7.5320,1.1855,-0.0649,-1.8018
15816,0.1131,0.3284,9.8049,0.5929,0.1964,7.4228,1.1861,-0.0561,-1.7975
15824,-0.0074,0.3197,9.7943,0.5030,0.1796,7.3716,1.1800,-0.0493,-1.7961
15832,-0.1314,0.2936,9.7806,0.3076,0.1262,7.3947,1.1739,-0.0425,-1.7948
15840,-0.1192,0.2236,9.7769,-0.0126,0.0964,7.2381,1.1731,-0.0329,-1.7905
15848,-0.0973,0.2212,9.7671,-0.1534,-0.1241,7.1417,1.1722,-0.0233,-1.7863
15856,-0.1431,0.2696,9.7925,-0.2108,-0.1802,6.9508,1.1714,-0.0138,-1.7821
15864,-0.1444,0.2551,9.7872,-0.4203,-0.2526,6.9070,1.1686,-0.0109,-1.7831
15872,-0.1146,0.1468,9.7491,-0.4366,-0.4258,6.7611,1.1678,0.0000,-1.7827
15880,-0.1209,0.1404,9.7702,-0.4309,-0.6341,6.6828,1.1703,0.0109,-1.7823
15888,-0.0132,0.1331,9.7743,-0.5268,-0.8546,6.4187,1.1728,0.0171,-1.7876
15896,0.0182,0.0993,9.8081,-0.6478,-0.9988,6.2648,1.1748,0.0274,-1.7901
15904,0.0667,0.0559,9.8100,-0.8222,-0.9634,6.0483,1.1782,0.0364,-1.7868
15912,0.1087,0.0258,9.7729,-0.9036,-0.9748,5.8573,1.1864,0.0405,-1.7812
15920,0.0753,-0.0124,9.7686,-0.9441,-0.7245,5.7066,1.1945,0.0446,-1.7756
15928,0.0791,-0.0338,9.8084,-0.8442,-0.4504,5.5838,1.1964,0.0497,-1.7790
15936,0.0612,-0.0887,9.7933,-0.6180,-0.2549,5.5011,1.1983,0.0600,-1.7800
15944,0.1065,-0.0222,9.9086,-0.3217,-0.0360,5.1687,1.2002,0.0702,-1.7811
15952,0.0122,-0.0276,9.8194,-0.1904,0.0933,4.9734,1.2064,0.0762,-1.7769
15960,-0.0859,-0.0694,9.8056,-0.3421,0.3316,4.6987,1.2126,0.0821,-1.7727
15968,-0.0539,-0.1145,9.8665,-0.3512,0.2849,4.5800,1.2187,0.0880,-1.7685
15976,-0.0209,-0.1649,9.9051,-0.4346,0.1255,4.3359,1.2201,0.0915,-1.7668
15984,-0.0174,-0.1212,10.0599,-0.4209,-0.0456,4.2704,1.2215,0.0950,-1.7650
15992,-0.0658,-0.1782,10.0907,-0.4399,-0.2678,4.1304,1.2228,0.1032,-1.7575
16000,-0.0872,-0.2394,10.0893,-0.1141,-0.4244,3.9699,1.2242,0.1114,-1.7501
16008,-0.0164,-0.1235,10.0699,0.5415,-0.6807,3.9018,1.2327,0.1196,-1.7451
16016,-0.0239,-0.1862,9.8893,0.8244,-0.7685,3.9486,1.2340,0.1216,-1.7424
16024,0.0118,-0.2489,9.8433,0.8310,-0.6285,3.8574,1.2396,0.1264,-1.7459
16032,0.0390,-0.1712,9.7999,1.4133,-0.5853,3.9142,1.2438,0.1364,-1.7494
16040,0.0841,-0.0932,9.8763,1.1247,-0.5279,3.7151,1.2479,0.1464,-1.7529
16048,0.0958,-0.1338,9.9036,0.7288,-0.4598,3.6555,1.2539,0.1521,-1.7536
16056,0.0936,-0.1541,9.9178,0.5369,-0.3012,3.4171,1.2595,0.1521,-1.7504
16064,0.1427,-0.1766,9.8937,0.4574,-0.2376,3.1998,1.2602,0.1559,-1.7515
16072,0.1429,-0.2556,9.8733,0.4747,-0.2142,2.9733,1.2610,0.1597,-1.7527
16080,0.0847,-0.2348,9.8384,0.7818,-0.2424,2.7914,1.2618,0.1634,-1.7538
16088,0.0918,-0.1853,9.8525,1.0329,-0.2534,2.6281,1.2607,0.1738,-1.7535
16096,0.0727,-0.1670,9.8428,1.2384,-0.2425,2.4160,1.2595,0.1842,-1.7532
16104,0.0591,-0.1345,9.8623,1.0562,-0.3602,2.2132,1.2608,0.1883,-1.7481
16112,0.0121,-0.1383,9.8463,0.6953,-0.4487,1.8272,1.2620,0.1925,-1.7431
16120,-0.0495,-0.1236,9.8777,0.3208,-0.4053,1.6261,1.2638,0.2032,-1.7537
16128,-0.0033,-0.1107,9.9090,0.1414,-0.4945,1.3831,1.2702,0.2069,-1.7539
16136,0.0727,-0.1519,9.9445,0.0445,-0.5291,1.2094,1.2785,0.2124,-1.7569
16144,0.0896,-0.1427,9.9357,0.1891,-0.5542,0.9553,1.2887,0.2164,-1.7551
16152,0.1012,-0.0965,9.9896,0.4608,-0.7702,0.9204,1.2989,0.2205,-1.7534
16160,0.1136,-0.0999,9.8963,0.6833,-0.9368,0.7402,1.3019,0.2312,-1.7545
16168,0.1949,-0.0888,9.9403,0.5920,-1.0427,0.6160,1.3077,0.2390,-1.7551
16176,0.2780,-0.1043,9.9324,0.6221,-1.0027,0.4545,1.3174,0.2425,-1.7553
16184,0.2667,-0.0581,9.9871,0.5201,-1.0445,0.3215,1.3270,0.2460,-1.7554
16192,0.3485,-0.0287,10.0430,0.3640,-0.9110,0.1169,1.3365,0.2495,-1.7556
16200,0.3819,-0.0968,10.0129,0.3374,-0.9168,-0.0974,1.3418,0.2482,-1.7543
16208,0.2815,-0.0833,9.9775,0.5866,-0.7436,-0.3504,1.3470,0.2469,-1.7531
16216,0.2917,-0.0669,9.8243,0.8648,-0.5060,-0.6376,1.3475,0.2566,-1.7542
16224,0.3597,-0.0439,9.7313,1.1576,-0.2815,-0.8989,1.3480,0.2662,-1.7553
16232,0.3260,-0.0336,9.6074,1.4936,-0.1761,-1.3274,1.3485,0.2758,-1.7564
16240,0.3211,0.0582,9.6667,1.6656,-0.1900,-1.4466,1.3585,0.2759,-1.7546
16248,0.3102,0.0538,9.7471,1.3607,-0.1552,-1.8138,1.3646,0.2816,-1.7581
16256,0.1952,0.0534,9.8308,0.9145,-0.2047,-1.9784,1.3627,0.2859,-1.7630
16264,0.1394,-0.0147,9.9089,0.3438,-0.1320,-2.2744,1.3608,0.2903,-1.7679
16272,0.1627,-0.1006,9.9317,0.1740,-0.2358,-2.4534,1.3693,0.2960,-1.7727
16280,0.1286,-0.1131,9.9445,0.4730,-0.3644,-2.6753,1.3735,0.3012,-1.7733
16288,0.1001,-0.1345,9.9243,1.0443,-0.5327,-2.7408,1.3791,0.3012,-1.7762
16296,0.0738,-0.1269,9.9388,1.6385,-0.6750,-2.7662,1.3781,0.3225,-1.7853
16304,0.0938,-0.0495,9.9615,2.3748,-0.9471,-2.8064,1.3771,0.3437,-1.7944
16312,0.1428,-0.0081,9.9474,2.4522,-1.1592,-2.9142,1.3846,0.3477,-1.8001
16320,0.1767,0.0557,9.8945,2.1503,-1.1754,-2.9479,1.3921,0.3517,-1.8058
16328,0.2820,0.0133,9.8485,1.4908,-1.0976,-2.9669,1.3986,0.3542,-1.8096
16336,0.2653,-0.0356,9.7304,1.2176,-0.9539,-2.8677,1.4051,0.3567,-1.8133
16344,0.2470,-0.0597,9.7838,1.0176,-0.7764,-2.8315,1.4115,0.3591,-1.8171
16352,0.3671,-0.1067,9.8067,1.2664,-0.6760,-2.7462,1.4095,0.3658,-1.8194
16360,0.4034,-0.1500,9.8888,1.6270,-0.6467,-2.6939,1.4192,0.3790,-1.8255
16368,0.3778,-0.1228,9.9286,2.2064,-0.5760,-2.6520,1.4200,0.3908,-1.8259
16376,0.3825,-0.0325,9.8971,2.6272,-0.4924,-2.7612,1.4264,0.3901,-1.8344
16384,0.4537,0.0131,9.8695,2.7282,-0.2711,-2.8710,1.4328,0.3895,-1.8428
16392,0.4121,0.0449,9.7963,2.5769,-0.2835,-2.9439,1.4340,0.4016,-1.8493
16400,0.3529,0.0887,9.7105,2.4721,-0.1461,-2.9950,1.4389,0.4051,-1.8573
16408,0.3254,0.1206,9.7312,2.2013,-0.0653,-2.9559,1.4387,0.4228,-1.8609
16416,0.2180,0.0874,9.7786,1.8810,0.0520,-2.9879,1.4384,0.4404,-1.8645
16424,0.1955,0.0816,9.8689,1.8440,-0.0652,-2.8504,1.4433,0.4427,-1.8690
16432,0.1807,0.0509,9.8673,1.8940,-0.1052,-2.8576,1.4483,0.4450,-1.8736
16440,0.1395,0.0253,9.8453,1.8378,-0.2716,-2.7685,1.4489,0.4468,-1.8771
16448,0.1573,-0.0079,9.8085,2.0267,-0.4493,-2.6539,1.4495,0.4486,-1.8807
16456,0.2048,-0.0151,9.8459,2.2953,-0.8432,-2.5577,1.4502,0.4504,-1.8842
16464,0.2269,0.0235,9.9079,2.4189,-1.0812,-2.4737,1.4433,0.4587,-1.8953
16472,0.2550,0.0561,9.9417,2.4410,-1.1675,-2.3321,1.4444,0.4632,-1.8998
16480,0.2874,0.0373,9.9896,2.0889,-1.0154,-2.2260,1.4417,0.4696,-1.9047
16488,0.3517,0.0331,9.9036,2.0775,-0.9552,-2.2658,1.4457,0.4744,-1.9200
16496,0.3648,0.0456,9.9178,2.0159,-0.8524,-2.2079,1.4497,0.4793,-1.9352
16504,0.4117,0.0593,9.8505,2.1997,-0.7727,-2.2086,1.4503,0.4903,-1.9423
16512,0.4337,0.0507,9.8492,2.2848,-0.6671,-2.2092,1.4543,0.4964,-1.9503
16520,0.4253,0.0552,9.8276,2.5448,-0.6569,-2.2711,1.4554,0.4983,-1.9507
16528,0.3886,0.1089,9.8508,2.4974,-0.5457,-2.3116,1.4541,0.4987,-1.9606
16536,0.4265,0.1384,9.8368,2.4148,-0.4608,-2.3344,1.4528,0.4991,-1.9704
16544,0.4352,0.0826,9.8209,2.1652,-0.4356,-2.3908,1.4516,0.4994,-1.9801
16552,0.4094,0.0513,9.7837,2.1211,-0.4168,-2.5275,1.4522,0.5031,-1.9879
16560,0.3605,0.0713,9.8448,2.1270,-0.2975,-2.5355,1.4529,0.5067,-1.9957
16568,0.3122,0.0274,9.7881,2.1939,-0.2234,-2.6578,1.4677,0.5022,-2.0005
16576,0.3227,0.0541,9.8469,2.4125,-0.2138,-2.7587,1.4825,0.4977,-2.0054
16584,0.3650,0.1162,9.8743,2.6136,-0.2234,-2.7806,1.4972,0.4932,-2.0102
16592,0.3536,0.1144,9.8717,2.7873,-0.1152,-2.7615,1.5010,0.4930,-2.0121
16600,0.2563,0.0796,9.8966,2.5027,-0.1344,-2.6820,1.5015,0.4989,-2.0212
16608,0.2306,0.0691,9.8072,2.5585,-0.2141,-2.5392,1.4992,0.5066,-2.0301
16616,0.2512,0.1010,9.8533,2.3612,-0.2824,-2.4027,1.4968,0.5143,-2.0339
16624,0.2902,0.0566,9.8996,2.2926,-0.2729,-2.2962,1.5049,0.5168,-2.0376
16632,0.3342,0.1789,9.9679,2.4349,-0.3679,-2.3063,1.5058,0.5268,-2.0455
16640,0.3982,0.1075,9.7878,2.5177,-0.3947,-2.2626,1.5110,0.5310,-2.0576
16648,0.3918,0.0811,9.6614,2.5356,-0.5537,-2.1089,1.5162,0.5352,-2.0697
16656,0.3242,0.1469,9.6590,2.8619,-0.5804,-2.0285,1.5143,0.5409,-2.0737
16664,0.3681,0.2106,9.6859,2.9767,-0.5980,-1.8956,1.5175,0.5407,-2.0748
16672,0.4835,0.2168,9.7163,2.5452,-0.7027,-1.7846,1.5208,0.5406,-2.0760
16680,0.4914,0.2683,9.8029,2.3911,-0.6962,-1.7878,1.5184,0.5442,-2.0875
16688,0.3855,0.2034,9.6969,1.9719,-0.5994,-1.8868,1.5160,0.5478,-2.0989
16696,0.3790,0.2376,9.7303,2.0242,-0.3547,-1.9335,1.5136,0.5514,-2.1103
16704,0.4036,0.1810,9.7368,2.1276,-0.2222,-2.0528,1.5183,0.5535,-2.1146
16712,0.3922,0.1768,9.7600,2.3599,-0.1407,-2.0522,1.5210,0.5528,-2.1230
16720,0.3628,0.2458,9.8074,2.5953,-0.2068,-2.2196,1.5181,0.5591,-2.1357
16728,0.3079,0.2527,9.7993,2.4577,-0.2620,-2.2731,1.5153,0.5654,-2.1484
16736,0.2996,0.2540,10.0854,1.8889,-0.2268,-2.4015,1.5157,0.5693,-2.1634
16744,0.2503,0.0651,9.9802,1.0489,-0.3558,-2.6097,1.5119,0.5751,-2.1674
16752,0.2885,0.2855,9.9543,2.0696,-0.5698,-2.8248,1.5151,0.5832,-2.1761
16760,0.3482,0.3269,9.5893,2.2884,-0.7371,-2.9211,1.5175,0.5827,-2.1857
16768,0.3730,0.1913,9.3218,1.4096,-0.7611,-2.8799,1.5198,0.5822,-2.1952
16776,0.4082,0.1742,9.8063,1.4572,-0.5388,-2.9231,1.5226,0.5812,-2.2100
16784,0.4310,0.2148,9.8584,1.9054,-1.0648,-2.9458,1.5253,0.5802,-2.2246
16792,0.5067,0.3171,9.9939,1.2381,-0.7811,-3.1222,1.5291,0.5754,-2.2255
16800,0.5588,0.2034,10.0478,0.1252,-0.4752,-3.2375,1.5328,0.5706,-2.2263
16808,0.5253,0.0426,9.8679,-0.4643,-0.2600,-3.4598,1.5365,0.5658,-2.2271
16816,0.6353,0.0287,9.8176,-0.0227,-0.1636,-3.6803,1.5392,0.5647,-2.2369
16824,0.5855,0.0390,9.7243,0.5382,0.0300,-3.8859,1.5419,0.5637,-2.2467
16832,0.5873,0.0669,9.6635,1.4079,-0.0089,-3.9732,1.5413,0.5641,-2.2587
16840,0.6094,0.1205,9.6841,2.0743,-0.0488,-4.2406,1.5407,0.5644,-2.2708
16848,0.6253,0.2026,9.6996,2.1435,-0.0736,-4.4350,1.5477,0.5629,-2.2823
16856,0.6265,0.3211,9.6876,1.3911,0.0147,-4.6476,1.5532,0.5622,-2.2904
16864,0.6089,0.3163,9.6340,0.1569,0.2565,-4.7308,1.5526,0.5564,-2.2999
16872,0.5015,0.2035,9.7130,-0.8260,0.4397,-4.8158,1.5539,0.5614,-2.3131
16880,0.4302,0.1010,9.6715,-1.0353,0.3616,-5.0037,1.5551,0.5664,-2.3263
16888,0.4436,0.0907,9.7675,-0.8727,0.2468,-5.2154,1.5507,0.5738,-2.3404
16896,0.4092,0.0550,9.8192,-0.3333,0.1264,-5.3405,1.5486,0.5726,-2.3478
16904,0.3973,0.0327,9.8678,0.0252,-0.1007,-5.4362,1.5442,0.5737,-2.3584
16912,0.4452,0.1214,9.9241,0.4587,-0.3018,-5.5916,1.5398,0.5748,-2.3690
16920,0.4061,0.1164,9.7628,0.4813,-0.4409,-5.7056,1.5355,0.5759,-2.3796
16928,0.4346,0.2003,9.6692,0.1935,-0.4672,-5.8546,1.5306,0.5789,-2.3920
16936,0.4229,0.2106,9.6310,-0.2683,-0.4043,-5.9091,1.5258,0.5819,-2.4044
16944,0.3436,0.1498,9.6388,-0.7233,-0.3762,-6.0225,1.5229,0.5782,-2.4124
16952,0.2992,0.1627,9.6727,-0.9984,-0.4640,-6.1017,1.5200,0.5745,-2.4204
16960,0.3501,0.1952,9.6510,-1.1094,-0.5613,-6.1774,1.5232,0.5689,-2.4345
16968,0.3415,0.1400,9.5471,-1.3996,-0.6144,-6.1031,1.5255,0.5657,-2.4486
16976,0.2622,0.0927,9.5346,-1.3625,-0.5344,-6.0240,1.5316,0.5643,-2.4612
16984,0.2396,0.1388,9.6618,-1.1056,-0.5406,-5.9218,1.5315,0.5625,-2.4694
16992,0.2784,0.1554,9.7978,-1.3373,-0.4666,-5.8187,1.5314,0.5607,-2.4776
17000,0.2598,0.1422,9.8526,-1.6922,-0.5264,-5.6881,1.5408,0.5470,-2.4877
17008,0.2584,0.1426,9.9381,-1.9516,-0.6396,-5.5072,1.5430,0.5428,-2.5006
17016,0.2189,0.1028,9.7991,-2.3116,-0.5479,-5.3315,1.5462,0.5396,-2.5101
17024,0.2442,0.1033,9.7171,-2.3332,-0.4575,-5.1156,1.5494,0.5364,-2.5195
17032,0.2425,0.0021,9.6484,-2.2713,-0.3631,-4.8370,1.5526,0.5331,-2.5289
17040,0.1489,-0.0684,9.8153,-2.3240,-0.2302,-4.6560,1.5562,0.5247,-2.5388
17048,0.1203,-0.0162,9.8734,-2.0357,-0.3243,-4.5176,1.5598,0.5163,-2.5485
17056,0.2087,0.1933,9.8554,-1.1521,-0.4864,-4.2999,1.5568,0.5149,-2.5649
17064,0.2586,0.1460,9.6555,-1.6991,-0.2494,-4.3264,1.5538,0.5136,-2.5812
17072,0.2573,-0.0840,9.6314,-3.1022,-0.1027,-4.0877,1.5508,0.5123,-2.5974
17080,0.1314,-0.1091,9.7739,-2.7985,-0.0932,-4.1421,1.5511,0.5124,-2.6102
17088,0.2329,0.0268,9.7558,-2.2362,-0.3160,-4.0929,1.5566,0.5068,-2.6224
17096,0.2919,0.1005,9.6966,-2.6158,-0.1664,-4.1391,1.5616,0.4969,-2.6304
17104,0.3002,-0.0427,9.8079,-2.7041,0.1713,-4.1246,1.5719,0.4870,-2.6397
17112,0.2964,-0.1150,9.9013,-2.1433,0.1475,-4.0841,1.5821,0.4772,-2.6489
17120,0.2737,-0.0528,9.8784,-1.6789,0.1408,-4.0213,1.5799,0.4821,-2.6647
17128,0.2646,0.0595,9.8945,-1.3336,0.3184,-3.9453,1.5849,0.4760,-2.6705
17136,0.1940,0.0550,9.7310,-1.4140,0.5176,-3.9286,1.5922,0.4700,-2.6829
17144,0.1807,0.0992,9.7106,-1.2242,0.6093,-3.7900,1.5995,0.4639,-2.6952
17152,0.1955,0.0585,9.6297,-1.1627,0.5504,-3.6788,1.6049,0.4584,-2.7117
17160,0.1374,0.1060,9.7082,-1.3706,0.3688,-3.5671,1.6102,0.4528,-2.7282
17168,0.1048,0.0538,9.7387,-1.6840,0.2777,-3.3537,1.6156,0.4487,-2.7388
17176,0.0357,0.1045,9.7362,-1.5971,0.0413,-3.1415,1.6209,0.4446,-2.7494
17184,0.0397,0.1216,9.6648,-1.6313,-0.1154,-3.0533,1.6262,0.4405,-2.7600
17192,0.1044,0.1367,9.6297,-1.6640,-0.1212,-2.7610,1.6196,0.4420,-2.7723
17200,0.0636,0.0406,9.7068,-1.7806,0.0625,-2.6868,1.6254,0.4408,-2.7832
17208,-0.0011,0.0479,9.7311,-1.5428,-0.0045,-2.5331,1.6312,0.4347,-2.7950
17216,-0.0246,0.0048,10.0295,-2.0780,0.3501,-2.3329,1.6379,0.4278,-2.8038
17224,-0.0176,0.0032,9.8777,-1.8645,0.0439,-2.0001,1.6446,0.4208,-2.8126
17232,0.0648,0.2359,9.8315,-1.5111,0.1324,-1.8125,1.6498,0.4138,-2.8228
17240,0.0683,0.1044,9.4590,-1.7117,0.0490,-1.8011,1.6531,0.4064,-2.8334
17248,0.0318,-0.0479,9.3656,-2.6155,0.2466,-1.6888,1.6612,0.4028,-2.8463
17256,-0.0121,-0.0349,9.6364,-2.1919,0.3182,-1.7255,1.6583,0.4021,-2.8582
17264,0.0333,0.1012,9.7270,-1.8267,0.0934,-1.7339,1.6554,0.4013,-2.8700
17272,0.0685,0.1405,9.8022,-2.4696,0.1824,-1.7633,1.6526,0.4005,-2.8817
17280,0.1177,0.1082,9.9312,-3.0176,0.3342,-1.9060,1.6573,0.3931,-2.8896
17288,0.1093,0.0225,9.7674,-3.1550,0.4340,-1.9225,1.6620,0.3857,-2.8975
17296,0.0507,0.0097,9.7422,-3.2118,0.5827,-2.0210,1.6653,0.3845,-2.9166
17304,0.0264,-0.0361,9.7362,-3.0260,0.6210,-1.9445,1.6686,0.3832,-2.9357
17312,0.0796,0.0281,9.6684,-2.5231,0.5323,-1.9113,1.6718,0.3820,-2.9546
17320,0.1400,0.1437,9.7063,-2.0875,0.5194,-1.9676,1.6760,0.3727,-2.9616
17328,0.1928,0.1667,9.7511,-2.2389,0.6591,-1.9521,1.6811,0.3710,-2.9728
17336,0.2479,0.1565,9.8513,-2.6424,0.7954,-1.9799,1.6834,0.3627,-2.9839
17344,0.1547,0.0685,9.8618,-3.0868,1.0563,-1.8252,1.6857,0.3543,-3.0002
17352,0.1114,0.0394,9.8098,-3.2212,1.2872,-1.7359,1.6846,0.3517,-3.0106
17360,0.1456,0.0819,9.7254,-3.0457,1.3720,-1.6878,1.6888,0.3401,-3.0182
17368,0.1418,0.0356,9.6732,-2.6646,1.5757,-1.6685,1.6962,0.3333,-3.0337
17376,0.0738,0.0097,9.7585,-2.0575,1.5626,-1.5034,1.7037,0.3264,-3.0492
17384,-0.0201,0.0295,9.7924,-1.4582,1.4860,-1.4229,1.7059,0.3205,-3.0608
17392,-0.1124,-0.0146,9.9315,-1.8905,1.4821,-1.1859,1.7029,0.3152,-3.0713
17400,-0.1239,0.0153,9.7663,-1.7732,1.3637,-1.1352,1.6999,0.3098,-3.0818
17408,0.0355,0.2067,9.8281,-1.4370,1.3251,-0.7641,1.7007,0.3016,-3.0908
17416,-0.0147,0.0707,9.5717,-2.2382,1.0963,-0.6625,1.7014,0.2934,-3.0997
17424,-0.0651,-0.0205,9.7313,-2.6071,1.1041,-0.4428,1.7022,0.2852,-3.1086
17432,-0.0611,0.0213,9.8124,-2.0264,0.6102,-0.3499,1.7016,0.2784,-3.1226
17440,-0.0788,0.0436,9.8767,-1.8792,0.5086,-0.1332,1.7104,0.2726,-3.1275
17448,-0.0439,0.0351,10.0019,-2.3411,0.3901,-0.1259,1.7188,0.2626,-3.1367
17456,0.0501,0.0056,10.0217,-2.3694,0.2635,-0.1562,1.7271,0.2526,-3.1457
17464,0.0281,0.0294,9.9555,-2.1378,0.2517,-0.0973,1.7373,0.2412,-3.1580
17472,0.0383,-0.0000,9.8517,-2.4364,0.3924,-0.1422,1.7403,0.2364,-3.1674
17480,0.0890,-0.0467,9.8599,-2.1379,0.5190,-0.1825,1.7424,0.2284,-3.1801
17488,0.0856,-0.0033,9.7644,-1.5938,0.6321,-0.2664,1.7440,0.2270,-3.1922
17496,0.1491,0.0651,9.7654,-1.5428,0.6282,-0.1919,1.7456,0.2256,-3.2042
17504,0.1906,0.0696,9.7435,-1.7314,0.6085,-0.2807,1.7472,0.2218,-3.2138
17512,0.1953,0.1402,9.8344,-2.0291,0.5149,-0.1950,1.7488,0.2180,-3.2234
17520,0.1240,0.0833,9.7500,-2.5190,0.3855,-0.1397,1.7480,0.2128,-3.2390
17528,0.0977,0.1335,9.7888,-2.7956,0.6510,-0.0681,1.7472,0.2076,-3.2545
17536,0.1017,0.0349,9.6768,-2.9934,0.7770,-0.1010,1.7464,0.2025,-3.2700
17544,0.1049,0.0564,9.6975,-2.5772,0.8441,0.0729,1.7490,0.1997,-3.2773
17552,0.1060,0.0558,9.7595,-2.1285,0.8816,0.1485,1.7515,0.1969,-3.2846
17560,0.0104,-0.0035,9.9268,-2.0755,1.0428,0.2795,1.7564,0.1832,-3.2918
17568,-0.0579,-0.0922,10.0604,-2.1795,1.0023,0.3407,1.7613,0.1695,-3.2990
17576,0.0110,0.1113,10.0241,-1.1695,0.6755,0.5086,1.7643,0.1602,-3.3170
17584,-0.0050,0.0754,9.8351,-1.5398,0.8644,0.5652,1.7686,0.1580,-3.3268
17592,0.0143,-0.1251,9.7305,-2.2858,0.8957,0.7446,1.7758,0.1458,-3.3380
17600,0.0444,-0.0779,9.8218,-1.6072,0.6349,0.8655,1.7835,0.1365,-3.3453
17608,0.0604,0.0003,9.7180,-0.8170,0.3989,0.9651,1.7911,0.1272,-3.3526
17616,0.0711,0.0684,9.7776,-1.0453,0.4559,1.1004,1.7950,0.1128,-3.3594
17624,0.1519,0.0188,9.9760,-1.1170,0.5850,1.2377,1.8030,0.1078,-3.3703
17632,0.1266,-0.0123,9.8594,-0.7962,0.5005,1.3957,1.8073,0.1033,-3.3817
17640,0.2299,0.0136,9.9488,-1.1988,0.6597,1.4055,1.8115,0.0989,-3.3930
17648,0.1845,-0.0963,9.9177,-1.1197,0.7613,1.5295,1.8157,0.0944,-3.4042
17656,0.0859,-0.0687,9.8158,-0.6548,0.7757,1.4907,1.8185,0.0843,-3.4096
17664,0.1603,-0.0346,9.8051,-0.2076,0.8189,1.4510,1.8213,0.0742,-3.4150
17672,0.1734,-0.0484,9.7685,0.0468,0.6948,1.4664,1.8265,0.0713,-3.4251
17680,0.1224,0.0749,9.8229,0.4180,0.5442,1.4917,1.8316,0.0683,-3.4352
17688,0.1464,0.0780,9.7563,0.2583,0.5468,1.5346,1.8410,0.0639,-3.4522
17696,0.0947,0.0717,9.7271,-0.2223,0.5200,1.5436,1.8432,0.0576,-3.4593
17704,0.0672,0.0728,9.6834,-0.4020,0.6036,1.6749,1.8450,0.0476,-3.4667
17712,0.1620,0.1144,9.7318,-0.6111,0.6170,1.7551,1.8524,0.0385,-3.4755
17720,0.1426,0.1138,9.8078,-0.6831,0.6618,1.7678,1.8598,0.0295,-3.4843
17728,0.0057,-0.0193,9.9637,-0.8293,0.6272,1.8787,1.8611,0.0271,-3.4982
17736,0.0385,-0.0483,9.8988,-0.4811,0.4022,2.0380,1.8689,0.0294,-3.5026
17744,0.0873,0.0964,9.8301,0.2252,0.2671,2.1156,1.8706,0.0142,-3.5097
17752,0.1183,0.0451,9.6718,-0.3367,0.2285,2.1313,1.8723,-0.0009,-3.5168
17760,0.1522,0.0023,9.8734,-0.6153,0.3569,2.1569,1.8739,-0.0160,-3.5239
17768,0.0294,0.0715,9.8595,-0.1672,0.2024,2.2320,1.8813,-0.0320,-3.5333
17776,0.0295,0.1337,9.8993,-0.1786,0.3479,2.3572,1.8886,-0.0480,-3.5426
17784,0.0372,0.1117,9.9535,-0.9361,0.4978,2.3702,1.8959,-0.0577,-3.5438
17792,0.0657,0.0780,10.0495,-0.9299,0.5344,2.2680,1.9032,-0.0675,-3.5449
17800,0.0017,0.0636,9.9067,-0.5293,0.3855,2.3063,1.9104,-0.0772,-3.5461
17808,0.0185,0.1101,9.9033,-0.3675,0.2510,2.3376,1.9115,-0.0793,-3.5571
17816,0.0127,-0.0095,9.8269,-0.1702,0.1491,2.4075,1.9192,-0.0885,-3.5643
17824,-0.0043,0.0673,9.7850,0.1705,-0.0256,2.3970,1.9217,-0.0911,-3.5686
17832,0.0663,0.1322,9.7786,0.3257,-0.0514,2.4163,1.9265,-0.1007,-3.5719
17840,0.0834,0.1153,9.8070,0.1834,-0.0094,2.3201,1.9313,-0.1103,-3.5752
17848,0.1038,0.1073,9.8727,-0.0514,-0.0119,2.3108,1.9371,-0.1110,-3.5860
17856,0.1787,0.1474,9.8484,0.0362,0.0790,2.3525,1.9414,-0.1177,-3.5954
17864,0.1582,0.1076,9.8409,0.0159,0.2193,2.2964,1.9433,-0.1174,-3.6046
17872,0.1551,0.0917,9.7559,0.3831,0.1615,2.2508,1.9452,-0.1170,-3.6139
17880,0.2238,0.1278,9.7969,0.7370,0.3008,2.1619,1.9580,-0.1342,-3.6235
17888,0.2140,0.1332,9.9610,1.0167,0.2981,2.0661,1.9708,-0.1513,-3.6331
17896,0.1983,0.0952,9.9256,0.7882,0.3381,1.8892,1.9745,-0.1585,-3.6369
17904,0.3421,0.2663,10.0023,1.7936,0.2511,1.7841,1.9782,-0.1656,-3.6407
17912,0.3010,0.1615,9.6427,1.3951,0.2238,1.4542,1.9819,-0.1727,-3.6445
17920,0.3167,0.1637,9.6038,0.7368,0.3098,1.2934,1.9856,-0.1788,-3.6520
17928,0.3195,0.1975,9.9258,0.5551,0.3280,1.2116,1.9945,-0.1859,-3.6524
17936,0.2596,0.2058,9.8171,1.1201,0.0574,1.0081,1.9982,-0.1920,-3.6551
17944,0.2222,0.2698,9.9557,0.7004,0.1453,0.8162,2.0037,-0.2009,-3.6720
17952,0.2563,0.1792,9.9986,0.2431,0.3894,0.5633,2.0092,-0.2098,-3.6888
17960,0.2370,0.1506,9.9377,0.4297,0.4308,0.2655,2.0152,-0.2135,-3.6979
17968,0.1950,0.1993,9.8954,0.8349,0.3797,0.1247,2.0221,-0.2204,-3.7070
17976,0.1834,0.1820,9.8256,0.7957,0.4535,-0.0287,2.0299,-0.2250,-3.7094
17984,0.1351,0.1608,9.7488,0.9608,0.4654,-0.2073,2.0320,-0.2372,-3.7141
17992,0.1082,0.1844,9.7736,0.9801,0.3968,-0.3407,2.0341,-0.2493,-3.7188
18000,0.1276,0.2477,9.8079,0.8918,0.3312,-0.3804,2.0362,-0.2614,-3.7234
18008,0.0896,0.2062,9.8667,0.2341,0.3085,-0.5116,2.0393,-0.2725,-3.7285
18016,0.0161,0.1476,9.8152,-0.2028,0.3587,-0.5997,2.0423,-0.2836,-3.7335
18024,-0.0109,0.1260,9.8009,-0.3087,0.3721,-0.6547,2.0524,-0.2918,-3.7357
18032,0.0454,0.0792,9.7228,-0.1539,0.4356,-0.8406,2.0625,-0.3000,-3.7377
18040,0.0862,0.0555,9.6982,0.2501,0.2803,-0.8557,2.0726,-0.3081,-3.7398
18048,-0.0421,-0.0001,9.8945,0.3991,0.2331,-0.8248,2.0817,-0.3205,-3.7480
18056,-0.0489,0.0238,9.8198,0.8962,-0.0787,-0.8699,2.0837,-0.3286,-3.7557
18064,0.1216,0.1889,9.8871,1.7130,-0.3368,-0.9264,2.0927,-0.3362,-3.7604
18072,0.1152,0.0732,9.6300,1.3154,-0.3623,-0.9031,2.1017,-0.3438,-3.7652
18080,0.0829,-0.0178,9.5786,0.1538,-0.1121,-0.9208,2.1031,-0.3514,-3.7698
18088,0.1152,-0.0769,9.8296,0.6057,-0.1287,-0.9297,2.1060,-0.3589,-3.7792
18096,0.1526,-0.0229,9.8417,1.0325,-0.2354,-1.0876,2.1126,-0.3645,-3.7866
18104,0.1118,0.0228,9.9105,0.6673,-0.0387,-1.1879,2.1192,-0.3702,-3.7940
18112,0.1791,-0.0589,9.9400,0.9020,0.2001,-1.1558,2.1210,-0.3758,-3.7980
18120,0.1677,-0.1464,9.8501,1.2092,0.2284,-1.1891,2.1243,-0.3875,-3.8006
18128,0.1277,-0.0334,9.8630,1.5589,0.3302,-1.2370,2.1275,-0.3992,-3.8031
18136,0.1430,-0.0259,9.7362,1.7733,0.4542,-1.3414,2.1303,-0.4043,-3.8122
18144,0.0930,-0.0551,9.6651,1.5491,0.4927,-1.3186,2.1330,-0.4093,-3.8213
18152,0.0305,0.0260,9.6451,1.8759,0.3749,-1.2728,2.1358,-0.4143,-3.8303
18160,0.0683,0.0351,9.6556,1.7405,0.4409,-1.1463,2.1342,-0.4122,-3.8374
18168,0.0109,-0.0058,9.8141,1.0910,0.5601,-1.1641,2.1412,-0.4291,-3.8392
18176,0.0122,-0.0615,9.8468,1.0326,0.4873,-1.1757,2.1430,-0.4321,-3.8495
18184,0.0408,-0.0067,9.7293,1.1660,0.4898,-1.1735,2.1447,-0.4352,-3.8598
18192,0.0279,-0.0136,9.6781,1.0403,0.6281,-1.0220,2.1517,-0.4387,-3.8672
18200,0.0403,-0.0640,9.5320,1.0641,0.7070,-0.9385,2.1534,-0.4418,-3.8650
18208,0.0093,-0.1474,9.9040,1.1055,0.9105,-0.8320,2.1665,-0.4557,-3.8638
18216,-0.0776,-0.0753,9.7970,1.6331,0.5265,-0.7675,2.1730,-0.4658,-3.8682
18224,0.0766,0.1352,9.8609,1.9830,0.4419,-0.6631,2.1794,-0.4759,-3.8726
18232,0.0703,-0.0050,9.5699,1.1389,0.4890,-0.4647,2.1853,-0.4855,-3.8774
18240,-0.0105,-0.1008,9.5762,0.0730,0.7233,-0.2562,2.1912,-0.4950,-3.8822
18248,0.0357,-0.0168,9.7308,0.5418,0.5128,-0.2062,2.1966,-0.5036,-3.8842
18256,0.0342,0.0894,9.7692,0.7527,0.3994,-0.0437,2.2019,-0.5122,-3.8861
18264,0.0406,0.0865,9.8290,0.0797,0.4190,0.0317,2.2073,-0.5207,-3.8879
18272,0.0637,-0.0435,9.8211,0.1908,0.3845,0.2744,2.2112,-0.5259,-3.8912
18280,0.0650,-0.0374,9.8568,0.4011,0.3194,0.3759,2.2151,-0.5310,-3.8944
18288,0.1154,0.0033,9.8900,0.4742,0.3718,0.3929,2.2138,-0.5329,-3.9014
18296,0.1191,0.0114,9.8294,0.4347,0.3820,0.4972,2.2125,-0.5347,-3.9084
18304,0.1822,0.0743,9.7627,0.4130,0.4397,0.5009,2.2249,-0.5503,-3.9110
18312,0.2282,0.0470,9.6701,0.4722,0.3776,0.4938,2.2288,-0.5587,-3.9141
18320,0.2563,0.0591,9.6978,0.3422,0.4621,0.3990,2.2393,-0.5723,-3.9181
18328,0.2543,-0.0182,9.7680,-0.0675,0.4950,0.3297,2.2422,-0.5774,-3.9254
18336,0.2621,0.0156,9.8798,-0.1766,0.4598,0.3488,2.2450,-0.5824,-3.9327
18344,0.2528,0.1474,9.9231,-0.0836,0.4581,0.3110,2.2526,-0.5879,-3.9371
18352,0.2197,0.1167,9.7933,-0.4213,0.6218,0.1068,2.2583,-0.5934,-3.9381
18360,0.2258,0.0411,9.7205,-0.5363,0.7623,0.0850,2.2654,-0.6007,-3.9386
18368,0.2094,0.0201,9.6961,-0.1609,0.6328,-0.0426,2.2725,-0.6080,-3.9391
18376,0.1878,0.0613,9.7159,0.1154,0.5915,-0.0473,2.2795,-0.6154,-3.9396
18384,0.1254,0.0684,9.7867,-0.1377,0.5254,-0.0811,2.2841,-0.6170,-3.9476
18392,0.0789,0.0849,9.8060,-0.4810,0.3768,0.0199,2.2888,-0.6186,-3.9556
18400,0.0592,0.1395,9.8737,-0.7534,0.3574,-0.0301,2.2953,-0.6325,-3.9598
18408,0.0624,0.1114,9.8406,-1.0245,0.3629,-0.0460,2.3018,-0.6464,-3.9639
18416,0.0634,0.0627,9.7975,-1.2224,0.3814,-0.0132,2.3049,-0.6479,-3.9742
18424,0.0451,0.0215,9.7147,-0.9370,0.2792,0.0982,2.3028,-0.6489,-3.9858
18432,0.0546,0.0862,9.7368,-0.4827,0.2454,0.0847,2.3103,-0.6542,-3.9898
18440,0.0463,0.1224,9.8006,-0.4030,0.3704,0.0665,2.3124,-0.6619,-3.9919
18448,0.0657,0.1169,9.8355,-0.4388,0.2419,0.0384,2.3146,-0.6695,-3.9940
18456,0.0719,0.1570,9.8594,-0.5610,0.3084,-0.0552,2.3239,-0.6790,-4.0022
18464,0.0979,0.2056,9.8135,-0.8272,0.3907,0.0180,2.3284,-0.6833,-4.0122
18472,0.1106,0.1211,9.7834,-1.3297,0.2747,-0.0319,2.3381,-0.6932,-4.0161
18480,0.1211,0.1390,9.6847,-1.1276,0.2571,0.0589,2.3478,-0.7032,-4.0199
18488,0.1243,0.1383,9.6058,-0.8570,0.2083,0.0178,2.3574,-0.7130,-4.0237
18496,0.0615,0.0452,9.6278,-0.8702,0.2869,0.0772,2.3623,-0.7224,-4.0269
18504,0.0617,0.1381,9.7680,-0.5309,0.3008,-0.0394,2.3671,-0.7318,-4.0302
18512,0.0067,0.2113,9.8429,-0.5584,0.3754,-0.1402,2.3720,-0.7350,-4.0405
18520,-0.0075,0.2251,9.9180,-1.0807,0.5587,-0.2739,2.3768,-0.7381,-4.0508
18528,-0.0135,0.0204,9.8142,-1.9721,0.5660,-0.3485,2.3816,-0.7413,-4.0611
18536,0.0257,0.0023,9.7134,-1.8006,0.4370,-0.3131,2.3888,-0.7501,-4.0660
18544,0.0174,0.0779,9.7147,-1.5273,0.5083,-0.1993,2.3959,-0.7551,-4.0677
18552,0.0113,0.0766,9.7701,-1.4312,0.5578,-0.2318,2.4035,-0.7644,-4.0660
18560,-0.0010,0.0573,9.8890,-1.3980,0.5385,-0.1668,2.4134,-0.7807,-4.0633
18568,0.0174,0.0693,9.9565,-1.1662,0.5041,-0.2434,2.4233,-0.7970,-4.0607
18576,0.0213,0.0311,9.9770,-1.6006,0.5191,-0.1886,2.4422,-0.8128,-4.0642
18584,-0.0139,0.0794,9.9637,-1.7547,0.6881,-0.0989,2.4477,-0.8219,-4.0672
18592,-0.0375,0.0757,9.9968,-1.8673,0.8925,0.0429,2.4536,-0.8267,-4.0720
18600,-0.0808,0.0159,9.9097,-1.6897,0.9172,0.1358,2.5736,-0.8315,-4.0769
18608,-0.0561,-0.0150,9.9588,-1.5812,0.9941,0.2193,2.5714,-0.8301,-4.0864
18616,-0.0739,-0.0197,9.9559,-1.0694,0.7824,0.3979,2.5687,-0.8287,-4.0959
18624,-0.0841,0.0735,9.9391,-0.8814,0.6733,0.4726,2.5669,-0.8330,-4.0978
18632,-0.0528,0.0758,9.9499,-0.9789,0.5663,0.6827,2.5645,-0.8373,-4.0996
18640,-0.0918,0.0843,9.8932,-1.0268,0.5732,0.9290,2.5617,-0.8416,-4.1015
18648,-0.0520,0.1038,9.7649,-1.0406,0.4333,1.1885,2.5508,-0.8440,-4.1118
18656,-0.0420,0.0104,9.6957,-1.3552,0.3714,1.2633,2.5480,-0.8449,-4.1231
18664,-0.1426,0.0415,9.7556,-1.1653,0.3016,1.4762,2.5428,-0.8454,-4.1281
18672,-0.0661,0.1685,9.8677,-0.9330,0.2695,1.5945,2.5366,-0.8454,-4.1336
18680,0.0218,0.1331,9.8202,-1.0443,0.1294,1.7635,2.5300,-0.8454,-4.1391
18688,0.0367,0.0801,9.8309,-1.3027,0.0462,1.8345,2.5252,-0.8478,-4.1445
18696,0.0807,-0.0061,9.8238,-1.1951,-0.0947,1.8358,2.5210,-0.8516,-4.1546
18704,0.0936,0.0198,9.7890,-0.9722,-0.1602,1.8636,2.5163,-0.8554,-4.1614
18712,0.1194,0.0650,9.7914,-0.8951,-0.1534,1.7383,2.5054,-0.8577,-4.1724
18720,0.1446,0.0614,9.8331,-0.8400,-0.1896,1.7437,2.4942,-0.8601,-4.1834
18728,0.1214,0.0257,9.8499,-0.6940,-0.3123,1.5756,2.4825,-0.8624,-4.1943
18736,0.1696,0.0353,9.8801,-0.6504,-0.2402,1.4415,2.4708,-0.8676,-4.2014
18744,0.1832,0.0003,9.8491,-0.7073,-0.1259,1.2733,2.4588,-0.8727,-4.2084
18752,0.1444,0.0283,9.7906,-0.5831,-0.1420,1.2164,2.4468,-0.8727,-4.2230
18760,0.0962,0.0285,9.7896,-0.6323,-0.0107,1.1300,2.4344,-0.8726,-4.2375
18768,0.0726,0.0160,9.8228,-0.5487,-0.0345,1.0180,2.4216,-0.8726,-4.2520
18776,0.1004,-0.0354,9.8743,-0.6368,-0.0332,0.8763,2.4047,-0.8768,-4.2597
18784,0.1010,0.0160,9.9277,-0.5023,-0.0987,0.8021,2.3916,-0.8786,-4.2722
18792,0.0814,-0.0340,9.8011,-0.4617,-0.2333,0.7045,2.3791,-0.8771,-4.2817
18800,0.0401,-0.0301,9.7449,-0.4283,-0.3567,0.6459,2.3662,-0.8756,-4.2912
18808,0.0054,-0.0143,9.6963,-0.1749,-0.3680,0.5897,2.3529,-0.8717,-4.2998
18816,0.0965,-0.0136,9.7110,-0.2820,-0.3548,0.6454,2.3431,-0.8745,-4.3120
18824,0.0428,-0.0335,9.7809,-0.2004,-0.3316,0.5653,2.3243,-0.8754,-4.3214
18832,-0.0431,0.0446,9.8026,0.0590,-0.2720,0.6061,2.3052,-0.8763,-4.3307
18840,0.0207,0.0301,9.8064,-0.1196,-0.1217,0.7197,2.2896,-0.8767,-4.3404
18848,0.0325,0.0074,9.8098,-0.0318,-0.1086,0.6497,2.2731,-0.8776,-4.3487
18856,0.0068,-0.0577,9.8142,0.2495,-0.2241,0.7081,2.2563,-0.8785,-4.3569
18864,0.0773,-0.0361,9.8355,0.4732,-0.2332,0.7239,2.2420,-0.8851,-4.3666
18872,0.0882,-0.0452,9.8361,0.6632,-0.4019,0.6964,2.2274,-0.8916,-4.3761
18880,0.0895,-0.0028,9.8394,0.9381,-0.5099,0.5554,2.2124,-0.8982,-4.3856
18888,0.0943,-0.0192,9.8242,1.0117,-0.6132,0.4979,2.1929,-0.9023,-4.3975
18896,0.1734,0.0302,9.8555,1.1247,-0.5306,0.2990,2.1759,-0.9022,-4.4121
18904,0.1989,-0.0348,9.8082,1.2835,-0.4517,0.2340,2.1571,-0.9058,-4.4219
18912,0.1395,-0.0336,9.7914,1.3500,-0.3042,0.1799,2.1380,-0.9095,-4.4317
18920,0.1751,-0.0251,9.8600,1.4269,-0.1071,0.0615,2.1229,-0.9145,-4.4410
18928,0.1749,-0.0294,9.9070,1.4951,-0.0707,-0.0890,2.1094,-0.9182,-4.4497
18936,0.1538,-0.0058,9.9956,1.5603,-0.0759,-0.0917,2.0880,-0.9222,-4.4579
18944,0.1429,-0.0292,9.9377,1.7160,-0.0808,-0.2115,2.0753,-0.9273,-4.4613
18952,0.0889,-0.0376,9.8507,1.5769,-0.1015,-0.2328,2.0624,-0.9323,-4.4647
18960,0.0628,0.0008,9.7811,1.8572,-0.0653,-0.2425,2.0434,-0.9373,-4.4752
18968,-0.0110,0.0383,9.7094,2.0239,-0.0947,-0.1104,2.0241,-0.9422,-4.4856
18976,-0.0258,0.1333,9.7357,2.0687,-0.0455,-0.1708,2.0046,-0.9472,-4.4936
18984,0.0679,0.1336,9.8041,1.7702,-0.1104,-0.1912,1.9848,-0.9521,-4.5016
18992,0.0064,0.1134,9.7932,1.4981,-0.1672,-0.1653,1.9647,-0.9571,-4.5095
19000,-0.0364,0.1338,9.7486,1.1392,0.0052,-0.2046,1.9430,-0.9535,-4.5207
19008,0.0632,0.0935,9.6896,0.8493,0.0367,-0.2049,1.9209,-0.9499,-4.5318
19016,0.0418,-0.0354,9.7861,0.6894,0.0909,-0.1518,1.9011,-0.9525,-4.5419
19024,0.0899,0.0237,9.8178,1.3472,-0.1880,-0.1010,1.8809,-0.9550,-4.5520
19032,0.0855,0.0996,9.8712,1.4909,-0.2360,-0.1938,1.8553,-0.9557,-4.5649
19040,0.0406,0.0612,9.8037,1.4603,-0.2606,-0.1519,1.8295,-0.9540,-4.5763
19048,0.1430,0.0847,9.8666,1.6017,-0.2415,-0.2104,1.8029,-0.9542,-4.5862
19056,0.1491,0.0869,9.7832,1.5850,-0.1965,-0.2664,1.7795,-0.9582,-4.5985
19064,0.1099,0.1276,9.8111,1.3716,-0.0735,-0.3359,1.7559,-0.9622,-4.6107
19072,0.1365,0.0747,9.8044,1.0876,0.1055,-0.2371,1.7315,-0.9595,-4.6195
19080,0.2106,0.0869,9.8804,1.2319,0.2793,-0.4279,1.7060,-0.9578,-4.6321
19088,0.1811,0.1276,9.9711,1.3860,0.3495,-0.6558,1.6831,-0.9665,-4.6450
19096,0.2223,0.0588,9.9269,1.5307,0.4113,-0.8549,1.6600,-0.9752,-4.6580
19104,0.1903,0.0366,9.9079,1.7010,0.3584,-0.8614,1.6366,-0.9839,-4.6708
19112,0.2274,0.0775,9.8196,2.2159,0.3718,-0.8649,1.6036,-0.9925,-4.6813
19120,0.2765,0.1482,9.7612,2.4496,0.3606,-0.8416,1.5704,-1.0011,-4.6917
19128,0.2580,0.1699,9.6796,2.3744,0.5019,-0.8834,1.5414,-0.9993,-4.7016
19136,0.2290,0.1535,9.6910,2.3665,0.5570,-0.9659,1.5121,-0.9975,-4.7114
19144,0.2565,0.1350,9.7586,2.0256,0.5458,-0.8049,1.4831,-1.0023,-4.7264
19152,0.2336,0.1497,9.7852,1.8277,0.4870,-0.7682,1.4587,-1.0047,-4.7342
19160,0.2128,0.1940,9.8230,1.5184,0.6068,-0.6425,1.4317,-1.0071,-4.7443
19168,0.2510,0.1621,9.7637,1.5079,0.7266,-0.5756,1.4041,-1.0076,-4.7573
19176,0.2199,0.0608,9.8035,1.4952,0.5319,-0.5009,1.3762,-1.0082,-4.7701
19184,0.2205,0.1450,9.8172,2.2751,0.3031,-0.5949,1.3445,-1.0125,-4.7876
19192,0.2252,0.1916,9.7872,2.3062,0.2229,-0.6127,1.3187,-1.0106,-4.8003
19200,0.1669,0.1904,9.7237,2.1280,0.1729,-0.6885,1.2819,-1.0125,-4.8082
19208,0.2072,0.1875,9.7427,1.9895,0.0824,-0.8276,1.2449,-1.0145,-4.8160
19216,0.2791,0.2155,9.7175,1.9638,0.0493,-0.9339,1.2078,-1.0164,-4.8237
19224,0.2618,0.1907,9.7234,1.4192,0.0469,-1.0809,1.1744,-1.0169,-4.8338
19232,0.2548,0.1440,9.7679,1.0984,0.0766,-1.2002,1.1408,-1.0174,-4.8438
19240,0.2584,0.1274,9.8073,1.0957,-0.0444,-1.3622,1.1123,-1.0188,-4.8485
19248,0.2804,0.1961,9.8630,1.3117,-0.1333,-1.5225,1.0836,-1.0203,-4.8532
19256,0.3682,0.1554,9.8478,1.3956,-0.3144,-1.6838,1.0548,-1.0217,-4.8578
19264,0.3678,0.1089,9.7584,1.6572,-0.3783,-1.9793,1.0240,-1.0174,-4.8714
19272,0.3612,0.1088,9.7391,1.7927,-0.3593,-2.2646,0.9926,-1.0213,-4.8806
19280,0.2896,0.1647,9.6728,1.8849,-0.3812,-2.4255,0.9610,-1.0203,-4.8931
19288,0.2986,0.2331,9.7130,1.6504,-0.3648,-2.6246,0.9340,-1.0327,-4.9069
19296,0.2999,0.2130,9.7522,1.4822,-0.4184,-2.7403,0.9069,-1.0449,-4.9207
19304,0.3043,0.1123,9.8700,0.9586,-0.2937,-2.9683,0.8749,-1.0449,-4.9320
19312,0.1597,0.0189,9.8742,0.8233,-0.3744,-3.0371,0.8381,-1.0472,-4.9442
19320,0.0604,0.0360,9.8743,0.8059,-0.2756,-3.1668,0.8059,-1.0410,-4.9563
19328,0.1681,0.0574,9.8339,1.2320,-0.4292,-3.2988,0.7741,-1.0348,-4.9683
19336,0.1737,0.0362,9.7559,1.5940,-0.6693,-3.3824,0.7421,-1.0404,-4.9789
19344,0.1818,0.0535,9.7367,1.9882,-0.7603,-3.2143,0.7101,-1.0461,-4.9894
19352,0.1897,0.0947,9.6534,2.1359,-0.7939,-3.1576,0.6746,-1.0526,-5.0008
19360,0.1736,0.1934,9.6581,2.0184,-0.9221,-3.1114,0.6390,-1.0592,-5.0121
19368,0.1344,0.1875,9.5932,1.5488,-0.6181,-3.1099,0.6033,-1.0657,-5.0233
19376,0.1786,0.1426,9.6123,0.9637,-0.3033,-3.1137,0.5671,-1.0656,-5.0397
19384,0.1886,0.1265,9.6874,0.7295,-0.1276,-3.0107,0.5322,-1.0650,-5.0508
19392,0.0965,0.0382,9.7440,0.4362,-0.0423,-2.8856,0.5010,-1.0606,-5.0633
19400,0.0205,-0.0108,9.7483,0.4357,0.0393,-2.8593,0.4635,-1.0672,-5.0766
19408,0.0469,0.0114,9.8169,0.8060,0.1413,-2.7701,0.4260,-1.0737,-5.0899
19416,0.0252,0.0156,9.7801,1.2906,0.1189,-2.6315,0.3907,-1.0731,-5.1031
19424,-0.0030,0.0116,9.6639,1.3488,0.0388,-2.5549,0.3544,-1.0772,-5.1162
19432,-0.0942,0.0417,9.5634,1.4738,-0.0752,-2.4444,0.3181,-1.0766,-5.1326
19440,-0.1571,0.0775,9.4232,1.3586,0.0559,-2.2534,0.2769,-1.0831,-5.1469
19448,-0.1607,0.1547,9.4206,0.8271,0.0585,-1.8973,0.2357,-1.0895,-5.1613
19456,-0.1048,0.1333,9.4940,0.2389,0.1517,-1.7942,0.1945,-1.0960,-5.1755
19464,-0.1034,0.0425,9.6113,-0.4809,0.3315,-1.4556,0.1602,-1.1000,-5.1906
19472,-0.1832,-0.0415,9.6574,-0.8306,0.3567,-1.2625,0.1260,-1.1041,-5.2056
19480,-0.2208,-0.0254,9.6877,-0.7436,0.4796,-0.9232,0.0911,-1.1053,-5.2201
19488,-0.0872,-0.0324,9.7074,-0.6018,0.5357,-0.6760,0.0562,-1.1064,-5.2345
19496,-0.0419,-0.1074,9.7020,-0.2796,0.3707,-0.4210,0.0213,-1.1076,-5.2488
19504,-0.0792,-0.0733,9.7181,0.0713,0.2769,-0.2651,-0.0109,-1.1093,-5.2659
19512,-0.0698,-0.0287,9.6542,0.2414,0.2325,-0.1294,-0.0455,-1.1133,-5.2815
19520,-0.0949,0.0854,9.6334,0.0681,0.3314,-0.0262,-0.0807,-1.1178,-5.2979
19528,-0.0958,0.1189,9.5899,-0.4096,0.5620,0.0964,-0.1159,-1.1222,-5.3142
19536,-0.0943,0.0787,9.6011,-1.0397,0.7532,0.1683,-0.1507,-1.1310,-5.3286
19544,-0.1053,0.0058,9.6814,-1.4023,0.9013,0.2504,-0.1874,-1.1344,-5.3467
19552,-0.1344,-0.0319,9.7013,-1.5783,0.8696,0.4223,-0.2252,-1.1388,-5.3628
19560,-0.1652,-0.1042,9.8322,-1.8720,0.9114,0.5359,-0.2630,-1.1433,-5.3787
19568,-0.2195,-0.1565,9.8591,-1.6382,0.8206,0.7753,-0.2994,-1.1495,-5.3904
19576,-0.2177,-0.1865,9.9098,-1.4013,0.7418,0.9588,-0.3396,-1.1563,-5.4048
19584,-0.2497,-0.1608,9.8501,-0.9187,0.6904,1.1530,-0.3798,-1.1630,-5.4191
19592,-0.2555,-0.1325,9.7354,-0.6786,0.6840,1.2401,-0.4192,-1.1664,-5.4357
19600,-0.2151,-0.1475,9.6536,-0.7636,0.6965,1.4300,-0.4586,-1.1697,-5.4522
19608,-0.1909,-0.0234,9.6492,-0.7383,0.7618,1.6329,-0.4979,-1.1731,-5.4686
19616,-0.1640,0.0200,9.6548,-0.9914,0.7495,1.9363,-0.5369,-1.1708,-5.4868
19624,-0.1633,0.0156,9.7418,-1.5134,0.8072,2.0531,-0.5740,-1.1751,-5.4997
19632,-0.1814,-0.0531,9.7737,-1.8526,0.6116,2.2901,-0.6168,-1.1723,-5.5182
19640,-0.2160,-0.0883,9.7597,-1.9743,0.5420,2.3621,-0.6596,-1.1695,-5.5366
19648,-0.2231,-0.0888,9.6832,-1.8214,0.6140,2.5696,-0.6953,-1.1704,-5.5559
19656,-0.1977,-0.0674,9.6906,-1.4751,0.6536,2.5947,-0.7358,-1.1691,-5.5740
19664,-0.1364,-0.0817,9.7597,-1.2133,0.4701,2.7627,-0.7734,-1.1753,-5.5902
19672,-0.1684,-0.0765,9.7825,-1.0483,0.3639,2.8966,-0.8153,-1.1796,-5.6082
19680,-0.2147,-0.0371,9.8046,-1.1012,0.3264,3.0568,-0.8573,-1.1839,-5.6261
19688,-0.1915,-0.0561,9.7599,-1.3864,0.2879,3.2312,-0.8988,-1.1853,-5.6377
19696,-0.1777,-0.0432,9.7955,-1.5205,0.3844,3.2540,-0.9402,-1.1867,-5.6493
19704,-0.1744,-0.0316,9.7580,-1.3687,0.3327,3.4705,-0.9798,-1.1886,-5.6621
19712,-0.1627,-0.0698,9.7268,-1.3809,0.5365,3.6002,-1.0194,-1.1905,-5.6749
19720,-0.2036,-0.0561,9.6785,-1.1259,0.5342,3.7776,-1.0590,-1.1924,-5.6876
19728,-0.2606,-0.0401,9.6909,-0.9994,0.5985,3.9312,-1.0986,-1.1966,-5.7074
19736,-0.2093,-0.0260,9.7777,-0.9691,0.6334,4.2087,-1.1382,-1.2008,-5.7270
19744,-0.2289,-0.0288,9.8503,-1.2414,0.6668,4.2261,-1.1788,-1.1994,-5.7427
19752,-0.2326,-0.0081,9.8637,-1.3498,0.5254,4.2854,-1.2193,-1.1979,-5.7583
19760,-0.2468,0.0239,9.8092,-1.3229,0.5609,4.2435,-1.2485,-1.2045,-5.7738
19768,-0.2633,-0.0059,9.6802,-1.3424,0.6107,4.3154,-1.2820,-1.2078,-5.7859
19776,-0.2659,-0.0694,9.6159,-1.2144,0.6478,4.3841,-1.3146,-1.2181,-5.8050
19784,-0.2742,-0.0270,9.6556,-0.7240,0.7019,4.4712,-1.3505,-1.2199,-5.8288
19792,-0.2699,0.0423,9.7157,-0.6097,0.5429,4.5224,-1.3864,-1.2217,-5.8523
19800,-0.2856,0.0849,9.7492,-0.7405,0.5243,4.5768,-1.4270,-1.2273,-5.8663
19808,-0.3526,0.0689,9.7311,-1.0201,0.4798,4.6528,-1.4629,-1.2290,-5.8849
19816,-0.3518,0.0439,9.6906,-1.2822,0.4319,4.7174,-1.5045,-1.2365,-5.9005
19824,-0.3182,-0.0043,9.6595,-1.2742,0.3567,4.7686,-1.5460,-1.2439,-5.9160
19832,-0.3074,-0.0282,9.6568,-1.1065,0.2982,4.8975,-1.5876,-1.2513,-5.9314
19840,-0.3341,-0.0422,9.7496,-0.7809,0.0289,5.0475,-1.6277,-1.2596,-5.9524
19848,-0.3455,-0.0124,9.8518,-0.6161,-0.1113,5.0762,-1.6678,-1.2679,-5.9732
19856,-0.3189,-0.0119,9.8891,-0.4372,-0.1413,5.1356,-1.7083,-1.2686,-5.9896
19864,-0.2816,0.0026,9.8796,-0.4315,-0.1701,5.1499,-1.7489,-1.2693,-6.0059
19872,-0.2602,-0.0102,9.7922,-0.3753,-0.2082,5.2088,-1.7856,-1.2766,-6.0240
19880,-0.2504,0.0156,9.7755,-0.4070,-0.1193,5.2624,-1.8237,-1.2759,-6.0449
19888,-0.2374,0.0535,9.7386,-0.1092,-0.1037,5.3724,-1.8628,-1.2818,-6.0603
19896,-0.2584,0.0696,9.7972,-0.1045,-0.0781,5.3363,-1.8995,-1.2829,-6.0804
19904,-0.2588,0.0409,9.8944,-0.0013,0.0451,5.4430,-1.9362,-1.2840,-6.1004
19912,-0.2769,0.0463,9.9841,0.0573,0.1068,5.5451,-1.9709,-1.2870,-6.1208
19920,-0.2655,0.0458,10.0002,-0.0039,0.0459,5.6028,-2.0043,-1.2863,-6.1433
19928,-0.3158,-0.0148,9.9027,0.0176,0.0063,5.5432,-2.0357,-1.2916,-6.1624
19936,-0.2770,0.0132,9.8395,0.2541,-0.0849,5.6462,-2.0705,-1.2932,-6.1776
19944,-0.2696,-0.0174,9.7806,0.4189,-0.0067,5.6728,-2.1052,-1.2948,-6.1927
19952,-0.3099,0.0050,9.7131,0.8512,-0.0654,5.7702,-2.1423,-1.3011,-6.2139
19960,-0.2740,0.1277,9.7376,1.0859,-0.1454,5.8153,-2.1794,-1.3073,-6.2349
19968,-0.3216,0.2060,9.7394,1.1157,-0.1206,5.8904,-2.2137,-1.3122,-6.2525
19976,-0.3410,0.1775,9.7218,0.6615,-0.0196,5.8983,-2.2479,-1.3170,-6.2699
19984,-0.3290,0.1859,9.7401,0.3339,-0.0030,5.8791,-2.2821,-1.3218,-6.2873
19992,-0.3117,0.1789,9.7434,0.1059,-0.0511,6.0155,-2.3201,-1.3186,-6.3078
20000,-0.3384,0.1667,9.7541,-0.0535,-0.1531,6.0846,-2.3514,-1.3286,-6.3188
20008,-0.2998,0.0868,9.8345,-0.0218,-0.2454,6.2973,-2.3865,-1.3319,-6.3405
20016,-0.2611,0.0842,9.8384,0.3097,-0.4722,6.4527,-2.4140,-1.3409,-6.3650
20024,-0.2694,0.1612,9.9626,0.5441,-0.5185,6.7186,-2.4415,-1.3499,-6.3893
20032,-0.2205,0.1547,9.9352,0.7576,-0.5334,6.8316,-2.4770,-1.3528,-6.4158
20040,-0.2081,0.1739,9.9227,0.5458,-0.5583,6.9956,-2.5159,-1.3584,-6.4360
20048,-0.1822,0.2018,9.8590,0.6658,-0.4088,6.9818,-2.5552,-1.3659,-6.4517
20056,-0.1293,0.1760,9.7904,0.5140,-0.2819,7.1206,-2.5968,-1.3625,-6.4674
20064,-0.0486,0.1991,9.7940,0.4301,-0.1658,7.1706,-2.6384,-1.3591,-6.4853
20072,-0.0452,0.1462,9.7771,0.2726,-0.2308,7.2825,-2.6799,-1.3558,-6.5030
20080,-0.0504,0.1225,9.8712,0.1753,-0.2583,7.2722,-2.7209,-1.3614,-6.5211
20088,-0.0619,0.1011,9.8771,0.0902,-0.3966,7.0916,-2.7619,-1.3670,-6.5390
20096,-0.0308,0.1609,9.9617,0.0729,-0.4115,6.9003,-2.8028,-1.3726,-6.5569
20104,-0.0738,0.1558,9.8765,0.2190,-0.4711,6.7733,-2.8413,-1.3735,-6.5745
20112,-0.0649,0.0889,9.8873,0.1080,-0.4800,6.5772,-2.8797,-1.3743,-6.5921
20120,-0.1169,0.0187,9.7072,0.3486,-0.5713,6.4351,-2.9167,-1.3752,-6.6109
20128,-0.1644,0.1173,9.7624,0.5813,-0.5706,6.3818,-2.9513,-1.3831,-6.6329
20136,-0.0621,0.1592,9.8346,0.6358,-0.4685,6.2188,-2.9859,-1.3910,-6.6548
20144,-0.0830,0.1890,9.8604,0.2960,-0.5603,6.2630,-3.0166,-1.4008,-6.6666
20152,-0.0850,0.1480,9.8951,0.0136,-0.4827,6.2412,-3.0606,-1.4016,-6.6859
20160,-0.0778,0.0430,9.8837,-0.2750,-0.4565,6.2204,-3.0912,-1.4075,-6.7078
20168,-0.0830,0.0041,9.9066,-0.1590,-0.5061,6.1818,-3.1233,-1.4097,-6.7259
20176,-0.0800,-0.0034,9.8822,0.1972,-0.5962,6.1343,-3.1553,-1.4119,-6.7438
20184,-0.0564,-0.0329,9.8511,0.2978,-0.7091,6.1341,-3.1826,-1.4173,-6.7649
20192,-0.0158,-0.0469,9.8743,0.7034,-0.8116,6.0540,-3.2197,-1.4285,-6.7797
20200,-0.0197,-0.0349,9.8694,1.1499,-1.0244,5.9801,-3.2569,-1.4396,-6.7944
20208,-0.0487,-0.0127,9.8340,1.1956,-1.1292,5.9360,-3.2907,-1.4421,-6.8146
20216,-0.0572,-0.0162,9.8749,1.0393,-1.0881,5.8272,-3.3244,-1.4446,-6.8348
20224,-0.0279,-0.0432,9.8294,0.9217,-1.0727,5.7312,-3.3582,-1.4471,-6.8548
20232,-0.0097,-0.0393,9.8643,0.7801,-0.9967,5.6367,-3.3914,-1.4477,-6.8694
20240,0.0200,-0.0813,9.8599,1.0099,-0.9747,5.3410,-3.4198,-1.4531,-6.8944
20248,-0.0155,-0.0857,9.8491,1.2510,-1.0470,5.2075,-3.4515,-1.4599,-6.9121
20256,0.0435,-0.0773,9.9044,1.4389,-1.1028,5.0212,-3.4832,-1.4666,-6.9297
20264,0.0021,-0.1043,9.8279,1.6186,-1.1828,4.7018,-3.5215,-1.4690,-6.9476
20272,0.0844,-0.0614,9.7823,1.6677,-1.1553,4.3883,-3.5550,-1.4724,-6.9678
20280,0.2031,-0.1296,9.7980,1.3628,-1.0677,4.0752,-3.5908,-1.4772,-6.9854
20288,0.1151,-0.1284,9.7466,1.3244,-0.9893,3.8131,-3.6266,-1.4820,-7.0030
20296,0.0241,-0.0249,9.8491,1.4958,-0.9303,3.5598,-3.6628,-1.4825,-7.0279
20304,0.0907,-0.1471,9.8347,0.9450,-0.7378,3.3976,-3.6985,-1.4849,-7.0490
20312,0.0963,-0.2509,9.7935,1.0689,-0.8498,3.2158,-3.7341,-1.4873,-7.0699
20320,0.0285,-0.1452,9.8255,1.4755,-0.9329,3.0980,-3.7702,-1.4963,-7.0878
20328,0.0728,-0.1754,9.6986,1.4509,-0.8924,3.0387,-3.8062,-1.5053,-7.1056
20336,0.0423,-0.1653,9.6995,1.3821,-0.8163,2.9446,-3.8421,-1.5143,-7.1233
20344,0.0274,-0.1776,9.6862,1.7616,-0.8288,2.9319,-3.8780,-1.5171,-7.1394
20352,0.0659,-0.1837,9.6773,1.3671,-0.9075,2.8505,-3.9138,-1.5198,-7.1554
20360,0.0310,-0.1364,9.7526,1.2140,-0.9400,2.7993,-3.9454,-1.5231,-7.1765
20368,0.0446,-0.1469,9.7142,1.0462,-0.8752,2.7877,-3.9769,-1.5263,-7.1975
20376,0.0359,-0.1846,9.7583,0.6937,-0.8265,2.7793,-4.0097,-1.5238,-7.2126
20384,0.0034,-0.1791,9.8555,0.7513,-0.8039,2.8725,-4.0458,-1.5285,-7.2310
20392,0.0000,-0.2275,9.8620,0.8064,-0.6730,2.7964,-4.0829,-1.5302,-7.2535
20400,0.0097,-0.2088,9.8869,1.0031,-0.5985,2.7982,-4.1137,-1.5320,-7.2782
20408,0.0321,-0.2516,9.8558,1.2738,-0.7033,2.7866,-4.1444,-1.5338,-7.3027
20416,0.0574,-0.2520,9.8973,1.3700,-0.6514,2.7756,-4.1837,-1.5304,-7.3234
20424,0.0315,-0.2046,9.8734,1.5741,-0.6072,2.6956,-4.2172,-1.5312,-7.3434
20432,0.0168,-0.1808,9.7916,1.7398,-0.4929,2.6272,-4.2568,-1.5334,-7.3576
20440,0.0080,-0.1456,9.7845,1.6530,-0.4129,2.6631,-4.2963,-1.5357,-7.3717
20448,0.0055,-0.1985,9.7117,1.5700,-0.2804,2.7775,-4.3357,-1.5379,-7.3856
20456,-0.0209,-0.1498,9.7341,1.6186,-0.1218,2.8895,-4.3713,-1.5354,-7.4109
20464,0.0240,-0.1699,9.7343,1.4625,0.0086,3.0099,-4.4069,-1.5329,-7.4359
20472,0.0214,-0.2210,9.7769,1.4625,-0.0373,3.0104,-4.4395,-1.5404,-7.4580
20480,-0.0880,-0.1168,9.8929,1.5291,-0.1293,2.9602,-4.4721,-1.5478,-7.4799
20488,0.0088,-0.1310,9.9044,1.4915,-0.0919,2.9309,-4.5070,-1.5552,-7.5008
20496,0.0249,-0.2267,9.8593,1.2822,-0.1174,2.9002,-4.5361,-1.5555,-7.5201
20504,-0.0584,-0.1849,9.8413,1.5888,-0.1525,2.8922,-4.5699,-1.5582,-7.5383
20512,-0.0546,-0.1589,9.7712,1.6126,-0.1701,2.9058,-4.6028,-1.5580,-7.5569
20520,0.0076,-0.1012,9.7201,1.5047,-0.1629,2.9829,-4.6356,-1.5578,-7.5753
20528,0.0152,-0.0913,9.7358,1.4735,-0.2334,2.9952,-4.6725,-1.5595,-7.5931
20536,0.0704,-0.1061,9.7896,1.2036,-0.3381,3.0044,-4.7028,-1.5649,-7.6146
20544,0.1257,-0.0074,9.9162,0.9296,-0.4596,2.9224,-4.7416,-1.5623,-7.6350
20552,0.0729,-0.0416,9.8914,0.5903,-0.4850,3.0041,-4.7803,-1.5598,-7.6553
20560,0.0715,-0.0752,9.8184,0.2391,-0.4268,2.9302,-4.8189,-1.5572,-7.6755
20568,0.1258,-0.1115,9.8981,0.2979,-0.3337,2.8542,-4.8532,-1.5598,-7.6936
20576,0.1645,-0.0962,9.7948,0.6928,-0.5087,2.7308,-4.8874,-1.5625,-7.7116
20584,0.1963,-0.0544,9.8248,0.7798,-0.5373,2.6209,-4.9135,-1.5642,-7.7319
20592,0.1933,-0.0285,9.9298,0.9590,-0.5354,2.4997,-4.9395,-1.5658,-7.7520
20600,0.2132,-0.0484,9.8978,0.5650,-0.5816,2.3305,-4.9731,-1.5680,-7.7749
20608,0.2454,-0.0549,9.9854,0.1082,-0.6284,2.0461,-5.0076,-1.5734,-7.7919
20616,0.2463,-0.0814,9.9335,0.0608,-0.7372,1.8514,-5.0411,-1.5779,-7.8112
20624,0.2002,-0.0475,9.9498,-0.0779,-0.6732,1.5719,-5.0702,-1.5805,-7.8332
20632,0.1717,-0.0573,9.8849,0.0001,-0.5720,1.3020,-5.0993,-1.5831,-7.8551
20640,0.1951,-0.1341,9.7697,0.2213,-0.6646,1.0012,-5.1345,-1.5871,-7.8769
20648,0.1480,-0.0997,9.7989,0.5023,-0.7024,0.7589,-5.1649,-1.5858,-7.8985
20656,0.1203,-0.0904,9.7429,0.6243,-0.7333,0.5858,-5.1981,-1.5912,-7.9181
20664,0.1768,-0.0069,9.7487,0.3702,-0.7575,0.3190,-5.2312,-1.5966,-7.9376
20672,0.1601,-0.0734,9.7626,-0.0433,-0.7566,0.0799,-5.2642,-1.6020,-7.9569
20680,0.1240,-0.0558,9.8598,-0.3242,-0.7664,-0.1488,-5.3020,-1.6050,-7.9752
20688,0.1893,-0.0807,9.7247,-0.3527,-0.8638,-0.2528,-5.3396,-1.6079,-7.9934
20696,0.1810,-0.0933,9.7992,-0.4253,-0.7943,-0.3790,-5.3719,-1.6080,-8.0120
20704,0.0896,-0.1512,9.8502,-0.1374,-0.7758,-0.3796,-5.4042,-1.6082,-8.0304
20712,0.1067,-0.1216,9.8498,0.0712,-0.7155,-0.4895,-5.4365,-1.6083,-8.0488
20720,0.1627,-0.0802,9.8573,0.2227,-0.5671,-0.4613,-5.4733,-1.6060,-8.0717
20728,0.1701,-0.1252,9.8235,0.1355,-0.4279,-0.5090,-5.5078,-1.6085,-8.0936
20736,0.1759,-0.0802,9.8849,0.1322,-0.3481,-0.4533,-5.5379,-1.6091,-8.1087
20744,0.1552,-0.0560,9.8403,0.1957,-0.1971,-0.5386,-5.5713,-1.6206,-8.1270
20752,0.1865,-0.0636,9.8760,-0.1035,-0.2474,-0.4790,-5.6046,-1.6321,-8.1452
20760,0.1698,-0.1093,9.8322,-0.0511,-0.1995,-0.4245,-5.6354,-1.6340,-8.1623
20768,0.1842,-0.0700,9.8646,0.1884,-0.1617,-0.4285,-5.6658,-1.6449,-8.1788
20776,0.1659,-0.1086,9.9053,0.2628,-0.1495,-0.5150,-5.6956,-1.6454,-8.1981
20784,0.1725,-0.1127,9.9238,0.3179,-0.2366,-0.5230,-5.7234,-1.6525,-8.2172
20792,0.1995,-0.0931,9.9652,0.2880,-0.2852,-0.5306,-5.7512,-1.6596,-8.2401
20800,0.1952,-0.1418,9.9348,0.0567,-0.2329,-0.5806,-5.7789,-1.6667,-8.2628
20808,0.2751,-0.1609,9.9538,0.1848,-0.2257,-0.7271,-5.8113,-1.6704,-8.2853
20816,0.2873,-0.1281,9.8311,0.5447,-0.3067,-0.9285,-5.8437,-1.6741,-8.3077
20824,0.2810,-0.0979,9.7456,0.6301,-0.3282,-1.1104,-5.8759,-1.6778,-8.3300
20832,0.1852,-0.0897,9.6833,0.6505,-0.2821,-1.3990,-5.9124,-1.6782,-8.3517
20840,0.1882,-0.0978,9.6997,0.6540,-0.1714,-1.5310,-5.9469,-1.6804,-8.3751
20848,0.2856,-0.0500,9.8066,0.3747,-0.2468,-1.7746,-5.9813,-1.6874,-8.3951
20856,0.2963,-0.0820,9.9999,-0.2737,-0.3029,-1.9009,-6.0190,-1.6873,-8.4150
20864,0.1913,-0.1628,10.0400,-0.6192,-0.3592,-2.2083,-6.0565,-1.6872,-8.4347
20872,0.1823,-0.1193,9.8695,-0.5815,-0.4771,-2.3849,-6.0855,-1.6866,-8.4558
20880,0.2211,-0.1050,9.8054,-0.2868,-0.5098,-2.5778,-6.1224,-1.6893,-8.4767
20888,0.2024,-0.3179,9.6768,-0.4796,-0.6291,-2.6902,-6.1541,-1.6868,-8.5017
20896,0.1746,-0.3553,9.6834,0.0960,-0.6605,-2.7871,-6.1904,-1.6928,-8.5252
20904,0.1750,-0.1797,9.8215,0.7984,-0.8239,-2.8238,-6.2266,-1.6988,-8.5485
20912,0.1475,-0.1355,9.9277,0.0781,-0.6201,-2.8935,-6.2628,-1.7048,-8.5716
20920,0.1472,-0.1711,10.0599,-0.7680,-0.3692,-2.8934,-6.3017,-1.7027,-8.5932
20928,0.1028,-0.1869,9.9704,-1.0625,-0.2467,-2.9494,-6.3405,-1.7007,-8.6147
20936,0.1350,-0.2149,9.8825,-1.3281,-0.1561,-2.9363,-6.3763,-1.7029,-8.6351
20944,0.1838,-0.3510,9.7894,-1.2274,-0.1416,-2.9371,-6.4121,-1.7051,-8.6553
20952,0.1286,-0.3638,9.7347,-0.5764,-0.3490,-2.8845,-6.4488,-1.7072,-8.6792
20960,0.1465,-0.3140,9.7791,0.0247,-0.5019,-2.7249,-6.4820,-1.7094,-8.7030
20968,0.1600,-0.2675,9.8940,0.1116,-0.5176,-2.7403,-6.5152,-1.7107,-8.7195
20976,0.1672,-0.2441,10.0166,-0.3520,-0.4099,-2.7096,-6.5464,-1.7147,-8.7378
20984,0.1341,-0.3363,10.0769,-1.0913,-0.3362,-2.6643,-6.5775,-1.7188,-8.7560
20992,0.1688,-0.3629,10.0769,-1.5716,-0.2764,-2.6770,-6.6095,-1.7280,-8.7778
21000,0.2294,-0.4024,9.9717,-1.5110,-0.2219,-2.6731,-6.6414,-1.7301,-8.7953
21008,0.2150,-0.4290,9.8705,-1.1703,-0.2658,-2.6561,-6.6719,-1.7370,-8.8145
21016,0.2433,-0.4955,9.8181,-0.6338,-0.3984,-2.6291,-6.7022,-1.7438,-8.8336
21024,0.2900,-0.4800,9.8332,0.0285,-0.6586,-2.5553,-6.7325,-1.7506,-8.8525
21032,0.3267,-0.4045,9.8226,0.1179,-0.6567,-2.6474,-6.7665,-1.7540,-8.8704
21040,0.3777,-0.3121,9.8518,-0.2260,-0.5215,-2.6555,-6.8005,-1.7575,-8.8882
21048,0.4394,-0.3254,9.8846,-0.7362,-0.2590,-2.8286,-6.8329,-1.7619,-8.9153
21056,0.3667,-0.2815,9.9083,-0.8854,-0.1759,-2.9381,-6.8652,-1.7663,-8.9423
21064,0.3684,-0.3520,9.8984,-1.0414,-0.0271,-3.1121,-6.8975,-1.7706,-8.9691
21072,0.4532,-0.3807,9.8210,-0.7372,-0.0395,-3.3505,-6.9325,-1.7698,-8.9891
21080,0.3706,-0.3215,9.7574,-0.0064,-0.0487,-3.4799,-6.9642,-1.7784,-9.0065
21088,0.4279,-0.2314,9.7368,0.4792,-0.1962,-3.6302,-6.9886,-1.7907,-9.0239
21096,0.4561,-0.2215,9.6944,0.3088,-0.2918,-3.8460,-7.0130,-1.8031,-9.0411
21104,0.3832,-0.1829,9.6930,-0.1207,-0.5327,-3.9963,-7.0283,-1.8201,-9.0558
21112,0.4525,-0.0614,9.7290,-0.6168,-0.7309,-4.1107,-7.0456,-1.8361,-9.0727
21120,0.4765,-0.0645,9.7288,-1.5045,-0.7126,-4.3348,-7.0670,-1.8525,-9.0900
21128,0.4195,-0.1734,9.7519,-2.1374,-0.7643,-4.5651,-7.0884,-1.8688,-9.1072
21136,0.4166,-0.2405,9.7805,-2.0680,-0.8298,-4.6546,-7.1097,-1.8851,-9.1242
21144,0.4212,-0.2697,9.8374,-1.8736,-0.9911,-4.8629,-7.1462,-1.8880,-9.1473
21152,0.4550,-0.2876,9.9453,-1.8264,-0.9880,-5.0728,-7.1826,-1.8909,-9.1702
21160,0.4966,-0.3083,9.9897,-1.6959,-1.0170,-5.1455,-7.2122,-1.8919,-9.1887
21168,0.4904,-0.2696,9.9866,-1.6938,-1.0422,-5.3323,-7.2418,-1.8928,-9.2071
21176,0.4730,-0.2251,9.9277,-1.8838,-1.1355,-5.5296,-7.2713,-1.8938,-9.2253
21184,0.4878,-0.2180,9.8763,-2.1775,-1.0194,-5.7290,-7.3040,-1.8975,-9.2439
21192,0.4288,-0.2185,9.8129,-2.1463,-1.0924,-5.8236,-7.3372,-1.9017,-9.2676
21200,0.4008,-0.2143,9.7733,-2.0551,-1.0876,-5.9755,-7.3716,-1.8983,-9.2859
21208,0.4120,-0.1741,9.7935,-2.0453,-1.0456,-6.1554,-7.4060,-1.8949,-9.3041
21216,0.3734,-0.1478,9.8428,-2.0733,-1.1734,-6.2900,-7.4365,-1.9043,-9.3264
21224,0.3256,-0.0948,9.8769,-2.2520,-1.2077,-6.4455,-7.4717,-1.9027,-9.3543
21232,0.2834,-0.1561,9.8776,-2.6255,-1.3471,-6.5648,-7.5096,-1.9054,-9.3801
21240,0.3381,-0.1971,9.8601,-2.8228,-1.3978,-6.7189,-7.5493,-1.9024,-9.3972
21248,0.3488,-0.1713,9.8379,-2.5820,-1.5289,-6.7142,-7.5889,-1.8994,-9.4142
21256,0.3481,-0.1639,9.8451,-2.4932,-1.6383,-6.7738,-7.6228,-1.9044,-9.4386
21264,0.3233,-0.1932,9.8462,-2.3949,-1.6149,-6.6681,-7.6565,-1.9094,-9.4628
21272,0.2489,-0.1932,9.8868,-2.0582,-1.5285,-6.5883,-7.6915,-1.9153,-9.4869
21280,0.2731,-0.1933,9.9099,-1.9469,-1.5953,-6.4481,-7.7265,-1.9212,-9.5108
21288,0.3247,-0.1515,9.9430,-2.0031,-1.5338,-6.3166,-7.7614,-1.9270,-9.5346
21296,0.2279,-0.0403,9.9006,-1.8382,-1.6776,-6.1936,-7.8019,-1.9271,-9.5549
21304,0.2140,-0.0253,9.8276,-2.0059,-1.6685,-6.1132,-7.8394,-1.9338,-9.5779
21312,0.2708,-0.1124,9.7525,-2.1102,-1.7478,-5.8951,-7.8768,-1.9344,-9.5960
21320,0.2123,-0.1174,9.6940,-1.8553,-1.9462,-5.7051,-7.9141,-1.9349,-9.6140
21328,0.2118,-0.1347,9.6521,-2.0996,-1.9787,-5.4888,-7.9489,-1.9416,-9.6342
21336,0.2924,-0.2328,9.6383,-2.5518,-2.0284,-5.4553,-7.9884,-1.9373,-9.6553
21344,0.2642,-0.1900,9.7173,-2.5549,-2.1533,-5.3673,-8.0231,-1.9402,-9.6762
21352,0.2032,-0.1261,9.8039,-3.0006,-2.0887,-5.2431,-8.0591,-1.9392,-9.6960
21360,0.2555,-0.2392,9.8895,-3.7787,-1.8376,-5.2603,-8.0949,-1.9382,-9.7156
21368,0.2778,-0.3342,9.9150,-3.8455,-1.6002,-5.2021,-8.1265,-1.9462,-9.7390
21376,0.2241,-0.3185,9.8808,-3.4534,-1.4211,-5.1998,-8.1579,-1.9542,-9.7622
21384,0.2220,-0.2839,9.8871,-3.2998,-1.1725,-5.2056,-8.1921,-1.9569,-9.7871
21392,0.2347,-0.2189,9.8714,-2.9048,-0.8975,-5.2245,-8.2262,-1.9596,-9.8119
21400,0.1419,-0.1742,9.8326,-2.5032,-0.7412,-5.1225,-8.2602,-1.9623,-9.8365
21408,0.1362,-0.1186,9.7643,-2.4631,-0.5410,-4.9984,-8.2932,-1.9687,-9.8529
21416,0.1694,-0.0989,9.6779,-2.8648,-0.5603,-4.9356,-8.3246,-1.9761,-9.8764
21424,0.0814,-0.0893,9.6083,-3.5422,-0.6027,-4.9210,-8.3603,-1.9806,-9.8968
21432,0.0473,-0.0346,9.6852,-4.0620,-0.7153,-4.8376,-8.3930,-1.9808,-9.9162
21440,0.1058,-0.0306,9.7457,-4.2657,-1.0016,-4.7846,-8.4256,-1.9810,-9.9354
21448,0.1127,-0.0462,9.8286,-4.4259,-1.2513,-4.6192,-8.4586,-1.9877,-9.9554
21456,0.1267,-0.0926,9.8718,-4.1391,-1.4422,-4.3944,-8.4948,-1.9969,-9.9773
21464,0.1840,-0.0580,9.9391,-3.6141,-1.6860,-4.0648,-8.5281,-2.0017,-10.0018
21472,0.2003,-0.0313,10.0296,-3.1494,-1.7992,-3.8242,-8.5613,-2.0051,-10.0276
21480,0.2123,-0.0099,9.9999,-2.6811,-1.7554,-3.4208,-8.5944,-2.0084,-10.0532
21488,0.2314,0.0282,9.9225,-2.1932,-1.5989,-3.0271,-8.6274,-2.0118,-10.0787
21496,0.2286,0.0849,9.8165,-1.8521,-1.4413,-2.7599,-8.6570,-2.0151,-10.0946
21504,0.3094,0.1682,9.7825,-1.5391,-1.3865,-2.4271,-8.6866,-2.0184,-10.1103
21512,0.4186,0.2394,9.7836,-1.2372,-1.4648,-2.1248,-8.7217,-2.0183,-10.1340
21520,0.4577,0.2542,9.8155,-1.1031,-1.7129,-1.8411,-8.7567,-2.0183,-10.1575
21528,0.5541,0.2580,9.8800,-1.3163,-1.8703,-1.6391,-8.7917,-2.0182,-10.1809
21536,0.6158,0.2023,9.9256,-1.4881,-2.1381,-1.6459,-8.8289,-2.0191,-10.2032
21544,0.6685,0.1997,9.9755,-1.5137,-2.2101,-1.7565,-8.8556,-2.0237,-10.2206
21552,0.6200,0.0820,9.8867,-1.6396,-2.1431,-1.8569,-8.8822,-2.0284,-10.2379
21560,0.5998,0.0462,9.7859,-1.3919,-1.7429,-1.9902,-8.9215,-2.0292,-10.2607
21568,0.6672,0.0402,9.8432,-0.6005,-1.4803,-2.2643,-8.9541,-2.0342,-10.2797
21576,0.5087,0.1177,9.6695,0.0497,-1.2452,-2.4252,-8.9880,-2.0336,-10.2975
21584,0.6212,0.4215,10.0321,1.2475,-0.9430,-2.4297,-9.0190,-2.0405,-10.3167
21592,0.6628,0.5178,9.9047,1.1449,-1.1366,-2.5619,-9.0499,-2.0474,-10.3357
21600,0.6190,0.5876,10.1183,0.8628,-1.0125,-2.6804,-9.0812,-2.0523,-10.3589
21608,0.6035,0.4810,9.8916,0.0890,-1.0591,-2.7484,-9.1124,-2.0587,-10.3772
21616,0.5890,0.4942,9.8354,-0.9549,-0.7171,-2.7414,-9.1435,-2.0650,-10.3953
21624,0.5140,0.5394,9.7590,-1.3292,-0.5553,-2.6680,-9.1793,-2.0689,-10.4214
21632,0.4301,0.6045,9.7114,-1.1432,-0.1526,-2.6512,-9.2150,-2.0728,-10.4474
21640,0.4790,0.5372,9.7279,-0.8132,0.1125,-2.5951,-9.2505,-2.0767,-10.4732
21648,0.3561,0.4827,9.6795,-0.9057,0.3580,-2.6695,-9.2888,-2.0772,-10.4912
21656,0.2923,0.5244,9.8066,-0.6608,0.4621,-2.5246,-9.3237,-2.0801,-10.5115
21664,0.2436,0.5645,9.8327,-0.9440,0.3136,-2.5034,-9.3637,-2.0825,-10.5278
21672,0.2461,0.5880,9.8983,-1.2734,0.1663,-2.3098,-9.4036,-2.0849,-10.5441
21680,0.1963,0.5159,9.8169,-1.7164,-0.1479,-2.2446,-9.4344,-2.0868,-10.5569
21688,0.2361,0.4575,9.7692,-1.6334,-0.3257,-2.0463,-9.4698,-2.0897,-10.5743
21696,0.2807,0.4397,9.7497,-1.4660,-0.7303,-1.9500,-9.5003,-2.0963,-10.5916
21704,0.1853,0.4272,9.7407,-1.0206,-0.9920,-1.8553,-9.5313,-2.0986,-10.6116
21712,0.2019,0.4720,9.8656,-0.6641,-1.0795,-1.6500,-9.5622,-2.1009,-10.6315
21720,0.2953,0.4241,9.9945,-0.7551,-1.1179,-1.5577,-9.5944,-2.1032,-10.6446
21728,0.3174,0.4715,10.0356,-0.6661,-1.2879,-1.5868,-9.6265,-2.1054,-10.6576
21736,0.3343,0.5002,10.0263,-0.5997,-1.3358,-1.6226,-9.6633,-2.1100,-10.6762
21744,0.3386,0.4023,9.9933,-0.7282,-1.2270,-1.6648,-9.6999,-2.1146,-10.6947
21752,0.3005,0.2790,9.8869,-0.4991,-1.3016,-1.6252,-9.7365,-2.1192,-10.7130
21760,0.2588,0.2773,9.8124,0.1920,-1.2422,-1.6753,-9.7744,-2.1219,-10.7261
21768,0.3063,0.3382,9.7328,0.8556,-1.1775,-1.7713,-9.8012,-2.1264,-10.7418
21776,0.3242,0.3481,9.6822,0.9168,-1.0889,-1.9003,-9.8332,-2.1281,-10.7579
21784,0.2588,0.3389,9.7302,0.9913,-1.0602,-1.9304,-9.8652,-2.1297,-10.7739
21792,0.2821,0.2727,9.7253,0.8225,-0.9554,-2.1085,-9.8922,-2.1375,-10.7874
21800,0.2558,0.2060,9.7656,0.5972,-0.8872,-2.2122,-9.9235,-2.1420,-10.8037
21808,0.1719,0.2395,9.9359,0.6910,-0.7874,-2.2713,-9.9547,-2.1440,-10.8142
21816,0.2108,0.2420,10.1693,1.0047,-0.5158,-2.3865,-9.9853,-2.1503,-10.8274
21824,0.1394,0.1413,10.0871,1.5447,-0.1922,-2.5100,-10.0158,-2.1566,-10.8405
21832,0.0752,0.0925,9.9759,2.2184,0.0533,-2.4734,-10.0487,-2.1605,-10.8559
21840,0.0372,0.1213,9.9472,2.8840,0.4054,-2.2838,-10.0814,-2.1643,-10.8711
21848,-0.0209,0.2002,9.8575,3.4778,0.4994,-2.2704,-10.1145,-2.1748,-10.8858
21856,-0.0475,0.2679,9.7103,3.7843,0.4986,-2.1190,-10.1475,-2.1853,-10.9004
21864,-0.0739,0.2900,9.6531,3.4775,0.5379,-1.9849,-10.1804,-2.1957,-10.9149
21872,-0.0631,0.2695,9.6679,2.7840,0.3648,-1.9313,-10.2108,-2.1989,-10.9260
21880,-0.0775,0.2514,9.7305,2.4542,0.1219,-1.8427,-10.2412,-2.2021,-10.9370
21888,-0.0933,0.1767,9.7065,2.0935,-0.1290,-1.6193,-10.2738,-2.2063,-10.9521
21896,-0.1134,0.2015,9.8669,2.1245,-0.2943,-1.3550,-10.3064,-2.2104,-10.9672
21904,-0.0297,0.0824,9.9106,2.0769,-0.4816,-1.0516,-10.3336,-2.2165,-10.9807
21912,0.0575,0.0465,9.8526,2.2500,-0.4848,-0.6362,-10.3655,-2.2187,-10.9918
21920,0.0307,0.0883,9.8274,2.7356,-0.3492,-0.2362,-10.3935,-2.2199,-10.9970
21928,0.0411,0.0560,9.7227,2.8479,-0.1662,0.2049,-10.4243,-2.2240,-11.0108
21936,0.1243,0.0678,9.8033,2.6513,0.1128,0.4908,-10.4550,-2.2280,-11.0245
21944,0.1363,0.0515,9.8370,2.5326,0.2410,0.8548,-10.4851,-2.2330,-11.0352
21952,0.1608,0.0377,9.8370,2.2511,0.4168,0.9282,-10.5152,-2.2380,-11.0458
21960,0.1442,0.0029,9.8598,1.7500,0.5637,1.1610,-10.5423,-2.2420,-11.0568
21968,0.1297,-0.0832,9.8490,1.5081,0.5895,1.3304,-10.5693,-2.2459,-11.0678
21976,0.1042,-0.0988,9.8957,1.6901,0.4968,1.3937,-10.5963,-2.2499,-11.0786
21984,0.0562,-0.1201,9.8633,1.7068,0.3361,1.4329,-10.6283,-2.2519,-11.0899
21992,0.0263,-0.2014,9.8544,1.7147,0.2438,1.5477,-10.6603,-2.2540,-11.1011
22000,-0.0048,-0.1419,9.8460,1.8983,0.0863,1.6735,-10.6922,-2.2560,-11.1065
22008,0.0158,-0.1159,9.7896,1.9059,-0.0671,1.9671,-10.7160,-2.2655,-11.1108
22016,0.0222,-0.1078,9.8119,1.4732,-0.0937,1.9732,-10.7397,-2.2751,-11.1152
22024,0.0179,-0.1844,9.7683,1.1901,-0.1539,2.1897,-10.7638,-2.2765,-11.1270
22032,0.0391,-0.2099,9.7056,0.8926,-0.1181,2.3194,-10.7826,-2.2884,-11.1345
22040,0.0359,-0.2179,9.7104,0.8429,-0.0225,2.5848,-10.8099,-2.2936,-11.1401
22048,0.0535,-0.2425,9.7183,0.6993,0.0156,2.8945,-10.8371,-2.2988,-11.1455
22056,0.0344,-0.2142,9.7747,0.9513,0.0733,3.0761,-10.8590,-2.3020,-11.1552
22064,0.0158,-0.2774,9.6832,1.0217,0.0405,3.3723,-10.8847,-2.3100,-11.1615
22072,0.0467,-0.3059,9.7634,0.8676,0.1345,3.5463,-10.9126,-2.3146,-11.1711
22080,0.0396,-0.2702,9.8151,1.1843,-0.0290,3.7020,-10.9405,-2.3192,-11.1805
22088,0.0742,-0.1846,9.8040,1.2418,-0.1346,3.8482,-10.9682,-2.3238,-11.1899
22096,0.1534,-0.1450,9.8149,1.1661,-0.2783,3.8521,-10.9983,-2.3284,-11.1992
22104,0.2017,-0.1688,9.7555,1.2510,-0.3811,3.7678,-11.0283,-2.3329,-11.2085
22112,0.2619,-0.1725,9.7109,1.4309,-0.4473,3.7165,-11.0520,-2.3384,-11.2120
22120,0.3072,-0.1263,9.6815,1.4963,-0.5107,3.5981,-11.0757,-2.3415,-11.2187
22128,0.3492,-0.1259,9.6662,1.3935,-0.4459,3.4155,-11.0993,-2.3446,-11.2254
22136,0.3880,-0.1178,9.6652,1.2285,-0.2773,3.1129,-11.1200,-2.3471,-11.2349
22144,0.4496,-0.1305,9.7330,0.8014,-0.0975,2.7943,-11.1472,-2.3440,-11.2406
22152,0.4570,-0.1019,9.8163,0.7369,0.1892,2.5402,-11.1725,-2.3475,-11.2466
22160,0.4874,-0.0906,9.8397,0.5766,0.3487,2.1959,-11.1977,-2.3525,-11.2526
22168,0.4917,-0.1697,9.7816,0.2154,0.5492,1.8240,-11.2228,-2.3574,-11.2585
22176,0.4610,-0.1602,9.7582,0.6166,0.6502,1.5537,-11.2455,-2.3646,-11.2629
22184,0.4815,-0.1092,9.7338,0.7362,0.7016,1.2713,-11.2757,-2.3690,-11.2702
22192,0.4699,-0.0977,9.7496,0.4693,0.7320,0.8945,-11.3059,-2.3734,-11.2774
22200,0.4231,-0.0280,9.7934,0.4434,0.6197,0.6328,-11.3312,-2.3824,-11.2845
22208,0.4335,-0.0329,9.7416,0.1013,0.6003,0.2146,-11.3564,-2.3915,-11.2915
22216,0.4242,-0.0377,9.7484,-0.5565,0.6618,-0.0333,-11.3815,-2.4005,-11.2985
22224,0.3744,-0.0494,9.6990,-1.0096,0.6886,-0.3450,-11.4061,-2.4052,-11.3088
22232,0.3917,-0.0800,9.7235,-1.2641,0.7063,-0.6244,-11.4306,-2.4099,-11.3190
22240,0.3660,-0.1177,9.7685,-1.4062,0.6085,-0.9023,-11.4556,-2.4198,-11.3272
22248,0.3208,-0.0986,9.8429,-1.3848,0.5629,-1.0907,-11.4804,-2.4297,-11.3354
22256,0.3446,-0.0434,9.9531,-1.2869,0.5781,-1.3776,-11.4971,-2.4347,-11.3378
22264,0.3082,-0.0482,9.9234,-1.3614,0.6405,-1.6065,-11.5190,-2.4441,-11.3416
22272,0.2562,-0.0607,9.8714,-1.5179,0.8229,-1.8281,-11.5437,-2.4420,-11.3439
22280,0.2584,-0.0747,9.8281,-1.5102,0.9760,-2.0533,-11.5683,-2.4399,-11.3462
22288,0.3022,-0.0032,9.7989,-1.2736,0.8771,-2.3114,-11.5867,-2.4506,-11.3580
22296,0.3323,0.0998,9.7620,-1.0233,0.7825,-2.4409,-11.6092,-2.4561,-11.3616
22304,0.3523,0.0801,9.6858,-1.0852,0.7507,-2.6766,-11.6289,-2.4648,-11.3661
22312,0.3626,0.0404,9.6861,-1.3098,0.7363,-2.9768,-11.6537,-2.4717,-11.3743
22320,0.3651,0.0782,9.7064,-1.2099,0.6825,-3.3118,-11.6785,-2.4785,-11.3825
22328,0.4599,0.1844,9.7516,-1.1757,0.6497,-3.6295,-11.7032,-2.4853,-11.3906
22336,0.4718,0.1270,9.7197,-1.4524,0.6611,-3.8293,-11.7278,-2.4835,-11.3964
22344,0.4188,0.0655,9.6881,-1.3756,0.7652,-4.1590,-11.7523,-2.4817,-11.4020
22352,0.4547,0.0905,9.6758,-1.0061,0.8808,-4.3090,-11.7758,-2.4871,-11.4076
22360,0.4534,0.1058,9.7709,-1.0022,1.0234,-4.4257,-11.7992,-2.4924,-11.4132
22368,0.4359,0.1059,9.7945,-0.8437,1.1144,-4.5187,-11.8184,-2.4949,-11.4173
22376,0.4492,0.1585,9.8236,-0.6309,1.2654,-4.7036,-11.8440,-2.4930,-11.4204
22384,0.4544,0.1500,9.8258,-0.6434,1.4551,-4.9258,-11.8649,-2.4950,-11.4235
22392,0.3944,0.1993,9.8442,-0.5166,1.5859,-4.9942,-11.8852,-2.5012,-11.4284
22400,0.3379,0.2994,9.8408,-0.3261,1.7056,-5.0196,-11.9055,-2.5075,-11.4333
22408,0.3131,0.3154,9.8145,-0.2559,1.8708,-5.0920,-11.9314,-2.5098,-11.4348
22416,0.2598,0.3197,9.8262,-0.2501,1.8821,-5.0332,-11.9563,-2.5099,-11.4372
22424,0.1864,0.3214,9.8250,-0.2072,2.0182,-4.9236,-11.9797,-2.5160,-11.4373
22432,0.1260,0.3599,9.8303,-0.4595,2.1617,-4.8828,-12.0030,-2.5222,-11.4373
22440,0.0845,0.3737,9.8309,-0.5648,2.1549,-4.6731,-12.0262,-2.5283,-11.4373
22448,0.0478,0.3625,9.7955,-0.7135,2.0444,-4.3979,-12.0494,-2.5344,-11.4429
22456,0.0379,0.3082,9.7740,-0.8877,2.1040,-4.0975,-12.0725,-2.5405,-11.4485
22464,0.0403,0.3242,9.7773,-0.7716,2.0438,-3.8848,-12.0984,-2.5470,-11.4431
22472,-0.0176,0.3159,9.7948,-0.8445,1.9702,-3.4468,-12.1242,-2.5535,-11.4378
22480,-0.0805,0.3111,9.8877,-0.8770,1.9877,-3.0573,-12.1499,-2.5600,-11.4324
22488,-0.0518,0.3086,9.9398,-0.7214,1.8312,-2.6821,-12.1647,-2.5659,-11.4313
22496,-0.0003,0.3656,9.9260,-0.6952,1.7349,-2.3580,-12.1794,-2.5719,-11.4382
22504,-0.0020,0.3206,9.8547,-0.9208,1.8268,-2.0214,-12.1973,-2.5755,-11.4404
22512,0.0010,0.2671,9.8029,-1.0486,1.8240,-1.7075,-12.2153,-2.5790,-11.4425
22520,0.0525,0.2915,9.7397,-0.6108,1.6986,-1.5194,-12.2379,-2.5797,-11.4422
22528,0.0977,0.3474,9.6747,-0.3415,1.5734,-1.2275,-12.2543,-2.5823,-11.4390
22536,0.1550,0.3291,9.7038,-0.4333,1.3844,-1.0950,-12.2791,-2.5929,-11.4377
22544,0.1782,0.3295,9.7502,-0.1771,1.1556,-0.9203,-12.3053,-2.5926,-11.4445
22552,0.3308,0.4222,9.8154,0.0093,1.0461,-0.8679,-12.3315,-2.5923,-11.4512
22560,0.3272,0.3532,9.7765,-0.1432,1.0961,-0.8658,-12.3466,-2.5930,-11.4522
22568,0.2866,0.3385,9.7581,-0.1636,1.2106,-0.8025,-12.3618,-2.5936,-11.4531
22576,0.3870,0.3447,9.7306,0.2381,1.2294,-0.8806,-12.3830,-2.5994,-11.4502
22584,0.3954,0.3463,9.7161,0.5743,1.3540,-0.9740,-12.4042,-2.6052,-11.4474
22592,0.3665,0.3250,9.7563,0.5838,1.4972,-1.1726,-12.4253,-2.6110,-11.4445
22600,0.4019,0.3248,9.9112,0.8596,1.5808,-1.1838,-12.4468,-2.6111,-11.4458
22608,0.3519,0.3520,9.9725,1.1099,1.5328,-1.2159,-12.4668,-2.6136,-11.4448
22616,0.3459,0.3971,9.9573,1.0880,1.5562,-1.4172,-12.4877,-2.6108,-11.4433
22624,0.3427,0.3609,9.8275,1.0697,1.4772,-1.6445,-12.5086,-2.6081,-11.4417
22632,0.3202,0.3159,9.7915,0.8789,1.3910,-1.8697,-12.5298,-2.6143,-11.4383
22640,0.3359,0.2368,9.7694,0.9897,1.2393,-2.0158,-12.5496,-2.6168,-11.4362
22648,0.2967,0.2642,9.7353,1.1730,1.0808,-2.2329,-12.5708,-2.6215,-11.4342
22656,0.2080,0.3112,9.6945,1.0897,0.9640,-2.4404,-12.5895,-2.6168,-11.4330
22664,0.2817,0.2933,9.7090,0.6340,1.0176,-2.7455,-12.6081,-2.6122,-11.4319
22672,0.3347,0.2925,9.6770,0.7289,0.8075,-2.9813,-12.6267,-2.6170,-11.4284
22680,0.2752,0.2589,9.6726,0.3263,0.9052,-3.1881,-12.6453,-2.6217,-11.4248
22688,0.2555,0.1744,9.6573,-0.0587,1.0014,-3.3566,-12.6642,-2.6251,-11.4241
22696,0.2600,0.2423,9.8047,0.2825,1.1094,-3.5363,-12.6831,-2.6284,-11.4234
22704,0.1916,0.2741,9.8852,0.4461,0.9913,-3.6175,-12.7020,-2.6317,-11.4226
22712,0.2027,0.2205,9.8643,0.0612,1.1370,-3.7405,-12.7255,-2.6360,-11.4153
22720,0.2154,0.1961,9.7647,0.1784,1.2763,-3.9221,-12.7489,-2.6402,-11.4079
22728,0.1672,0.1786,9.7620,0.3412,1.3083,-4.0931,-12.7690,-2.6435,-11.4005
22736,0.2607,0.2192,9.7282,0.4009,1.3308,-4.3180,-12.7919,-2.6458,-11.4016
22744,0.2073,0.2728,9.6757,0.5060,1.1390,-4.5437,-12.8146,-2.6481,-11.4028
22752,0.1868,0.1583,9.7029,0.1318,1.1983,-4.7195,-12.8336,-2.6480,-11.3958
22760,0.1873,-0.1968,9.4870,-1.0900,1.3403,-5.0476,-12.8534,-2.6499,-11.3903
22768,0.2133,-0.4630,9.2293,-1.6423,1.5481,-4.6681,-12.8717,-2.6502,-11.3805
22776,0.2255,-0.6538,9.1700,-2.9092,1.8881,-4.2464,-12.8990,-2.6506,-11.3708
22784,0.1527,-1.1894,9.6485,-3.3340,2.1173,-3.9926,-12.9262,-2.6543,-11.3662
22792,0.0868,-1.1120,10.3738,-3.5803,2.1525,-4.1419,-12.9533,-2.6533,-11.3640
22800,-0.0270,-0.7655,10.6990,-2.0798,1.9887,-4.1966,-12.9713,-2.6565,-11.3632
22808,-0.0749,-0.6875,10.4927,-0.6396,1.8242,-4.3902,-12.9893,-2.6597,-11.3625
22816,0.0116,-0.7444,9.9411,0.8603,1.9362,-4.5248,-13.0072,-2.6629,-11.3617
22824,-0.0373,-0.7052,9.4903,2.0386,2.2512,-4.3841,-13.0303,-2.6642,-11.3570
22832,-0.0696,-0.5072,9.2951,1.9441,2.4939,-4.0469,-13.0533,-2.6654,-11.3524
22840,-0.0693,-0.2738,9.1959,1.7923,2.3392,-3.3858,-13.0696,-2.6591,-11.3440
22848,-0.0562,0.0750,9.4013,0.8366,2.1913,-3.1216,-13.0859,-2.6528,-11.3357
22856,-0.1605,0.2379,9.5621,-0.5414,1.9539,-3.0076,-13.1021,-2.6465,-11.3273
22864,-0.1187,0.1244,9.6949,-3.1710,1.8095,-2.8266,-13.1182,-2.6479,-11.3180
22872,-0.1556,-0.1213,10.0195,-5.2617,2.1942,-2.6695,-13.1320,-2.6492,-11.3134
22880,-0.1885,-0.3587,10.1420,-4.3410,1.7673,-2.5033,-13.1514,-2.6420,-11.3088
22888,-0.1965,-0.4669,10.1581,-3.2925,1.6977,-2.4297,-13.1683,-2.6466,-11.2986
22896,-0.1581,-0.4633,10.2191,-1.0500,1.5539,-2.0686,-13.1852,-2.6512,-11.2883
22904,-0.1461,-0.4153,10.1933,1.0039,1.4430,-1.6647,-13.2002,-2.6516,-11.2786
22912,-0.1208,-0.2913,10.1626,2.8612,1.3184,-1.3798,-13.2175,-2.6533,-11.2689
22920,-0.1137,-0.1199,10.0711,4.0613,1.3484,-1.1473,-13.2347,-2.6551,-11.2592
22928,-0.1329,0.0489,9.8516,3.8197,1.2546,-0.9943,-13.2547,-2.6564,-11.2509
22936,-0.1361,0.2130,9.6238,2.7406,1.0661,-0.5947,-13.2747,-2.6577,-11.2426
22944,-0.0711,0.3851,9.4724,0.5540,0.8832,-0.1912,-13.2946,-2.6589,-11.2344
22952,-0.0428,0.3442,9.5235,-1.3209,0.7430,0.0453,-13.3130,-2.6569,-11.2200
22960,-0.0774,0.1518,9.5629,-2.3405,0.5450,0.2154,-13.3314,-2.6548,-11.2056
22968,-0.0494,-0.0114,9.7330,-1.8782,0.0409,0.3275,-13.3511,-2.6513,-11.1974
22976,-0.0022,-0.0042,9.9223,-1.8014,-0.3798,0.5759,-13.3708,-2.6479,-11.1893
22984,0.0978,0.0662,9.9548,-1.8267,-0.6675,0.6855,-13.3928,-2.6444,-11.1792
22992,0.1415,0.0719,10.0028,-1.4829,-0.7105,0.8384,-13.4071,-2.6424,-11.1697
23000,0.1153,-0.0030,9.8609,-1.6714,-0.6797,0.8538,-13.4223,-2.6461,-11.1582
23008,0.2552,-0.0608,9.8691,-1.5397,-0.3516,0.9700,-13.4375,-2.6497,-11.1468
23016,0.2329,-0.0425,9.7827,-1.0884,-0.0644,0.9823,-13.4512,-2.6487,-11.1378
23024,0.1835,0.0151,9.6918,-0.7209,0.3861,1.0395,-13.4673,-2.6452,-11.1297
23032,0.2053,0.1008,9.6993,-0.3907,0.6863,1.1609,-13.4823,-2.6465,-11.1174
23040,0.1422,0.1817,9.6614,-0.5150,1.0347,1.1089,-13.4988,-2.6482,-11.1042
23048,0.0987,0.1514,9.7250,-1.1139,1.2105,1.1872,-13.5152,-2.6500,-11.0910
23056,0.0329,0.0698,9.7648,-1.3799,1.1120,1.1554,-13.5315,-2.6517,-11.0778
23064,-0.0088,0.0839,9.7726,-1.4316,0.8045,1.2504,-13.5482,-2.6530,-11.0680
23072,-0.0061,0.0483,9.6982,-1.5344,0.5984,1.2771,-13.5649,-2.6542,-11.0582
23080,-0.0054,-0.0171,9.7556,-1.1740,0.3613,1.3241,-13.5783,-2.6555,-11.0470
23088,0.0271,-0.0840,9.8011,-0.5841,0.1026,1.4890,-13.5916,-2.6567,-11.0358
23096,0.0702,-0.0234,9.8428,0.2068,-0.1528,1.6120,-13.6048,-2.6580,-11.0246
23104,0.0672,-0.0961,9.8924,0.0750,0.0056,1.6416,-13.6285,-2.6601,-11.0182
23112,0.0988,-0.0690,9.8106,0.2743,-0.0109,1.7526,-13.6440,-2.6637,-11.0062
23120,0.1368,0.0207,9.8528,0.0996,0.1733,1.7788,-13.6651,-2.6588,-10.9950
23128,0.1699,-0.0826,9.7197,0.0339,0.2375,1.8838,-13.6862,-2.6538,-10.9840
23136,0.2072,-0.1843,9.7172,-0.3117,0.3282,1.9229,-13.6926,-2.6570,-10.9677
23144,0.2477,-0.3155,9.5505,-0.0528,0.2389,1.9549,-13.7003,-2.6601,-10.9548
23152,0.2916,-0.2365,9.5550,0.5628,0.0842,1.9029,-13.7104,-2.6656,-10.9410
23160,0.3879,-0.2215,9.7098,0.1675,-0.0210,1.8612,-13.7209,-2.6677,-10.9267
23168,0.4267,-0.3784,9.8431,-0.6719,-0.1350,1.7706,-13.7314,-2.6699,-10.9124
23176,0.4418,-0.3895,9.7988,-0.7732,-0.3240,1.4893,-13.7457,-2.6672,-10.8959
23184,0.5479,-0.2907,9.6718,-0.9581,-0.5021,1.1776,-13.7599,-2.6646,-10.8794
23192,0.6685,-0.2838,9.6911,-1.4522,-0.4617,0.8183,-13.7755,-2.6625,-10.8667
23200,0.7134,-0.4069,9.6577,-1.9061,-0.4471,0.5199,-13.7910,-2.6604,-10.8540
23208,0.7564,-0.4705,9.7827,-1.7028,-0.2572,0.1440,-13.8065,-2.6583,-10.8413
23216,0.8002,-0.4774,9.8052,-1.5671,-0.1182,-0.2261,-13.8210,-2.6552,-10.8231
23224,0.9264,-0.2824,9.9189,-1.4746,0.1747,-0.7908,-13.8312,-2.6550,-10.8067
23232,0.8553,-0.1305,9.8843,-1.3968,0.3108,-1.2907,-13.8451,-2.6539,-10.7975
23240,0.8072,-0.0928,9.8060,-1.7251,0.6517,-1.8621,-13.8590,-2.6527,-10.7883
23248,0.8176,-0.1748,9.7010,-1.9404,0.9376,-2.4005,-13.8720,-2.6544,-10.7725
23256,0.6875,-0.2208,9.7099,-1.9622,1.0670,-3.1581,-13.8886,-2.6538,-10.7601
23264,0.6596,-0.1331,9.6783,-1.5458,0.9187,-3.7171,-13.8991,-2.6517,-10.7443
23272,0.6352,0.0829,9.7253,-0.9476,0.6383,-4.3158,-13.9081,-2.6467,-10.7305
23280,0.5562,0.1723,9.6972,-0.8102,0.4288,-4.8855,-13.9171,-2.6418,-10.7168
23288,0.5558,0.1652,9.7187,-1.0202,0.2898,-5.5584,-13.9369,-2.6397,-10.7012
23296,0.5372,0.1169,9.7350,-1.1409,0.0529,-6.1458,-13.9567,-2.6377,-10.6856
23304,0.5946,0.1671,9.7443,-1.1124,-0.1870,-6.7796,-13.9755,-2.6347,-10.6701
23312,0.5964,0.2092,9.7809,-1.0825,-0.3124,-7.4069,-13.9942,-2.6317,-10.6546
23320,0.5612,0.2479,9.7935,-0.7552,-0.3283,-7.8122,-14.0129,-2.6287,-10.6391
23328,0.5494,0.2295,9.8770,-0.5036,-0.3355,-8.3011,-14.0253,-2.6243,-10.6251
23336,0.5300,0.1441,9.9051,-0.1350,-0.1905,-8.7179,-14.0377,-2.6199,-10.6111
23344,0.5002,0.1712,9.9460,0.1509,0.0629,-9.1165,-14.0572,-2.6203,-10.5981
23352,0.4819,0.1920,9.9511,0.4669,0.2919,-9.4763,-14.0766,-2.6207,-10.5852
23360,0.4334,0.2601,9.8815,0.7451,0.3616,-9.8097,-14.0960,-2.6224,-10.5699
23368,0.4219,0.3549,9.9821,0.9604,0.4922,-10.1713,-14.1148,-2.6152,-10.5575
23376,0.3427,0.2257,9.8321,0.6597,0.5984,-10.4716,-14.1322,-2.6104,-10.5395
23384,0.3334,0.1849,9.8399,0.8122,0.6013,-10.6682,-14.1561,-2.6051,-10.5257
23392,0.3200,0.3110,9.7977,1.3819,0.4094,-10.8962,-14.1799,-2.5998,-10.5120
23400,0.3097,0.3746,9.8789,1.0148,0.4526,-11.0528,-14.2009,-2.5950,-10.4950
23408,0.2521,0.3100,9.8308,0.5277,0.6086,-11.2000,-14.2212,-2.5921,-10.4752
23416,0.1417,0.3923,9.8409,0.4379,0.5844,-11.2660,-14.2420,-2.5850,-10.4564
23424,0.1597,0.3666,9.9153,0.1467,0.6786,-11.2945,-14.2628,-2.5779,-10.4377
23432,0.0964,0.2782,9.9083,-0.2918,0.7206,-11.1458,-14.2835,-2.5708,-10.4190
23440,0.0276,0.2702,9.9612,-0.1458,0.5529,-10.9182,-14.3027,-2.5699,-10.4023
23448,0.0164,0.2406,9.8888,0.0312,0.5844,-10.7752,-14.3218,-2.5690,-10.3856
23456,-0.0492,0.2280,9.9012,-0.0022,0.6013,-10.4839,-14.3480,-2.5657,-10.3690
23464,-0.0581,0.2165,9.8810,0.3259,0.6094,-10.2159,-14.3669,-2.5657,-10.3481
23472,-0.0416,0.2731,9.8609,0.6102,0.4412,-9.8983,-14.3859,-2.5658,-10.3273
23480,-0.0903,0.3280,9.8623,0.6635,0.4030,-9.5253,-14.4095,-2.5658,-10.3132
23488,-0.0839,0.3275,9.7584,0.6131,0.3531,-9.1553,-14.4307,-2.5706,-10.2948
23496,-0.0599,0.3062,9.7649,0.4075,0.1827,-8.8281,-14.4489,-2.5687,-10.2756
23504,-0.1142,0.2326,9.7868,0.2217,0.0972,-8.4512,-14.4647,-2.5669,-10.2564
23512,-0.0746,0.2672,9.8135,0.3799,-0.1287,-8.0962,-14.4805,-2.5641,-10.2373
23520,-0.0145,0.2880,9.8221,0.7312,-0.2593,-7.7673,-14.4944,-2.5641,-10.2154
23528,-0.0263,0.2312,9.8336,0.6832,-0.2589,-7.5035,-14.5115,-2.5623,-10.1963
23536,0.0597,0.1707,9.8827,0.9386,-0.3945,-7.1712,-14.5286,-2.5604,-10.1774
23544,0.0441,0.1775,9.9011,1.2575,-0.3455,-6.9494,-14.5456,-2.5586,-10.1585
23552,0.0928,0.1331,9.9083,1.3384,-0.0613,-6.7240,-14.5739,-2.5473,-10.1387
23560,0.0864,0.1593,9.8022,1.7279,-0.0695,-6.5379,-14.6021,-2.5360,-10.1189
23568,0.0874,0.1822,9.9253,1.8789,0.1253,-6.2771,-14.6246,-2.5380,-10.0969
23576,0.0901,0.1897,9.9270,2.2873,0.1275,-6.1318,-14.6470,-2.5400,-10.0749
23584,0.1326,0.0913,9.8829,1.8219,0.1724,-5.9795,-14.6693,-2.5420,-10.0529
23592,0.1643,0.0486,9.7975,2.1689,0.1166,-5.6872,-14.6916,-2.5393,-10.0278
23600,0.0244,0.1449,9.7858,2.2499,0.0712,-5.4424,-14.7128,-2.5342,-10.0050
23608,0.1069,0.1455,9.6763,2.2742,0.1079,-5.2162,-14.7297,-2.5310,-9.9838
23616,0.1151,0.1952,9.7240,2.1560,0.1296,-5.0826,-14.7328,-2.5430,-9.9588
23624,0.0345,0.1937,9.7316,2.0830,0.0650,-4.8935,-14.7360,-2.5549,-9.9339
23632,0.1074,0.2028,9.8108,1.6052,0.1232,-4.7314,-14.7424,-2.5659,-9.9062
23640,0.1183,0.1906,9.8981,1.2069,0.2883,-4.4350,-14.7455,-2.5801,-9.8824
23648,0.0288,0.1799,9.8991,0.9408,0.3447,-4.2956,-14.7523,-2.5891,-9.8600
23656,-0.0672,0.1562,9.9019,0.6409,0.3667,-3.9623,-14.7739,-2.5914,-9.8416
23664,-0.0726,0.1102,9.9026,0.5862,0.4811,-3.6675,-14.7953,-2.5937,-9.8232
23672,-0.1025,0.0963,9.7602,0.9205,0.3292,-3.3003,-14.8167,-2.5959,-9.8048
23680,-0.1200,0.0846,9.6969,1.0642,0.2265,-2.9332,-14.8342,-2.5911,-9.7855
23688,-0.1262,0.1219,9.7002,1.1562,0.0430,-2.3555,-14.8517,-2.5863,-9.7663
23696,-0.1597,0.1743,9.7693,1.1136,0.0116,-1.8057,-14.8677,-2.5857,-9.7420
23704,-0.1580,0.2153,9.7243,0.8622,-0.0639,-1.0959,-14.8837,-2.5851,-9.7177
23712,-0.1475,0.2593,9.7756,0.3791,-0.0426,-0.5692,-14.9048,-2.5788,-9.6973
23720,-0.1260,0.1870,9.8097,-0.0562,-0.0517,0.1078,-14.9197,-2.5754,-9.6688
23728,-0.1672,0.1025,9.8073,-0.3471,-0.0230,0.8166,-14.9379,-2.5649,-9.6481
23736,-0.2728,0.0870,9.8835,-0.1133,0.1164,1.4810,-14.9560,-2.5544,-9.6274
23744,-0.2992,0.0002,9.9246,0.1129,0.1751,2.3003,-14.9731,-2.5459,-9.6096
23752,-0.3052,0.0013,9.8817,0.6146,0.1431,2.9852,-14.9911,-2.5416,-9.5866
23760,-0.3139,0.0556,9.9162,1.3130,0.2246,3.7654,-15.0043,-2.5373,-9.5637
23768,-0.3769,0.0578,9.7552,1.6315,0.1506,4.5035,-15.0160,-2.5378,-9.5466
23776,-0.3810,-0.0276,9.7907,1.0508,0.1837,5.1347,-15.0278,-2.5382,-9.5295
23784,-0.2818,-0.0817,9.7323,1.1648,0.1568,5.7730,-15.0394,-2.5387,-9.5125
23792,-0.3628,0.0789,9.6658,1.5378,-0.1623,6.4979,-15.0572,-2.5358,-9.4874
23800,-0.3237,0.0889,9.6611,1.2945,-0.1715,7.0606,-15.0750,-2.5330,-9.4625
23808,-0.2144,0.0160,9.7339,1.1711,-0.3109,7.6626,-15.0884,-2.5343,-9.4418
23816,-0.2796,0.0229,9.7542,1.5572,-0.4575,8.2302,-15.1018,-2.5357,-9.4213
23824,-0.1886,0.0319,9.8013,1.6810,-0.3205,8.8798,-15.1151,-2.5371,-9.4008
23832,-0.1337,0.0423,9.9067,1.2741,-0.0507,9.3542,-15.1289,-2.5318,-9.3841
23840,-0.1418,0.1059,9.9179,1.5997,-0.0567,9.9253,-15.1379,-2.5290,-9.3609
23848,-0.0954,0.1680,9.8337,1.6603,0.0148,10.4633,-15.1492,-2.5223,-9.3377
23856,-0.0011,0.1062,9.7880,1.2543,0.1019,10.7779,-15.1605,-2.5156,-9.3146
23864,-0.0724,0.0075,9.6378,1.0928,-0.0494,11.1880,-15.1703,-2.5095,-9.2930
23872,-0.1287,0.0799,9.6067,1.2289,-0.0075,11.4468,-15.1806,-2.5042,-9.2700
23880,-0.0348,0.1199,9.6837,1.0365,0.0005,11.6383,-15.1923,-2.4972,-9.2419
23888,-0.0223,0.1716,9.7115,0.8098,-0.0397,11.7495,-15.1997,-2.4901,-9.2162
23896,0.0469,0.0753,9.7586,0.4356,0.0818,11.8771,-15.2070,-2.4830,-9.1906
23904,0.0639,0.0652,9.8717,0.0352,0.2406,11.8498,-15.2167,-2.4798,-9.1684
23912,0.0110,0.0118,9.8794,0.0416,0.4112,11.8077,-15.2264,-2.4765,-9.1463
23920,-0.0368,0.0310,9.8257,-0.0429,0.3983,11.7435,-15.2374,-2.4714,-9.1223
23928,0.0014,0.0424,9.7876,0.1029,0.4099,11.6527,-15.2485,-2.4662,-9.0984
23936,0.1262,0.0203,9.6931,0.1783,0.4024,11.2752,-15.2594,-2.4611,-9.0746
23944,0.1502,0.0414,9.6808,0.3998,0.4539,11.0663,-15.2680,-2.4508,-9.0499
23952,0.0887,0.0491,9.5536,0.2676,0.3565,10.8664,-15.2738,-2.4448,-9.0282
23960,0.1218,0.0610,9.7372,-0.1495,0.5273,10.4220,-15.2809,-2.4364,-9.0065
23968,0.1654,-0.0593,9.7531,-0.4337,0.6266,10.0610,-15.2880,-2.4280,-8.9848
23976,0.1357,0.0108,9.7297,-0.4627,0.4390,9.7372,-15.2965,-2.4240,-8.9613
23984,0.1862,0.0095,9.7677,-0.6506,0.6675,9.3608,-15.3050,-2.4175,-8.9337
23992,0.2009,-0.0463,9.8035,-0.6382,0.6941,8.9689,-15.3162,-2.4116,-8.9089
24000,0.0913,-0.0931,9.7306,-0.2903,0.5862,8.5301,-15.3194,-2.4085,-8.8899
24008,0.0863,-0.0626,9.7558,0.1437,0.5763,8.0172,-15.3226,-2.4054,-8.8710
24016,0.1169,-0.0164,9.7772,0.2547,0.4388,7.6388,-15.3329,-2.3985,-8.8464
24024,0.0695,0.0961,9.7747,0.5901,0.3900,7.1008,-15.3432,-2.3917,-8.8220
24032,0.1071,0.1332,9.7292,0.6629,0.3381,6.6638,-15.3539,-2.3867,-8.7947
24040,0.1800,0.1585,9.7058,0.4419,0.2484,6.2432,-15.3645,-2.3818,-8.7675
24048,0.1333,0.1159,9.6481,0.1265,0.0479,5.8543,-15.3752,-2.3769,-8.7404
24056,0.2150,0.1370,9.6461,-0.0311,-0.0344,5.3597,-15.3820,-2.3710,-8.7172
24064,0.2780,0.2207,9.7385,-0.0218,-0.0678,4.8628,-15.3888,-2.3652,-8.6941
24072,0.2613,0.2000,9.7497,-0.1435,-0.1238,4.2543,-15.3984,-2.3627,-8.6682
24080,0.2529,0.2185,9.8382,-0.2840,-0.1640,3.8750,-15.4080,-2.3602,-8.6423
24088,0.2599,0.1378,9.8417,-0.4236,0.0376,3.3950,-15.4185,-2.3576,-8.6166
24096,0.2836,0.1746,9.8737,-0.4131,0.1611,3.0400,-15.4266,-2.3504,-8.5942
24104,0.2672,0.1924,9.9185,-0.4324,0.3911,2.6712,-15.4318,-2.3522,-8.5657
24112,0.2728,0.1602,9.8424,-0.4029,0.5711,2.2332,-15.4323,-2.3431,-8.5359
24120,0.3094,0.1980,9.8351,-0.3560,0.7352,1.7424,-15.4328,-2.3340,-8.5062
24128,0.2509,0.2113,9.8626,-0.1858,0.9374,1.3263,-15.4432,-2.3362,-8.4728
24136,0.1866,0.1805,9.7436,-0.5031,0.8135,0.8591,-15.4460,-2.3333,-8.4457
24144,0.2017,0.2715,9.7798,-0.5931,0.7804,0.5137,-15.4516,-2.3380,-8.4205
24152,0.0970,0.2172,9.7247,-0.9806,0.8153,0.1674,-15.4573,-2.3426,-8.3954
24160,0.0838,0.2496,9.7778,-1.3057,0.9021,-0.2465,-15.4629,-2.3472,-8.3704
24168,0.1679,0.2434,9.7616,-1.4007,0.8037,-0.6476,-15.4708,-2.3409,-8.3408
24176,0.1033,0.2282,9.7902,-1.4115,0.7816,-0.8124,-15.4788,-2.3346,-8.3112
24184,-0.0043,0.1612,9.8366,-1.3685,0.7952,-0.9514,-15.4876,-2.3317,-8.2907
24192,0.0180,0.1046,9.9100,-1.2740,0.8962,-1.1243,-15.4979,-2.3278,-8.2660
24200,-0.0068,0.1782,9.9417,-0.5064,0.7154,-1.2817,-15.5081,-2.3239,-8.2414
24208,-0.0716,0.2494,9.9031,-0.2630,0.7585,-1.3948,-15.5183,-2.3115,-8.2168
24216,-0.0092,0.2377,9.8581,-0.1288,0.9891,-1.4950,-15.5275,-2.3053,-8.1933
24224,-0.0064,0.2067,9.8652,-0.0619,0.9669,-1.6869,-15.5391,-2.2967,-8.1642
24232,-0.0353,0.2524,9.8585,0.1034,0.9431,-1.7743,-15.5496,-2.2910,-8.1351
24240,-0.0824,0.2605,9.8209,0.1468,0.8056,-1.7699,-15.5602,-2.2853,-8.1152
24248,-0.1327,0.2432,9.8617,0.1003,0.8448,-1.6457,-15.5697,-2.2740,-8.0939
24256,-0.1141,0.2590,9.8361,0.5492,0.6742,-1.4816,-15.5825,-2.2736,-8.0702
24264,-0.1359,0.1540,9.8102,0.5438,0.4258,-1.2606,-15.5953,-2.2731,-8.0467
24272,-0.1739,0.1578,9.8830,0.7573,0.3350,-1.1347,-15.6081,-2.2727,-8.0232
24280,-0.2543,0.1535,9.9715,1.0815,0.2694,-0.8783,-15.6199,-2.2685,-7.9974
24288,-0.3197,0.1368,9.9938,1.3728,0.2254,-0.4811,-15.6316,-2.2643,-7.9717
24296,-0.2578,0.1500,9.8874,1.7420,0.1566,-0.2186,-15.6400,-2.2587,-7.9485
24304,-0.2969,0.1451,9.8462,1.8471,0.2668,0.1444,-15.6483,-2.2530,-7.9253
24312,-0.2800,0.1178,9.7569,1.9103,0.3616,0.4303,-15.6567,-2.2475,-7.9022
24320,-0.2646,0.2052,9.8142,2.1867,0.4442,0.8742,-15.6640,-2.2352,-7.8777
24328,-0.3300,0.1508,9.6675,2.0777,0.5258,1.2561,-15.6714,-2.2330,-7.8567
24336,-0.3062,0.1600,9.7027,1.8481,0.5666,1.6507,-15.6787,-2.2284,-7.8333
24344,-0.3130,0.1568,9.7110,1.7459,0.5789,1.9746,-15.6931,-2.2238,-7.8133
24352,-0.3068,0.1444,9.6852,1.5681,0.5667,2.3830,-15.7074,-2.2193,-7.7934
24360,-0.2748,0.1304,9.7479,1.1262,0.5150,2.6590,-15.7165,-2.2128,-7.7659
24368,-0.2932,0.0413,9.7232,1.0209,0.5082,2.9601,-15.7213,-2.2116,-7.7395
24376,-0.2666,0.0977,9.8105,1.0055,0.4964,3.2055,-15.7237,-2.2070,-7.7141
24384,-0.1632,0.0772,9.7698,1.1375,0.5464,3.4721,-15.7318,-2.2030,-7.6931
24392,-0.0273,0.0851,9.8031,1.0770,0.6369,3.6710,-15.7399,-2.1989,-7.6721
24400,-0.0233,0.0718,9.8200,1.1312,0.7422,3.8746,-15.7480,-2.1949,-7.6512
24408,-0.0237,0.0975,9.8230,0.9270,0.7894,3.9600,-15.7569,-2.1800,-7.6223
24416,-0.0209,0.1012,9.8153,0.5984,0.9280,3.9483,-15.7659,-2.1651,-7.5935
24424,0.0172,0.1009,9.8173,0.3002,1.0258,3.9584,-15.7753,-2.1555,-7.5757
24432,0.0562,0.0355,9.7960,-0.0196,1.0074,4.0961,-15.7846,-2.1459,-7.5579
24440,-0.0306,-0.0551,9.7867,-0.1922,1.0377,4.2224,-15.7939,-2.1363,-7.5402
24448,-0.0453,-0.0742,9.8840,-0.1438,1.1388,4.2552,-15.8047,-2.1268,-7.5154
24456,-0.0774,-0.1225,9.9374,-0.0096,1.1474,4.2439,-15.8130,-2.1234,-7.4874
24464,-0.1250,-0.1352,9.8873,0.3188,0.9823,4.2811,-15.8213,-2.1201,-7.4594
24472,-0.1021,-0.1203,9.8971,0.7021,1.0111,4.3354,-15.8291,-2.1115,-7.4392
24480,-0.1228,-0.1337,9.8085,0.9753,0.8573,4.3446,-15.8349,-2.1049,-7.4171
24488,-0.1320,-0.0839,9.7247,1.1913,0.6835,4.5054,-15.8417,-2.0969,-7.3941
24496,-0.1967,-0.0178,9.6849,1.3258,0.6694,4.5018,-15.8457,-2.0907,-7.3693
24504,-0.1962,-0.0118,9.6948,1.1211,0.5145,4.4077,-15.8496,-2.0846,-7.3446
24512,-0.2011,0.0223,9.6391,1.0240,0.3531,4.2004,-15.8540,-2.0767,-7.3218
24520,-0.2547,0.0377,9.6247,0.8859,0.0708,3.9729,-15.8607,-2.0687,-7.3001
24528,-0.1725,0.0321,9.7219,0.5084,-0.1299,3.8246,-15.8675,-2.0608,-7.2784
24536,-0.1155,-0.0482,9.7898,0.4088,-0.3378,3.6081,-15.8732,-2.0566,-7.2545
24544,-0.1290,-0.0233,9.9228,0.6122,-0.4699,3.4625,-15.8790,-2.0525,-7.2306
24552,-0.1417,-0.0350,9.8777,0.7774,-0.6176,3.3339,-15.8847,-2.0484,-7.2067
24560,-0.0716,-0.0050,9.8306,1.0740,-0.7562,3.1442,-15.8909,-2.0425,-7.1849
24568,-0.0802,-0.0257,9.7593,1.2643,-0.7287,2.9682,-15.8951,-2.0384,-7.1588
24576,-0.0624,-0.0208,9.7507,1.2569,-0.5691,2.8878,-15.9008,-2.0319,-7.1385
24584,-0.0505,0.0242,9.7986,1.2392,-0.4458,2.7523,-15.9064,-2.0255,-7.1183
24592,-0.0510,0.0531,9.7153,1.0517,-0.4506,2.7508,-15.9130,-2.0191,-7.0915
24600,0.0022,0.1408,9.7228,0.7683,-0.4924,2.4746,-15.9243,-2.0113,-7.0695
24608,0.0071,0.0543,9.7145,0.4520,-0.4285,2.3492,-15.9356,-2.0021,-7.0486
24616,0.0275,0.0379,9.7968,0.3255,-0.4233,2.2026,-15.9416,-1.9949,-7.0305
24624,0.0222,0.0409,9.9054,0.3565,-0.4397,2.2224,-15.9476,-1.9876,-7.0125
24632,0.0311,0.0327,9.9253,0.2662,-0.4874,2.1107,-15.9555,-1.9799,-6.9941
24640,0.0911,0.0640,9.9575,0.4812,-0.4237,2.0785,-15.9633,-1.9722,-6.9758
24648,0.0657,0.0258,9.8203,0.6628,-0.4294,1.9118,-15.9759,-1.9660,-6.9527
24656,0.0828,0.0809,9.7769,0.8337,-0.2082,1.9256,-15.9884,-1.9597,-6.9297
24664,0.0664,0.0530,9.7498,0.7065,0.1473,1.8749,-16.0009,-1.9535,-6.9068
24672,0.0989,0.0632,9.7440,0.5449,0.3059,1.8423,-16.0081,-1.9431,-6.8869
24680,0.1552,0.1257,9.7328,0.2250,0.3963,1.6966,-16.0153,-1.9327,-6.8669
24688,0.1378,0.1254,9.8038,-0.0302,0.4881,1.6212,-16.0263,-1.9251,-6.8433
24696,0.1229,0.0795,9.7222,-0.3196,0.6425,1.4291,-16.0372,-1.9176,-6.8197
24704,0.1810,0.0061,9.7345,-0.4923,0.8541,1.2187,-16.0401,-1.9148,-6.7986
24712,0.1366,-0.0585,9.7707,-0.2948,0.8538,1.0949,-16.0510,-1.9087,-6.7841
24720,0.1210,-0.0445,9.8672,-0.2287,0.7922,0.8778,-16.0571,-1.9074,-6.7593
24728,0.1082,-0.0314,9.8781,0.0346,0.8720,0.7902,-16.0661,-1.9004,-6.7398
24736,0.0424,0.0229,9.8614,0.2064,0.8176,0.6238,-16.0750,-1.8934,-6.7203
24744,0.0303,-0.0547,9.7512,0.1200,0.7816,0.4913,-16.0811,-1.8883,-6.6971
24752,0.0243,-0.1071,9.7584,-0.1333,0.7419,0.3700,-16.0885,-1.8809,-6.6782
24760,-0.0148,-0.0270,9.8648,0.1231,0.6292,0.3073,-16.0936,-1.8749,-6.6585
24768,-0.0456,-0.0179,9.8207,0.0457,0.5054,0.3886,-16.0986,-1.8690,-6.6388
24776,-0.0011,-0.0305,9.8706,-0.2924,0.4030,0.3838,-16.1037,-1.8630,-6.6192
24784,0.0410,-0.0784,9.8697,-0.0476,0.0812,0.4191,-16.1125,-1.8552,-6.5953
24792,0.0222,-0.1031,9.9194,0.0050,-0.0160,0.5143,-16.1212,-1.8474,-6.5716
24800,0.0133,-0.1204,9.9622,0.0314,-0.0662,0.4479,-16.1300,-1.8396,-6.5517
24808,0.0400,-0.1328,9.9585,0.2780,-0.1809,0.4778,-16.1387,-1.8318,-6.5318
24816,0.1123,-0.1683,9.9182,0.3885,-0.2532,0.4797,-16.1436,-1.8269,-6.5135
24824,0.2020,-0.1160,9.8381,0.6941,-0.3277,0.4255,-16.1490,-1.8178,-6.4923
24832,0.2266,-0.1157,9.8152,0.7463,-0.1963,0.3577,-16.1524,-1.8106,-6.4651
24840,0.1628,-0.1642,9.8415,0.6763,-0.0146,0.1542,-16.1592,-1.8005,-6.4479
24848,0.1756,-0.1734,9.8402,0.7613,-0.0489,0.0209,-16.1659,-1.7905,-6.4307
24856,0.2638,-0.1252,9.7779,0.9040,-0.0230,-0.1118,-16.1731,-1.7881,-6.4094
24864,0.2060,-0.0889,9.7658,0.7417,0.0231,-0.2015,-16.1798,-1.7753,-6.3900
24872,0.1883,-0.0885,9.7831,0.6506,0.0725,-0.3352,-16.1927,-1.7668,-6.3711
24880,0.2038,-0.1368,9.7919,0.7447,0.0184,-0.5057,-16.2055,-1.7583,-6.3523
24888,0.1681,-0.1504,9.7014,0.6401,-0.0013,-0.7301,-16.2182,-1.7498,-6.3336
24896,0.1654,-0.0703,9.7590,0.8307,0.0678,-0.8461,-16.2314,-1.7400,-6.3106
24904,0.1338,-0.1080,9.7341,0.6317,0.1446,-1.0476,-16.2445,-1.7301,-6.2877
24912,0.1153,-0.1012,9.7384,0.5933,0.1540,-1.0963,-16.2524,-1.7255,-6.2644
24920,0.0507,-0.0831,9.6636,0.7380,0.2697,-1.1349,-16.2603,-1.7210,-6.2412
24928,0.0204,-0.1265,9.6036,0.4044,0.3670,-1.0545,-16.2681,-1.7164,-6.2181
24936,-0.0069,-0.1716,9.6891,0.0080,0.4253,-1.1295,-16.2750,-1.7118,-6.2031
24944,0.0221,-0.1423,9.8125,0.2555,0.5185,-1.1187,-16.2823,-1.7068,-6.1843
24952,0.0725,-0.0812,9.8586,0.3377,0.4716,-1.1216,-16.2948,-1.7013,-6.1651
24960,0.0297,-0.0987,9.8188,0.1575,0.4880,-1.0738,-16.3030,-1.6949,-6.1460
24968,0.0497,-0.1779,9.7335,0.2226,0.5091,-1.0280,-16.3112,-1.6885,-6.1260
24976,0.0884,-0.1453,9.7238,0.5701,0.4732,-0.8749,-16.3189,-1.6864,-6.1127
24984,0.0851,-0.0821,9.7779,0.6544,0.5216,-0.7552,-16.3294,-1.6815,-6.0966
24992,0.0598,-0.0818,9.8413,0.4311,0.6186,-0.7713,-16.3361,-1.6785,-6.0739
25000,0.0966,-0.0706,9.9084,0.3669,0.7086,-0.7468,-16.3427,-1.6754,-6.0513
25008,0.1098,-0.0568,9.8456,0.5001,0.6800,-0.6940,-16.3555,-1.6681,-6.0363
25016,0.0808,-0.1359,9.7673,0.2435,0.7007,-0.6142,-16.3683,-1.6609,-6.0214
25024,0.1037,-0.1879,9.8305,0.0915,0.8138,-0.6552,-16.3824,-1.6570,-5.9994
25032,0.1299,-0.2144,9.8512,0.4234,0.6686,-0.6757,-16.3965,-1.6531,-5.9775
25040,0.1673,-0.1483,9.8407,0.6582,0.6125,-0.7914,-16.4105,-1.6492,-5.9556
25048,0.1142,-0.1248,9.8039,0.7360,0.4254,-0.8860,-16.4231,-1.6419,-5.9386
25056,0.0934,-0.1701,9.7698,0.6291,0.3533,-0.9418,-16.4366,-1.6338,-5.9131
25064,0.1598,-0.1537,9.7862,0.8255,0.3216,-1.0111,-16.4444,-1.6338,-5.8929
25072,0.1706,-0.1853,9.7282,0.8880,0.4032,-1.0454,-16.4554,-1.6285,-5.8746
25080,0.1349,-0.1274,9.7240,0.7718,0.5080,-1.1022,-16.4664,-1.6232,-5.8564
25088,0.1286,-0.1665,9.7279,0.4954,0.6429,-1.2019,-16.4774,-1.6180,-5.8425
25096,0.1579,-0.1618,9.8007,0.6550,0.6065,-1.2785,-16.4907,-1.6076,-5.8220
25104,0.1247,-0.1184,9.8056,0.9009,0.6037,-1.4131,-16.4993,-1.6057,-5.8016
25112,0.1508,-0.1511,9.7749,0.8588,0.6224,-1.4619,-16.5111,-1.6029,-5.7812
25120,0.1570,-0.2067,9.8204,0.9545,0.5256,-1.5085,-16.5229,-1.6001,-5.7609
25128,0.0821,-0.1781,9.9195,1.1767,0.4704,-1.6383,-16.5346,-1.5973,-5.7407
25136,0.0370,-0.1733,9.9249,1.1519,0.3829,-1.7359,-16.5440,-1.5907,-5.7205
25144,0.0172,-0.1775,9.9489,1.1761,0.2299,-1.8905,-16.5533,-1.5841,-5.7004
25152,0.0025,-0.1814,9.9287,1.3913,0.1529,-2.0010,-16.5593,-1.5847,-5.6766
25160,0.0497,-0.1885,9.9227,1.4691,0.0340,-2.2187,-16.5652,-1.5853,-5.6529
25168,0.0059,-0.2400,9.8832,1.5914,-0.2424,-2.1522,-16.5712,-1.5858,-5.6292
25176,-0.0397,-0.2543,9.9029,1.8551,-0.2214,-2.2139,-16.5752,-1.5835,-5.6098
25184,-0.0763,-0.2454,9.9322,2.1019,-0.4386,-2.1237,-16.5816,-1.5836,-5.5872
25192,-0.0744,-0.2505,9.9783,2.2473,-0.6170,-2.1546,-16.5879,-1.5837,-5.5647
25200,-0.0390,-0.2347,9.9211,2.4743,-0.7290,-2.0909,-16.5938,-1.5786,-5.5460
25208,-0.0161,-0.2650,9.8972,2.5900,-0.6840,-2.0727,-16.6020,-1.5735,-5.5241
25216,-0.0235,-0.3484,9.8555,2.7167,-0.5903,-1.9886,-16.6131,-1.5736,-5.5060
25224,-0.0964,-0.3337,9.8333,3.0538,-0.6368,-1.9881,-16.6269,-1.5732,-5.4909
25232,-0.0210,-0.4047,9.8173,3.1202,-0.5585,-1.8517,-16.6407,-1.5729,-5.4757
25240,-0.0035,-0.4215,9.7877,3.3250,-0.5557,-1.8893,-16.6497,-1.5678,-5.4597
25248,-0.0340,-0.4527,9.8293,3.3155,-0.3716,-1.8212,-16.6615,-1.5617,-5.4376
25256,-0.0188,-0.5301,9.8401,3.2425,-0.2409,-1.7854,-16.6733,-1.5557,-5.4155
25264,-0.1149,-0.6312,9.8467,3.0766,-0.2520,-1.6979,-16.6893,-1.5492,-5.3973
25272,-0.1567,-0.6975,9.8594,3.1847,-0.1372,-1.4808,-16.7053,-1.5428,-5.3792
25280,-0.1558,-0.7485,9.8869,3.1387,-0.0355,-1.3852,-16.7212,-1.5364,-5.3611
25288,-0.2178,-0.7326,9.8749,3.4840,-0.0848,-1.1925,-16.7323,-1.5323,-5.3383
25296,-0.2585,-0.7893,9.8012,3.4543,0.0040,-1.1282,-16.7415,-1.5278,-5.3165
25304,-0.2908,-0.7969,9.6274,3.6472,-0.1085,-0.8428,-16.7493,-1.5238,-5.2963
25312,-0.2808,-0.8093,9.5494,3.6689,-0.2026,-0.6338,-16.7570,-1.5198,-5.2761
25320,-0.2886,-0.8582,9.5135,3.3004,-0.2234,-0.3353,-16.7732,-1.5106,-5.2602
25328,-0.3166,-0.8151,9.6299,2.9667,-0.2352,-0.0951,-16.7771,-1.5090,-5.2392
25336,-0.2454,-0.8389,9.7152,2.6263,-0.2785,0.1798,-16.7909,-1.5084,-5.2187
25344,-0.2666,-0.9288,9.7797,1.8980,-0.2745,0.2588,-16.8013,-1.5077,-5.2006
25352,-0.3040,-1.0516,9.7952,1.6603,-0.3508,0.5129,-16.8117,-1.5071,-5.1826
25360,-0.2772,-1.1371,9.7618,1.5076,-0.1144,0.7853,-16.8240,-1.5031,-5.1628
25368,-0.2430,-1.1445,9.7859,1.7323,-0.0376,0.9897,-16.8362,-1.4992,-5.1430
25376,-0.2111,-1.1620,9.7757,1.9658,-0.0709,1.1852,-16.8489,-1.4957,-5.1251
25384,-0.2265,-1.1364,9.7765,1.9758,-0.0494,1.3509,-16.8615,-1.4922,-5.1074
25392,-0.1894,-1.0859,9.7855,1.8254,0.1339,1.3919,-16.8741,-1.4888,-5.0896
25400,-0.1439,-1.0708,9.8027,1.4575,0.2638,1.3859,-16.8791,-1.4863,-5.0677
25408,-0.1401,-1.1108,9.8119,0.8550,0.4920,1.3454,-16.8840,-1.4838,-5.0459
25416,-0.1367,-1.1083,9.9032,0.3589,0.6702,1.2320,-16.8894,-1.4795,-5.0317
25424,-0.1965,-1.1625,9.8427,0.0498,0.7446,1.1743,-16.8948,-1.4751,-5.0175
25432,-0.1545,-1.1406,9.8157,0.1436,0.7172,1.0417,-16.9078,-1.4713,-5.0020
25440,-0.1046,-1.1084,9.7782,0.5639,0.6082,1.0376,-16.9131,-1.4646,-4.9831
25448,-0.1383,-1.1070,9.7564,0.5072,0.6480,0.9297,-16.9251,-1.4598,-4.9653
25456,-0.1351,-1.1099,9.8206,0.4450,0.7848,0.8905,-16.9355,-1.4536,-4.9519
25464,-0.1198,-1.0228,9.8686,0.3748,0.7875,0.7917,-16.9460,-1.4474,-4.9384
25472,-0.1821,-0.9298,9.8757,-0.1776,0.8462,0.7586,-16.9630,-1.4408,-4.9189
25480,-0.1415,-0.8384,9.8283,-0.6286,0.9262,0.5882,-16.9753,-1.4328,-4.9027
25488,-0.1457,-0.8076,9.8460,-0.9131,1.1068,0.4173,-16.9871,-1.4253,-4.8851
25496,-0.2351,-0.9205,9.7732,-1.4519,1.2048,0.3738,-16.9988,-1.4178,-4.8676
25504,-0.1493,-0.9393,9.7766,-1.3911,0.9599,0.3696,-17.0105,-1.4103,-4.8502
25512,-0.1564,-0.8151,9.7741,-1.1250,0.8537,0.2989,-17.0226,-1.4047,-4.8342
25520,-0.2080,-0.8130,9.7369,-1.6119,0.8321,0.2607,-17.0346,-1.3992,-4.8183
25528,-0.1220,-0.8110,9.8717,-1.8268,0.7848,0.2134,-17.0443,-1.3960,-4.8015
25536,-0.1595,-0.8102,9.9504,-1.8829,0.7182,0.1309,-17.0539,-1.3929,-4.7847
25544,-0.2217,-0.8891,9.9624,-2.4486,0.8359,0.0733,-17.0669,-1.3926,-4.7713
25552,-0.2287,-0.8868,9.9600,-2.5496,0.9404,0.0556,-17.0722,-1.3904,-4.7565
25560,-0.2725,-0.8477,9.9147,-2.2461,0.8937,0.1453,-17.0822,-1.3868,-4.7418
25568,-0.2811,-0.8152,9.9169,-2.0200,0.8784,0.1937,-17.0898,-1.3808,-4.7257
25576,-0.2715,-0.7852,9.8464,-1.7050,0.7330,0.2027,-17.0974,-1.3748,-4.7097
25584,-0.2661,-0.7417,9.8086,-1.5265,0.5674,0.0353,-17.1121,-1.3727,-4.6970
25592,-0.2840,-0.6887,9.8009,-1.6411,0.4277,-0.0928,-17.1220,-1.3630,-4.6824
25600,-0.2687,-0.5865,9.8239,-1.8547,0.1500,-0.1646,-17.1342,-1.3609,-4.6641
25608,-0.2617,-0.5592,9.8648,-2.2030,0.0499,-0.2466,-17.1464,-1.3588,-4.6459
25616,-0.2508,-0.6060,9.8859,-2.5707,0.0555,-0.3356,-17.1586,-1.3567,-4.6277
25624,-0.2287,-0.6269,9.8489,-2.3650,0.0048,-0.3808,-17.1674,-1.3494,-4.6134
25632,-0.2624,-0.6058,9.8619,-2.0803,0.0043,-0.4187,-17.1762,-1.3421,-4.5991
25640,-0.2679,-0.6281,9.8026,-1.8267,-0.0361,-0.2416,-17.1859,-1.3387,-4.5868
25648,-0.2773,-0.5800,9.8159,-1.4296,0.0026,-0.1789,-17.1956,-1.3352,-4.5745
25656,-0.2850,-0.5720,9.8257,-1.2071,0.1195,-0.1216,-17.2052,-1.3318,-4.5622
25664,-0.2355,-0.5980,9.8619,-1.3437,0.1967,0.0372,-17.2115,-1.3212,-4.5514
25672,-0.2380,-0.5814,9.9288,-1.4370,0.3185,0.3197,-17.2263,-1.3136,-4.5331
25680,-0.2868,-0.5336,9.9237,-1.3102,0.1737,0.5365,-17.2334,-1.3116,-4.5176
25688,-0.2763,-0.5245,9.8708,-1.3676,0.2165,0.7225,-17.2501,-1.3044,-4.5070
25696,-0.2303,-0.5714,9.8335,-1.1612,0.1054,1.0150,-17.2666,-1.2973,-4.4963
25704,-0.1996,-0.5373,9.7960,-0.8678,0.1246,1.1295,-17.2760,-1.2916,-4.4800
25712,-0.2038,-0.4951,9.8095,-0.6966,0.0735,1.2655,-17.2835,-1.2840,-4.4586
25720,-0.2116,-0.5034,9.8531,-0.8102,0.0194,1.3663,-17.2901,-1.2803,-4.4439
25728,-0.1559,-0.4407,9.8840,-0.7908,-0.1043,1.4867,-17.2965,-1.2765,-4.4292
25736,-0.1778,-0.4195,9.8508,-1.0522,-0.1507,1.6551,-17.3049,-1.2685,-4.4155
25744,-0.1572,-0.4823,9.8149,-1.3796,0.0130,1.8429,-17.3133,-1.2606,-4.4018
25752,-0.0811,-0.4982,9.8457,-1.3647,0.1162,1.8544,-17.3240,-1.2550,-4.3858
25760,-0.0806,-0.5275,9.8162,-1.0917,0.2228,2.0121,-17.3346,-1.2494,-4.3699
25768,-0.0655,-0.4976,9.8647,-1.0360,0.2688,2.1469,-17.3452,-1.2439,-4.3540
25776,-0.1448,-0.5052,9.8101,-0.8041,0.3928,2.2465,-17.3497,-1.2431,-4.3424
25784,-0.1177,-0.4523,9.9257,-1.0943,0.6234,2.3657,-17.3541,-1.2423,-4.3309
25792,-0.0969,-0.4961,9.9264,-1.3612,0.8225,2.5011,-17.3660,-1.2339,-4.3189
25800,-0.1427,-0.4409,9.8892,-1.3524,1.0503,2.7505,-17.3770,-1.2303,-4.3046
25808,-0.1782,-0.4316,9.8587,-1.5973,1.1694,3.0050,-17.3880,-1.2267,-4.2903
25816,-0.2185,-0.4582,9.8658,-1.3488,1.1367,3.1390,-17.3961,-1.2236,-4.2756
25824,-0.2432,-0.3980,9.8481,-1.0445,0.9454,3.2112,-17.4122,-1.2219,-4.2643
25832,-0.2614,-0.3831,9.7814,-1.0069,0.8558,3.2429,-17.4216,-1.2221,-4.2540
25840,-0.2752,-0.4016,9.7959,-1.2056,0.8102,3.2839,-17.4358,-1.2171,-4.2413
25848,-0.2475,-0.3763,9.7998,-1.1503,0.7105,3.4644,-17.4498,-1.2122,-4.2286
25856,-0.2548,-0.3522,9.8234,-1.4307,0.6925,3.5277,-17.4625,-1.2105,-4.2174
25864,-0.2410,-0.4013,9.8839,-1.7335,0.6460,3.6416,-17.4736,-1.2098,-4.2006
25872,-0.2571,-0.4873,9.9291,-1.7244,0.5215,3.6651,-17.4848,-1.2091,-4.1838
25880,-0.2663,-0.4908,9.9500,-1.3210,0.3837,3.5970,-17.4916,-1.1971,-4.1723
25888,-0.2536,-0.4694,9.8905,-0.8793,0.4280,3.5638,-17.4984,-1.1850,-4.1608
25896,-0.2239,-0.3886,9.8053,-0.2009,0.2757,3.5587,-17.5052,-1.1731,-4.1494
25904,-0.1948,-0.3555,9.7528,0.0398,0.2048,3.4979,-17.5181,-1.1587,-4.1332
25912,-0.1989,-0.3816,9.7622,0.0193,0.1956,3.4904,-17.5263,-1.1577,-4.1186
25920,-0.2191,-0.3300,9.7921,-0.0509,0.1628,3.3686,-17.5344,-1.1567,-4.1039
25928,-0.2090,-0.2601,9.7868,-0.1954,0.0727,3.2867,-17.5387,-1.1519,-4.0927
25936,-0.1982,-0.2989,9.7998,-0.6562,0.0400,3.2618,-17.5515,-1.1472,-4.0791
25944,-0.1943,-0.4128,9.8316,-0.7422,0.0540,3.2246,-17.5595,-1.1400,-4.0679
25952,-0.1880,-0.4818,9.8235,-0.5018,-0.0367,3.2024,-17.5718,-1.1348,-4.0506
25960,-0.1509,-0.4949,9.8098,-0.1999,-0.1180,3.2078,-17.5841,-1.1296,-4.0333
25968,-0.1287,-0.4845,9.8087,0.0701,-0.1371,3.2370,-17.5929,-1.1249,-4.0223
25976,-0.0949,-0.4532,9.8278,0.2109,-0.1366,3.2089,-17.6032,-1.1179,-4.0080
25984,-0.0421,-0.3981,9.8602,0.2790,-0.0403,3.0834,-17.6135,-1.1108,-3.9937
25992,-0.0257,-0.3786,9.8183,0.1281,0.1372,2.9286,-17.6199,-1.1038,-3.9780
26000,-0.0368,-0.3866,9.7937,-0.1576,0.4430,2.9647,-17.6263,-1.0968,-3.9624
26008,-0.0391,-0.3938,9.7824,-0.3267,0.5594,2.8045,-17.6327,-1.0898,-3.9468
26016,-0.0444,-0.4012,9.8017,-0.4192,0.6893,2.8887,-17.6357,-1.0852,-3.9313
26024,-0.0669,-0.4197,9.8206,-0.5795,0.7096,2.7345,-17.6388,-1.0807,-3.9159
26032,-0.0992,-0.4598,9.8513,-0.6156,0.7290,2.7230,-17.6446,-1.0733,-3.9047
26040,-0.1347,-0.4823,9.8568,-0.6687,0.8142,2.6507,-17.6505,-1.0659,-3.8936
26048,-0.1378,-0.4631,9.8631,-0.7222,0.8316,2.5923,-17.6578,-1.0623,-3.8768
26056,-0.1328,-0.4320,9.8497,-0.6933,0.7497,2.5044,-17.6640,-1.0555,-3.8653
26064,-0.1323,-0.4276,9.8240,-0.7111,0.8713,2.5137,-17.6675,-1.0552,-3.8520
26072,-0.1552,-0.4345,9.8002,-0.7867,1.0330,2.5039,-17.6751,-1.0546,-3.8439
26080,-0.1959,-0.4508,9.8032,-0.8030,1.0329,2.5745,-17.6828,-1.0539,-3.8358
26088,-0.2122,-0.4332,9.8092,-0.7919,1.1234,2.6287,-17.6914,-1.0447,-3.8277
26096,-0.1960,-0.3749,9.8337,-0.6320,1.2047,2.6112,-17.6914,-1.0554,-3.8098
26104,-0.2032,-0.3340,9.8313,-0.5111,1.2585,2.5705,-17.6848,-1.0618,-3.7928
26112,-0.2571,-0.3239,9.7932,-0.4728,1.3072,2.5582,-17.6782,-1.0682,-3.7759
26120,-0.2973,-0.3562,9.7627,-0.4415,1.2871,2.6691,-17.6716,-1.0745,-3.7590
26128,-0.3112,-0.3790,9.7471,-0.4356,1.2439,2.5885,-17.6693,-1.0733,-3.7412
26136,-0.2925,-0.3742,9.7679,-0.3339,1.1226,2.6848,-17.6671,-1.0721,-3.7235
26144,-0.2768,-0.3352,9.7991,-0.3647,0.9852,2.8115,-17.6724,-1.0699,-3.7054
26152,-0.2777,-0.3349,9.8141,-0.4501,0.7392,2.9007,-17.6777,-1.0678,-3.6873
26160,-0.2922,-0.3452,9.8259,-0.3772,0.6053,2.9033,-17.6938,-1.0651,-3.6778
26168,-0.2989,-0.3563,9.8128,-0.1261,0.4639,2.8898,-17.7010,-1.0601,-3.6641
26176,-0.2772,-0.3459,9.8070,-0.0860,0.4701,2.8449,-17.7038,-1.0556,-3.6509
26184,-0.2681,-0.3342,9.7884,0.0404,0.4546,2.9539,-17.7071,-1.0521,-3.6382
26192,-0.2470,-0.3136,9.7826,0.0546,0.4344,2.7969,-17.7104,-1.0486,-3.6256
26200,-0.2289,-0.3158,9.7801,0.0602,0.3965,2.7614,-17.7189,-1.0418,-3.6125
26208,-0.2125,-0.3243,9.7755,-0.1905,0.2989,2.5861,-17.7212,-1.0368,-3.5990
26216,-0.1771,-0.3301,9.7841,-0.2836,0.3229,2.4211,-17.7235,-1.0343,-3.5865
26224,-0.1388,-0.3363,9.7673,-0.4286,0.2712,2.3914,-17.7258,-1.0318,-3.5740
26232,-0.1259,-0.3528,9.7730,-0.6605,0.1898,2.2829,-17.7280,-1.0293,-3.5615
26240,-0.1161,-0.3628,9.7723,-0.7784,0.0826,2.1259,-17.7299,-1.0249,-3.5496
26248,-0.1136,-0.3777,9.7962,-0.8964,0.1134,2.0051,-17.7316,-1.0205,-3.5377
26256,-0.1000,-0.3716,9.7919,-0.8652,0.1508,1.9189,-17.7301,-1.0180,-3.5311
26264,-0.1004,-0.3597,9.8049,-1.0114,0.2053,1.9564,-17.7286,-1.0155,-3.5244
26272,-0.0935,-0.3635,9.8112,-1.2713,0.3508,1.8750,-17.7271,-1.0130,-3.5178
26280,-0.0859,-0.3715,9.8214,-1.3864,0.4178,1.8478,-17.7289,-1.0125,-3.5018
26288,-0.0780,-0.3697,9.8138,-1.4191,0.4793,1.7818,-17.7288,-1.0185,-3.4919
26296,-0.0919,-0.3621,9.8078,-1.4238,0.5994,1.6467,-17.7311,-1.0175,-3.4845
26304,-0.0881,-0.3525,9.7988,-1.4016,0.5650,1.5628,-17.7333,-1.0164,-3.4770
26312,-0.1015,-0.3415,9.7988,-1.2683,0.5693,1.4986,-17.7418,-1.0144,-3.4692
26320,-0.1031,-0.3124,9.8043,-1.2103,0.5469,1.3732,-17.7468,-1.0101,-3.4613
26328,-0.0991,-0.2752,9.8074,-1.1840,0.5147,1.1866,-17.7505,-1.0057,-3.4487
26336,-0.1010,-0.2324,9.8212,-1.1483,0.5346,1.2082,-17.7527,-1.0118,-3.4381
26344,-0.1095,-0.1937,9.8131,-1.1008,0.4496,1.1221,-17.7549,-1.0179,-3.4275
26352,-0.1013,-0.1732,9.8077,-0.9407,0.3177,1.1999,-17.7599,-1.0149,-3.4184
26360,-0.1147,-0.1529,9.8046,-0.6916,0.4262,1.2155,-17.7649,-1.0120,-3.4092
26368,-0.1274,-0.1304,9.8072,-0.4028,0.3914,1.2252,-17.7694,-1.0072,-3.3973
26376,-0.1289,-0.1082,9.8096,-0.2279,0.2887,1.2531,-17.7740,-1.0024,-3.3854
26384,-0.1274,-0.0794,9.8004,-0.0713,0.3344,1.2664,-17.7785,-0.9976,-3.3736
26392,-0.1412,-0.0739,9.7948,0.0037,0.3729,1.1858,-17.7829,-0.9999,-3.3594
26400,-0.1386,-0.0785,9.8047,-0.0045,0.4657,1.0341,-17.7874,-1.0022,-3.3452
26408,-0.1317,-0.0594,9.8056,-0.0283,0.3971,1.0063,-17.7848,-0.9988,-3.3335
26416,-0.1341,-0.0513,9.8072,-0.0511,0.3448,0.9531,-17.7845,-1.0026,-3.3171
26424,-0.1344,-0.0507,9.8160,-0.0623,0.3668,0.8543,-17.7842,-1.0063,-3.3007
26432,-0.1215,-0.0566,9.8166,-0.0516,0.3532,0.8850,-17.7821,-1.0105,-3.2896
26440,-0.1185,-0.0469,9.8195,-0.0468,0.2921,0.7518,-17.7794,-1.0142,-3.2747
26448,-0.1199,-0.0317,9.8194,-0.1141,0.2684,0.5897,-17.7792,-1.0179,-3.2623
26456,-0.1166,-0.0185,9.8069,-0.1678,0.2031,0.5467,-17.7789,-1.0215,-3.2499
26464,-0.1072,0.0058,9.8071,-0.1179,0.2073,0.5030,-17.7792,-1.0195,-3.2389
26472,-0.0919,0.0233,9.8018,-0.1368,0.2887,0.4158,-17.7798,-1.0256,-3.2275
26480,-0.0876,0.0404,9.7983,-0.2188,0.3398,0.3057,-17.7782,-1.0254,-3.2128
26488,-0.0774,0.0413,9.7933,-0.2547,0.3860,0.3072,-17.7765,-1.0253,-3.1982
26496,-0.0667,0.0390,9.7975,-0.3556,0.4275,0.3485,-17.7748,-1.0251,-3.1836
26504,-0.0630,0.0451,9.8013,-0.4441,0.4113,0.3481,-17.7779,-1.0203,-3.1724
26512,-0.0528,0.0510,9.8088,-0.4300,0.3797,0.3183,-17.7810,-1.0154,-3.1612
26520,-0.0614,0.0573,9.8101,-0.4513,0.3842,0.2979,-17.7788,-1.0243,-3.1472
26528,-0.0641,0.0576,9.8259,-0.4849,0.2845,0.3103,-17.7885,-1.0237,-3.1413
26536,-0.0670,0.0478,9.8338,-0.4611,0.2638,0.2716,-17.7982,-1.0231,-3.1355
26544,-0.0632,0.0425,9.8305,-0.4250,0.3426,0.1731,-17.8017,-1.0187,-3.1272
26552,-0.0703,0.0328,9.8480,-0.3531,0.3674,0.0844,-17.8094,-1.0091,-3.1129
26560,-0.0758,0.0367,9.8493,-0.2551,0.3351,0.0715,-17.8195,-1.0067,-3.1043
26568,-0.0694,0.0439,9.8536,-0.1666,0.2882,0.0138,-17.8276,-1.0061,-3.0904
26576,-0.0655,0.0290,9.8415,-0.0741,0.2060,0.1134,-17.8357,-1.0055,-3.0767
26584,-0.0632,0.0333,9.8220,0.0011,0.1701,0.0592,-17.8471,-1.0022,-3.0691
26592,-0.0667,0.0381,9.8089,0.1450,0.0931,0.1674,-17.8538,-0.9974,-3.0639
26600,-0.0602,0.0416,9.7947,0.2906,0.0941,0.2282,-17.8604,-0.9926,-3.0588
26608,-0.0571,0.0483,9.7805,0.3205,0.2230,0.2357,-17.8618,-0.9883,-3.0522
26616,-0.0489,0.0512,9.7755,0.3758,0.1810,0.1496,-17.8632,-0.9840,-3.0457
26624,-0.0587,0.0611,9.7854,0.4713,0.1382,0.2031,-17.8645,-0.9797,-3.0391
26632,-0.0539,0.0724,9.8017,0.4533,0.1239,0.2544,-17.8697,-0.9764,-3.0274
26640,-0.0560,0.0557,9.7983,0.4067,0.2676,0.1861,-17.8748,-0.9731,-3.0157
26648,-0.0496,0.0443,9.7997,0.4182,0.2823,0.2007,-17.8800,-0.9698,-3.0041
26656,-0.0635,0.0539,9.7987,0.3546,0.3070,0.1748,-17.8832,-0.9670,-2.9939
26664,-0.0760,0.0481,9.8028,0.3550,0.2053,0.1873,-17.8935,-0.9580,-2.9852
26672,-0.0860,0.0506,9.7956,0.3154,0.2228,0.2259,-17.8962,-0.9572,-2.9737
26680,-0.1064,0.0661,9.7727,0.2322,0.0981,0.2228,-17.9060,-0.9525,-2.9631
26688,-0.1176,0.0873,9.7802,0.0540,0.1016,0.1585,-17.9158,-0.9479,-2.9526
26696,-0.0972,0.1034,9.7993,-0.0737,0.0462,0.2011,-17.9222,-0.9456,-2.9435
26704,-0.1079,0.0951,9.7742,-0.1505,0.1853,0.1857,-17.9295,-0.9386,-2.9321
26712,-0.1044,0.0786,9.8025,-0.2907,0.2623,0.2244,-17.9340,-0.9397,-2.9245
26720,-0.0884,0.0763,9.8450,-0.3287,0.3279,0.1841,-17.9385,-0.9408,-2.9169
26728,-0.0772,0.0802,9.8406,-0.4050,0.3533,0.1082,-17.9429,-0.9418,-2.9094
26736,-0.0766,0.0673,9.8198,-0.5820,0.3642,0.0142,-17.9474,-0.9429,-2.9019
26744,-0.0705,0.0548,9.8037,-0.5993,0.4174,-0.0089,-17.9518,-0.9340,-2.8991
26752,-0.0692,0.0689,9.7868,-0.7225,0.4416,0.0863,-17.9562,-0.9252,-2.8964
26760,-0.0780,0.0558,9.7771,-0.8563,0.4327,0.0466,-17.9611,-0.9192,-2.8884
26768,-0.0769,0.0316,9.7873,-0.8375,0.4775,-0.0446,-17.9659,-0.9132,-2.8805
26776,-0.0799,0.0124,9.8021,-0.9050,0.3924,-0.1772,-17.9774,-0.9068,-2.8745
26784,-0.0827,-0.0095,9.8214,-0.8228,0.3029,-0.2053,-17.9846,-0.8999,-2.8676
26792,-0.0852,-0.0148,9.8274,-0.6828,0.3348,-0.1762,-17.9922,-0.9011,-2.8535
26800,-0.0902,-0.0150,9.8229,-0.4850,0.3732,-0.0790,-17.9937,-0.9004,-2.8448
26808,-0.0925,-0.0165,9.8170,-0.4612,0.3033,-0.1354,-17.9951,-0.8997,-2.8360
26816,-0.1000,-0.0120,9.8098,-0.3131,0.2658,-0.0907,-18.0041,-0.8933,-2.8288
26824,-0.0981,0.0090,9.7965,-0.2541,0.1259,-0.1093,-18.0060,-0.8884,-2.8229
26832,-0.0855,0.0161,9.7912,-0.1204,0.0642,-0.0790,-18.0102,-0.8835,-2.8090
26840,-0.0777,0.0280,9.7947,-0.0299,0.0398,-0.1834,-18.0145,-0.8786,-2.7952
26848,-0.0748,0.0210,9.7983,0.1394,0.0058,-0.1526,-18.0187,-0.8737,-2.7814
26856,-0.0735,0.0251,9.8084,0.1599,-0.0054,-0.1604,-18.0224,-0.8693,-2.7762
26864,-0.1347,-0.0900,9.7036,0.6275,-0.6134,-0.3413,-18.0261,-0.8649,-2.7710
26872,-0.0876,0.0545,9.6348,1.3253,-0.5895,-0.4102,-18.0289,-0.8634,-2.7592
26880,-0.0591,0.1106,9.6864,1.2300,-0.4759,-0.3482,-18.0316,-0.8618,-2.7474
26888,-0.0666,0.1349,9.6975,0.8402,-0.4687,-0.3661,-18.0344,-0.8603,-2.7357
26896,-0.0629,0.1109,9.7104,0.5554,-0.4431,-0.3966,-18.0343,-0.8583,-2.7202
26904,-0.0600,0.0997,9.7202,0.4510,-0.4107,-0.3565,-18.0455,-0.8568,-2.7066
26912,-0.0692,0.0986,9.7154,0.3673,-0.3396,-0.3288,-18.0482,-0.8544,-2.7021
26920,-0.0730,0.1009,9.7256,0.2045,-0.2637,-0.1983,-18.0509,-0.8519,-2.6976
26928,-0.0696,0.0906,9.7294,0.1688,-0.3084,-0.1401,-18.0621,-0.8457,-2.6860
26936,-0.0675,0.0854,9.7396,0.2494,-0.4098,-0.0899,-18.0638,-0.8409,-2.6759
26944,-0.0632,0.1030,9.7498,0.2171,-0.3068,-0.0578,-18.0707,-0.8404,-2.6653
26952,-0.0685,0.0961,9.7449,0.0582,-0.3310,-0.0431,-18.0757,-0.8380,-2.6624
26960,-0.0664,0.1032,9.7482,-0.0937,-0.2821,-0.1544,-18.0807,-0.8356,-2.6594
26968,-0.0914,0.0658,9.7494,0.1317,-0.3047,-0.1595,-18.0851,-0.8289,-2.6593
26976,-0.0776,0.0916,9.7678,0.2778,-0.3316,-0.2631,-18.0896,-0.8223,-2.6592
26984,-0.0706,0.0786,9.7639,0.1936,-0.3280,-0.2555,-18.0855,-0.8199,-2.6477
26992,-0.0738,0.0554,9.7536,0.2518,-0.3086,-0.1628,-18.0815,-0.8176,-2.6363
27000,-0.0712,0.0549,9.7670,0.6140,-0.2287,-0.1889,-18.0774,-0.8153,-2.6249
27008,-0.0739,0.0813,9.7700,0.6298,-0.1496,-0.1845,-18.0833,-0.8125,-2.6178
27016,-0.0718,0.1062,9.8224,0.1302,-0.1913,-0.1456,-18.0892,-0.8097,-2.6107
