Timestamp_ms,AccX_Filt,AccY_Filt,AccZ_Filt,GyrX_Filt,GyrY_Filt,GyrZ_Filt,MagX_Filt,MagY_Filt,MagZ_Filt
5233,0.0432,0.0970,9.9010,-0.9310,-1.8665,-0.4656,19.4400,17.0100,-57.6450
5240,0.0362,0.1215,9.9087,0.0104,-1.1405,0.5074,19.9085,17.3755,-60.6566
5248,0.0468,0.1216,9.9048,0.3867,-0.5920,0.8332,20.0561,17.6403,-61.2305
5256,0.0225,0.1106,9.8942,0.2075,-0.5315,0.5981,20.0814,17.7320,-61.3715
5264,0.0330,0.1180,9.8887,0.2599,-0.2978,0.7524,20.0569,17.7529,-61.3354
5272,0.0219,0.1300,9.8729,0.0365,-0.1208,0.4938,19.7380,17.7134,-61.2349
5280,0.0100,0.1349,9.8691,0.0192,0.0865,0.0225,19.4818,17.6606,-61.0769
5288,0.0163,0.1449,9.8404,0.0770,0.1087,0.1719,19.3395,17.4701,-61.0868
5296,0.0284,0.1566,9.8300,-0.1466,0.1968,0.1119,19.2077,17.3031,-61.0284
5304,0.0303,0.1468,9.8252,-0.2170,0.0939,-0.2712,19.2617,17.0787,-60.7740
5312,0.0170,0.1553,9.8252,-0.3638,0.0329,-0.2548,19.1271,17.0561,-60.5124
5320,0.0233,0.1553,9.8291,-0.5913,-0.1007,-0.4445,18.9995,16.9992,-60.2458
5328,0.0272,0.1500,9.8244,-0.9395,-0.1219,-0.4722,18.9347,16.9961,-60.0904
5336,0.0108,0.1402,9.8084,-1.0119,-0.1983,-0.2730,18.8664,16.9822,-59.9165
5344,0.0158,0.1398,9.8279,-0.9280,-0.3524,-0.3521,18.6861,16.9400,-59.4999
5352,0.0281,0.1360,9.8227,-0.9154,-0.3654,-0.2465,18.5732,16.8841,-59.2684
5360,0.0268,0.1360,9.8176,-0.9336,-0.3226,-0.4126,18.4546,16.9045,-58.9354
5368,0.0280,0.1221,9.8107,-0.9216,-0.4937,-0.4244,18.3397,16.9141,-58.6091
5376,0.0214,0.1201,9.8040,-1.0741,-0.4224,-0.4349,18.2278,16.9145,-58.2888
5384,0.0241,0.1080,9.8071,-1.1558,-0.3729,-0.2602,18.0888,16.8625,-57.9814
5392,0.0143,0.1042,9.8154,-1.2047,-0.3862,-0.1485,17.9551,16.8082,-57.6781
5400,-0.0002,0.1069,9.8145,-1.2743,-0.3558,-0.1422,17.8329,16.7929,-57.4058
5408,-0.0015,0.1107,9.8170,-1.2862,-0.3625,-0.1538,17.7141,16.7724,-57.1347
5416,-0.0055,0.1099,9.8224,-1.3786,-0.2975,-0.1577,17.5736,16.6416,-56.8399
5424,0.0053,0.1129,9.8181,-1.3047,-0.2705,-0.1680,17.4918,16.5692,-56.5723
5432,0.0200,0.0921,9.8289,-1.3045,-0.2749,-0.1286,17.4160,16.4451,-56.2254
5440,0.0200,0.0913,9.8249,-1.2211,-0.2020,-0.1752,17.3235,16.3747,-56.0023
5448,0.0333,0.0975,9.8254,-1.1906,-0.1593,-0.1463,17.2320,16.3044,-55.7777
5456,0.0333,0.1085,9.8181,-1.1931,-0.1846,-0.3087,17.0951,16.2288,-55.4587
5464,0.0357,0.1107,9.8059,-1.2231,-0.2114,-0.1787,16.9624,16.1537,-55.1449
5472,0.0442,0.1100,9.8078,-1.2482,-0.2517,-0.2446,16.9011,16.0597,-54.8650
5480,0.0318,0.1120,9.8236,-1.3647,-0.2836,-0.2945,16.8391,15.9673,-54.5878
5488,0.0311,0.1011,9.8238,-1.4359,-0.3403,-0.1576,16.7764,15.8763,-54.3132
5496,0.0378,0.0885,9.8089,-1.4941,-0.3173,-0.2901,16.6955,15.7957,-54.0588
5504,0.0224,0.0912,9.8123,-1.5636,-0.2198,-0.2053,16.6152,15.7244,-53.7844
5512,0.0185,0.0896,9.8135,-1.6987,-0.2347,-0.1512,16.5395,15.6576,-53.5251
5520,0.0140,0.0876,9.8032,-1.7059,-0.1828,-0.1489,16.4602,15.5544,-53.2758
5528,0.0068,0.0790,9.8012,-1.7869,-0.1021,-0.0696,16.3813,15.4533,-53.0279
5536,0.0098,0.0786,9.8136,-1.8012,-0.1592,0.0310,16.3068,15.3618,-52.7852
5544,0.0181,0.0672,9.8101,-1.7809,-0.1624,-0.0542,16.2365,15.2641,-52.5475
5552,0.0164,0.0720,9.8006,-1.7841,-0.0756,-0.0929,16.1772,15.1682,-52.3035
5560,0.0021,0.0840,9.8085,-1.7899,0.0041,-0.0877,16.1177,15.0739,-52.0609
5568,-0.0080,0.0662,9.8174,-1.7481,0.0770,-0.0605,16.0578,14.9917,-51.8092
5576,-0.0091,0.0642,9.8122,-1.7500,0.0769,-0.1623,15.9977,14.9104,-51.5594
5584,-0.0018,0.0538,9.8180,-1.6162,0.0381,-0.0988,15.9608,14.8200,-51.3282
5592,-0.0052,0.0507,9.8269,-1.6240,0.1004,-0.1789,15.9227,14.7310,-51.0980
5600,-0.0092,0.0452,9.8249,-1.5848,0.0663,-0.0599,15.8835,14.6432,-50.8690
5608,-0.0087,0.0306,9.8186,-1.5611,0.0421,-0.0563,15.8183,14.5787,-50.6065
5616,-0.0083,0.0270,9.8183,-1.5631,0.1803,-0.0775,15.7408,14.4928,-50.3865
5624,-0.0107,0.0196,9.8272,-1.4777,0.1674,-0.0541,15.6338,14.4263,-50.1251
5632,-0.0210,0.0102,9.8147,-1.4426,0.1906,-0.0916,15.5552,14.3542,-49.9137
5640,-0.0158,0.0031,9.8116,-1.3601,0.1936,-0.0676,15.4773,14.2827,-49.7029
5648,-0.0156,0.0066,9.8061,-1.2571,0.2209,-0.1587,15.4001,14.2061,-49.4699
5656,-0.0090,0.0099,9.8025,-1.2970,0.2144,-0.1074,15.3235,14.1303,-49.2245
5664,-0.0086,0.0119,9.7973,-1.3053,0.2705,-0.1045,15.2476,14.0553,-48.9811
5672,-0.0036,0.0196,9.7863,-1.3457,0.3159,-0.1044,15.1777,13.9864,-48.7478
5680,0.0145,0.0280,9.7796,-1.4032,0.3512,-0.0584,15.1082,13.9180,-48.5162
5688,0.0023,0.0246,9.7880,-1.3933,0.3660,-0.0468,15.0392,13.8502,-48.2862
5696,0.0067,0.0147,9.7911,-1.3111,0.4043,-0.1463,14.9475,13.7675,-48.0784
5704,-0.0021,0.0158,9.7921,-1.1976,0.3737,-0.0770,14.8569,13.6858,-47.8714
5712,0.0109,0.0073,9.7980,-1.1268,0.3739,-0.0432,14.7774,13.6325,-47.6629
5720,0.0021,0.0223,9.8015,-1.0378,0.2318,-0.1613,14.6987,13.5792,-47.4554
5728,-0.0030,0.0053,9.8074,-0.9312,0.2464,-0.2527,14.6497,13.4971,-47.2152
5736,0.0023,-0.0086,9.8191,-0.9207,0.3382,-0.2354,14.5626,13.4302,-47.0079
5744,0.0063,-0.0103,9.8206,-0.7818,0.3186,-0.3154,14.4858,13.3778,-46.8111
5752,0.0012,-0.0160,9.8202,-0.7537,0.2676,-0.1746,14.4351,13.3256,-46.6150
5760,0.0029,-0.0133,9.8152,-0.7644,0.2029,-0.1660,14.3843,13.2667,-46.3879
5768,0.0100,-0.0050,9.8194,-0.7344,0.1973,-0.2463,14.3156,13.1812,-46.1716
5776,0.0205,0.0016,9.8299,-0.6763,0.1304,-0.2024,14.2473,13.0969,-45.9567
5784,0.0163,-0.0056,9.8350,-0.6609,0.0851,-0.2355,14.1818,13.0266,-45.7671
5792,0.0166,0.0047,9.8391,-0.6355,0.1382,-0.1735,14.1166,12.9570,-45.5783
5800,0.0133,0.0117,9.8396,-0.6460,0.2505,-0.1810,14.0519,12.8881,-45.3903
5808,0.0098,-0.0006,9.8419,-0.5517,0.2508,-0.2391,13.9772,12.8323,-45.1968
5816,0.0107,0.0011,9.8326,-0.5766,0.1923,-0.1743,13.9031,12.7707,-45.0042
5824,0.0188,-0.0102,9.8314,-0.5763,0.2327,-0.1550,13.8338,12.7033,-44.8085
5832,0.0203,-0.0045,9.8295,-0.6188,0.2284,-0.0565,13.7650,12.6366,-44.6138
5840,0.0120,-0.0143,9.8127,-0.5846,0.0293,0.0270,13.7126,12.5863,-44.4163
5848,0.0150,-0.0036,9.8257,-0.5973,0.0875,-0.1309,13.6525,12.5186,-44.2395
5856,0.0150,-0.0058,9.8179,-0.6815,0.0522,-0.0949,13.6063,12.4573,-44.0459
5864,0.0104,-0.0032,9.8145,-0.7194,0.0345,-0.1166,13.5391,12.4079,-43.8553
5872,0.0068,-0.0050,9.8179,-0.7075,0.0710,-0.1427,13.4723,12.3587,-43.6657
5880,0.0012,-0.0093,9.8190,-0.6027,0.1353,-0.2023,13.4042,12.3022,-43.4753
5888,-0.0112,-0.0087,9.8105,-0.6226,0.1941,-0.1259,13.3367,12.2460,-43.2860
5896,-0.0087,-0.0012,9.8087,-0.6790,0.0981,-0.0954,13.2533,12.1793,-43.0996
5904,0.0008,-0.0073,9.8085,-0.7063,0.1078,-0.0824,13.1708,12.1131,-42.9142
5912,-0.0033,-0.0014,9.8160,-0.6736,0.2185,-0.1313,13.0893,12.0476,-42.7298
5920,-0.0011,-0.0019,9.8219,-0.5890,0.2256,-0.1193,13.0262,11.9967,-42.5552
5928,-0.0069,-0.0079,9.8213,-0.6709,0.1843,-0.0839,12.9724,11.9356,-42.3692
5936,-0.0025,-0.0206,9.8222,-0.7092,0.2142,-0.1514,12.9102,11.8750,-42.1877
5944,-0.0045,-0.0244,9.8175,-0.6363,0.2082,-0.1519,12.8485,11.8149,-42.0073
5952,0.0087,-0.0164,9.8259,-0.6441,0.2184,-0.2084,12.8007,11.7654,-41.8278
5960,0.0002,-0.0182,9.8072,-0.6835,0.2121,-0.1531,12.7464,11.7211,-41.6476
5968,0.0039,-0.0222,9.7916,-0.5852,0.2168,-0.2762,12.6908,11.6373,-41.4701
5976,0.0035,-0.0103,9.7989,-0.5525,0.1759,-0.2419,12.6355,11.5546,-41.2935
5984,0.0114,-0.0110,9.7946,-0.5693,0.1502,-0.2385,12.5805,11.4728,-41.1179
5992,0.0104,-0.0074,9.7925,-0.5613,0.1816,-0.2112,12.5290,11.4339,-40.9433
6000,0.0122,0.0044,9.7893,-0.5403,0.2276,-0.1744,12.4778,11.3951,-40.7696
6008,0.0129,-0.0008,9.7895,-0.4109,0.1810,-0.0965,12.4395,11.3516,-40.6000
6016,0.0204,0.0050,9.7884,-0.3912,0.2004,-0.1235,12.3840,11.2912,-40.4298
6024,0.0185,0.0061,9.7841,-0.3617,0.1256,-0.0558,12.3289,11.2314,-40.2604
6032,0.0295,0.0002,9.7785,-0.3281,0.1234,-0.0819,12.2818,11.1905,-40.0766
6040,0.0190,-0.0060,9.7811,-0.2853,0.0386,0.0053,12.2409,11.1391,-39.9062
6048,0.0168,-0.0088,9.7767,-0.2017,0.0322,-0.0368,12.1821,11.0987,-39.7472
6056,0.0225,-0.0009,9.7813,-0.3619,0.0501,-0.1250,12.1237,11.0584,-39.5889
6064,0.0246,0.0039,9.7823,-0.2563,-0.0262,-0.1240,12.0657,11.0035,-39.4137
6072,0.0296,-0.0031,9.7818,-0.2780,-0.0004,-0.1177,12.0140,10.9550,-39.2454
6080,0.0327,-0.0048,9.7969,-0.2321,-0.1144,-0.0370,11.9611,10.9082,-39.0795
6088,0.0260,-0.0078,9.8028,-0.2495,-0.2741,-0.1118,11.9086,10.8617,-38.9145
6096,0.0259,-0.0096,9.7931,-0.2662,-0.2962,-0.1088,11.8563,10.8156,-38.7504
6104,0.0180,-0.0098,9.7925,-0.2475,-0.2853,-0.1458,11.8044,10.7626,-38.5872
6112,0.0058,-0.0060,9.7966,-0.2562,-0.2241,-0.1412,11.7528,10.7101,-38.4249
6120,-0.0001,-0.0097,9.8011,-0.2886,-0.3017,-0.1075,11.7099,10.6747,-38.2649
6128,0.0058,-0.0191,9.8084,-0.2102,-0.3386,-0.1233,11.6658,10.6339,-38.1044
6136,0.0163,-0.0161,9.8100,-0.1620,-0.3204,-0.1250,11.6218,10.5933,-37.9447
6144,0.0166,-0.0117,9.8060,-0.1878,-0.3218,-0.0493,11.5740,10.5420,-37.7955
6152,0.0205,-0.0003,9.8120,-0.2125,-0.3738,-0.1103,11.5399,10.4979,-37.6402
6160,0.0236,0.0068,9.8041,-0.1588,-0.4741,-0.0353,11.4925,10.4474,-37.4763
6168,0.0237,0.0182,9.8020,-0.1768,-0.4634,-0.1822,11.4599,10.4065,-37.3240
6176,0.0220,0.0075,9.7988,-0.0820,-0.4692,-0.1467,11.4273,10.3659,-37.1726
6184,0.0122,0.0102,9.8027,-0.0686,-0.5414,-0.2087,11.3948,10.3255,-37.0219
6192,0.0106,0.0095,9.8003,-0.0452,-0.6051,-0.1694,11.3544,10.2801,-36.8615
6200,0.0115,0.0033,9.8159,-0.0948,-0.6420,-0.1958,11.3143,10.2350,-36.7022
6208,0.0214,0.0037,9.8191,-0.0036,-0.6133,-0.2477,11.2602,10.1851,-36.5539
6216,0.0244,0.0008,9.8174,0.0730,-0.6071,-0.1827,11.2065,10.1356,-36.4065
6224,0.0344,-0.0173,9.7995,0.1142,-0.6573,-0.1685,11.1532,10.0865,-36.2598
6232,0.0348,-0.0491,9.7965,0.1883,-0.6626,-0.2002,11.1115,10.0452,-36.1163
6240,0.0370,-0.0320,9.8038,0.2725,-0.7316,-0.2146,11.0662,9.9980,-35.9699
6248,0.0290,-0.0337,9.8090,0.2863,-0.7817,-0.1537,11.0188,9.9610,-35.8155
6256,0.0345,-0.0312,9.8165,0.2302,-0.8429,-0.1888,10.9716,9.9242,-35.6621
6264,0.0354,-0.0276,9.8150,0.3019,-0.8000,-0.1156,10.9210,9.8875,-35.5058
6272,0.0389,-0.0174,9.8069,0.3971,-0.8284,-0.2137,10.8647,9.8534,-35.3626
6280,0.0375,-0.0156,9.8114,0.4721,-0.8849,-0.2275,10.8269,9.8075,-35.2057
6288,0.0267,-0.0198,9.8114,0.4132,-0.9656,-0.2380,10.7892,9.7620,-35.0498
6296,0.0397,-0.0191,9.8113,0.4502,-0.9147,-0.1494,10.7516,9.7167,-34.8948
6304,0.0423,-0.0120,9.8117,0.4483,-0.8021,-0.1927,10.7059,9.6776,-34.7584
6312,0.0288,-0.0116,9.8171,0.4251,-0.8677,-0.1834,10.6606,9.6388,-34.6226
6320,0.0234,-0.0094,9.8234,0.4189,-0.9358,-0.2065,10.6235,9.6036,-34.4782
6328,0.0239,0.0018,9.8240,0.4423,-0.9182,-0.2206,10.5867,9.5687,-34.3346
6336,0.0249,0.0073,9.8260,0.4247,-0.8668,-0.2954,10.5442,9.5304,-34.1975
6344,0.0317,0.0118,9.8286,0.4292,-0.8016,-0.2629,10.5032,9.4913,-34.0543
6352,0.0333,0.0218,9.8306,0.3936,-0.7499,-0.2799,10.4532,9.4569,-33.9164
6360,0.0320,0.0263,9.8201,0.3941,-0.6844,-0.3201,10.4126,9.4181,-33.7747
6368,0.0294,0.0304,9.8147,0.4293,-0.7125,-0.2919,10.3722,9.3796,-33.6338
6376,0.0244,0.0564,9.8280,0.3802,-0.7368,-0.2703,10.3309,9.3347,-33.5004
6384,0.0367,0.0353,9.8373,0.3734,-0.6879,-0.2496,10.2931,9.3033,-33.3543
6392,0.0333,0.0267,9.8384,0.2068,-0.6119,-0.2645,10.2555,9.2699,-33.2168
6400,0.0274,0.0308,9.8340,0.1542,-0.5471,-0.2600,10.2181,9.2366,-33.0800
6408,0.0208,0.0404,9.8341,0.1812,-0.4746,-0.3198,10.1808,9.2035,-32.9440
6416,0.0179,0.0454,9.8337,0.1590,-0.4879,-0.2756,10.1394,9.1576,-32.8054
6424,0.0236,0.0477,9.8411,0.1004,-0.5219,-0.3427,10.0982,9.1120,-32.6677
6432,0.0232,0.0406,9.8410,0.0791,-0.5438,-0.1988,10.0573,9.0753,-32.5253
6440,0.0206,0.0374,9.8436,-0.0319,-0.5620,-0.1733,10.0165,9.0388,-32.3838
6448,0.0150,0.0363,9.8405,-0.1274,-0.5395,-0.0688,9.9760,9.0131,-32.2504
6456,0.0032,0.0258,9.8354,-0.1575,-0.5899,-0.1049,9.9441,8.9779,-32.1167
6464,-0.0016,0.0272,9.8313,-0.1542,-0.5795,-0.0862,9.9050,8.9430,-31.9911
6472,0.0104,0.0212,9.8293,-0.1883,-0.5188,-0.0149,9.8661,8.9135,-31.8639
6480,0.0067,0.0121,9.8166,-0.1943,-0.5115,0.0427,9.8274,8.8841,-31.7375
6488,0.0052,0.0139,9.8175,-0.1894,-0.5258,-0.0010,9.7940,8.8527,-31.6116
6496,0.0139,0.0059,9.8141,-0.2914,-0.4836,-0.0348,9.7608,8.8215,-31.4864
6504,0.0222,0.0106,9.8074,-0.3036,-0.4858,-0.0270,9.7277,8.7976,-31.3639
6512,0.0174,0.0116,9.7996,-0.3472,-0.4452,-0.0516,9.6947,8.7737,-31.2420
6520,0.0121,0.0103,9.7911,-0.3703,-0.4545,-0.0912,9.6618,8.7499,-31.1207
6528,0.0083,0.0050,9.7884,-0.4377,-0.3806,-0.1103,9.6341,8.7091,-30.9999
6536,0.0089,0.0070,9.8015,-0.4888,-0.4113,-0.1286,9.6065,8.6686,-30.8798
6544,0.0054,0.0011,9.7983,-0.4497,-0.3847,-0.1621,9.5740,8.6284,-30.7672
6552,-0.0106,0.0048,9.7931,-0.4576,-0.3059,-0.0342,9.5357,8.5944,-30.6521
6560,-0.0159,0.0109,9.8017,-0.4785,-0.1479,-0.0185,9.4977,8.5605,-30.5376
6568,-0.0116,0.0206,9.7980,-0.4398,-0.1862,0.0232,9.4598,8.5142,-30.4119
6576,-0.0177,0.0188,9.8015,-0.3522,-0.1801,0.0497,9.4241,8.4885,-30.2888
6584,-0.0247,0.0145,9.8138,-0.3777,-0.1289,0.1071,9.3818,8.4581,-30.1712
6592,-0.0314,0.0257,9.8112,-0.4208,-0.1066,-0.0061,9.3397,8.4279,-30.0542
6600,-0.0270,0.0316,9.8048,-0.4006,-0.1706,0.0324,9.3017,8.4007,-29.9415
6608,-0.0102,0.0338,9.8168,-0.4667,-0.2026,-0.0775,9.2640,8.3736,-29.8294
6616,-0.0051,0.0340,9.8322,-0.4525,-0.0837,-0.1132,9.2235,8.3494,-29.7150
6624,0.0050,0.0246,9.8238,-0.4603,-0.0874,-0.1554,9.1834,8.3254,-29.6011
6632,0.0014,0.0266,9.8176,-0.4598,-0.0963,-0.0917,9.1434,8.3014,-29.4878
6640,0.0036,0.0243,9.8238,-0.5259,-0.1261,-0.1642,9.1083,8.2747,-29.3751
6648,0.0042,0.0299,9.8239,-0.5358,-0.1120,-0.2068,9.0725,8.2499,-29.2573
6656,0.0088,0.0314,9.8177,-0.4947,-0.1038,-0.1649,9.0406,8.2262,-29.1391
6664,0.0067,0.0222,9.8266,-0.4233,-0.1466,-0.1915,9.0051,8.1943,-29.0318
6672,0.0015,0.0272,9.8370,-0.3870,-0.1129,-0.2889,8.9698,8.1626,-28.9249
6680,0.0010,0.0312,9.8386,-0.3497,-0.0967,-0.4034,8.9457,8.1338,-28.8157
6688,0.0014,0.0289,9.8392,-0.3140,-0.1531,-0.4702,8.9034,8.1051,-28.7035
6696,0.0018,0.0314,9.8251,-0.3172,-0.2311,-0.5101,8.8686,8.0783,-28.5981
6704,0.0021,0.0295,9.8224,-0.2909,-0.2444,-0.5376,8.8295,8.0400,-28.4933
6712,0.0047,0.0415,9.8240,-0.2764,-0.2571,-0.5692,8.7906,8.0019,-28.3889
6720,0.0098,0.0450,9.8214,-0.3186,-0.3759,-0.5088,8.7520,7.9641,-28.2850
6728,-0.0011,0.0446,9.8209,-0.3242,-0.3881,-0.4777,8.7153,7.9336,-28.1726
6736,-0.0001,0.0542,9.8090,-0.2656,-0.3625,-0.4106,8.6789,7.9032,-28.0609
6744,0.0068,0.0680,9.7955,-0.1989,-0.3274,-0.4078,8.6443,7.8783,-27.9611
6752,0.0007,0.0471,9.7934,-0.1565,-0.3871,-0.2717,8.6100,7.8535,-27.8618
6760,0.0016,0.0497,9.8078,-0.2039,-0.2815,-0.2376,8.5785,7.8280,-27.7429
6768,0.0143,0.0383,9.8113,-0.1239,-0.2499,-0.1490,8.5488,7.7947,-27.6341
6776,0.0111,0.0317,9.8190,-0.1141,-0.3024,-0.1310,8.5167,7.7729,-27.5242
6784,0.0151,0.0367,9.8169,-0.1553,-0.2912,-0.0444,8.4804,7.7511,-27.4148
6792,0.0156,0.0238,9.8181,-0.1628,-0.3765,-0.0469,8.4444,7.7294,-27.3145
6800,0.0160,0.0181,9.8020,-0.3006,-0.2367,-0.1373,8.4110,7.6967,-27.2104
6808,0.0145,0.0203,9.8069,-0.1870,-0.2471,-0.1704,8.3779,7.6642,-27.1069
6816,0.0164,0.0226,9.8191,-0.2544,-0.2410,-0.1408,8.3415,7.6395,-27.0046
6824,0.0044,0.0152,9.8161,-0.2789,-0.2591,-0.0938,8.3053,7.6149,-26.9029
6832,0.0008,0.0190,9.8151,-0.2623,-0.2205,-0.1155,8.2694,7.5904,-26.8016
6840,0.0072,0.0197,9.8207,-0.2437,-0.2635,-0.0589,8.2352,7.5618,-26.7025
6848,0.0020,0.0217,9.8193,-0.2580,-0.2727,-0.1888,8.2013,7.5333,-26.6039
6856,0.0037,0.0221,9.8139,-0.2610,-0.1908,-0.2036,8.1692,7.5059,-26.5049
6864,-0.0007,0.0202,9.8209,-0.2851,-0.0859,-0.1645,8.1373,7.4786,-26.4063
6872,0.0053,0.0130,9.8186,-0.2949,-0.0308,-0.1085,8.1097,7.4390,-26.3065
6880,0.0044,0.0034,9.8215,-0.3283,-0.0822,-0.0575,8.0788,7.4087,-26.2081
6888,0.0022,-0.0091,9.8237,-0.3415,-0.1419,-0.1075,8.0433,7.3818,-26.1093
6896,-0.0021,-0.0025,9.8180,-0.4582,-0.2124,-0.1286,8.0160,7.3494,-26.0125
6904,0.0082,-0.0066,9.8141,-0.4364,-0.2345,-0.1061,7.9889,7.3172,-25.9163
6912,-0.0030,-0.0158,9.8220,-0.4289,-0.1996,-0.2179,7.9546,7.2965,-25.8237
6920,0.0183,-0.0268,9.8169,-0.4164,-0.1929,-0.1355,7.9205,7.2758,-25.7315
6928,0.0262,-0.0282,9.8218,-0.4018,-0.1119,-0.2274,7.8955,7.2351,-25.6349
6936,0.0315,-0.0289,9.8130,-0.4438,-0.1703,-0.2086,7.8705,7.1947,-25.5388
6944,0.0299,-0.0200,9.8133,-0.4333,-0.1596,-0.0679,7.8456,7.1545,-25.4431
6952,0.0294,-0.0102,9.8080,-0.4526,-0.1573,-0.0214,7.8257,7.1321,-25.3527
6960,0.0184,0.0575,9.8288,-0.4231,-0.1258,0.2711,7.8010,7.1066,-25.2515
6968,-0.0061,0.0992,9.8248,-0.3975,-0.2557,0.6974,7.7748,7.0773,-25.1571
6976,-0.0132,0.1045,9.8253,-0.4210,-0.3345,0.8864,7.7487,7.0482,-25.0632
6984,-0.0110,0.0811,9.8194,-0.3982,-0.2206,0.9765,7.7165,7.0192,-24.9737
6992,-0.0076,0.0636,9.8227,-0.4084,-0.2130,1.0547,7.6954,6.9895,-24.8853
7000,0.0064,0.0468,9.8316,-0.4474,-0.4004,1.1134,7.6704,6.9577,-24.7935
7008,0.0004,0.0549,9.8215,-0.4661,-0.4302,1.2656,7.6409,6.9370,-24.7012
7016,0.0045,0.0449,9.8323,-0.4733,-0.4348,1.2671,7.6116,6.9163,-24.6094
7024,0.0100,0.0426,9.8161,-0.3869,-0.3271,1.4793,7.5878,6.8880,-24.5235
7032,0.0182,0.0347,9.8125,-0.4775,-0.2375,1.5514,7.5640,6.8599,-24.4379
7040,0.0270,0.0439,9.8119,-0.3402,-0.2985,1.7084,7.5396,6.8349,-24.3427
7048,0.0277,0.0381,9.8091,-0.3769,-0.2101,1.6666,7.5154,6.8101,-24.2479
7056,0.0297,0.0347,9.7969,-0.3240,-0.1043,1.7999,7.4912,6.7854,-24.1536
7064,0.0278,0.0170,9.8051,-0.3721,-0.0858,1.7887,7.4663,6.7639,-24.0658
7072,0.0179,0.0106,9.8070,-0.3808,-0.0761,1.7940,7.4393,6.7424,-23.9747
7080,0.0158,0.0185,9.8010,-0.3810,-0.0375,1.7565,7.4109,6.7188,-23.8900
7088,0.0098,0.0270,9.8083,-0.4506,-0.0699,1.6032,7.3849,6.6953,-23.8057
7096,-0.0016,0.0273,9.8141,-0.4638,-0.0822,1.7099,7.3590,6.6734,-23.7225
7104,-0.0050,0.0149,9.8115,-0.4845,-0.0619,1.6787,7.3332,6.6531,-23.6344
7112,-0.0186,0.0237,9.8265,-0.5042,-0.0933,1.7181,7.3097,6.6292,-23.5482
7120,-0.0213,0.0659,9.8327,-0.5631,-0.1686,1.6679,7.2864,6.6053,-23.4624
7128,-0.0293,0.0639,9.8247,-0.5554,-0.0832,1.7025,7.2632,6.5816,-23.3770
7136,-0.0192,0.0785,9.8248,-0.6067,0.0064,1.7115,7.2371,6.5491,-23.2890
7144,-0.0150,0.0594,9.8317,-0.6317,0.0174,1.8216,7.2111,6.5167,-23.2014
7152,-0.0031,0.0513,9.8279,-0.6210,0.0226,1.7508,7.1860,6.4897,-23.1186
7160,0.0159,0.0398,9.8226,-0.6401,-0.0071,1.8137,7.1609,6.4629,-23.0362
7168,0.0341,0.0462,9.8188,-0.6370,-0.0141,1.8260,7.1360,6.4362,-22.9542
7176,0.0354,0.0275,9.8135,-0.6341,-0.0876,1.9763,7.0995,6.4140,-22.8682
7184,0.0266,0.0328,9.8092,-0.7166,-0.0778,2.1014,7.0705,6.3868,-22.7825
7192,0.0178,0.0345,9.8002,-0.6409,-0.0311,2.2557,7.0417,6.3648,-22.6994
7200,0.0252,0.0428,9.7958,-0.7338,0.0403,2.3019,7.0173,6.3386,-22.6210
7208,0.0220,0.0453,9.8068,-0.7612,-0.0009,2.3248,6.9931,6.3125,-22.5430
7216,0.0013,0.0726,9.8072,-0.8195,0.0238,2.2267,6.9653,6.2865,-22.4617
7224,-0.0207,0.0933,9.8176,-0.8673,0.0527,2.1941,6.9341,6.2643,-22.3857
7232,-0.0364,0.1138,9.8024,-0.9449,-0.0103,2.2004,6.9030,6.2422,-22.3101
7240,-0.0407,0.1191,9.8105,-1.0992,-0.0465,2.0970,6.8793,6.2165,-22.2284
7248,-0.0304,0.0888,9.8119,-1.1294,-0.0412,1.9449,6.8557,6.1911,-22.1471
7256,-0.0279,0.0820,9.8013,-1.1316,-0.0068,1.8153,6.8322,6.1657,-22.0661
7264,-0.0247,0.1413,9.8013,-1.1630,0.0395,1.5982,6.8038,6.1369,-21.9819
7272,-0.0096,0.1204,9.8036,-1.2064,0.0171,1.3478,6.7791,6.1133,-21.8981
7280,0.0041,0.1715,9.7957,-1.2319,-0.0497,1.0124,6.7474,6.0897,-21.8196
7288,0.0152,0.1846,9.8112,-1.2696,-0.1056,0.5797,6.7159,6.0663,-21.7415
7296,0.0129,0.1850,9.8158,-1.1803,-0.1110,0.0699,6.6916,6.0485,-21.6623
7304,0.0199,0.2191,9.8130,-1.2496,-0.1748,-0.3723,6.6604,6.0295,-21.5884
7312,0.0358,0.2185,9.8206,-1.2519,-0.1612,-0.7978,6.6378,6.0105,-21.5077
7320,0.0361,0.2107,9.8274,-1.2301,-0.1855,-1.3754,6.6152,5.9916,-21.4275
7328,0.0368,0.1763,9.8281,-1.2092,-0.2168,-1.7197,6.5824,5.9673,-21.3525
7336,0.0270,0.1798,9.8301,-1.3386,-0.2627,-2.1023,6.5621,5.9486,-21.2798
7344,0.0272,0.0968,9.8283,-1.3476,-0.2266,-2.4601,6.5420,5.9299,-21.2075
7352,0.0133,0.0947,9.8308,-1.3589,-0.1254,-2.9277,6.5164,5.9093,-21.1272
7360,0.0043,0.0426,9.8152,-1.2071,-0.1139,-3.3507,6.4909,5.8888,-21.0473
7368,-0.0124,0.0588,9.8330,-1.2006,-0.0923,-3.8647,6.4656,5.8683,-20.9677
7376,0.0020,0.0712,9.8273,-1.2103,-0.0690,-4.3748,6.4431,5.8487,-20.8939
7384,-0.0004,0.0309,9.8339,-1.1663,-0.0680,-4.9026,6.4173,5.8312,-20.8137
7392,-0.0140,0.0368,9.8267,-1.1349,-0.1284,-5.4153,6.3992,5.8089,-20.7351
7400,-0.0349,-0.0744,9.8325,-1.0275,-0.1195,-5.7669,6.3810,5.7868,-20.6569
7408,-0.0307,-0.1892,9.8282,-1.0608,-0.0336,-5.9618,6.3623,5.7628,-20.5893
7416,-0.0199,-0.2575,9.8293,-0.9273,0.0005,-6.0229,6.3471,5.7422,-20.5138
7424,-0.0207,-0.3166,9.8239,-0.8690,0.0411,-5.9373,6.3285,5.7251,-20.4386
7432,-0.0219,-0.3378,9.8227,-0.7893,0.0933,-5.6901,6.3100,5.7081,-20.3637
7440,-0.0034,-0.3523,9.8325,-0.7344,0.1112,-5.5924,6.2915,5.6912,-20.2892
7448,0.0134,-0.3587,9.8364,-0.7352,0.1576,-5.2776,6.2685,5.6656,-20.2116
7456,0.0163,-0.3280,9.8362,-0.7386,0.3113,-4.9686,6.2455,5.6401,-20.1344
7464,0.0184,-0.3039,9.8206,-0.6592,0.2557,-4.6358,6.2300,5.6207,-20.0589
7472,0.0140,-0.2916,9.8265,-0.5966,0.1491,-4.4455,6.2146,5.6015,-19.9837
7480,0.0223,-0.2823,9.8205,-0.5341,0.0926,-4.2396,6.1992,5.5823,-19.9088
7488,0.0252,-0.2402,9.8169,-0.4877,0.0465,-4.0426,6.1798,5.5672,-19.8316
7496,0.0201,-0.2140,9.8227,-0.4086,0.1784,-3.5423,6.1646,5.5502,-19.7633
7504,0.0073,-0.1930,9.8279,-0.3783,0.2353,-3.1679,6.1467,5.5286,-19.6934
7512,0.0108,-0.1648,9.8149,-0.3094,0.2069,-2.8685,6.1289,5.5071,-19.6237
7520,0.0198,-0.1467,9.8146,-0.2221,0.2198,-2.5661,6.1086,5.4850,-19.5563
7528,0.0184,-0.1311,9.8242,-0.2480,0.2162,-2.3570,6.0903,5.4644,-19.4866
7536,0.0131,-0.1061,9.8243,-0.2407,0.1967,-2.0291,6.0733,5.4439,-19.4198
7544,0.0087,-0.0954,9.8162,-0.2604,0.2367,-1.8035,6.0565,5.4234,-19.3533
7552,0.0107,-0.0638,9.8030,-0.2686,0.3043,-1.4704,6.0397,5.4031,-19.2870
7560,-0.0026,-0.0611,9.7928,-0.2258,0.3290,-1.1626,6.0269,5.3737,-19.2138
7568,-0.0023,-0.0428,9.7918,-0.1875,0.2779,-0.8469,6.0141,5.3444,-19.1410
7576,-0.0125,-0.0094,9.7850,-0.2469,0.3251,-0.5983,5.9923,5.3257,-19.0769
7584,-0.0199,0.0473,9.7788,-0.3064,0.3088,-0.3713,5.9725,5.2980,-19.0073
7592,-0.0294,0.0380,9.7878,-0.4032,0.4586,-0.1168,5.9528,5.2705,-18.9379
7600,-0.0402,0.0428,9.7827,-0.4372,0.3698,0.0731,5.9344,5.2502,-18.8695
7608,-0.0514,0.0562,9.7804,-0.4510,0.3890,0.2468,5.9142,5.2299,-18.8065
7616,-0.0542,0.0292,9.7810,-0.4562,0.4286,0.3809,5.8967,5.2143,-18.7399
7624,-0.0576,0.0344,9.7593,-0.4185,0.4425,0.3997,5.8792,5.1987,-18.6736
7632,-0.0589,0.0696,9.7537,-0.4144,0.4024,0.4685,5.8598,5.1812,-18.6057
7640,-0.0565,0.0728,9.7514,-0.3439,0.5641,0.4302,5.8438,5.1620,-18.5412
7648,-0.0561,0.0597,9.7530,-0.3351,0.4467,0.4309,5.8246,5.1447,-18.4783
7656,-0.0611,0.0296,9.7571,-0.3560,0.4785,0.5116,5.8055,5.1275,-18.4157
7664,-0.0617,0.0097,9.7540,-0.3201,0.4582,0.5328,5.7864,5.1103,-18.3533
7672,-0.0553,0.0172,9.7708,-0.3096,0.3881,0.6197,5.7757,5.0869,-18.2898
7680,-0.0354,0.0026,9.7820,-0.3664,0.3878,0.5961,5.7650,5.0636,-18.2267
7688,-0.0324,-0.0120,9.7856,-0.3779,0.4115,0.4936,5.7511,5.0417,-18.1638
7696,-0.0261,-0.0093,9.7862,-0.3436,0.3674,0.5075,5.7323,5.0249,-18.1043
7704,-0.0172,-0.0087,9.7977,-0.3402,0.3520,0.3955,5.7135,5.0082,-18.0450
7712,0.0041,-0.0049,9.8058,-0.2702,0.3212,0.3124,5.7017,4.9878,-17.9791
7720,0.0037,-0.0097,9.8104,-0.1607,0.2998,0.3236,5.6818,4.9681,-17.9172
7728,0.0007,-0.0181,9.7986,-0.1732,0.1993,0.2864,5.6651,4.9535,-17.8556
7736,-0.0030,-0.0412,9.7989,-0.1479,0.2339,0.2587,5.6434,4.9352,-17.7954
7744,-0.0063,-0.0348,9.8046,-0.1370,0.3257,0.2136,5.6218,4.9169,-17.7355
7752,-0.0052,-0.0418,9.8020,-0.1266,0.2321,0.2051,5.6004,4.8988,-17.6759
7760,-0.0037,-0.0517,9.8097,-0.1380,0.2919,0.1650,5.5783,4.8820,-17.6096
7768,-0.0088,-0.0548,9.8253,-0.2156,0.2291,0.1533,5.5564,4.8652,-17.5437
7776,-0.0056,-0.0539,9.8389,-0.1697,0.2544,0.0142,5.5439,4.8418,-17.4811
7784,-0.0041,-0.0613,9.8354,-0.0672,0.2759,0.0651,5.5313,4.8184,-17.4187
7792,-0.0119,-0.0475,9.8226,-0.0785,0.1364,0.0551,5.5096,4.8019,-17.3536
7800,-0.0144,-0.0241,9.8283,-0.0254,0.1444,0.0642,5.4898,4.7886,-17.2905
7808,-0.0198,-0.0275,9.8175,-0.0305,0.1627,0.0356,5.4738,4.7698,-17.2271
7816,-0.0256,-0.0238,9.8192,0.0259,0.1723,0.0936,5.4560,4.7510,-17.1640
7824,-0.0217,-0.0172,9.8098,0.0212,0.1787,0.1464,5.4382,4.7275,-17.0992
7832,-0.0119,-0.0085,9.8108,-0.0233,0.1902,0.1275,5.4193,4.7101,-17.0409
7840,-0.0125,0.0002,9.8067,0.0114,0.1105,0.1681,5.3956,4.6947,-16.9840
7848,-0.0259,0.0173,9.8057,0.0180,0.1063,0.1883,5.3792,4.6800,-16.9195
7856,-0.0379,0.0231,9.7939,-0.0077,0.0249,0.1356,5.3630,4.6653,-16.8552
7864,-0.0388,0.0262,9.7969,-0.0109,-0.0555,-0.0108,5.3468,4.6506,-16.7911
7872,-0.0278,0.0166,9.8097,-0.0060,-0.0498,-0.1294,5.3343,4.6336,-16.7328
7880,-0.0251,-0.0158,9.8034,-0.0680,-0.0523,-0.2402,5.3218,4.6167,-16.6748
7888,-0.0322,0.0005,9.7955,-0.0846,-0.0334,-0.1382,5.3076,4.5998,-16.6151
7896,-0.0391,0.0053,9.8020,-0.0952,-0.0473,-0.3046,5.2934,4.5830,-16.5557
7904,-0.0235,0.0104,9.8019,-0.0733,0.0034,-0.3091,5.2817,4.5717,-16.4989
7912,-0.0121,-0.0013,9.7959,-0.1003,-0.0734,-0.3667,5.2682,4.5533,-16.4376
7920,-0.0159,-0.0032,9.8024,-0.0515,-0.0403,-0.3658,5.2535,4.5349,-16.3783
7928,-0.0116,-0.0104,9.8050,-0.0795,-0.0299,-0.4556,5.2353,4.5153,-16.3258
7936,-0.0119,-0.0079,9.8088,-0.1276,-0.0653,-0.5388,5.2171,4.4959,-16.2736
7944,-0.0248,0.0022,9.7889,-0.1336,-0.1418,-0.5624,5.2014,4.4807,-16.2150
7952,-0.0169,-0.0078,9.7869,-0.1367,-0.0710,-0.6062,5.1816,4.4632,-16.1590
7960,-0.0198,0.0095,9.7924,-0.0250,0.0394,-0.6588,5.1613,4.4416,-16.1068
7968,-0.0138,-0.0162,9.8001,-0.0622,0.0837,-0.7492,5.1410,4.4201,-16.0548
7976,-0.0120,-0.0108,9.7920,-0.1030,0.0860,-0.7635,5.1209,4.3987,-16.0030
7984,0.0020,-0.0141,9.7993,-0.1128,0.0935,-0.8493,5.1103,4.3798,-15.9478
7992,0.0023,-0.0226,9.7895,-0.1328,-0.0113,-0.8486,5.0997,4.3610,-15.8929
8000,0.0089,-0.0562,9.8006,-0.1225,-0.0501,-0.9413,5.0892,4.3440,-15.8352
8008,-0.0019,-0.0374,9.8103,-0.0994,0.0140,-0.9632,5.0787,4.3270,-15.7777
8016,-0.0135,-0.0478,9.8326,-0.0933,0.1047,-0.9256,5.0670,4.3131,-15.7234
8024,-0.0099,-0.0699,9.8474,-0.1382,0.0528,-0.7909,5.0489,4.2999,-15.6712
8032,-0.0289,-0.0412,9.8431,-0.1677,0.0804,-0.6141,5.0380,4.2790,-15.6208
8040,-0.0170,-0.0020,9.8309,-0.1773,0.0802,-0.4344,5.0247,4.2636,-15.5672
8048,0.0010,-0.0517,9.8436,-0.1865,0.1413,-0.2145,5.0114,4.2482,-15.5138
8056,0.0010,-0.0566,9.8373,-0.0726,0.1198,-0.1376,4.9965,4.2381,-15.4582
8064,0.0019,-0.0432,9.8352,-0.1076,0.0992,-0.1494,4.9816,4.2281,-15.4028
8072,0.0136,-0.0130,9.8193,-0.1092,0.0288,-0.1900,4.9743,4.2128,-15.3500
8080,0.0137,-0.0575,9.8294,-0.1373,0.0175,-0.2635,4.9670,4.1976,-15.2974
8088,0.0083,-0.0641,9.8226,-0.1269,0.0200,-0.3364,4.9598,4.1824,-15.2450
8096,0.0067,-0.0637,9.8288,-0.1570,0.0838,-0.4355,4.9462,4.1685,-15.1876
8104,0.0111,-0.0944,9.8271,-0.1563,0.1981,-0.3276,4.9331,4.1506,-15.1368
8112,0.0033,-0.0893,9.8315,-0.1424,0.1634,-0.2751,4.9161,4.1327,-15.0891
8120,0.0194,-0.0660,9.8341,-0.1505,0.2342,-0.3715,4.9066,4.1150,-15.0416
8128,0.0126,-0.0518,9.8401,-0.1181,0.1579,-0.4824,4.8972,4.0996,-14.9862
8136,0.0210,-0.0685,9.8442,-0.0739,0.1837,-0.5351,4.8878,4.0813,-14.9327
8144,0.0159,-0.0331,9.8255,-0.0796,0.1309,-0.5295,4.8749,4.0730,-14.8760
8152,0.0199,-0.0507,9.8264,-0.1757,0.0858,-0.6468,4.8610,4.0601,-14.8235
8160,0.0249,-0.0338,9.8277,-0.2356,0.1600,-0.5723,4.8470,4.0473,-14.7712
8168,0.0134,-0.0645,9.8325,-0.2395,0.0763,-0.6557,4.8360,4.0327,-14.7209
8176,0.0086,-0.0846,9.8300,-0.2966,0.0923,-0.5408,4.8250,4.0182,-14.6707
8184,0.0051,-0.0836,9.8263,-0.2553,0.0542,-0.7403,4.8089,4.0078,-14.6116
8192,0.0078,-0.0923,9.8190,-0.2797,0.0045,-0.6564,4.7929,3.9975,-14.5527
8200,0.0140,-0.0947,9.8237,-0.2870,0.0609,-0.8002,4.7768,3.9872,-14.4941
8208,0.0122,-0.0878,9.8197,-0.2487,0.0429,-0.7243,4.7603,3.9763,-14.4431
8216,0.0097,-0.0865,9.8294,-0.2468,0.0843,-0.7238,4.7461,3.9689,-14.3889
8224,0.0107,-0.0881,9.8349,-0.2342,-0.0041,-0.7259,4.7297,3.9564,-14.3373
8232,0.0084,-0.0617,9.8249,-0.2222,0.0074,-0.7893,4.7179,3.9434,-14.2892
8240,0.0131,-0.0438,9.8272,-0.2401,-0.0056,-0.9486,4.7061,3.9304,-14.2414
8248,0.0073,-0.0107,9.8202,-0.2599,0.0513,-1.1675,4.6927,3.9180,-14.1903
8256,0.0076,-0.0177,9.8116,-0.2414,-0.0063,-1.2996,4.6821,3.9012,-14.1366
8264,0.0124,-0.0326,9.8111,-0.2584,-0.0481,-1.4099,4.6716,3.8844,-14.0831
8272,-0.0038,-0.0147,9.8151,-0.2267,-0.1734,-1.5340,4.6588,3.8756,-14.0344
8280,0.0003,-0.0509,9.8193,-0.1964,-0.1065,-1.6447,4.6461,3.8668,-13.9858
8288,-0.0052,-0.0468,9.8253,-0.1647,-0.0079,-1.6893,4.6334,3.8581,-13.9375
8296,0.0017,-0.0430,9.8290,-0.1904,-0.0522,-1.6412,4.6179,3.8522,-13.8882
8304,0.0030,-0.0761,9.8195,-0.2577,-0.0706,-1.7125,4.6025,3.8464,-13.8391
8312,0.0046,-0.0723,9.8192,-0.3007,-0.0643,-1.6981,4.5933,3.8270,-13.7925
8320,0.0037,-0.0743,9.8216,-0.3418,0.0005,-1.7670,4.5842,3.8077,-13.7460
8328,0.0039,-0.0666,9.8233,-0.3038,-0.0575,-1.8088,4.5717,3.7964,-13.7003
8336,0.0108,-0.0523,9.8153,-0.2887,0.0256,-1.8142,4.5581,3.7851,-13.6503
8344,0.0071,-0.0544,9.8144,-0.1917,0.0545,-1.6140,4.5451,3.7733,-13.6027
8352,0.0193,-0.0194,9.8082,-0.1976,0.1300,-1.5559,4.5322,3.7615,-13.5553
8360,0.0166,0.0036,9.7934,-0.1205,0.1357,-1.6710,4.5221,3.7442,-13.5070
8368,0.0260,-0.0056,9.7883,-0.1028,0.1463,-1.7463,4.5131,3.7309,-13.4600
8376,0.0103,-0.0081,9.7941,-0.1606,0.1299,-1.6611,4.5042,3.7176,-13.4132
8384,-0.0006,0.0007,9.8066,-0.2318,0.1142,-1.7022,4.4942,3.7116,-13.3654
8392,0.0004,-0.0183,9.8097,-0.2386,0.0485,-1.5923,4.4842,3.7057,-13.3179
8400,-0.0151,-0.0373,9.7944,-0.2051,-0.0117,-1.4551,4.4742,3.6997,-13.2705
8408,-0.0086,-0.0336,9.8014,-0.0184,-0.0425,-1.3426,4.4610,3.6916,-13.2211
8416,0.0059,-0.0611,9.7973,0.0828,-0.0454,-1.1203,4.4511,3.6801,-13.1741
8424,-0.0009,-0.0592,9.8014,0.0863,-0.1307,-0.9532,4.4367,3.6743,-13.1311
8432,0.0060,-0.0775,9.8055,0.0789,-0.0444,-0.8893,4.4225,3.6684,-13.0884
8440,0.0110,-0.0950,9.8037,0.0799,-0.0231,-0.7695,4.4110,3.6598,-13.0402
8448,0.0141,-0.1231,9.8094,0.1662,0.0318,-0.7163,4.3980,3.6479,-12.9945
8456,0.0082,-0.1326,9.8182,0.0860,0.0737,-0.6708,4.3871,3.6361,-12.9473
8464,0.0130,-0.1284,9.8143,0.1613,0.1085,-0.6113,4.3730,3.6292,-12.9041
8472,0.0140,-0.1210,9.8085,0.1266,0.0297,-0.5783,4.3590,3.6224,-12.8612
8480,0.0128,-0.1115,9.8047,0.1682,-0.0190,-0.4882,4.3472,3.6146,-12.8189
8488,0.0161,-0.1094,9.8048,0.0266,-0.0788,-0.4526,4.3354,3.6067,-12.7768
8496,0.0197,-0.1074,9.8118,0.0565,-0.0961,-0.4666,4.3287,3.5939,-12.7326
8504,0.0137,-0.0997,9.8090,0.0424,-0.1313,-0.5920,4.3219,3.5812,-12.6886
8512,0.0125,-0.0905,9.7982,0.0557,-0.2182,-0.5146,4.3152,3.5685,-12.6448
8520,0.0027,-0.0971,9.7958,0.0763,-0.1947,-0.5845,4.3024,3.5580,-12.6034
8528,0.0025,-0.0576,9.7877,0.1521,-0.2122,-0.6141,4.2941,3.5525,-12.5533
8536,0.0000,-0.0210,9.7821,0.0991,-0.1223,-0.6397,4.2830,3.5416,-12.5089
8544,-0.0090,-0.0074,9.7849,0.1206,-0.1457,-0.6482,4.2720,3.5307,-12.4647
8552,-0.0177,-0.0197,9.8024,0.1117,-0.2373,-0.7230,4.2599,3.5242,-12.4218
8560,-0.0214,0.0016,9.8078,0.0659,-0.2157,-0.7412,4.2550,3.5112,-12.3768
8568,-0.0266,0.0003,9.8131,0.1208,-0.1789,-0.6492,4.2429,3.4977,-12.3304
8576,-0.0395,0.0146,9.8261,0.1279,-0.2105,-0.6839,4.2310,3.4842,-12.2841
8584,-0.0498,0.0817,9.8242,0.0414,-0.1873,-0.5385,4.2190,3.4708,-12.2380
8592,-0.0505,0.1243,9.8293,0.0600,-0.1865,-0.4501,4.2087,3.4607,-12.1981
8600,-0.0443,0.1514,9.8353,0.0031,-0.2017,-0.4775,4.1984,3.4507,-12.1584
8608,-0.0601,0.1777,9.8321,0.0261,-0.2482,-0.5731,4.1860,3.4423,-12.1133
8616,-0.0675,0.1615,9.8210,-0.0293,-0.1487,-0.5658,4.1786,3.4350,-12.0712
8624,-0.0656,0.1468,9.8323,-0.1170,-0.1523,-0.6122,4.1711,3.4278,-12.0292
8632,-0.0375,0.1722,9.8526,-0.1181,-0.2410,-0.5206,4.1647,3.4189,-11.9933
8640,-0.0361,0.1870,9.8427,-0.2125,-0.1871,-0.5663,4.1524,3.4134,-11.9500
8648,-0.0281,0.1840,9.8424,-0.2255,-0.2423,-0.5620,4.1412,3.4035,-11.9112
8656,-0.0317,0.1786,9.8449,-0.2299,-0.2098,-0.5845,4.1301,3.3936,-11.8725
8664,-0.0364,0.1732,9.8508,-0.1807,-0.2266,-0.5581,4.1200,3.3865,-11.8297
8672,-0.0379,0.1601,9.8593,-0.2084,-0.2214,-0.5142,4.1138,3.3805,-11.7881
8680,-0.0311,0.1624,9.8524,-0.1709,-0.2484,-0.6348,4.1033,3.3799,-11.7439
8688,-0.0313,0.1125,9.8430,-0.2310,-0.2556,-0.7662,4.0928,3.3793,-11.6999
8696,-0.0155,0.1198,9.8441,-0.1845,-0.2438,-0.9345,4.0823,3.3787,-11.6561
8704,-0.0058,0.1004,9.8505,-0.1880,-0.2698,-1.0180,4.0713,3.3716,-11.6157
8712,0.0021,0.1034,9.8431,-0.2420,-0.1427,-1.2100,4.0604,3.3645,-11.5755
8720,-0.0021,0.1175,9.8400,-0.1737,-0.2105,-1.2869,4.0489,3.3568,-11.5348
8728,-0.0046,0.1110,9.8313,-0.1884,-0.2460,-1.3977,4.0407,3.3498,-11.4959
8736,-0.0132,0.1007,9.8321,-0.2397,-0.2880,-1.4797,4.0325,3.3427,-11.4572
8744,-0.0229,0.0895,9.8347,-0.3475,-0.2401,-1.5075,4.0255,3.3384,-11.4159
8752,-0.0293,0.0981,9.8356,-0.3279,-0.2316,-1.3100,4.0179,3.3308,-11.3705
8760,-0.0360,0.1017,9.8150,-0.3145,-0.2475,-1.2145,4.0097,3.3265,-11.3339
8768,-0.0403,0.0840,9.7905,-0.3736,-0.2814,-1.1845,4.0011,3.3216,-11.2968
8776,-0.0182,0.0466,9.7984,-0.4115,-0.3138,-1.3239,3.9925,3.3167,-11.2599
8784,-0.0114,-0.0045,9.8101,-0.3518,-0.4141,-1.2598,3.9818,3.3167,-11.2183
8792,-0.0157,-0.0102,9.8074,-0.3240,-0.3874,-1.1611,3.9775,3.3096,-11.1769
8800,0.0004,-0.0291,9.8068,-0.2414,-0.3191,-1.0428,3.9732,3.3026,-11.1356
8808,-0.0010,-0.0452,9.8100,-0.3144,-0.2139,-1.0870,3.9679,3.3026,-11.0998
8816,0.0019,-0.0425,9.8132,-0.2376,-0.2972,-0.9586,3.9626,3.3025,-11.0641
8824,0.0013,-0.0765,9.7953,-0.2628,-0.2969,-0.8278,3.9572,3.3024,-11.0286
8832,0.0058,-0.0663,9.7927,-0.1802,-0.3366,-0.6334,3.9514,3.2964,-10.9874
8840,0.0030,-0.0871,9.7917,-0.2106,-0.3346,-0.4448,3.9429,3.2889,-10.9473
8848,0.0051,-0.0303,9.7680,-0.2076,-0.4313,-0.4272,3.9329,3.2813,-10.9075
8856,0.0142,-0.0268,9.7748,-0.1702,-0.4385,-0.3650,3.9228,3.2791,-10.8667
8864,0.0293,-0.0491,9.7710,-0.1050,-0.2934,-0.2521,3.9155,3.2785,-10.8244
8872,0.0320,-0.0328,9.7725,-0.0693,-0.3332,-0.1682,3.9108,3.2778,-10.7850
8880,0.0258,-0.0222,9.7784,-0.0565,-0.3367,-0.0480,3.9014,3.2751,-10.7442
8888,0.0257,-0.0572,9.7975,-0.0896,-0.3080,-0.0051,3.8920,3.2723,-10.7035
8896,0.0392,-0.0447,9.7910,-0.1426,-0.2406,0.0067,3.8826,3.2695,-10.6629
8904,0.0433,-0.0248,9.8025,-0.2013,-0.2481,0.2286,3.8754,3.2609,-10.6214
8912,0.0292,-0.0281,9.7814,-0.1801,-0.2846,0.3661,3.8681,3.2523,-10.5801
8920,0.0187,-0.0084,9.7742,-0.2105,-0.3142,0.5003,3.8615,3.2522,-10.5490
8928,0.0211,0.0250,9.7759,-0.2502,-0.3772,0.7833,3.8548,3.2520,-10.5180
8936,-0.0014,0.0301,9.7542,-0.2028,-0.4747,1.0939,3.8477,3.2524,-10.4797
8944,-0.0071,0.0302,9.7518,-0.2669,-0.4400,1.3056,3.8384,3.2549,-10.4400
8952,0.0118,0.0681,9.7515,-0.1975,-0.4681,1.3827,3.8329,3.2552,-10.4036
8960,0.0212,0.0777,9.7531,-0.1658,-0.4203,1.3791,3.8263,3.2591,-10.3678
8968,0.0311,0.0733,9.7613,-0.2394,-0.4066,1.4397,3.8197,3.2630,-10.3322
8976,0.0328,0.0784,9.7583,-0.2379,-0.3642,1.4496,3.8106,3.2669,-10.2941
8984,0.0224,0.1258,9.7560,-0.2711,-0.3050,1.4324,3.8030,3.2654,-10.2572
8992,0.0312,0.1359,9.7476,-0.3348,-0.1577,1.2346,3.7981,3.2650,-10.2230
9000,0.0151,0.0977,9.7614,-0.3477,-0.1502,1.0108,3.7931,3.2645,-10.1890
9008,0.0151,0.0963,9.7556,-0.3708,-0.1670,0.8848,3.7882,3.2640,-10.1550
9016,-0.0054,0.0760,9.7618,-0.4648,-0.1937,0.6550,3.7771,3.2687,-10.1202
9024,-0.0062,0.0635,9.7801,-0.4587,-0.2619,0.4352,3.7659,3.2734,-10.0855
9032,-0.0138,0.0682,9.7867,-0.5223,-0.2898,0.2357,3.7580,3.2764,-10.0530
9040,-0.0165,0.0368,9.7653,-0.5030,-0.1539,0.2130,3.7500,3.2793,-10.0206
9048,-0.0090,0.0463,9.7423,-0.5059,-0.0878,-0.0515,3.7463,3.2812,-9.9826
9056,-0.0035,-0.0130,9.7716,-0.5887,-0.2087,-0.1470,3.7383,3.2851,-9.9479
9064,-0.0186,0.0030,9.7685,-0.6199,-0.1589,-0.4304,3.7341,3.2880,-9.9143
9072,-0.0141,-0.0103,9.7598,-0.6230,-0.0394,-0.7280,3.7262,3.2866,-9.8782
9080,-0.0054,-0.0013,9.7752,-0.6447,-0.0770,-0.9353,3.7184,3.2852,-9.8423
9088,0.0161,-0.0165,9.8023,-0.6041,-0.0970,-1.1735,3.7121,3.2884,-9.8086
9096,0.0073,0.0131,9.7894,-0.5599,-0.0601,-1.2680,3.7058,3.2916,-9.7750
9104,0.0267,0.0508,9.8038,-0.5390,-0.0595,-1.2383,3.6986,3.2999,-9.7442
9112,0.0438,0.0402,9.7922,-0.5857,-0.1336,-1.3727,3.6913,3.3081,-9.7134
9120,0.0579,0.0444,9.7917,-0.6224,-0.2418,-1.3731,3.6841,3.3163,-9.6828
9128,0.0771,0.0253,9.8031,-0.6547,-0.2946,-1.3762,3.6732,3.3217,-9.6497
9136,0.0780,-0.0229,9.8211,-0.5843,-0.2864,-1.2858,3.6691,3.3251,-9.6146
9144,0.0829,-0.0410,9.8288,-0.4770,-0.2759,-1.2180,3.6640,3.3283,-9.5874
9152,0.0691,-0.0455,9.8135,-0.4518,-0.2606,-1.1292,3.6600,3.3315,-9.5603
9160,0.0726,-0.0355,9.8087,-0.3449,-0.2725,-1.0790,3.6559,3.3388,-9.5297
9168,0.0553,-0.0292,9.7898,-0.3414,-0.2733,-1.0256,3.6498,3.3490,-9.4997
9176,0.0469,-0.0289,9.7840,-0.2768,-0.3301,-0.8572,3.6515,3.3592,-9.4724
9184,0.0402,-0.0109,9.7716,-0.2922,-0.3070,-0.8828,3.6453,3.3626,-9.4375
9192,0.0351,-0.0470,9.7744,-0.2377,-0.2370,-0.9260,3.6391,3.3658,-9.4026
9200,0.0322,-0.0474,9.7792,-0.2682,-0.1993,-0.9300,3.6340,3.3685,-9.3685
9208,0.0333,-0.0190,9.7768,-0.2601,-0.1766,-0.8538,3.6289,3.3711,-9.3344
9216,0.0448,0.0158,9.7573,-0.2870,-0.1869,-0.8076,3.6227,3.3757,-9.3010
9224,0.0579,0.0410,9.7519,-0.2807,-0.1328,-0.7154,3.6165,3.3803,-9.2677
9232,0.0506,0.0314,9.7630,-0.3413,-0.0890,-0.6966,3.6103,3.3847,-9.2345
9240,0.0372,-0.0101,9.7648,-0.3353,-0.1912,-0.6546,3.6092,3.3917,-9.2056
9248,0.0423,-0.0486,9.7801,-0.3776,-0.1422,-0.6784,3.6066,3.3954,-9.1798
9256,0.0365,-0.0533,9.7772,-0.2766,-0.0420,-0.6852,3.6024,3.4058,-9.1516
9264,0.0308,-0.0521,9.7726,-0.3001,0.0325,-0.7210,3.5976,3.4115,-9.1229
9272,0.0453,-0.0638,9.7927,-0.2639,-0.0750,-0.8166,3.5929,3.4171,-9.0944
9280,0.0337,-0.0917,9.7949,-0.2746,-0.0337,-1.0254,3.5902,3.4231,-9.0639
9288,0.0301,-0.0928,9.8037,-0.2929,-0.0743,-1.1477,3.5865,3.4311,-9.0340
9296,0.0300,-0.0983,9.7998,-0.2490,-0.1904,-1.1579,3.5786,3.4379,-9.0063
9304,0.0245,-0.0942,9.7895,-0.2390,-0.2161,-1.1731,3.5743,3.4463,-8.9812
9312,0.0094,-0.0932,9.7902,-0.2348,-0.2754,-1.1076,3.5701,3.4545,-8.9563
9320,-0.0411,-0.1334,9.8108,-0.2361,-0.2307,-1.3196,3.5658,3.4626,-8.9314
9328,-0.0439,-0.1232,9.8213,-0.1627,-0.2386,-1.3944,3.5645,3.4686,-8.9061
9336,-0.0529,-0.1231,9.8322,-0.1512,-0.2436,-1.6018,3.5633,3.4746,-8.8808
9344,-0.0456,-0.1353,9.8192,-0.1908,-0.2376,-1.6722,3.5554,3.4840,-8.8511
9352,-0.0316,-0.1350,9.8180,-0.2127,-0.2346,-1.7449,3.5474,3.4933,-8.8215
9360,-0.0386,-0.1420,9.8155,-0.1857,-0.2717,-1.8384,3.5457,3.5026,-8.7970
9368,-0.0230,-0.1137,9.8137,-0.2372,-0.1445,-1.9785,3.5418,3.5123,-8.7722
9376,-0.0290,-0.1186,9.8112,-0.2144,-0.1589,-2.0431,3.5431,3.5193,-8.7474
9384,-0.0366,-0.1221,9.8257,-0.2433,-0.0980,-2.2462,3.5443,3.5262,-8.7228
9392,-0.0390,-0.1048,9.8216,-0.2575,-0.1224,-2.3684,3.5439,3.5361,-8.6936
9400,-0.0394,-0.0947,9.8165,-0.2952,-0.0764,-2.4640,3.5400,3.5439,-8.6701
9408,-0.0379,-0.0932,9.8296,-0.2699,-0.1044,-2.3473,3.5361,3.5516,-8.6467
9416,-0.0301,-0.0663,9.8360,-0.3070,-0.0592,-2.4011,3.5306,3.5638,-8.6280
9424,-0.0213,-0.0799,9.8236,-0.2998,-0.0240,-2.3113,3.5251,3.5759,-8.6093
9432,-0.0351,-0.0702,9.8256,-0.3010,-0.0063,-2.3933,3.5196,3.5878,-8.5907
9440,-0.0336,-0.0560,9.8374,-0.3687,-0.0268,-2.4398,3.5172,3.5966,-8.5624
9448,-0.0435,-0.0450,9.8386,-0.4148,-0.0303,-2.4282,3.5152,3.6048,-8.5363
9456,-0.0348,-0.0556,9.8432,-0.4643,-0.0550,-2.4491,3.5128,3.6170,-8.5123
9464,-0.0410,-0.0678,9.8488,-0.4182,-0.1000,-2.3172,3.5103,3.6290,-8.4884
9472,-0.0343,-0.0849,9.8425,-0.4809,-0.0950,-2.4150,3.5022,3.6379,-8.4624
9480,-0.0296,-0.0615,9.8431,-0.4528,-0.0848,-2.3458,3.5007,3.6447,-8.4336
9488,-0.0313,-0.0250,9.8196,-0.4525,0.0368,-2.2637,3.4967,3.6539,-8.4083
9496,-0.0256,-0.0292,9.8265,-0.4817,0.0785,-2.0971,3.5007,3.6640,-8.3878
9504,-0.0286,-0.0358,9.8177,-0.5229,0.0837,-1.9752,3.5048,3.6740,-8.3672
9512,-0.0349,-0.0367,9.8180,-0.4876,0.0807,-1.8400,3.5057,3.6829,-8.3473
9520,-0.0416,-0.0326,9.8214,-0.4645,0.0351,-1.6253,3.5066,3.6918,-8.3273
9528,-0.0412,-0.0343,9.8122,-0.5038,-0.0378,-1.5400,3.5033,3.7040,-8.3019
9536,-0.0472,-0.0349,9.7871,-0.5147,-0.0915,-1.5358,3.5001,3.7162,-8.2766
9544,-0.0441,-0.0195,9.7657,-0.4717,-0.0842,-1.4598,3.4968,3.7282,-8.2513
9552,-0.0562,-0.0102,9.7818,-0.4627,-0.0612,-1.4644,3.4961,3.7351,-8.2296
9560,-0.0413,-0.0318,9.7878,-0.4487,-0.1246,-1.3755,3.4968,3.7449,-8.2086
9568,-0.0441,-0.0417,9.7850,-0.4513,-0.1532,-1.3011,3.4960,3.7526,-8.1835
9576,-0.0535,-0.0539,9.7893,-0.4325,-0.2018,-1.1847,3.4952,3.7602,-8.1585
9584,-0.0557,-0.0495,9.8009,-0.4465,-0.2510,-1.1347,3.4923,3.7682,-8.1402
9592,-0.0412,-0.0788,9.7950,-0.4679,-0.2501,-1.1242,3.4903,3.7802,-8.1219
9600,-0.0391,-0.0674,9.7701,-0.4724,-0.2919,-1.0155,3.4884,3.7945,-8.1026
9608,-0.0235,-0.0754,9.7767,-0.4926,-0.3078,-0.9622,3.4864,3.8088,-8.0834
9616,-0.0144,-0.0826,9.7859,-0.4000,-0.2537,-0.9086,3.4844,3.8229,-8.0643
9624,0.0021,-0.0841,9.8001,-0.4181,-0.2020,-0.9293,3.4814,3.8318,-8.0452
9632,-0.0026,-0.0850,9.8094,-0.3261,-0.2912,-0.7758,3.4784,3.8407,-8.0261
9640,0.0077,-0.0880,9.8168,-0.3581,-0.3018,-0.7597,3.4804,3.8534,-8.0036
9648,0.0070,-0.0854,9.8304,-0.3807,-0.2666,-0.6483,3.4823,3.8661,-7.9812
9656,0.0146,-0.0643,9.8440,-0.4183,-0.2783,-0.6164,3.4842,3.8786,-7.9588
9664,0.0260,-0.0552,9.8377,-0.4036,-0.2575,-0.5592,3.4840,3.8865,-7.9420
9672,0.0081,-0.0361,9.8119,-0.3788,-0.2563,-0.6379,3.4844,3.8973,-7.9233
9680,0.0005,-0.0343,9.8054,-0.3952,-0.2978,-0.6118,3.4837,3.9065,-7.9046
9688,-0.0131,-0.0026,9.8128,-0.3815,-0.2362,-0.6428,3.4829,3.9156,-7.8860
9696,-0.0191,0.0043,9.7908,-0.3337,-0.1612,-0.6805,3.4832,3.9236,-7.8684
9704,-0.0191,0.0023,9.7868,-0.2721,-0.0868,-0.6286,3.4829,3.9320,-7.8494
9712,-0.0359,-0.0055,9.7872,-0.2344,-0.0797,-0.5842,3.4805,3.9398,-7.8309
9720,-0.0320,-0.0016,9.7904,-0.2891,-0.1023,-0.5711,3.4782,3.9475,-7.8125
9728,-0.0334,0.0143,9.7896,-0.2454,-0.0945,-0.4839,3.4758,3.9551,-7.7941
9736,-0.0398,0.0040,9.7707,-0.1502,-0.0258,-0.4006,3.4764,3.9631,-7.7738
9744,-0.0419,-0.0267,9.7727,-0.1472,0.0133,-0.4088,3.4770,3.9710,-7.7535
9752,-0.0351,-0.0153,9.7691,-0.0964,0.0080,-0.3208,3.4716,3.9839,-7.7359
9760,-0.0240,-0.0204,9.7480,-0.0558,-0.0797,-0.3805,3.4721,3.9941,-7.7207
9768,-0.0080,0.0136,9.7467,-0.0329,-0.0356,-0.3417,3.4727,4.0042,-7.7056
9776,-0.0213,0.0103,9.7533,-0.0510,0.0386,-0.4885,3.4792,4.0098,-7.6860
9784,-0.0201,-0.0051,9.7565,0.0303,0.0456,-0.6103,3.4776,4.0212,-7.6735
9792,-0.0122,0.0125,9.7776,-0.0200,0.1242,-0.8067,3.4815,4.0291,-7.6555
9800,-0.0129,0.0147,9.7790,0.0200,0.1567,-0.7653,3.4828,4.0398,-7.6400
9808,-0.0002,0.0103,9.7916,0.0075,0.1399,-0.7603,3.4841,4.0505,-7.6246
9816,0.0035,0.0027,9.7907,-0.0257,0.1290,-0.8035,3.4853,4.0610,-7.6041
9824,-0.0123,0.0118,9.7799,0.0118,0.0920,-0.8848,3.4875,4.0725,-7.5838
9832,-0.0138,-0.0215,9.7887,0.0824,0.1553,-0.9146,3.4896,4.0839,-7.5634
9840,-0.0129,-0.0575,9.7904,0.0085,0.1758,-0.8657,3.4917,4.0941,-7.5481
9848,-0.0043,-0.0122,9.7914,-0.0381,0.0141,-0.8376,3.4937,4.1043,-7.5329
9856,0.0089,0.0152,9.8006,-0.0694,-0.0099,-0.9548,3.4957,4.1144,-7.5176
9864,0.0209,0.0062,9.8221,-0.0753,0.0392,-0.9042,3.4942,4.1254,-7.5024
9872,0.0189,0.0459,9.8119,-0.1209,0.1154,-0.9704,3.4976,4.1377,-7.4833
9880,0.0245,0.0481,9.8278,-0.1245,0.0630,-0.9431,3.4985,4.1500,-7.4641
9888,0.0276,0.0219,9.8048,-0.0720,0.0315,-0.8557,3.4993,4.1622,-7.4500
9896,0.0283,-0.0365,9.7990,-0.1284,0.0975,-0.7400,3.4991,4.1747,-7.4354
9904,0.0320,-0.0546,9.8024,-0.1157,0.0058,-0.6321,3.5033,4.1902,-7.4229
9912,0.0326,-0.0893,9.8041,-0.1009,0.0009,-0.5290,3.5030,4.1975,-7.4073
9920,0.0223,-0.0861,9.7916,-0.0148,0.0015,-0.4383,3.5027,4.2048,-7.3918
9928,0.0134,-0.1301,9.7939,-0.0444,-0.0753,-0.3649,3.5023,4.2119,-7.3764
9936,0.0140,-0.1193,9.8023,-0.0167,-0.1007,-0.2361,3.5084,4.2239,-7.3669
9944,0.0091,-0.1291,9.8004,-0.0329,0.0430,-0.1236,3.5144,4.2358,-7.3574
9952,0.0110,-0.1212,9.7982,-0.0350,0.0178,-0.0026,3.5154,4.2451,-7.3419
9960,0.0277,-0.1177,9.7963,-0.1064,0.0256,0.0597,3.5163,4.2543,-7.3265
9968,0.0233,-0.1213,9.7954,-0.0787,-0.0309,0.2979,3.5147,4.2644,-7.3180
9976,0.0280,-0.1123,9.7859,-0.1055,-0.0369,0.4004,3.5151,4.2754,-7.3056
9984,0.0267,-0.1205,9.7997,-0.1258,0.0427,0.5385,3.5164,4.2863,-7.2941
9992,0.0338,-0.1166,9.8117,-0.2092,0.0921,0.7531,3.5152,4.2980,-7.2841
10000,0.0206,-0.1162,9.8230,-0.1823,0.0434,0.8784,3.5140,4.3097,-7.2742
10008,0.0219,-0.0999,9.8114,-0.2313,0.0821,1.1048,3.5177,4.3212,-7.2652
10016,0.0067,-0.0724,9.8205,-0.1794,0.0818,1.3214,3.5164,4.3302,-7.2503
10024,0.0106,-0.0690,9.8123,-0.1191,0.0709,1.3338,3.5165,4.3455,-7.2388
10032,0.0024,-0.0531,9.8081,-0.1469,0.0364,1.2257,3.5166,4.3607,-7.2273
10040,-0.0051,-0.0528,9.8061,-0.1227,-0.0472,1.1623,3.5167,4.3757,-7.2159
10048,0.0141,-0.0585,9.8093,-0.0596,-0.0205,1.0456,3.5158,4.3862,-7.2005
10056,0.0064,-0.0209,9.8185,-0.0872,-0.0483,1.1154,3.5148,4.3966,-7.1851
10064,0.0045,-0.0246,9.8082,-0.2097,-0.0002,1.0969,3.5084,4.4113,-7.1737
10072,0.0028,-0.0243,9.8121,-0.1907,0.0031,1.0818,3.5019,4.4259,-7.1623
10080,0.0039,-0.0728,9.8211,-0.1753,0.0729,0.8407,3.5019,4.4379,-7.1484
10088,-0.0078,-0.0520,9.8061,-0.1392,0.0623,0.7408,3.5024,4.4463,-7.1375
10096,-0.0102,-0.0327,9.8115,-0.1447,0.1002,0.5652,3.5038,4.4625,-7.1257
10104,-0.0119,-0.0558,9.8115,-0.1073,0.0405,0.4481,3.5041,4.4707,-7.1138
10112,-0.0121,-0.0731,9.8105,-0.1302,0.0954,0.3707,3.5045,4.4788,-7.1019
10120,-0.0168,-0.0737,9.8229,-0.0934,0.0838,0.4380,3.5028,4.4903,-7.0906
10128,-0.0106,-0.0796,9.8103,-0.0956,0.0701,0.3850,3.5011,4.5016,-7.0792
10136,-0.0055,-0.0937,9.8222,-0.0017,0.0090,0.4464,3.5014,4.5158,-7.0708
10144,-0.0081,-0.0964,9.8198,-0.0239,0.0626,0.4811,3.5016,4.5299,-7.0624
10152,-0.0068,-0.0939,9.8354,-0.0424,0.0445,0.5569,3.5018,4.5438,-7.0540
10160,-0.0180,-0.0665,9.8412,-0.0121,-0.0288,0.5548,3.5015,4.5557,-7.0451
10168,-0.0130,-0.0613,9.8429,0.0248,0.0451,0.5740,3.5011,4.5674,-7.0363
10176,0.0015,-0.0412,9.8513,0.0015,-0.0096,0.5125,3.4933,4.5756,-7.0308
10184,0.0005,-0.0093,9.8479,-0.0315,0.0741,0.3069,3.4900,4.5837,-7.0253
10192,0.0032,-0.0009,9.8325,0.0116,0.0982,0.1264,3.4867,4.5961,-7.0119
10200,0.0025,-0.0124,9.8305,-0.0218,0.1158,-0.1103,3.4843,4.6045,-7.0025
10208,0.0032,-0.0142,9.8222,-0.0245,0.1381,-0.2699,3.4868,4.6153,-6.9955
10216,0.0157,-0.0099,9.8239,-0.0776,0.1247,-0.4492,3.4849,4.6254,-6.9831
10224,0.0084,0.0081,9.8236,-0.0352,0.1038,-0.6101,3.4829,4.6355,-6.9706
10232,-0.0074,0.0175,9.7996,-0.0479,0.1533,-0.6492,3.4775,4.6479,-6.9592
10240,-0.0080,0.0179,9.8066,-0.0174,0.1792,-0.5719,3.4721,4.6602,-6.9477
10248,-0.0018,0.0529,9.8034,0.0385,0.2573,-0.6660,3.4755,4.6744,-6.9417
10256,-0.0002,0.0376,9.8014,0.0172,0.1347,-0.6174,3.4789,4.6885,-6.9356
10264,-0.0065,-0.0009,9.7827,-0.0378,0.1641,-0.6882,3.4822,4.7024,-6.9296
10272,-0.0081,0.0245,9.7704,-0.0424,0.1442,-0.7505,3.4806,4.7138,-6.9200
10280,-0.0214,0.0447,9.7706,-0.0041,0.1386,-0.8422,3.4804,4.7285,-6.9105
10288,-0.0202,0.0493,9.7649,-0.0315,0.1518,-0.9645,3.4778,4.7382,-6.9058
10296,-0.0324,0.0166,9.7811,0.0302,0.2445,-0.9694,3.4757,4.7522,-6.8977
10304,-0.0206,0.0289,9.7789,0.0493,0.1464,-1.0595,3.4735,4.7661,-6.8896
10312,-0.0195,0.0537,9.7770,0.0276,0.1433,-1.2363,3.4738,4.7760,-6.8814
10320,-0.0281,0.0984,9.7715,0.0068,0.0763,-1.3893,3.4720,4.7853,-6.8777
10328,-0.0208,0.0852,9.7744,0.0296,0.0790,-1.6077,3.4728,4.7994,-6.8665
10336,-0.0210,0.0777,9.7678,0.0007,0.0655,-1.6672,3.4754,4.8090,-6.8583
10344,-0.0217,0.0697,9.7601,0.0371,0.0792,-1.8601,3.4780,4.8185,-6.8501
10352,-0.0269,0.0655,9.7731,0.0239,0.1644,-1.9325,3.4806,4.8278,-6.8419
10360,-0.0293,0.0513,9.7644,-0.0181,0.0565,-2.0258,3.4837,4.8391,-6.8331
10368,-0.0110,0.0485,9.7839,-0.0102,0.0573,-2.1310,3.4867,4.8503,-6.8243
10376,-0.0108,0.0295,9.7915,0.0213,0.0661,-2.0236,3.4858,4.8623,-6.8175
10384,-0.0234,-0.0027,9.8002,-0.0232,0.1679,-1.9849,3.4848,4.8743,-6.8107
10392,-0.0330,-0.0332,9.8153,-0.0151,0.1078,-2.0172,3.4970,4.8871,-6.8048
10400,-0.0311,-0.0203,9.8190,-0.0954,0.1997,-2.2695,3.5008,4.9013,-6.8013
10408,-0.0290,-0.0209,9.8196,-0.0868,0.1970,-2.4067,3.5065,4.9100,-6.8003
10416,-0.0303,0.0132,9.8119,-0.0839,0.1917,-2.4072,3.5121,4.9186,-6.7992
10424,-0.0351,0.0021,9.8146,-0.1665,0.1626,-2.4264,3.5191,4.9360,-6.7921
10432,-0.0368,0.0149,9.8051,-0.2135,0.1748,-2.7541,3.5255,4.9487,-6.7880
10440,-0.0446,0.0055,9.8057,-0.2557,0.1438,-2.7474,3.5318,4.9614,-6.7838
10448,-0.0339,-0.0681,9.7980,-0.2721,0.1834,-2.9224,3.5342,4.9730,-6.7796
10456,-0.0402,-0.0847,9.7755,-0.2851,0.1840,-2.9484,3.5365,4.9844,-6.7754
10464,-0.0363,-0.1033,9.7821,-0.2896,0.1473,-3.1066,3.5387,4.9958,-6.7711
10472,-0.0433,-0.1106,9.7871,-0.2778,0.1281,-3.1432,3.5433,5.0080,-6.7692
10480,-0.0401,-0.0889,9.7771,-0.3573,0.0965,-3.1995,3.5478,5.0201,-6.7658
10488,-0.0344,-0.0652,9.7575,-0.3826,0.1783,-3.1867,3.5508,5.0340,-6.7619
10496,-0.0461,-0.0574,9.7535,-0.2814,0.1151,-3.0252,3.5537,5.0479,-6.7579
10504,-0.0480,-0.0663,9.7804,-0.2834,0.0894,-2.9960,3.5576,5.0543,-6.7573
10512,-0.0612,-0.0648,9.8001,-0.2879,0.0807,-2.9014,3.5658,5.0713,-6.7576
10520,-0.0717,-0.0789,9.7843,-0.3242,0.0725,-2.8057,3.5729,5.0838,-6.7594
10528,-0.0671,-0.0799,9.7900,-0.3403,0.0700,-2.6474,3.5809,5.0952,-6.7605
10536,-0.0753,-0.0766,9.7939,-0.2597,0.0649,-2.6081,3.5889,5.1065,-6.7616
10544,-0.0708,-0.1260,9.8078,-0.2759,0.0440,-2.4719,3.5924,5.1221,-6.7587
10552,-0.0772,-0.1111,9.8076,-0.1848,0.0614,-2.4856,3.5958,5.1376,-6.7558
10560,-0.0653,-0.1144,9.8130,-0.1643,0.0513,-2.4587,3.6025,5.1520,-6.7504
10568,-0.0545,-0.0929,9.8119,-0.2060,-0.0756,-2.4943,3.6092,5.1663,-6.7449
10576,-0.0565,-0.0820,9.8118,-0.1766,-0.0823,-2.4350,3.6159,5.1804,-6.7394
10584,-0.0447,-0.0977,9.8153,-0.1378,-0.0808,-2.3916,3.6239,5.1920,-6.7339
10592,-0.0381,-0.0909,9.7976,-0.1593,-0.0339,-2.1608,3.6280,5.2045,-6.7351
10600,-0.0331,-0.0757,9.7861,-0.1453,0.0108,-1.9721,3.6329,5.2163,-6.7309
10608,-0.0208,-0.0992,9.7940,-0.1532,0.0137,-1.9277,3.6378,5.2281,-6.7266
10616,-0.0065,-0.0978,9.7942,-0.2061,0.0190,-1.8105,3.6480,5.2442,-6.7292
10624,-0.0272,-0.0892,9.7744,-0.1660,0.0695,-1.7598,3.6542,5.2586,-6.7233
10632,-0.0455,-0.0737,9.7751,-0.0503,0.0671,-1.5886,3.6599,5.2749,-6.7253
10640,-0.0411,-0.0833,9.7986,-0.0944,0.1261,-1.3876,3.6655,5.2911,-6.7271
10648,-0.0477,-0.1098,9.7879,-0.0938,0.1559,-1.2674,3.6711,5.3071,-6.7289
10656,-0.0490,-0.1173,9.7897,-0.0613,0.2190,-1.2484,3.6765,5.3245,-6.7325
10664,-0.0543,-0.1237,9.7899,-0.0462,0.2448,-1.1396,3.6820,5.3418,-6.7361
10672,-0.0564,-0.1263,9.8028,-0.0691,0.1520,-1.1369,3.6888,5.3565,-6.7410
10680,-0.0542,-0.1200,9.8168,0.0023,0.1780,-1.0570,3.6946,5.3716,-6.7429
10688,-0.0348,-0.1184,9.8153,-0.0040,0.1709,-1.0419,3.7003,5.3865,-6.7448
10696,-0.0224,-0.1274,9.7994,-0.0474,0.0787,-0.9688,3.7069,5.4008,-6.7446
10704,-0.0197,-0.1515,9.8033,-0.1236,-0.0068,-0.7949,3.7086,5.4175,-6.7443
10712,-0.0146,-0.1624,9.7794,-0.1005,-0.0699,-0.6499,3.7156,5.4282,-6.7494
10720,-0.0177,-0.1499,9.7774,-0.1210,0.0165,-0.7140,3.7226,5.4388,-6.7543
10728,-0.0228,-0.1596,9.7751,-0.1966,0.0084,-0.5619,3.7314,5.4527,-6.7586
10736,-0.0347,-0.1679,9.7835,-0.2023,0.0167,-0.4671,3.7363,5.4698,-6.7614
10744,-0.0473,-0.1859,9.7902,-0.1597,-0.0581,-0.4485,3.7425,5.4859,-6.7622
10752,-0.0405,-0.1912,9.7840,-0.1296,-0.1003,-0.3907,3.7488,5.5019,-6.7629
10760,-0.0307,-0.1901,9.7857,-0.1515,-0.0712,-0.3301,3.7549,5.5177,-6.7636
10768,-0.0268,-0.1673,9.7853,-0.2045,-0.1368,-0.2507,3.7625,5.5324,-6.7656
10776,-0.0379,-0.1712,9.7764,-0.2205,-0.2102,-0.2522,3.7700,5.5471,-6.7675
10784,-0.0397,-0.1597,9.7788,-0.2171,-0.1870,-0.0937,3.7774,5.5606,-6.7708
10792,-0.0418,-0.1548,9.7832,-0.2592,-0.1782,-0.0780,3.7814,5.5750,-6.7726
10800,-0.0419,-0.1535,9.7726,-0.2114,-0.2098,-0.0871,3.7853,5.5893,-6.7743
10808,-0.0506,-0.1300,9.7913,-0.2058,-0.1253,-0.1491,3.7921,5.6044,-6.7789
10816,-0.0444,-0.0974,9.8073,-0.1604,-0.1806,-0.2510,3.7983,5.6224,-6.7804
10824,-0.0364,-0.0911,9.7985,-0.1943,-0.1160,-0.3192,3.8064,5.6397,-6.7863
10832,-0.0461,-0.1000,9.7956,-0.1520,-0.0917,-0.3470,3.8111,5.6535,-6.7891
10840,-0.0531,-0.0971,9.7939,-0.1863,0.0223,-0.3176,3.8157,5.6671,-6.7919
10848,-0.0566,-0.0913,9.7987,-0.2004,0.0540,-0.3669,3.8203,5.6807,-6.7945
10856,-0.0576,-0.0861,9.7935,-0.1766,0.1349,-0.4086,3.8258,5.6961,-6.7986
10864,-0.0539,-0.0818,9.7956,-0.1911,0.0790,-0.3366,3.8312,5.7113,-6.8026
10872,-0.0410,-0.0929,9.7880,-0.2183,0.1242,-0.2543,3.8395,5.7260,-6.8059
10880,-0.0366,-0.0770,9.7933,-0.2417,0.1114,-0.1356,3.8478,5.7405,-6.8093
10888,-0.0349,-0.0613,9.7804,-0.2667,0.1551,-0.1342,3.8530,5.7554,-6.8168
10896,-0.0315,-0.0552,9.7765,-0.2746,0.2450,0.1339,3.8592,5.7692,-6.8204
10904,-0.0430,-0.0643,9.7689,-0.2982,0.3015,0.1316,3.8644,5.7863,-6.8230
10912,-0.0439,-0.0361,9.7601,-0.3074,0.3717,0.1427,3.8627,5.8033,-6.8254
10920,-0.0324,-0.0380,9.7572,-0.3322,0.2627,0.2040,3.8610,5.8197,-6.8283
10928,-0.0402,-0.0310,9.7619,-0.3453,0.2012,0.1933,3.8685,5.8379,-6.8340
10936,-0.0286,-0.0383,9.7752,-0.2991,0.1903,0.1857,3.8764,5.8477,-6.8318
10944,-0.0235,-0.0085,9.7809,-0.2523,0.2013,0.1011,3.8877,5.8588,-6.8378
10952,-0.0067,-0.0197,9.7883,-0.2822,0.1185,0.1029,3.8988,5.8699,-6.8437
10960,-0.0078,-0.0117,9.7745,-0.3054,0.1833,0.0326,3.9099,5.8808,-6.8495
10968,-0.0148,-0.0022,9.7812,-0.2930,0.1999,0.0747,3.9155,5.8946,-6.8571
10976,-0.0174,0.0014,9.7867,-0.3344,0.2558,0.0243,3.9211,5.9082,-6.8646
10984,-0.0166,0.0279,9.7981,-0.2994,0.2906,0.1014,3.9267,5.9208,-6.8672
10992,-0.0104,0.0195,9.8067,-0.2445,0.3051,0.0019,3.9322,5.9332,-6.8698
11000,-0.0098,0.0184,9.8139,-0.2854,0.2444,0.0107,3.9405,5.9436,-6.8751
11008,-0.0111,0.0391,9.8050,-0.2952,0.1704,-0.0423,3.9463,5.9587,-6.8794
11016,-0.0109,0.0625,9.7910,-0.3659,0.1929,-0.0449,3.9496,5.9752,-6.8802
11024,-0.0089,0.0572,9.7760,-0.4041,0.1158,-0.1541,3.9577,5.9891,-6.8843
11032,-0.0026,0.0442,9.7734,-0.4380,0.0900,-0.2318,3.9658,6.0030,-6.8883
11040,-0.0118,0.0070,9.7825,-0.4598,0.0840,-0.3221,3.9738,6.0201,-6.8888
11048,-0.0093,-0.0053,9.7961,-0.4753,0.0543,-0.3498,3.9817,6.0370,-6.8893
11056,-0.0097,-0.0009,9.8062,-0.4981,0.0419,-0.3203,3.9925,6.0495,-6.8975
11064,0.0149,0.0035,9.7879,-0.4372,0.0274,-0.3588,4.0031,6.0619,-6.9055
11072,0.0208,-0.0053,9.7997,-0.5123,0.0161,-0.2249,4.0137,6.0742,-6.9134
11080,0.0153,-0.0105,9.7908,-0.5629,-0.0026,-0.3528,4.0189,6.0883,-6.9217
11088,0.0275,-0.0029,9.7977,-0.5312,-0.0365,-0.4432,4.0241,6.1023,-6.9299
11096,0.0140,-0.0129,9.8026,-0.5515,0.0004,-0.5323,4.0330,6.1187,-6.9332
11104,0.0205,-0.0297,9.7943,-0.5843,-0.0257,-0.4441,4.0419,6.1349,-6.9364
11112,0.0227,-0.0271,9.7945,-0.5490,-0.0533,-0.3998,4.0521,6.1466,-6.9400
11120,0.0260,-0.0266,9.7933,-0.5313,-0.0316,-0.1895,4.0536,6.1626,-6.9464
11128,0.0332,-0.0453,9.8041,-0.5569,-0.1016,-0.1270,4.0609,6.1761,-6.9517
11136,0.0410,-0.0435,9.7856,-0.5415,-0.1872,-0.1606,4.0724,6.1865,-6.9599
11144,0.0367,-0.0168,9.7817,-0.4868,-0.1171,-0.1474,4.0838,6.1969,-6.9679
11152,0.0219,-0.0492,9.7872,-0.4291,-0.1460,0.0093,4.0875,6.2091,-6.9729
11160,0.0239,-0.0593,9.7726,-0.3179,-0.1336,0.2124,4.0910,6.2212,-6.9779
11168,0.0158,-0.1004,9.7940,-0.3636,-0.1591,0.5160,4.0965,6.2323,-6.9847
11176,0.0057,-0.0988,9.7829,-0.3352,-0.1222,0.6250,4.1019,6.2433,-6.9914
11184,0.0161,-0.1256,9.7906,-0.2655,-0.1296,0.6918,4.1072,6.2541,-6.9980
11192,0.0069,-0.1276,9.7925,-0.2655,-0.1766,0.7904,4.1134,6.2673,-7.0031
11200,0.0054,-0.1244,9.8006,-0.2015,-0.0909,0.9034,4.1172,6.2819,-7.0057
11208,0.0076,-0.0863,9.8016,-0.1909,-0.0516,1.0034,4.1262,6.2958,-7.0135
11216,-0.0072,-0.0510,9.7902,-0.2635,-0.0168,1.0271,4.1336,6.3097,-7.0212
11224,-0.0014,-0.0455,9.8022,-0.2529,-0.0287,0.9110,4.1411,6.3201,-7.0283
11232,-0.0044,-0.1025,9.7948,-0.2534,-0.0668,0.7841,4.1465,6.3362,-7.0334
11240,-0.0103,-0.0811,9.7932,-0.2299,-0.0953,0.6520,4.1547,6.3541,-7.0428
11248,-0.0134,-0.1151,9.8022,-0.2234,-0.1651,0.6217,4.1639,6.3694,-7.0506
11256,-0.0317,-0.0894,9.8039,-0.1399,-0.2160,0.6754,4.1730,6.3846,-7.0583
11264,-0.0427,-0.0770,9.7873,-0.1801,-0.2539,0.6467,4.1762,6.4007,-7.0649
11272,-0.0391,-0.0631,9.7882,-0.1944,-0.1301,0.7846,4.1794,6.4167,-7.0715
11280,-0.0367,-0.0701,9.7908,-0.2055,-0.1318,0.8392,4.1869,6.4296,-7.0818
11288,-0.0404,-0.0459,9.7991,-0.1414,-0.1308,0.8940,4.1943,6.4425,-7.0919
11296,-0.0543,-0.0718,9.7866,-0.1255,-0.1484,0.8611,4.2016,6.4552,-7.1020
11304,-0.0281,-0.0693,9.7880,-0.1503,-0.1653,0.9790,4.2060,6.4684,-7.1115
11312,-0.0240,-0.0635,9.7883,-0.1846,-0.0801,1.0357,4.2113,6.4814,-7.1199
11320,-0.0290,-0.0645,9.7923,-0.2068,-0.0520,1.0659,4.2170,6.4962,-7.1277
11328,-0.0139,-0.0622,9.7895,-0.2253,-0.1584,1.1002,4.2280,6.5090,-7.1383
11336,-0.0102,-0.0816,9.7820,-0.2751,-0.2122,1.2236,4.2389,6.5217,-7.1488
11344,-0.0065,-0.0595,9.7961,-0.2746,-0.1436,1.2403,4.2468,6.5363,-7.1606
11352,0.0088,-0.0778,9.7780,-0.3275,-0.0353,1.2483,4.2561,6.5531,-7.1713
11360,0.0198,-0.1216,9.7929,-0.3621,-0.0758,1.4292,4.2654,6.5698,-7.1819
11368,0.0248,-0.0848,9.7951,-0.3286,-0.1865,1.5142,4.2678,6.5868,-7.1919
11376,0.0257,-0.0724,9.7861,-0.2538,-0.1591,1.6035,4.2702,6.6038,-7.2018
11384,0.0064,-0.0635,9.7908,-0.3503,-0.1515,1.6196,4.2725,6.6206,-7.2116
11392,0.0118,-0.0823,9.8000,-0.3465,-0.2349,1.7577,4.2825,6.6345,-7.2203
11400,0.0062,-0.1071,9.7897,-0.3403,-0.1920,1.6177,4.2891,6.6520,-7.2327
11408,0.0070,-0.0625,9.7730,-0.3503,-0.1003,1.5718,4.2917,6.6680,-7.2426
11416,-0.0032,-0.0787,9.7812,-0.2773,-0.0313,1.5172,4.2943,6.6839,-7.2524
11424,-0.0092,-0.0701,9.7913,-0.2821,-0.0080,1.5078,4.3041,6.6973,-7.2654
11432,-0.0297,-0.0527,9.7941,-0.2973,0.0170,1.4427,4.3104,6.7082,-7.2807
11440,-0.0373,-0.0566,9.7907,-0.2666,0.0942,1.4045,4.3138,6.7180,-7.2953
11448,-0.0410,-0.0123,9.7739,-0.2692,0.0028,1.2826,4.3172,6.7277,-7.3098
11456,-0.0421,-0.0100,9.7811,-0.2183,0.0753,1.0807,4.3233,6.7431,-7.3199
11464,-0.0494,-0.0252,9.8026,-0.3270,-0.0314,0.8103,4.3328,6.7559,-7.3322
11472,-0.0374,-0.0208,9.8089,-0.3110,-0.0801,0.6344,4.3423,6.7687,-7.3443
11480,-0.0369,0.0165,9.7981,-0.3170,-0.0653,0.3275,4.3507,6.7790,-7.3602
11488,-0.0311,0.0074,9.7893,-0.3173,0.0049,0.1434,4.3590,6.7892,-7.3759
11496,-0.0463,0.0060,9.8032,-0.2431,-0.0427,-0.0780,4.3673,6.7992,-7.3915
11504,-0.0291,-0.0044,9.8022,-0.1533,-0.0055,-0.2524,4.3736,6.8160,-7.4050
11512,-0.0327,-0.0051,9.7980,-0.1076,-0.0180,-0.3791,4.3842,6.8292,-7.4155
11520,-0.0281,-0.0154,9.8010,-0.0984,-0.1766,-0.3030,4.3923,6.8438,-7.4267
11528,-0.0263,0.0018,9.8029,-0.1004,-0.1735,-0.3982,4.4003,6.8583,-7.4379
11536,-0.0288,-0.0105,9.7987,-0.0969,-0.1573,-0.4253,4.4073,6.8722,-7.4509
11544,-0.0328,0.0404,9.7953,-0.0536,-0.1631,-0.4165,4.4162,6.8850,-7.4632
11552,-0.0306,0.0504,9.8045,-0.0442,-0.1127,-0.4294,4.4245,6.8987,-7.4792
11560,-0.0167,0.0445,9.7987,-0.0618,-0.0618,-0.3937,4.4327,6.9123,-7.4951
11568,-0.0082,0.0742,9.7826,-0.0307,-0.0345,-0.3436,4.4409,6.9258,-7.5109
11576,-0.0101,0.0814,9.7817,-0.0063,-0.2457,-0.2984,4.4472,6.9382,-7.5260
11584,-0.0041,0.0575,9.7790,-0.0096,-0.2423,-0.4312,4.4533,6.9506,-7.5409
11592,-0.0146,0.0864,9.7852,-0.0634,-0.3244,-0.3874,4.4623,6.9671,-7.5538
11600,-0.0136,0.0657,9.7863,-0.0749,-0.2989,-0.4843,4.4713,6.9836,-7.5666
11608,-0.0100,0.0797,9.7750,-0.0006,-0.2719,-0.5156,4.4801,6.9999,-7.5792
11616,-0.0313,0.0641,9.7570,-0.0228,-0.2140,-0.5828,4.4899,7.0147,-7.5946
11624,-0.0429,0.0546,9.7612,0.0333,-0.2307,-0.5858,4.4996,7.0280,-7.6112
11632,-0.0437,0.0510,9.7637,0.0016,-0.1853,-0.8286,4.5078,7.0435,-7.6230
11640,-0.0423,0.0527,9.7677,0.0299,-0.1979,-0.9569,4.5159,7.0590,-7.6345
11648,-0.0464,0.0534,9.7746,0.0517,-0.1780,-0.9701,4.5240,7.0743,-7.6517
11656,-0.0410,0.0253,9.7817,0.0432,-0.2069,-0.8522,4.5315,7.0900,-7.6697
11664,-0.0220,0.0085,9.7690,-0.0343,-0.2399,-0.7367,4.5371,7.1013,-7.6889
11672,-0.0194,-0.0258,9.7620,-0.0470,-0.3061,-0.8103,4.5426,7.1125,-7.7080
11680,-0.0048,-0.0514,9.7722,-0.1366,-0.3107,-0.7900,4.5481,7.1237,-7.7269
11688,-0.0075,-0.0622,9.7635,-0.1902,-0.1712,-0.9119,4.5602,7.1381,-7.7475
11696,0.0056,-0.0515,9.7717,-0.2255,-0.2270,-0.8871,4.5723,7.1524,-7.7680
11704,0.0005,-0.0633,9.7659,-0.2725,-0.1898,-0.8555,4.5847,7.1646,-7.7863
11712,-0.0081,-0.0798,9.7702,-0.2002,-0.2556,-0.7372,4.5961,7.1783,-7.8035
11720,-0.0032,-0.1112,9.7722,-0.1470,-0.2011,-0.6881,4.6074,7.1918,-7.8206
11728,0.0218,-0.1063,9.7832,-0.1068,-0.1517,-0.6465,4.6186,7.2038,-7.8336
11736,0.0216,-0.0837,9.7772,-0.2044,-0.1177,-0.4840,4.6283,7.2172,-7.8527
11744,0.0218,-0.0691,9.7868,-0.1537,-0.0933,-0.4140,4.6375,7.2319,-7.8698
11752,0.0184,-0.0173,9.7973,-0.1746,-0.0112,-0.5123,4.6466,7.2465,-7.8866
11760,0.0154,-0.0427,9.7954,-0.1972,-0.0661,-0.4757,4.6560,7.2595,-7.9038
11768,0.0176,-0.0289,9.8105,-0.2695,-0.0946,-0.3954,4.6655,7.2725,-7.9208
11776,0.0214,0.0242,9.8101,-0.3040,-0.0152,-0.3479,4.6786,7.2878,-7.9377
11784,0.0304,0.0166,9.8093,-0.2436,-0.0059,-0.3451,4.6917,7.3030,-7.9543
11792,0.0207,-0.0107,9.8031,-0.2845,-0.0130,-0.3612,4.7047,7.3181,-7.9709
11800,0.0051,-0.0104,9.8097,-0.2357,0.0789,-0.2965,4.7128,7.3355,-7.9906
11808,0.0133,-0.0475,9.8012,-0.1996,-0.0359,-0.4053,4.7208,7.3527,-8.0101
11816,0.0098,-0.0172,9.8122,-0.1891,-0.1670,-0.3467,4.7321,7.3684,-8.0295
11824,-0.0102,-0.0240,9.7993,-0.2031,-0.1911,-0.3414,4.7376,7.3854,-8.0511
11832,-0.0155,-0.0156,9.7963,-0.1472,-0.2461,-0.2189,4.7430,7.4024,-8.0725
11840,-0.0035,-0.0116,9.8082,-0.1923,-0.2801,-0.1258,4.7522,7.4125,-8.0932
11848,-0.0114,0.0079,9.7934,-0.2195,-0.2965,-0.1488,4.7613,7.4258,-8.1090
11856,0.0007,0.0215,9.7823,-0.1521,-0.3896,-0.0987,4.7704,7.4391,-8.1270
11864,0.0048,0.0274,9.7759,-0.1011,-0.4359,0.0131,4.7817,7.4537,-8.1438
11872,0.0262,0.0309,9.7765,-0.1056,-0.3842,0.0828,4.7930,7.4682,-8.1605
11880,0.0320,0.0018,9.7971,-0.1019,-0.4974,0.1973,4.8042,7.4826,-8.1771
11888,0.0254,-0.0027,9.7966,-0.0850,-0.4191,0.1389,4.8149,7.4926,-8.1996
11896,0.0212,-0.0054,9.7934,-0.0902,-0.3548,0.2430,4.8254,7.5025,-8.2220
11904,0.0219,0.0149,9.7965,-0.0125,-0.4586,0.1879,4.8354,7.5214,-8.2437
11912,0.0144,0.0606,9.7947,0.0244,-0.4566,0.2526,4.8454,7.5401,-8.2653
11920,0.0213,0.0696,9.7976,0.0731,-0.4707,0.2611,4.8600,7.5540,-8.2866
11928,0.0248,0.0878,9.8048,0.0450,-0.4894,0.2585,4.8702,7.5706,-8.3058
11936,0.0261,0.0510,9.8304,0.1114,-0.4807,0.3841,4.8852,7.5861,-8.3287
11944,0.0205,0.0363,9.8327,0.0683,-0.4911,0.5388,4.8957,7.6015,-8.3514
11952,0.0017,0.0376,9.8251,0.1071,-0.4236,0.5268,4.9061,7.6173,-8.3729
11960,-0.0016,0.1017,9.8056,0.0588,-0.4151,0.5393,4.9150,7.6311,-8.3928
11968,-0.0027,0.0940,9.8024,0.1033,-0.4310,0.4179,4.9267,7.6428,-8.4130
11976,0.0099,0.0552,9.8128,0.0312,-0.4649,0.5605,4.9387,7.6516,-8.4393
11984,-0.0079,0.0543,9.7981,0.0396,-0.4039,0.7022,4.9507,7.6603,-8.4653
11992,0.0061,0.0557,9.7820,0.0449,-0.3376,0.7284,4.9626,7.6688,-8.4910
12000,0.0115,0.0666,9.7989,0.0847,-0.4076,0.6920,4.9749,7.6802,-8.5137
12008,0.0041,0.1019,9.7923,-0.0186,-0.3891,0.6360,4.9871,7.6915,-8.5362
12016,0.0019,0.0678,9.7904,-0.0507,-0.3448,0.7210,5.0030,7.7003,-8.5623
12024,-0.0009,0.0693,9.8037,-0.1454,-0.2997,0.8957,5.0188,7.7090,-8.5882
12032,-0.0003,0.0634,9.8058,-0.1479,-0.2753,0.9987,5.0311,7.7243,-8.6167
12040,-0.0044,0.0116,9.8113,-0.2144,-0.1933,0.9079,5.0458,7.7385,-8.6378
12048,0.0007,-0.0280,9.8327,-0.1979,-0.1256,0.8611,5.0550,7.7469,-8.6616
12056,-0.0258,-0.0151,9.8297,-0.2222,-0.1275,0.8456,5.0671,7.7634,-8.6837
12064,-0.0274,0.0166,9.8252,-0.2587,-0.2039,0.8415,5.0790,7.7797,-8.7056
12072,-0.0284,0.0389,9.8106,-0.2590,-0.1784,0.7896,5.0923,7.7960,-8.7340
12080,-0.0197,0.0336,9.8152,-0.2486,-0.0713,0.8519,5.1055,7.8121,-8.7622
12088,0.0036,0.0060,9.8130,-0.2280,-0.0409,0.8875,5.1181,7.8224,-8.7848
12096,0.0001,-0.0349,9.8114,-0.2216,-0.0784,0.9269,5.1306,7.8326,-8.8073
12104,-0.0016,-0.0323,9.7973,-0.1942,-0.0877,1.1006,5.1431,7.8427,-8.8295
12112,-0.0037,-0.0067,9.7790,-0.1813,-0.0166,1.1280,5.1482,7.8542,-8.8596
12120,-0.0001,-0.0108,9.7848,-0.1636,-0.0285,1.1542,5.1595,7.8660,-8.8914
12128,-0.0023,-0.0014,9.7877,-0.2160,-0.0907,1.1153,5.1703,7.8835,-8.9234
12136,0.0016,0.0199,9.7927,-0.1862,-0.0914,1.0487,5.1809,7.9009,-8.9551
12144,0.0060,0.0091,9.8017,-0.2616,-0.0974,0.9584,5.1929,7.9214,-8.9833
12152,0.0028,0.0522,9.7757,-0.3151,-0.1645,0.9520,5.2020,7.9366,-9.0116
12160,0.0053,0.0256,9.7809,-0.2862,-0.1327,0.8766,5.2119,7.9493,-9.0431
12168,0.0076,0.0142,9.7628,-0.2053,-0.0516,0.7724,5.2251,7.9605,-9.0743
12176,0.0023,0.0290,9.7692,-0.1999,-0.0221,0.6435,5.2382,7.9715,-9.1052
12184,-0.0115,0.0452,9.7631,-0.1707,-0.0498,0.5976,5.2507,7.9929,-9.1369
12192,-0.0140,-0.0017,9.7786,-0.2122,-0.0230,0.5216,5.2631,8.0142,-9.1682
12200,-0.0163,0.0014,9.7630,-0.1398,-0.0587,0.5210,5.2731,8.0282,-9.1970
12208,-0.0279,-0.0104,9.7726,-0.0920,-0.0662,0.3925,5.2830,8.0420,-9.2255
12216,-0.0393,-0.0333,9.7799,-0.0702,-0.1106,0.3762,5.2927,8.0558,-9.2537
12224,-0.0401,-0.0536,9.7869,-0.0894,-0.1292,0.2246,5.3091,8.0684,-9.2808
12232,-0.0467,-0.0465,9.7865,-0.1077,-0.0482,0.2796,5.3235,8.0795,-9.3086
12240,-0.0340,-0.0423,9.7729,-0.0533,-0.0561,0.3723,5.3354,8.0929,-9.3404
12248,-0.0412,-0.0622,9.7833,-0.0412,-0.1144,0.4529,5.3476,8.1062,-9.3720
12256,-0.0422,-0.0925,9.7892,-0.0270,-0.1701,0.5139,5.3598,8.1198,-9.4028
12264,-0.0468,-0.0639,9.7817,-0.1307,-0.1380,0.4016,5.3718,8.1334,-9.4325
12272,-0.0396,-0.0731,9.7886,-0.0993,-0.3180,0.3290,5.3838,8.1506,-9.4652
12280,-0.0349,-0.0997,9.8012,-0.0878,-0.3355,0.3074,5.3957,8.1677,-9.4977
12288,-0.0283,-0.0872,9.7821,-0.0929,-0.3095,0.3322,5.4074,8.1847,-9.5299
12296,-0.0196,-0.0778,9.7802,-0.2071,-0.3353,0.2812,5.4177,8.1982,-9.5589
12304,-0.0237,-0.0474,9.7850,-0.1936,-0.3120,0.4111,5.4278,8.2116,-9.5878
12312,-0.0173,-0.0495,9.7720,-0.1888,-0.3564,0.4207,5.4413,8.2202,-9.6221
12320,-0.0251,-0.0469,9.7816,-0.2507,-0.3402,0.5045,5.4546,8.2286,-9.6561
12328,-0.0209,-0.0682,9.7953,-0.2007,-0.2847,0.5019,5.4678,8.2370,-9.6898
12336,-0.0207,-0.0606,9.8018,-0.2142,-0.3463,0.5315,5.4800,8.2476,-9.7166
12344,-0.0309,-0.0701,9.8091,-0.1657,-0.3465,0.3785,5.4925,8.2586,-9.7446
12352,-0.0243,-0.0782,9.7929,-0.1621,-0.2587,0.3361,5.5054,8.2705,-9.7791
12360,-0.0083,-0.0578,9.7909,-0.1879,-0.1988,0.1116,5.5159,8.2799,-9.8060
12368,-0.0188,-0.0585,9.7969,-0.1966,-0.2694,0.0810,5.5263,8.2892,-9.8328
12376,-0.0193,-0.0641,9.7837,-0.1996,-0.3104,0.0596,5.5385,8.2999,-9.8621
12384,-0.0055,-0.0546,9.7868,-0.2238,-0.2428,-0.0328,5.5511,8.3099,-9.8941
12392,-0.0209,-0.0656,9.7986,-0.2176,-0.2822,0.0255,5.5636,8.3199,-9.9258
12400,-0.0075,-0.0464,9.7861,-0.1850,-0.2906,0.0093,5.5741,8.3270,-9.9544
12408,-0.0058,-0.0472,9.8131,-0.1405,-0.3439,0.0924,5.5845,8.3339,-9.9827
12416,-0.0098,-0.0822,9.8124,-0.1166,-0.3682,0.0012,5.5948,8.3408,-10.0108
12424,-0.0120,-0.0518,9.8091,-0.1258,-0.3728,0.1087,5.6070,8.3504,-10.0382
12432,0.0106,-0.0827,9.8211,-0.0758,-0.4092,0.0595,5.6172,8.3619,-10.0673
12440,0.0220,-0.0308,9.8261,-0.0654,-0.3747,0.1271,5.6311,8.3685,-10.0961
12448,0.0272,-0.0108,9.8265,-0.1328,-0.2937,0.1037,5.6449,8.3750,-10.1246
12456,0.0392,-0.0292,9.8264,-0.1919,-0.2189,0.1294,5.6619,8.3815,-10.1539
12464,0.0205,-0.0216,9.8290,-0.2165,-0.2780,0.0633,5.6774,8.3907,-10.1787
12472,0.0031,-0.0335,9.8241,-0.2453,-0.4732,-0.0453,5.6919,8.3994,-10.2085
12480,-0.0067,-0.0501,9.8379,-0.1235,-0.3959,-0.0931,5.7062,8.4080,-10.2380
12488,-0.0219,-0.0921,9.8285,-0.1190,-0.2713,0.0478,5.7123,8.4189,-10.2688
12496,-0.0276,-0.0804,9.8291,0.0160,-0.3148,0.1266,5.7284,8.4269,-10.2988
12504,0.0034,-0.0338,9.8278,0.0224,-0.2497,0.1379,5.7443,8.4347,-10.3286
12512,0.0154,-0.0449,9.8349,-0.0409,-0.2115,0.1301,5.7520,8.4426,-10.3615
12520,0.0012,-0.0400,9.8139,0.0213,-0.1936,0.1653,5.7597,8.4503,-10.3941
12528,-0.0029,-0.0465,9.8218,0.0755,-0.0725,0.2096,5.7673,8.4579,-10.4265
12536,-0.0067,-0.0409,9.7958,0.0579,-0.0474,0.2733,5.7838,8.4641,-10.4552
12544,-0.0211,-0.0550,9.7813,0.0091,-0.0927,0.1716,5.8012,8.4768,-10.4909
12552,-0.0190,-0.0368,9.7777,0.0291,-0.0667,0.1436,5.8175,8.4866,-10.5249
12560,-0.0190,-0.0500,9.7740,-0.0584,-0.0098,-0.0058,5.8337,8.4964,-10.5586
12568,-0.0390,-0.0332,9.7721,0.0446,0.0953,-0.0100,5.8497,8.5117,-10.5849
12576,-0.0380,-0.0366,9.8004,0.0257,0.0704,0.0819,5.8624,8.5198,-10.6167
12584,-0.0580,-0.0370,9.8018,0.0237,0.0200,-0.0674,5.8768,8.5336,-10.6491
12592,-0.0533,-0.0716,9.8155,0.0510,0.0944,-0.0743,5.8911,8.5473,-10.6813
12600,-0.0446,-0.1042,9.8187,0.0399,0.0856,-0.1688,5.9054,8.5609,-10.7133
12608,-0.0239,-0.1118,9.8239,0.0906,0.0478,-0.1152,5.9176,8.5663,-10.7502
12616,-0.0111,-0.0928,9.8427,0.1044,0.1130,-0.1493,5.9297,8.5716,-10.7868
12624,-0.0100,-0.0969,9.8470,0.1575,0.0580,-0.0833,5.9441,8.5816,-10.8217
12632,0.0010,-0.0552,9.8526,0.0937,0.1174,-0.0868,5.9584,8.5916,-10.8564
12640,0.0096,-0.0574,9.8537,0.0460,0.0543,-0.1114,5.9750,8.5929,-10.8898
12648,0.0088,-0.0536,9.8460,0.0138,0.0259,-0.2843,5.9900,8.6027,-10.9182
12656,0.0012,-0.0246,9.8477,0.0256,0.0440,-0.3510,6.0083,8.6106,-10.9539
12664,-0.0126,-0.0066,9.8460,-0.0378,0.1067,-0.4068,6.0226,8.6174,-10.9903
12672,-0.0255,-0.0408,9.8326,-0.0851,0.1800,-0.5908,6.0369,8.6242,-11.0265
12680,-0.0303,-0.0385,9.8310,-0.0876,0.1808,-0.7348,6.0486,8.6309,-11.0647
12688,-0.0191,-0.0743,9.8364,-0.0900,0.2722,-0.7284,6.0673,8.6352,-11.0955
12696,-0.0196,-0.0957,9.8344,0.0330,0.2076,-0.7437,6.0807,8.6413,-11.1294
12704,-0.0090,-0.0709,9.8281,-0.0174,0.2525,-0.7183,6.0940,8.6474,-11.1630
12712,-0.0040,-0.0357,9.8288,0.0251,0.2581,-0.6060,6.1072,8.6534,-11.1963
12720,0.0128,-0.0284,9.8321,0.0498,0.3407,-0.5387,6.1222,8.6560,-11.2332
12728,0.0067,-0.0342,9.8228,0.0360,0.3025,-0.5222,6.1370,8.6585,-11.2698
12736,0.0120,0.0062,9.8362,0.0549,0.2792,-0.5519,6.1551,8.6625,-11.3075
12744,0.0100,0.0208,9.8243,-0.0285,0.3370,-0.5855,6.1754,8.6687,-11.3435
12752,0.0054,-0.0383,9.8408,-0.0468,0.3335,-0.6284,6.1956,8.6749,-11.3792
12760,0.0200,-0.0545,9.8343,-0.0137,0.3169,-0.6480,6.2100,8.6811,-11.4113
12768,0.0072,-0.0432,9.8093,-0.0540,0.3303,-0.7762,6.2256,8.6877,-11.4494
12776,-0.0103,0.0039,9.8259,0.0008,0.2685,-0.7733,6.2454,8.6899,-11.4857
12784,-0.0092,-0.0413,9.8272,-0.0562,0.2334,-0.7120,6.2651,8.6921,-11.5217
12792,-0.0015,-0.0727,9.8229,-0.0306,0.1545,-0.6533,6.2799,8.6981,-11.5551
12800,0.0174,-0.0692,9.8186,-0.0809,0.0924,-0.6799,6.2969,8.7040,-11.5882
12808,-0.0002,-0.0674,9.8147,-0.0276,0.0196,-0.7639,6.3114,8.7074,-11.6235
12816,-0.0265,-0.0781,9.8198,-0.0513,0.1101,-0.7057,6.3259,8.7109,-11.6584
12824,-0.0249,-0.0573,9.7884,-0.1380,0.1112,-0.7033,6.3402,8.7142,-11.6931
12832,-0.0293,-0.0347,9.7778,-0.0849,0.1283,-0.6290,6.3548,8.7166,-11.7280
12840,-0.0173,-0.0376,9.7901,-0.0207,0.1100,-0.5926,6.3694,8.7189,-11.7626
12848,-0.0143,-0.0566,9.7816,-0.0128,0.0125,-0.5711,6.3900,8.7212,-11.7994
12856,-0.0001,-0.0583,9.8017,-0.0051,0.0073,-0.5533,6.4062,8.7278,-11.8387
12864,-0.0042,-0.0785,9.7875,-0.0112,0.0102,-0.3736,6.4223,8.7343,-11.8777
12872,-0.0055,-0.0380,9.7775,-0.0409,-0.0322,-0.2524,6.4406,8.7359,-11.9188
12880,-0.0059,-0.0438,9.7711,-0.0267,0.0018,-0.1685,6.4593,8.7381,-11.9495
12888,-0.0066,-0.0221,9.7876,-0.0505,-0.1443,-0.1176,6.4792,8.7416,-11.9891
12896,-0.0192,0.0026,9.7885,-0.0492,-0.1960,-0.1275,6.4948,8.7445,-12.0231
12904,-0.0114,0.0217,9.8038,-0.1039,-0.1895,-0.1131,6.5102,8.7475,-12.0568
12912,-0.0048,-0.0203,9.8141,-0.0817,-0.3086,-0.1073,6.5255,8.7504,-12.0903
12920,-0.0011,-0.0026,9.8183,-0.1350,-0.2224,-0.1551,6.5435,8.7537,-12.1310
12928,0.0132,-0.0095,9.8117,-0.1913,-0.0921,-0.0994,6.5614,8.7570,-12.1715
12936,0.0147,-0.0106,9.8221,-0.1492,0.0139,-0.1315,6.5769,8.7565,-12.2050
12944,0.0284,-0.0240,9.8397,-0.1623,0.0513,-0.0796,6.5921,8.7559,-12.2383
12952,0.0358,-0.0238,9.8429,-0.1535,0.0950,-0.0619,6.6092,8.7562,-12.2741
12960,0.0556,-0.0441,9.8522,-0.1797,0.0301,0.0697,6.6257,8.7608,-12.3134
12968,0.0299,-0.0356,9.8483,-0.1541,-0.0559,0.1128,6.6435,8.7583,-12.3529
12976,0.0394,-0.0115,9.8520,-0.1642,-0.0261,0.1061,6.7795,8.7557,-12.3921
12984,0.0371,-0.0216,9.8372,-0.1980,-0.0484,0.1530,6.7926,8.7573,-12.4272
12992,0.0281,-0.0024,9.8379,-0.1662,-0.0776,0.1792,6.8051,8.7566,-12.4668
13000,0.0291,-0.0061,9.8376,-0.1439,-0.0923,0.3135,6.8212,8.7577,-12.5033
13008,0.0346,-0.0504,9.8483,-0.1305,-0.1356,0.4714,6.8366,8.7540,-12.5428
13016,0.0200,-0.1064,9.8306,-0.0831,-0.0810,0.5530,6.8513,8.7504,-12.5820
13024,0.0072,-0.0915,9.8219,-0.1603,-0.1142,0.5590,6.8654,8.7467,-12.6209
13032,-0.0085,-0.0917,9.8149,-0.1756,-0.1192,0.5567,6.8740,8.7477,-12.6628
13040,-0.0058,-0.0873,9.8082,-0.2462,-0.1347,0.5279,6.8820,8.7487,-12.7045
13048,-0.0075,-0.0788,9.8153,-0.2416,-0.1149,0.5377,6.8894,8.7511,-12.7424
13056,0.0010,-0.0738,9.8080,-0.3120,-0.0932,0.5897,6.8962,8.7535,-12.7801
13064,0.0010,-0.0529,9.8151,-0.2619,-0.0272,0.7408,6.9023,8.7559,-12.8209
13072,0.0059,-0.0641,9.8375,-0.2994,-0.0173,0.8026,6.9084,8.7525,-12.8584
13080,-0.0060,-0.0623,9.8500,-0.1939,0.0267,0.8644,6.9134,8.7548,-12.8962
13088,-0.0022,-0.0812,9.8568,-0.2610,0.1088,0.8594,6.9197,8.7490,-12.9356
13096,0.0017,-0.0332,9.8365,-0.1918,0.1420,0.8281,6.9254,8.7432,-12.9747
13104,-0.0043,-0.0481,9.8373,-0.2617,0.1418,0.7687,6.9381,8.7402,-13.0130
13112,-0.0070,-0.0283,9.8256,-0.3072,0.2269,0.8160,6.9503,8.7372,-13.0510
13120,-0.0077,-0.0176,9.8142,-0.2547,0.1323,0.8745,6.9595,8.7342,-13.0874
13128,-0.0192,-0.0795,9.8084,-0.2258,0.1085,0.9144,6.9681,8.7312,-13.1234
13136,-0.0278,-0.0608,9.8128,-0.2248,-0.0450,0.9393,6.9761,8.7282,-13.1592
13144,-0.0388,-0.0657,9.8235,-0.2506,-0.0237,0.9364,6.9846,8.7251,-13.1947
13152,-0.0546,-0.0647,9.8365,-0.2085,-0.0754,0.9044,6.9925,8.7221,-13.2299
13160,-0.0439,-0.0602,9.8322,-0.2750,-0.0848,0.8603,6.9989,8.7204,-13.2673
13168,-0.0593,-0.0524,9.8297,-0.2452,-0.1418,0.8956,7.0048,8.7188,-13.3044
13176,-0.0604,-0.0181,9.8321,-0.1981,-0.0683,0.7986,7.0101,8.7147,-13.3402
13184,-0.0542,0.0321,9.8187,-0.2330,-0.0807,0.7592,7.0135,8.7154,-13.3744
13192,-0.0353,0.0225,9.8293,-0.2424,-0.0872,0.6229,7.0140,8.7090,-13.4098
13200,-0.0292,-0.0491,9.8312,-0.2141,-0.0747,0.7219,7.0140,8.7073,-13.4425
13208,-0.0323,-0.0315,9.8216,-0.2243,0.0145,0.6565,7.0136,8.7055,-13.4750
13216,-0.0369,-0.0269,9.8260,-0.2261,-0.0308,0.7060,7.0159,8.7019,-13.5133
13224,-0.0251,-0.0788,9.8259,-0.2411,-0.0075,0.6573,7.0178,8.6983,-13.5514
13232,-0.0309,-0.0520,9.8227,-0.2501,-0.0599,0.4988,7.0159,8.6989,-13.5902
13240,-0.0284,-0.0605,9.8152,-0.2188,-0.0646,0.4432,7.0135,8.6995,-13.6287
13248,-0.0188,-0.0331,9.7984,-0.1968,-0.0852,0.4273,7.0107,8.7000,-13.6669
13256,-0.0156,-0.0352,9.7950,-0.1438,-0.1022,0.4522,7.0074,8.6968,-13.7035
13264,-0.0150,-0.0585,9.8025,-0.1944,-0.1397,0.4493,7.0055,8.6931,-13.7425
13272,-0.0153,-0.0550,9.8065,-0.2748,-0.1356,0.4705,7.0014,8.6888,-13.7809
13280,-0.0179,-0.0591,9.7910,-0.2957,-0.0864,0.4348,7.0015,8.6846,-13.8189
13288,-0.0070,-0.0488,9.7664,-0.2784,-0.0420,0.3953,7.0012,8.6804,-13.8520
13296,-0.0200,-0.0767,9.7889,-0.2858,0.0165,0.2375,6.9976,8.6757,-13.8938
13304,-0.0176,-0.0993,9.8015,-0.2849,0.0084,0.2974,6.9964,8.6715,-13.9319
13312,-0.0236,-0.0673,9.7723,-0.3027,0.0006,0.2132,6.9939,8.6648,-13.9736
13320,-0.0441,-0.0092,9.7828,-0.2850,0.0866,0.2768,6.9909,8.6582,-14.0149
13328,-0.0271,0.0374,9.7855,-0.2788,-0.0206,0.2389,6.9895,8.6568,-14.0531
13336,-0.0208,0.0181,9.8016,-0.2436,-0.0324,0.2640,6.9876,8.6554,-14.0911
13344,-0.0156,-0.0234,9.8120,-0.2685,-0.0330,0.1733,6.9867,8.6521,-14.1259
13352,-0.0113,-0.0023,9.7864,-0.2710,-0.0363,0.1612,6.9855,8.6488,-14.1604
13360,-0.0111,0.0022,9.7747,-0.2281,0.0353,0.0111,6.9838,8.6455,-14.1946
13368,-0.0018,0.0519,9.7685,-0.1790,0.0024,-0.0632,6.9789,8.6417,-14.2291
13376,-0.0030,0.0266,9.7717,-0.2254,-0.0638,-0.2756,6.9732,8.6359,-14.2637
13384,0.0106,0.0116,9.7845,-0.2458,-0.0737,-0.3480,6.9670,8.6293,-14.3014
13392,-0.0022,0.0066,9.7861,-0.1800,-0.0538,-0.4759,6.9600,8.6245,-14.3455
13400,-0.0083,-0.0130,9.7643,-0.1277,-0.1015,-0.4862,6.9527,8.6198,-14.3893
13408,-0.0111,-0.0111,9.7715,-0.1177,-0.0564,-0.5014,6.9502,8.6117,-14.4218
13416,-0.0018,0.0262,9.7816,-0.0975,-0.0400,-0.5080,6.9479,8.6055,-14.4554
13424,-0.0203,0.0257,9.7803,-0.0515,-0.1043,-0.4689,6.9452,8.5993,-14.4888
13432,-0.0256,0.0280,9.7764,-0.0928,-0.1844,-0.4128,6.9387,8.5908,-14.5300
13440,-0.0126,0.0274,9.7966,-0.1377,-0.1544,-0.3539,6.9320,8.5822,-14.5708
13448,-0.0296,0.0296,9.7888,-0.1086,-0.0750,-0.5322,6.9249,8.5737,-14.6114
13456,-0.0368,0.0238,9.7777,-0.0914,-0.0578,-0.5721,6.9198,8.5628,-14.6460
13464,-0.0378,-0.0220,9.7873,-0.0910,0.0601,-0.6209,6.9159,8.5548,-14.6822
13472,-0.0232,-0.0507,9.8086,-0.0426,0.1834,-0.4568,6.9130,8.5459,-14.7214
13480,-0.0232,-0.0475,9.8034,-0.0630,0.1493,-0.3347,6.9098,8.5369,-14.7604
13488,-0.0141,-0.0564,9.8082,-0.0452,0.0714,-0.3778,6.9034,8.5270,-14.8019
13496,-0.0214,-0.0472,9.8057,-0.0894,0.1143,-0.4218,6.8971,8.5191,-14.8412
13504,-0.0111,-0.0575,9.8176,-0.1078,0.1019,-0.4291,6.8934,8.5116,-14.8765
13512,-0.0191,-0.0523,9.8188,-0.1600,0.0581,-0.4601,6.8894,8.5041,-14.9114
13520,0.0032,-0.0457,9.8436,-0.1272,0.1282,-0.4125,6.8803,8.4919,-14.9495
13528,0.0062,-0.0498,9.8428,-0.1679,0.2032,-0.3562,6.8699,8.4788,-14.9829
13536,-0.0089,-0.0335,9.8315,-0.1402,0.1176,-0.3131,6.8593,8.4657,-15.0161
13544,-0.0158,-0.0237,9.8410,-0.1403,0.0784,-0.2772,6.8517,8.4535,-15.0571
13552,-0.0060,-0.0058,9.8308,-0.0871,0.1610,-0.2696,6.8438,8.4414,-15.0979
13560,-0.0072,-0.0546,9.8330,0.0065,0.1546,-0.2036,6.8356,8.4294,-15.1383
13568,0.0022,-0.0675,9.8391,-0.0374,0.2151,-0.1698,6.8276,8.4206,-15.1789
13576,0.0079,-0.0426,9.8465,-0.0394,0.1850,-0.1882,6.8198,8.4086,-15.2207
13584,0.0209,-0.0534,9.8518,-0.0492,0.1615,-0.2351,6.8132,8.3980,-15.2603
13592,0.0226,-0.0226,9.8561,0.0027,0.1658,-0.1679,6.8062,8.3874,-15.2995
13600,0.0182,-0.0275,9.8377,-0.0410,0.2738,-0.1704,6.8023,8.3721,-15.3385
13608,0.0056,-0.0119,9.8351,-0.0321,0.3051,-0.1354,6.7915,8.3555,-15.3782
13616,0.0220,-0.0343,9.8141,-0.0850,0.2764,-0.0646,6.7861,8.3426,-15.4152
13624,0.0145,-0.0649,9.8134,-0.0662,0.3450,-0.0529,6.7805,8.3298,-15.4519
13632,0.0277,-0.0645,9.8072,-0.1149,0.4692,-0.0337,6.7746,8.3170,-15.4884
13640,0.0115,-0.0782,9.8067,-0.1881,0.3693,-0.0314,6.7641,8.3000,-15.5265
13648,0.0136,-0.0642,9.7893,-0.1515,0.3484,-0.0905,6.7534,8.2830,-15.5643
13656,0.0151,-0.0624,9.7887,-0.1538,0.4058,-0.1576,6.7486,8.2646,-15.5995
13664,0.0142,-0.0462,9.7685,-0.0866,0.3967,-0.2459,6.7436,8.2463,-15.6344
13672,0.0138,-0.0024,9.7725,-0.1078,0.3560,-0.1916,6.7383,8.2280,-15.6691
13680,0.0275,-0.0034,9.7680,-0.0826,0.3331,-0.1130,6.7313,8.2159,-15.7083
13688,0.0209,-0.0106,9.7743,-0.0533,0.3138,-0.0752,6.7256,8.2015,-15.7457
13696,0.0016,-0.0194,9.7856,-0.0625,0.2740,-0.0444,6.7129,8.1876,-15.7848
13704,0.0093,-0.0278,9.8067,-0.1141,0.3294,-0.0736,6.7000,8.1737,-15.8237
13712,0.0239,-0.0195,9.8075,-0.1073,0.3343,-0.1921,6.6916,8.1590,-15.8608
13720,0.0135,-0.0051,9.8033,-0.0849,0.4643,-0.1562,6.6816,8.1442,-15.8958
13728,0.0145,0.0070,9.7954,-0.0074,0.4446,-0.1298,6.6713,8.1319,-15.9305
13736,0.0205,0.0170,9.8009,-0.0427,0.4924,-0.2166,6.6609,8.1196,-15.9649
13744,0.0131,0.0201,9.8083,-0.0284,0.4902,-0.2703,6.6502,8.1073,-15.9992
13752,0.0010,0.0654,9.8044,-0.0121,0.5094,-0.2976,6.6435,8.0941,-16.0346
13760,-0.0027,0.0553,9.8014,-0.0338,0.4584,-0.3610,6.6367,8.0809,-16.0697
13768,0.0017,0.0384,9.8064,-0.0439,0.4310,-0.4217,6.6301,8.0625,-16.1065
13776,-0.0039,0.0409,9.7891,-0.1336,0.4075,-0.4797,6.6228,8.0471,-16.1435
13784,-0.0253,0.0445,9.7971,-0.2007,0.4543,-0.4925,6.6153,8.0316,-16.1803
13792,-0.0302,0.0186,9.7952,-0.1981,0.4324,-0.4275,6.6067,8.0153,-16.2168
13800,-0.0354,0.0138,9.8040,-0.1957,0.4301,-0.4746,6.5945,7.9981,-16.2526
13808,-0.0288,0.0173,9.7960,-0.1827,0.3799,-0.4743,6.5854,7.9828,-16.2877
13816,-0.0361,0.0345,9.7929,-0.2263,0.3799,-0.5647,6.5762,7.9675,-16.3225
13824,-0.0417,0.0082,9.7973,-0.2014,0.3453,-0.5764,6.5643,7.9475,-16.3581
13832,-0.0541,0.0013,9.7918,-0.1508,0.3361,-0.6624,6.5557,7.9276,-16.3934
13840,-0.0730,-0.0237,9.7909,-0.1425,0.2074,-0.5845,6.5439,7.9082,-16.4303
13848,-0.0569,-0.0599,9.7855,-0.1132,0.0550,-0.4328,6.5320,7.8889,-16.4670
13856,-0.0392,-0.0609,9.7688,-0.0745,0.0639,-0.4076,6.5200,7.8696,-16.5035
13864,-0.0409,-0.0776,9.7728,0.0105,0.1497,-0.4263,6.5120,7.8485,-16.5435
13872,-0.0283,-0.0819,9.7751,0.0145,0.1091,-0.3988,6.5038,7.8274,-16.5832
13880,-0.0228,-0.0689,9.7776,0.0316,0.0810,-0.3431,6.4907,7.8092,-16.6203
13888,-0.0333,-0.0648,9.7849,-0.0160,0.0514,-0.3886,6.4788,7.7892,-16.6542
13896,-0.0465,-0.0758,9.7942,-0.0776,0.2338,-0.3387,6.4668,7.7692,-16.6879
13904,-0.0425,-0.0583,9.7985,-0.0191,0.2082,-0.1790,6.4546,7.7517,-16.7238
13912,-0.0188,-0.0475,9.7915,-0.0219,0.2291,-0.0903,6.4432,7.7214,-16.7622
13920,-0.0238,-0.0310,9.8052,-0.0618,0.2357,-0.0855,6.4345,7.6964,-16.7965
13928,-0.0374,-0.0419,9.7898,-0.0494,0.1967,-0.0782,6.4228,7.6795,-16.8311
13936,-0.0325,-0.0314,9.7914,-0.0135,0.2447,-0.0686,6.4109,7.6627,-16.8655
13944,-0.0170,-0.0364,9.7827,0.0395,0.1760,-0.0727,6.3989,7.6460,-16.8996
13952,-0.0226,-0.0532,9.7900,0.0369,0.1982,-0.1460,6.3834,7.6264,-16.9315
13960,-0.0245,-0.0825,9.7979,0.0130,0.2355,-0.1548,6.3677,7.6069,-16.9632
13968,-0.0149,-0.0900,9.7928,0.0409,0.2419,-0.2458,6.3576,7.5855,-16.9957
13976,-0.0207,-0.0885,9.7822,0.0782,0.2319,-0.1622,6.3474,7.5642,-17.0279
13984,-0.0314,-0.0457,9.7722,0.0818,0.1717,-0.1489,6.3370,7.5430,-17.0599
13992,-0.0243,-0.0370,9.7690,0.1173,0.1835,-0.1468,6.3250,7.5242,-17.0973
14000,-0.0078,-0.0488,9.7730,0.2019,0.1228,-0.1422,6.3171,7.5059,-17.1316
14008,-0.0016,-0.0398,9.7621,0.1548,0.1634,-0.1938,6.3053,7.4877,-17.1657
14016,0.0041,-0.0358,9.7713,0.1125,0.1142,0.0075,6.2934,7.4671,-17.2019
14024,0.0106,-0.0131,9.7819,0.0747,0.0885,0.0561,6.2827,7.4466,-17.2332
14032,0.0201,0.0089,9.7728,0.0651,-0.0641,0.2172,6.2743,7.4238,-17.2651
14040,0.0087,0.0297,9.7732,0.1094,0.0087,0.2725,6.2643,7.4025,-17.2969
14048,-0.0008,0.0539,9.7673,0.1037,-0.0177,0.3548,6.2542,7.3812,-17.3284
14056,0.0003,0.0144,9.7892,0.0795,0.0050,0.3455,6.2440,7.3600,-17.3596
14064,-0.0120,0.0032,9.7867,0.1045,0.0214,0.3286,6.2359,7.3375,-17.3898
14072,-0.0063,0.0295,9.7917,0.1763,0.0265,0.3338,6.2278,7.3150,-17.4196
14080,0.0030,0.0310,9.8104,0.1250,0.0313,0.4027,6.2166,7.2883,-17.4498
14088,0.0010,0.0169,9.7991,0.1453,0.0252,0.4233,6.2054,7.2616,-17.4797
14096,0.0178,0.0178,9.7970,0.1887,0.1021,0.4083,6.1944,7.2379,-17.5123
14104,-0.0012,-0.0215,9.8116,0.1529,0.1302,0.4180,6.1862,7.2100,-17.5498
14112,0.0095,-0.0097,9.8188,0.1692,0.0825,0.3073,6.1798,7.1841,-17.5843
14120,-0.0023,0.0120,9.8249,0.2089,0.0022,0.1400,6.1713,7.1601,-17.6180
14128,0.0098,0.0561,9.8340,0.1722,-0.0159,0.1268,6.1628,7.1363,-17.6515
14136,0.0171,0.0788,9.8186,0.1558,-0.0733,0.1488,6.1502,7.1120,-17.6862
14144,0.0174,0.0802,9.8106,0.1320,-0.0588,0.1138,6.1433,7.0877,-17.7230
14152,0.0076,0.0368,9.8038,0.2267,0.0031,0.1443,6.1315,7.0622,-17.7539
14160,0.0087,0.0321,9.8127,0.1572,0.0409,0.1682,6.1196,7.0367,-17.7846
14168,0.0015,0.0607,9.7779,0.1520,-0.0109,0.1938,6.1076,7.0113,-17.8150
14176,0.0033,0.0624,9.7815,0.1205,0.0969,0.1915,6.0978,6.9802,-17.8466
14184,-0.0006,0.0663,9.7907,0.1169,0.1279,0.3093,6.0880,6.9493,-17.8781
14192,-0.0187,0.0269,9.7808,0.0469,0.1550,0.3473,6.0728,6.9198,-17.9121
14200,-0.0187,0.0268,9.7782,0.0919,0.2208,0.4530,6.0575,6.8905,-17.9459
14208,-0.0278,0.0268,9.7859,0.0897,0.1691,0.5141,6.0445,6.8636,-17.9771
14216,-0.0188,-0.0056,9.7928,0.0208,0.1517,0.5938,6.0357,6.8354,-18.0119
14224,-0.0083,-0.0135,9.8064,-0.0717,0.1830,0.6487,6.0272,6.8077,-18.0460
14232,0.0099,-0.0266,9.8068,-0.0561,0.1863,0.6425,6.0158,6.7868,-18.0803
14240,-0.0015,-0.0261,9.7986,-0.0519,0.1202,0.6793,6.0043,6.7659,-18.1144
14248,0.0037,-0.0599,9.8175,-0.0852,0.0782,0.8024,5.9941,6.7384,-18.1445
14256,-0.0107,-0.0449,9.8141,-0.1331,0.1021,0.7735,5.9838,6.7110,-18.1744
14264,0.0013,-0.0850,9.8312,-0.0935,0.0929,0.8073,5.9729,6.6856,-18.2079
14272,0.0089,-0.0836,9.8415,-0.0610,0.0948,0.7488,5.9620,6.6603,-18.2412
14280,0.0013,-0.0881,9.8491,-0.0806,0.0166,0.8263,5.9509,6.6350,-18.2742
14288,-0.0006,-0.0736,9.8559,-0.0327,0.0352,0.9777,5.9450,6.6065,-18.3099
14296,-0.0164,-0.0655,9.8617,-0.0695,0.0210,0.9411,5.9343,6.5748,-18.3396
14304,-0.0271,-0.0686,9.8692,0.0553,0.0607,0.9622,5.9258,6.5464,-18.3762
14312,-0.0126,-0.0787,9.8805,0.0946,0.0400,0.8570,5.9144,6.5182,-18.4126
14320,-0.0091,-0.1020,9.8734,0.0309,0.1349,0.8577,5.9029,6.4896,-18.4421
14328,-0.0087,-0.1048,9.8784,-0.0007,0.1083,0.8610,5.8951,6.4634,-18.4729
14336,-0.0064,-0.0528,9.8451,0.0091,0.0082,0.8669,5.8815,6.4354,-18.5048
14344,-0.0149,-0.0562,9.8282,-0.0269,0.0084,0.9312,5.8735,6.4070,-18.5327
14352,-0.0366,-0.0260,9.8439,-0.0267,-0.0420,0.9927,5.8655,6.3787,-18.5604
14360,-0.0504,-0.0060,9.8558,-0.0237,0.0245,1.0408,5.8583,6.3467,-18.5950
14368,-0.0478,0.0020,9.8360,-0.0396,-0.0693,1.0548,5.8510,6.3148,-18.6293
14376,-0.0487,0.0239,9.8314,-0.0388,0.0144,0.9802,5.8417,6.2873,-18.6602
14384,-0.0536,0.0387,9.8235,-0.0727,-0.0283,1.0342,5.8324,6.2598,-18.6908
14392,-0.0717,0.0102,9.8314,-0.0758,0.0269,1.0459,5.8229,6.2324,-18.7212
14400,-0.0753,-0.0138,9.8404,-0.0787,0.0131,1.0837,5.8144,6.2046,-18.7486
14408,-0.0530,-0.0401,9.8312,-0.0629,0.0291,0.9705,5.8067,6.1760,-18.7781
14416,-0.0489,-0.0429,9.8334,0.0136,-0.0835,0.9822,5.7965,6.1484,-18.8074
14424,-0.0209,-0.0645,9.8345,0.0574,-0.0232,0.9401,5.7820,6.1190,-18.8361
14432,-0.0011,-0.0914,9.8340,0.0087,0.0264,0.8359,5.7675,6.0897,-18.8645
14440,-0.0124,-0.0702,9.8410,0.0927,-0.0328,0.9389,5.7590,6.0581,-18.8961
14448,-0.0130,-0.0943,9.8390,0.0077,-0.0840,0.9440,5.7467,6.0265,-18.9265
14456,-0.0026,-0.0751,9.8400,0.0012,-0.1731,1.0556,5.7344,5.9951,-18.9567
14464,-0.0041,-0.0559,9.8436,-0.0052,-0.1249,1.0396,5.7195,5.9614,-18.9787
14472,-0.0023,-0.0604,9.8460,0.0262,-0.1534,1.0324,5.7047,5.9278,-19.0004
14480,0.0012,-0.0590,9.8595,-0.0186,-0.0901,1.0921,5.6898,5.8943,-19.0221
14488,-0.0003,-0.0327,9.8535,-0.0667,-0.1095,1.0345,5.6772,5.8647,-19.0539
14496,0.0039,-0.0207,9.8558,-0.0940,-0.0534,1.0488,5.6655,5.8333,-19.0771
14504,0.0008,-0.0386,9.8539,-0.1095,-0.0691,1.1745,5.6570,5.8030,-19.1067
14512,-0.0065,0.0054,9.8420,-0.1536,-0.0735,1.1773,5.6485,5.7727,-19.1361
14520,-0.0099,-0.0154,9.8518,-0.1318,-0.1096,1.3534,5.6414,5.7425,-19.1677
14528,-0.0126,-0.0369,9.8448,-0.1776,-0.1015,1.2817,5.6332,5.7120,-19.1962
14536,-0.0072,-0.0309,9.8438,-0.2001,-0.0858,1.2799,5.6245,5.6820,-19.2274
14544,-0.0274,0.0064,9.8329,-0.2990,-0.0148,1.2701,5.6157,5.6521,-19.2584
14552,-0.0166,0.0060,9.8450,-0.3108,0.0399,1.1568,5.6064,5.6209,-19.2921
14560,-0.0145,0.0184,9.8499,-0.3275,0.0387,0.9364,5.5975,5.5902,-19.3227
14568,-0.0030,0.0228,9.8326,-0.2821,0.1737,0.7630,5.5886,5.5596,-19.3531
14576,-0.0036,0.0213,9.8642,-0.2333,0.1960,0.5998,5.5815,5.5287,-19.3780
14584,0.0050,-0.0020,9.8487,-0.3014,0.1561,0.4251,5.5743,5.4978,-19.4028
14592,-0.0155,-0.0079,9.8483,-0.2411,0.1899,0.1914,5.5670,5.4671,-19.4274
14600,-0.0044,-0.0352,9.8470,-0.2342,0.1742,-0.1228,5.5602,5.4369,-19.4561
14608,0.0065,-0.0380,9.8641,-0.1715,0.1059,-0.3379,5.5505,5.4025,-19.4827
14616,0.0060,0.0173,9.8690,-0.2849,0.0913,-0.4049,5.5430,5.3706,-19.5077
14624,0.0100,0.0682,9.8458,-0.2440,0.0879,-0.4743,5.5356,5.3388,-19.5325
14632,-0.0005,0.0424,9.8461,-0.2636,0.0180,-0.6314,5.5280,5.3000,-19.5656
14640,-0.0072,0.0604,9.8459,-0.2503,-0.0301,-0.7735,5.5233,5.2679,-19.5919
14648,-0.0028,0.0517,9.8381,-0.2723,-0.0789,-0.9762,5.5161,5.2369,-19.6238
14656,0.0011,0.0320,9.8491,-0.3013,0.0319,-1.1753,5.5089,5.2060,-19.6554
14664,-0.0012,0.0437,9.8278,-0.3051,-0.0329,-1.3577,5.5016,5.1752,-19.6868
14672,-0.0111,0.0083,9.8143,-0.2953,-0.0495,-1.4574,5.4985,5.1402,-19.7166
14680,0.0124,0.0164,9.8286,-0.3047,-0.0600,-1.6621,5.4953,5.1053,-19.7461
14688,0.0167,0.0050,9.8456,-0.3136,-0.0008,-1.7352,5.4926,5.0677,-19.7703
14696,0.0270,0.0116,9.8236,-0.2688,-0.0428,-1.8212,5.4898,5.0302,-19.7943
14704,0.0108,0.0280,9.8183,-0.2206,-0.0589,-1.8606,5.4869,4.9928,-19.8182
14712,0.0399,0.0233,9.8058,-0.2092,-0.0184,-1.9757,5.4811,4.9513,-19.8409
14720,0.0375,0.0390,9.8140,-0.1263,0.0444,-1.9951,5.4791,4.9127,-19.8686
14728,0.0367,0.0018,9.8606,-0.1644,0.0884,-2.1417,5.4713,4.8719,-19.8977
14736,0.0292,-0.0063,9.8541,-0.1581,0.0825,-2.0871,5.4634,4.8312,-19.9265
14744,0.0333,-0.0087,9.8427,-0.1601,0.1915,-2.1416,5.4641,4.7949,-19.9532
14752,0.0315,-0.0186,9.8388,-0.2074,0.2825,-2.1085,5.4604,4.7540,-19.9798
14760,0.0313,-0.0207,9.8220,-0.3406,0.3107,-1.9887,5.4604,4.7127,-20.0066
14768,0.0475,-0.0518,9.8246,-0.3799,0.2818,-1.8662,5.4604,4.6715,-20.0333
14776,0.0449,-0.0375,9.8133,-0.2816,0.2621,-1.6984,5.4603,4.6305,-20.0598
14784,0.0548,-0.0283,9.8039,-0.3315,0.2326,-1.6232,5.4615,4.5906,-20.0876
14792,0.0542,-0.0632,9.8114,-0.2726,0.1164,-1.5141,5.4627,4.5508,-20.1152
14800,0.0399,-0.0620,9.8059,-0.3096,0.0959,-1.3563,5.4615,4.5125,-20.1402
14808,0.0371,-0.0691,9.8205,-0.2223,0.1084,-1.3095,5.4649,4.4705,-20.1642
14816,0.0450,-0.0623,9.8010,-0.2588,0.0669,-1.1687,5.4682,4.4287,-20.1880
14824,0.0440,-0.0885,9.8037,-0.2484,0.0913,-1.1247,5.4663,4.3842,-20.2106
14832,0.0357,-0.0858,9.8090,-0.2305,0.0853,-1.0853,5.4652,4.3407,-20.2379
14840,0.0369,-0.1189,9.8128,-0.2373,0.1195,-0.9410,5.4670,4.2946,-20.2621
14848,0.0244,-0.1042,9.8195,-0.2465,0.0562,-0.7683,5.4687,4.2485,-20.2862
14856,0.0458,-0.0922,9.8214,-0.2020,0.0544,-0.6805,5.4722,4.2093,-20.3120
14864,0.0328,-0.0928,9.7985,-0.2874,0.1647,-0.6498,5.4718,4.1664,-20.3363
14872,0.0398,-0.0970,9.8029,-0.2598,0.2648,-0.6446,5.4747,4.1255,-20.3566
14880,0.0342,-0.1021,9.8105,-0.2253,0.1925,-0.5728,5.4775,4.0848,-20.3767
14888,0.0287,-0.0990,9.8060,-0.3524,0.1767,-0.5656,5.4803,4.0441,-20.3967
14896,0.0174,-0.0971,9.8051,-0.2872,0.1403,-0.5960,5.4853,3.9989,-20.4190
14904,0.0089,-0.1232,9.8298,-0.2916,0.2094,-0.4944,5.4903,3.9538,-20.4411
14912,0.0177,-0.0858,9.8084,-0.2051,0.1796,-0.4372,5.4938,3.9098,-20.4630
14920,0.0065,-0.0633,9.8050,-0.1224,0.1350,-0.4599,5.4953,3.8645,-20.4886
14928,0.0160,-0.0716,9.8152,-0.0806,0.1564,-0.3376,5.4968,3.8194,-20.5141
14936,0.0099,-0.1006,9.8216,-0.1313,0.2142,-0.4179,5.5029,3.7691,-20.5384
14944,0.0040,-0.0849,9.8311,-0.1425,0.2561,-0.3428,5.5057,3.7214,-20.5602
14952,-0.0173,-0.0638,9.8141,-0.1692,0.2642,-0.2416,5.5117,3.6791,-20.5852
14960,-0.0160,-0.0398,9.8243,-0.1921,0.2986,-0.0542,5.5171,3.6326,-20.6129
14968,-0.0012,-0.0422,9.8303,-0.1686,0.3182,0.1144,5.5225,3.5863,-20.6405
14976,0.0067,-0.0826,9.8335,-0.1915,0.3396,0.2303,5.5279,3.5401,-20.6678
14984,0.0056,-0.1014,9.8323,-0.1760,0.3760,0.2424,5.5345,3.4950,-20.6893
14992,0.0197,-0.0970,9.8421,-0.1692,0.3416,0.3447,5.5411,3.4501,-20.7107
15000,0.0179,-0.0716,9.8241,-0.1868,0.2686,0.2638,5.5458,3.4062,-20.7348
15008,0.0158,-0.0382,9.8278,-0.1795,0.1775,0.2478,5.5503,3.3625,-20.7587
15016,0.0070,-0.0302,9.8217,-0.1352,0.2157,0.2698,5.5548,3.3113,-20.7744
15024,0.0296,-0.0171,9.8252,-0.1302,0.2522,0.1389,5.5593,3.2627,-20.7981
15032,0.0355,-0.0267,9.8362,-0.0535,0.1725,0.1737,5.5632,3.2161,-20.8188
15040,0.0395,-0.0389,9.8338,-0.0521,0.0989,0.2683,5.5694,3.1697,-20.8393
15048,0.0417,-0.0273,9.8357,-0.0187,0.0552,0.3348,5.5755,3.1211,-20.8606
15056,0.0241,-0.0158,9.8288,-0.0428,0.0374,0.3583,5.5759,3.0731,-20.8861
15064,0.0305,-0.0346,9.8371,-0.0632,0.0364,0.4395,5.5781,3.0262,-20.9086
15072,0.0081,-0.0129,9.8182,-0.0320,-0.0979,0.3865,5.5808,2.9776,-20.9305
15080,0.0174,0.0068,9.8075,-0.0769,-0.1250,0.4505,5.5834,2.9291,-20.9522
15088,0.0126,0.0050,9.8051,-0.0504,-0.1349,0.4396,5.5859,2.8808,-20.9738
15096,-0.0036,0.0056,9.7916,-0.0251,-0.1470,0.4986,5.5879,2.8331,-20.9910
15104,-0.0160,-0.0161,9.8103,-0.1316,-0.2146,0.5043,5.5899,2.7856,-21.0081
15112,-0.0180,0.0111,9.8099,-0.1134,-0.1246,0.5258,5.5947,2.7401,-21.0255
15120,-0.0213,0.0390,9.8086,-0.1361,-0.0865,0.3757,5.5994,2.6948,-21.0428
15128,-0.0238,0.0255,9.8106,-0.1044,-0.0448,0.3361,5.6054,2.6473,-21.0662
15136,-0.0128,-0.0077,9.8102,-0.1834,-0.0262,0.3730,5.6091,2.5975,-21.0847
15144,-0.0170,-0.0286,9.8221,-0.2670,-0.0804,0.3602,5.6150,2.5480,-21.1007
15152,-0.0213,-0.0161,9.8320,-0.2722,-0.1162,0.3053,5.6185,2.5042,-21.1152
15160,-0.0206,0.0029,9.8359,-0.2746,-0.0252,0.2288,5.6220,2.4607,-21.1295
15168,0.0070,-0.0072,9.8231,-0.1941,-0.0235,0.2437,5.6273,2.4158,-21.1504
15176,-0.0082,-0.0318,9.8251,-0.1732,-0.0618,0.2899,5.6325,2.3711,-21.1712
15184,-0.0220,-0.0012,9.8178,-0.1159,-0.0718,0.2221,5.6396,2.3266,-21.1904
15192,-0.0180,0.0019,9.8217,-0.0958,-0.0894,0.1893,5.6466,2.2822,-21.2095
15200,-0.0071,-0.0122,9.8307,-0.0632,-0.1115,0.2458,5.6536,2.2380,-21.2285
15208,-0.0087,0.0060,9.8129,-0.0587,-0.1540,0.2653,5.6624,2.1896,-21.2459
15216,-0.0233,-0.0026,9.8150,-0.0623,-0.1226,0.2866,5.6711,2.1414,-21.2680
15224,-0.0106,-0.0212,9.8174,-0.1032,-0.0473,0.0882,5.6798,2.0934,-21.2852
15232,-0.0031,-0.0140,9.8218,-0.0729,0.0221,0.1359,5.6884,2.0455,-21.3023
15240,-0.0019,0.0062,9.8390,-0.1480,0.0084,0.1175,5.6946,1.9927,-21.3169
15248,-0.0044,0.0209,9.8377,-0.0838,0.0033,0.0546,5.7026,1.9466,-21.3333
15256,-0.0189,-0.0100,9.8356,-0.1984,-0.0415,0.1011,5.7081,1.8960,-21.3473
15264,-0.0053,0.0066,9.8250,-0.1986,-0.0071,0.1322,5.7184,1.8494,-21.3644
15272,0.0076,0.0317,9.8187,-0.2735,0.0285,0.0979,5.7286,1.8029,-21.3815
15280,0.0119,-0.0408,9.8280,-0.2731,0.0386,0.2198,5.7382,1.7548,-21.3956
15288,0.0149,-0.0353,9.8405,-0.1928,0.0669,0.2351,5.7478,1.7068,-21.4096
15296,0.0250,-0.0368,9.8509,-0.2466,0.0513,0.2470,5.7601,1.6595,-21.4273
15304,0.0131,-0.0230,9.8343,-0.2687,-0.0144,0.1918,5.7724,1.6123,-21.4449
15312,0.0255,0.0094,9.8440,-0.2792,-0.0264,0.1602,5.7846,1.5654,-21.4624
15320,0.0090,0.0812,9.8508,-0.2386,0.0020,0.2661,5.7920,1.5162,-21.4789
15328,0.0037,0.0855,9.8352,-0.2824,-0.0188,0.3113,5.8022,1.4668,-21.4957
15336,0.0116,0.0917,9.8397,-0.2683,-0.0546,0.3332,5.8080,1.4218,-21.5129
15344,0.0233,0.0631,9.8297,-0.3082,-0.0063,0.2529,5.8148,1.3690,-21.5299
15352,0.0234,0.0888,9.8316,-0.3196,0.0399,0.4054,5.8215,1.3164,-21.5455
15360,0.0139,0.0774,9.8319,-0.3812,-0.0252,0.4872,5.8338,1.2725,-21.5643
15368,0.0113,0.0684,9.8144,-0.3735,-0.0954,0.5921,5.8413,1.2226,-21.5830
15376,0.0007,0.0339,9.8291,-0.4061,-0.2266,0.5990,5.8488,1.1729,-21.6015
15384,0.0034,-0.0156,9.8247,-0.3892,-0.2801,0.6670,5.8562,1.1235,-21.6200
15392,0.0063,0.0025,9.8211,-0.4131,-0.3045,0.6867,5.8664,1.0761,-21.6346
15400,0.0094,-0.0344,9.8133,-0.3773,-0.4479,0.6122,5.8765,1.0289,-21.6491
15408,0.0122,-0.0209,9.8422,-0.3537,-0.5210,0.7090,5.8880,0.9819,-21.6668
15416,0.0238,-0.0233,9.8329,-0.3152,-0.5776,0.7429,5.9013,0.9322,-21.6801
15424,0.0294,-0.0618,9.8472,-0.3343,-0.5544,0.6632,5.9145,0.8828,-21.6934
15432,0.0303,-0.0667,9.8351,-0.2673,-0.5348,0.7204,5.9263,0.8335,-21.7042
15440,0.0466,-0.0483,9.8433,-0.2698,-0.5188,0.6605,5.9346,0.7877,-21.7107
15448,0.0672,-0.0394,9.8429,-0.3176,-0.4795,0.6511,5.9467,0.7393,-21.7256
15456,0.0431,-0.0304,9.8444,-0.3180,-0.3832,0.5675,5.9540,0.6911,-21.7414
15464,0.0313,-0.0323,9.8549,-0.3770,-0.3285,0.5249,5.9613,0.6430,-21.7571
15472,0.0229,-0.0641,9.8594,-0.3401,-0.3028,0.5108,5.9761,0.5933,-21.7699
15480,0.0276,-0.0546,9.8388,-0.3795,-0.2676,0.2547,5.9841,0.5414,-21.7792
15488,0.0228,-0.0387,9.8344,-0.4331,-0.2926,0.1537,5.9921,0.4897,-21.7885
15496,0.0243,-0.0198,9.8440,-0.4658,-0.2099,0.0439,6.0053,0.4401,-21.8030
15504,0.0129,-0.0455,9.8431,-0.4063,-0.1761,0.0775,6.0184,0.3907,-21.8173
15512,0.0177,-0.0469,9.8492,-0.4188,-0.2051,-0.0077,6.0315,0.3415,-21.8316
15520,0.0124,-0.0609,9.8392,-0.4468,-0.2195,0.0655,6.0439,0.2921,-21.8439
15528,0.0012,-0.0763,9.8442,-0.4388,-0.1666,0.0529,6.0568,0.2419,-21.8571
15536,-0.0134,-0.0333,9.8342,-0.4019,-0.1320,0.2114,6.0683,0.1872,-21.8664
15544,-0.0244,-0.0650,9.8498,-0.3905,-0.0989,0.2404,6.0796,0.1327,-21.8756
15552,-0.0389,-0.0827,9.8465,-0.3824,-0.1606,0.1881,6.0961,0.0818,-21.8867
15560,-0.0278,-0.0783,9.8655,-0.3346,-0.1476,0.3354,6.1073,0.0339,-21.8981
15568,-0.0260,-0.0765,9.8535,-0.2702,-0.1512,0.3189,6.1223,-0.0123,-21.9048
15576,-0.0121,-0.0850,9.8617,-0.2540,-0.1173,0.3245,6.1371,-0.0583,-21.9114
15584,-0.0210,-0.0849,9.8510,-0.3451,-0.1915,0.5032,6.1519,-0.1041,-21.9179
15592,-0.0171,-0.0689,9.8463,-0.3843,-0.1879,0.5940,6.1667,-0.1559,-21.9282
15600,-0.0113,-0.0421,9.8620,-0.4111,-0.2430,0.5636,6.1813,-0.2074,-21.9384
15608,0.0044,-0.0128,9.8572,-0.4127,-0.2744,0.5531,6.1968,-0.2554,-21.9519
15616,0.0072,0.0178,9.8660,-0.3715,-0.2911,0.6818,6.2123,-0.3032,-21.9652
15624,0.0102,-0.0156,9.8421,-0.4469,-0.2538,0.8262,6.2301,-0.3555,-21.9762
15632,0.0097,0.0093,9.8300,-0.4523,-0.1700,0.9563,6.2425,-0.3995,-21.9899
15640,-0.0075,0.0410,9.8186,-0.4227,-0.1300,1.1260,6.2597,-0.4400,-21.9978
15648,-0.0090,0.0095,9.8179,-0.4638,-0.1023,1.2003,6.2786,-0.4903,-22.0038
15656,-0.0154,0.0034,9.8305,-0.4791,-0.0332,1.2953,6.2975,-0.5403,-22.0098
15664,-0.0221,0.0069,9.8322,-0.4031,-0.0418,1.2849,6.3101,-0.5892,-22.0157
15672,-0.0336,0.0397,9.8143,-0.3384,-0.0527,1.3042,6.3256,-0.6370,-22.0201
15680,-0.0472,0.0466,9.8035,-0.2605,-0.0764,1.2374,6.3409,-0.6812,-22.0268
15688,-0.0418,-0.0173,9.8179,-0.2234,-0.0778,1.2668,6.3562,-0.7252,-22.0335
15696,-0.0318,-0.0377,9.8149,-0.1852,-0.0257,0.9936,6.3714,-0.7690,-22.0402
15704,-0.0411,-0.0248,9.8045,-0.1247,-0.0053,0.8977,6.3908,-0.8193,-22.0496
15712,-0.0444,-0.0040,9.7919,-0.1228,-0.0071,0.7793,6.4101,-0.8694,-22.0590
15720,-0.0214,-0.0412,9.8070,-0.1130,-0.0728,0.7301,6.4246,-0.9192,-22.0683
15728,-0.0080,-0.0526,9.8032,-0.0743,-0.1330,0.6004,6.4390,-0.9688,-22.0776
15736,-0.0031,-0.0428,9.8035,-0.0987,-0.1612,0.6230,6.4539,-1.0187,-22.0872
15744,0.0087,-0.0568,9.8165,-0.1753,-0.1162,0.5166,6.4729,-1.0689,-22.0964
15752,0.0124,-0.0370,9.8073,-0.1685,-0.1052,0.3962,6.4919,-1.1179,-22.1017
15760,-0.0010,-0.0670,9.7936,-0.1088,-0.1159,0.2544,6.5084,-1.1714,-22.1060
15768,-0.0068,-0.0882,9.7861,-0.0729,-0.1662,0.2602,6.5248,-1.2247,-22.1102
15776,-0.0211,-0.0422,9.7885,-0.0120,-0.1157,0.1670,6.5393,-1.2711,-22.1149
15784,-0.0273,-0.0389,9.7851,-0.0070,-0.0646,0.0112,6.5537,-1.3172,-22.1195
15792,-0.0296,-0.0874,9.7881,0.0590,-0.0985,-0.0897,6.5742,-1.3656,-22.1241
15800,-0.0331,-0.1394,9.7921,0.0822,-0.0616,-0.1623,6.5946,-1.4137,-22.1287
15808,-0.0322,-0.1510,9.7957,-0.0130,-0.0796,-0.2610,6.6150,-1.4615,-22.1332
15816,-0.0337,-0.1214,9.7839,-0.1307,-0.1475,-0.4460,6.6352,-1.5116,-22.1377
15824,-0.0427,-0.0860,9.7674,-0.1579,-0.1377,-0.5350,6.6554,-1.5590,-22.1422
15832,-0.0463,-0.0489,9.7715,-0.1572,-0.0031,-0.7454,6.6802,-1.6100,-22.1489
15840,-0.0346,-0.0636,9.7621,-0.1673,0.0350,-0.9012,6.7007,-1.6589,-22.1537
15848,-0.0486,-0.0528,9.7599,-0.2276,0.0741,-1.0503,6.7211,-1.7076,-22.1585
15856,-0.0530,-0.0230,9.7602,-0.2985,0.0342,-1.1181,6.7414,-1.7584,-22.1657
15864,-0.0584,-0.0237,9.7605,-0.3477,0.0947,-1.1350,6.7568,-1.8028,-22.1694
15872,-0.0605,-0.0308,9.7616,-0.3974,0.1818,-1.2712,6.7760,-1.8522,-22.1755
15880,-0.0506,-0.0036,9.7786,-0.4316,0.1505,-1.3241,6.7952,-1.9015,-22.1815
15888,-0.0772,-0.0126,9.7767,-0.4323,0.1312,-1.3320,6.8161,-1.9476,-22.1899
15896,-0.0529,-0.0244,9.7736,-0.3424,0.1341,-1.4088,6.8370,-1.9936,-22.1982
15904,-0.0565,-0.0218,9.7853,-0.2963,0.2035,-1.3917,6.8597,-2.0403,-22.2013
15912,-0.0643,-0.0993,9.8073,-0.3376,0.1846,-1.3300,6.8822,-2.0867,-22.2043
15920,-0.0504,-0.0978,9.8163,-0.2198,0.1318,-1.3056,6.9047,-2.1330,-22.2073
15928,-0.0410,-0.0769,9.8026,-0.1364,0.1347,-1.1863,6.9267,-2.1781,-22.2140
15936,-0.0466,-0.0698,9.8148,-0.1020,0.1934,-1.1335,6.9490,-2.2287,-22.2146
15944,-0.0458,-0.0671,9.8208,-0.0451,0.1723,-0.9924,6.9732,-2.2786,-22.2170
15952,-0.0455,-0.0582,9.8304,-0.0148,0.2187,-0.8842,6.9958,-2.3269,-22.2179
15960,-0.0534,-0.0593,9.8335,0.0543,0.1751,-0.8926,7.0183,-2.3749,-22.2189
15968,-0.0510,-0.0707,9.8296,0.0590,0.1601,-0.9727,7.0450,-2.4232,-22.2193
15976,-0.0511,-0.0137,9.7991,0.1435,0.1270,-1.0093,7.0669,-2.4727,-22.2207
15984,-0.0362,0.0038,9.8071,0.1256,0.0448,-1.0230,7.0887,-2.5219,-22.2220
15992,-0.0523,0.0464,9.7901,0.1272,0.0355,-1.1934,7.1109,-2.5667,-22.2219
16000,-0.0527,0.0354,9.8126,0.0994,0.0825,-1.3483,7.1330,-2.6113,-22.2218
16008,-0.0559,0.0336,9.8061,0.1341,0.0316,-1.4111,7.1550,-2.6557,-22.2216
16016,-0.0705,0.0270,9.7997,0.0927,0.0255,-1.5512,7.1755,-2.7065,-22.2253
16024,-0.0588,0.0442,9.7930,0.0370,0.0250,-1.6612,7.1959,-2.7570,-22.2288
16032,-0.0490,0.0033,9.8025,-0.0268,0.1152,-1.6810,7.2224,-2.8022,-22.2343
16040,-0.0348,0.0743,9.8028,-0.0372,0.1935,-1.6946,7.2489,-2.8471,-22.2397
16048,-0.0346,0.0697,9.8082,0.0488,0.1723,-1.6383,7.2742,-2.8965,-22.2394
16056,-0.0394,0.0797,9.8216,0.0351,0.1814,-1.7284,7.3004,-2.9443,-22.2377
16064,-0.0484,0.0810,9.8357,0.0086,0.1261,-1.7693,7.3289,-2.9909,-22.2383
16072,-0.0497,0.1190,9.8278,0.0900,0.0946,-1.8084,7.3578,-3.0373,-22.2389
16080,-0.0658,0.0952,9.8162,0.1171,0.0484,-1.8938,7.3866,-3.0854,-22.2413
16088,-0.0541,0.0540,9.8189,0.1031,0.0549,-1.9407,7.4143,-3.1280,-22.2366
16096,-0.0243,0.0723,9.8309,0.0657,0.0505,-1.9830,7.4419,-3.1704,-22.2320
16104,-0.0083,0.0492,9.8286,0.0565,0.1022,-2.1034,7.4642,-3.2160,-22.2316
16112,-0.0029,0.0484,9.8246,0.1198,0.0770,-2.0772,7.4864,-3.2614,-22.2311
16120,-0.0062,0.0545,9.8269,0.1137,0.1143,-2.2015,7.5085,-3.3065,-22.2307
16128,0.0099,0.0272,9.8313,0.1584,0.1819,-2.0697,7.5377,-3.3548,-22.2302
16136,-0.0101,0.0859,9.8198,0.1052,0.1800,-1.9010,7.5667,-3.4051,-22.2283
16144,-0.0013,0.0943,9.8017,0.1531,0.1967,-1.8783,7.5947,-3.4539,-22.2259
16152,-0.0212,0.0906,9.7989,0.1001,0.1167,-1.7953,7.6226,-3.5024,-22.2235
16160,-0.0119,0.0375,9.8096,0.1135,0.1176,-1.5052,7.6528,-3.5506,-22.2202
16168,-0.0298,0.0724,9.8007,0.0836,0.0944,-1.3399,7.6881,-3.5954,-22.2173
16176,-0.0114,0.0840,9.8189,0.0497,0.0803,-1.2884,7.7190,-3.6423,-22.2168
16184,-0.0308,0.0776,9.8437,0.0679,0.1574,-1.1992,7.7521,-3.6927,-22.2082
16192,-0.0214,0.0399,9.8397,0.0374,0.0791,-0.9752,7.7851,-3.7429,-22.1996
16200,-0.0412,-0.0216,9.8474,0.0802,0.0870,-0.9024,7.8195,-3.7924,-22.1948
16208,-0.0527,-0.0320,9.8358,0.0944,0.1718,-0.8060,7.8537,-3.8417,-22.1900
16216,-0.0536,-0.0229,9.8229,0.0387,0.1089,-0.6259,7.8892,-3.8869,-22.1900
16224,-0.0562,-0.0296,9.8186,-0.0386,0.0061,-0.5817,7.9246,-3.9319,-22.1899
16232,-0.0298,-0.0543,9.8165,-0.0218,0.0465,-0.5687,7.9599,-3.9767,-22.1898
16240,-0.0251,-0.0995,9.8164,-0.0405,0.0531,-0.4416,7.9936,-4.0237,-22.1850
16248,-0.0323,-0.1249,9.8250,0.0031,0.0727,-0.3041,8.0310,-4.0680,-22.1792
16256,-0.0424,-0.1648,9.8155,-0.0167,0.0462,-0.2366,8.0635,-4.1183,-22.1720
16264,-0.0410,-0.1917,9.8114,-0.0062,0.0821,-0.1534,8.0959,-4.1684,-22.1648
16272,-0.0348,-0.1509,9.8095,-0.0495,0.0818,-0.0898,8.1320,-4.2177,-22.1596
16280,-0.0383,-0.1587,9.7988,-0.1256,-0.0491,-0.0824,8.1689,-4.2602,-22.1571
16288,-0.0218,-0.1707,9.8190,-0.0330,-0.0810,-0.1339,8.2067,-4.3082,-22.1547
16296,-0.0324,-0.1602,9.7987,-0.0698,-0.1328,-0.1032,8.2443,-4.3559,-22.1522
16304,-0.0389,-0.1830,9.7989,-0.0357,-0.0944,-0.2684,8.2818,-4.4034,-22.1498
16312,-0.0365,-0.2000,9.8306,-0.1391,-0.0790,-0.2798,8.3206,-4.4558,-22.1449
16320,-0.0175,-0.1630,9.8265,-0.1179,0.0078,-0.2827,8.3592,-4.5080,-22.1401
16328,-0.0217,-0.1154,9.8163,-0.1323,-0.0612,-0.2402,8.4029,-4.5566,-22.1348
16336,-0.0182,-0.1443,9.8290,-0.1275,0.0274,-0.2901,8.4427,-4.6040,-22.1238
16344,-0.0224,-0.1253,9.8442,-0.2055,0.0322,-0.4766,8.4824,-4.6512,-22.1128
16352,-0.0293,-0.1560,9.8497,-0.2054,0.0021,-0.4415,8.5228,-4.6948,-22.1080
16360,-0.0424,-0.1733,9.8392,-0.2373,0.0239,-0.5387,8.5636,-4.7378,-22.1004
16368,-0.0301,-0.1926,9.8337,-0.1479,0.0608,-0.4929,8.6019,-4.7843,-22.0928
16376,-0.0272,-0.2027,9.8379,-0.1423,0.0375,-0.5825,8.6405,-4.8310,-22.0852
16384,-0.0228,-0.1864,9.8422,-0.1424,0.0151,-0.6095,8.6790,-4.8775,-22.0804
16392,-0.0319,-0.1753,9.8374,-0.1477,-0.0569,-0.7046,8.7193,-4.9218,-22.0681
16400,-0.0557,-0.1552,9.8358,-0.1422,-0.0778,-0.7369,8.7590,-4.9664,-22.0600
16408,-0.0394,-0.1334,9.8316,-0.2089,-0.1164,-0.7305,8.7985,-5.0108,-22.0520
16416,-0.0402,-0.0909,9.8265,-0.1607,-0.0493,-0.6097,8.8379,-5.0550,-22.0440
16424,-0.0295,-0.0848,9.8214,-0.2532,-0.0786,-0.5848,8.8847,-5.1008,-22.0365
16432,-0.0339,-0.0797,9.8081,-0.2511,-0.1412,-0.5104,8.9314,-5.1464,-22.0290
16440,-0.0411,-0.0710,9.7878,-0.2543,-0.0357,-0.4712,8.9737,-5.1889,-22.0196
16448,-0.0422,-0.0795,9.7951,-0.1508,-0.0282,-0.3590,9.0186,-5.2365,-22.0064
16456,-0.0645,-0.0576,9.7897,-0.1771,-0.0636,-0.2945,9.0634,-5.2838,-21.9932
16464,-0.0643,-0.0697,9.7990,-0.1303,-0.0309,-0.2407,9.1024,-5.3237,-21.9825
16472,-0.0695,-0.0847,9.7934,-0.2349,-0.0156,-0.2027,9.1493,-5.3659,-21.9680
16480,-0.0669,-0.0842,9.7982,-0.1375,-0.1022,-0.2196,9.1927,-5.4149,-21.9573
16488,-0.0619,-0.1038,9.8108,-0.0738,-0.0811,-0.2545,9.2341,-5.4608,-21.9457
16496,-0.0541,-0.1319,9.8158,-0.1301,-0.0263,-0.1945,9.2754,-5.5065,-21.9341
16504,-0.0498,-0.1105,9.8063,-0.1120,0.1061,-0.2144,9.3165,-5.5520,-21.9225
16512,-0.0482,-0.1094,9.8163,-0.1400,0.0701,-0.3162,9.3584,-5.5949,-21.9077
16520,-0.0413,-0.0655,9.8026,-0.1295,0.0197,-0.4668,9.4002,-5.6375,-21.8929
16528,-0.0155,-0.0404,9.8047,-0.1594,0.0221,-0.7362,9.4475,-5.6828,-21.8833
16536,-0.0427,-0.0236,9.8071,-0.1347,0.0858,-0.7671,9.4947,-5.7279,-21.8738
16544,-0.0468,-0.0202,9.7934,-0.1804,0.0853,-0.9060,9.5450,-5.7695,-21.8675
16552,-0.0482,-0.0577,9.8064,-0.2241,0.0716,-1.0175,9.5904,-5.8046,-21.8571
16560,-0.0640,-0.0725,9.7891,-0.2899,0.1064,-1.2495,9.6352,-5.8510,-21.8447
16568,-0.0543,-0.0977,9.7721,-0.2675,0.0891,-1.2446,9.6851,-5.8919,-21.8376
16576,-0.0368,-0.0909,9.7826,-0.3367,0.1978,-1.1787,9.7348,-5.9326,-21.8305
16584,-0.0482,-0.1162,9.7794,-0.2989,0.1444,-1.0649,9.7815,-5.9736,-21.8173
16592,-0.0532,-0.1200,9.7888,-0.2867,0.1441,-0.9455,9.8276,-6.0196,-21.8103
16600,-0.0458,-0.0642,9.7936,-0.2324,0.2318,-0.8019,9.8744,-6.0644,-21.8032
16608,-0.0286,-0.0952,9.7984,-0.2072,0.1903,-0.7953,9.9211,-6.1090,-21.7962
16616,-0.0295,-0.0951,9.8083,-0.1617,0.1106,-0.7330,9.9677,-6.1534,-21.7892
16624,-0.0330,-0.0726,9.8008,-0.1876,0.1944,-0.6814,10.0145,-6.1957,-21.7746
16632,-0.0481,-0.0673,9.8054,-0.2069,0.1998,-0.6588,10.0613,-6.2378,-21.7601
16640,-0.0284,-0.0151,9.8041,-0.2575,0.1544,-0.6957,10.1073,-6.2825,-21.7485
16648,-0.0489,-0.0226,9.8039,-0.1858,0.1563,-0.6298,10.1533,-6.3271,-21.7368
16656,-0.0460,0.0012,9.8086,-0.1146,0.1314,-0.5134,10.2014,-6.3690,-21.7219
16664,-0.0402,0.0309,9.8016,-0.1452,0.2223,-0.4394,10.2447,-6.4074,-21.7061
16672,-0.0295,0.0181,9.7975,-0.1824,0.1625,-0.3660,10.2954,-6.4485,-21.6941
16680,-0.0326,0.0353,9.7951,-0.1754,0.1667,-0.3118,10.3435,-6.4941,-21.6831
16688,-0.0149,0.0308,9.8144,-0.2086,0.0427,-0.2786,10.3915,-6.5395,-21.6721
16696,-0.0307,0.0344,9.8273,-0.2217,0.0708,-0.3802,10.4375,-6.5818,-21.6606
16704,-0.0419,0.0273,9.8084,-0.1330,0.0497,-0.3067,10.4833,-6.6240,-21.6492
16712,-0.0310,0.0322,9.7995,-0.1761,0.0908,-0.3031,10.5337,-6.6683,-21.6345
16720,-0.0216,0.0626,9.7965,-0.2120,0.0261,-0.3850,10.5839,-6.7123,-21.6198
16728,-0.0159,0.0099,9.8061,-0.2009,-0.0250,-0.5406,10.6339,-6.7562,-21.6052
16736,-0.0375,0.0370,9.8075,-0.1851,-0.1086,-0.4734,10.6848,-6.7980,-21.5887
16744,-0.0435,0.0806,9.8060,-0.2472,-0.0526,-0.5025,10.7354,-6.8395,-21.5723
16752,-0.0334,0.0331,9.8051,-0.1893,0.0063,-0.3943,10.7845,-6.8809,-21.5535
16760,-0.0074,-0.0036,9.7897,-0.2460,0.1134,-0.4989,10.8334,-6.9221,-21.5348
16768,0.0089,-0.0030,9.8054,-0.1615,0.1570,-0.5402,10.8841,-6.9673,-21.5147
16776,0.0012,-0.0021,9.8018,-0.2460,0.1535,-0.5210,10.9369,-7.0099,-21.5013
16784,0.0039,0.0052,9.8027,-0.2975,0.1901,-0.6760,10.9854,-7.0552,-21.4875
16792,-0.0037,-0.0193,9.8053,-0.2214,0.2170,-0.7336,11.0360,-7.1002,-21.4727
16800,-0.0019,-0.0045,9.8027,-0.1140,0.0588,-0.7780,11.0865,-7.1450,-21.4580
16808,-0.0099,-0.0148,9.8112,-0.0459,0.0969,-0.7271,11.1439,-7.1840,-21.4419
16816,-0.0303,-0.0341,9.8030,-0.0928,0.1840,-0.7104,11.2011,-7.2227,-21.4259
16824,-0.0297,-0.0716,9.8251,-0.0870,0.1792,-0.7825,11.2529,-7.2641,-21.4070
16832,-0.0396,-0.0582,9.8142,-0.1241,0.1080,-0.7981,11.3046,-7.3052,-21.3883
16840,-0.0239,-0.0834,9.8207,-0.0796,0.0746,-0.7543,11.3561,-7.3462,-21.3695
16848,-0.0257,-0.1541,9.8353,-0.1011,0.0506,-0.7178,11.4083,-7.3884,-21.3532
16856,-0.0018,-0.1643,9.8416,-0.0869,-0.0176,-0.5735,11.4623,-7.4284,-21.3331
16864,-0.0202,-0.1598,9.8487,-0.0893,-0.0269,-0.5582,11.5166,-7.4674,-21.3183
16872,-0.0219,-0.1599,9.8452,-0.0170,-0.0757,-0.4743,11.5712,-7.5094,-21.2993
16880,-0.0344,-0.1964,9.8392,-0.0332,-0.1278,-0.4767,11.6256,-7.5513,-21.2803
16888,-0.0347,-0.2007,9.8315,0.0020,-0.1482,-0.4230,11.6865,-7.5896,-21.2643
16896,-0.0204,-0.2215,9.8382,-0.0630,-0.1731,-0.3903,11.7452,-7.6273,-21.2463
16904,-0.0043,-0.2736,9.8151,-0.0318,-0.2556,-0.3243,11.8037,-7.6672,-21.2275
16912,-0.0025,-0.2678,9.8384,0.0220,-0.3824,-0.2106,11.8620,-7.7069,-21.2087
16920,-0.0008,-0.2818,9.8344,-0.0066,-0.3784,-0.1792,11.9224,-7.7515,-21.1924
16928,-0.0071,-0.3295,9.8249,0.0434,-0.3079,-0.1705,11.9827,-7.7960,-21.1761
16936,0.0014,-0.3075,9.8186,0.0140,-0.2991,-0.0502,12.0403,-7.8374,-21.1622
16944,0.0081,-0.2215,9.8101,-0.0382,-0.2508,0.0809,12.0977,-7.8786,-21.1483
16952,0.0070,-0.2781,9.8111,-0.0161,-0.2498,0.1582,12.1549,-7.9196,-21.1345
16960,0.0013,-0.2665,9.8184,-0.0537,-0.3023,0.2428,12.2166,-7.9594,-21.1113
16968,0.0104,-0.2305,9.8186,-0.0283,-0.1684,0.3158,12.2748,-8.0000,-21.0905
16976,0.0113,-0.2270,9.8188,-0.0653,-0.2404,0.4575,12.3299,-8.0422,-21.0740
16984,-0.0039,-0.2266,9.8180,-0.0740,-0.2533,0.3530,12.3848,-8.0810,-21.0495
16992,-0.0017,-0.1875,9.8046,-0.0610,-0.3802,0.3651,12.4395,-8.1195,-21.0250
17000,-0.0215,-0.1367,9.8011,-0.0406,-0.3550,0.3793,12.4982,-8.1612,-21.0016
17008,-0.0376,-0.0884,9.7752,-0.0824,-0.4268,0.4276,12.5576,-8.2008,-20.9811
17016,-0.0262,-0.1153,9.8000,-0.1251,-0.4502,0.5431,12.6168,-8.2401,-20.9607
17024,-0.0232,-0.0914,9.7910,-0.0805,-0.4192,0.5282,12.6758,-8.2784,-20.9417
17032,-0.0137,-0.0346,9.7920,-0.1179,-0.4696,0.5673,12.7346,-8.3164,-20.9228
17040,-0.0160,-0.0015,9.7911,-0.0710,-0.4111,0.6314,12.7931,-8.3543,-20.9040
17048,-0.0258,0.0061,9.7757,-0.1035,-0.4618,0.5913,12.8467,-8.3929,-20.8852
17056,-0.0379,0.0445,9.7663,-0.1186,-0.3956,0.5343,12.9072,-8.4289,-20.8664
17064,-0.0206,0.1033,9.7819,-0.1330,-0.3564,0.6452,12.9655,-8.4658,-20.8411
17072,-0.0149,0.0901,9.7888,-0.0827,-0.3908,0.6632,13.0237,-8.5024,-20.8159
17080,-0.0175,0.0612,9.7913,-0.0960,-0.4158,0.7444,13.0844,-8.5441,-20.7935
17088,-0.0040,0.0415,9.7786,-0.1728,-0.4049,0.6193,13.1406,-8.5836,-20.7732
17096,0.0001,-0.0238,9.7776,-0.0995,-0.4319,0.6598,13.2013,-8.6230,-20.7552
17104,-0.0227,-0.0636,9.7721,-0.0507,-0.3697,0.6158,13.2609,-8.6622,-20.7373
17112,-0.0314,-0.1070,9.7571,-0.0281,-0.4303,0.6271,13.3202,-8.7026,-20.7181
17120,-0.0315,-0.1240,9.7736,-0.0598,-0.4322,0.5925,13.3821,-8.7386,-20.6974
17128,-0.0289,-0.0860,9.7849,0.0273,-0.4046,0.4795,13.4438,-8.7743,-20.6769
17136,-0.0252,-0.0170,9.7915,0.0198,-0.3196,0.2167,13.5056,-8.8166,-20.6568
17144,-0.0096,-0.0152,9.7893,0.0367,-0.3344,0.0881,13.5673,-8.8586,-20.6368
17152,0.0246,-0.0254,9.7936,-0.0085,-0.2498,0.0105,13.6286,-8.9004,-20.6169
17160,0.0387,-0.0155,9.8048,-0.0304,-0.1982,0.0989,13.6874,-8.9396,-20.5938
17168,0.0378,0.0322,9.7995,-0.0273,-0.1649,-0.0059,13.7482,-8.9843,-20.5706
17176,0.0183,0.0257,9.7805,-0.0830,-0.0264,-0.0528,13.8093,-9.0226,-20.5514
17184,0.0148,0.0039,9.7853,-0.1150,0.0554,-0.2309,13.8702,-9.0608,-20.5322
17192,0.0066,0.0338,9.7718,-0.1109,0.0109,-0.3986,13.9275,-9.1039,-20.5131
17200,-0.0040,-0.0330,9.7769,-0.1763,-0.0129,-0.5617,13.9888,-9.1420,-20.4902
17208,-0.0117,0.0127,9.7774,-0.1295,-0.0144,-0.7122,14.0489,-9.1781,-20.4679
17216,-0.0110,0.0304,9.7819,-0.1061,0.0349,-0.8482,14.1087,-9.2139,-20.4456
17224,-0.0054,-0.0142,9.7915,-0.0010,0.0073,-0.8129,14.1683,-9.2496,-20.4234
17232,-0.0276,-0.0140,9.8025,0.0354,0.0370,-0.7952,14.2277,-9.2865,-20.4022
17240,-0.0240,-0.0243,9.8078,0.0250,0.0520,-0.7462,14.2868,-9.3232,-20.3811
17248,-0.0162,-0.0249,9.8013,0.1030,-0.0350,-0.7900,14.3452,-9.3644,-20.3586
17256,-0.0301,-0.0260,9.8191,0.0122,-0.0355,-0.8506,14.4034,-9.4055,-20.3362
17264,-0.0236,-0.0465,9.8142,-0.0239,0.0733,-0.9405,14.4613,-9.4463,-20.3139
17272,0.0079,-0.0601,9.8267,-0.0665,0.0948,-1.1065,14.5237,-9.4859,-20.2878
17280,0.0300,-0.0669,9.8434,-0.0271,0.0913,-1.2146,14.5882,-9.5221,-20.2656
17288,0.0390,-0.0695,9.8335,0.0398,0.0692,-1.3286,14.6481,-9.5628,-20.2439
17296,0.0417,-0.0690,9.8218,0.0478,0.0642,-1.2296,14.7077,-9.6033,-20.2223
17304,0.0446,-0.0058,9.8021,0.0075,0.0620,-1.2283,14.7733,-9.6407,-20.1951
17312,0.0290,-0.0169,9.8129,0.0302,0.0626,-1.1417,14.8286,-9.6803,-20.1708
17320,0.0300,-0.0046,9.8155,-0.0307,0.1245,-1.0643,14.8936,-9.7193,-20.1494
17328,0.0304,-0.0312,9.8041,-0.0063,0.1490,-0.8969,14.9583,-9.7580,-20.1281
17336,0.0243,-0.0117,9.8298,-0.0976,0.1671,-0.9501,15.0226,-9.7966,-20.1069
17344,0.0029,-0.0290,9.8339,-0.0836,0.1844,-0.8383,15.0849,-9.8336,-20.0852
17352,-0.0269,-0.0534,9.8295,-0.1688,0.1690,-0.8275,15.1468,-9.8703,-20.0636
17360,-0.0343,-0.1269,9.8254,-0.1330,0.1436,-0.7584,15.2051,-9.9069,-20.0440
17368,-0.0383,-0.0964,9.8368,-0.2561,0.1619,-0.7670,15.2665,-9.9452,-20.0163
17376,-0.0469,-0.1089,9.8376,-0.2939,0.2168,-0.6526,15.3276,-9.9833,-19.9888
17384,-0.0419,-0.1174,9.8327,-0.2393,0.1066,-0.6046,15.3861,-10.0193,-19.9613
17392,-0.0447,-0.1671,9.8507,-0.2324,0.0226,-0.6412,15.4495,-10.0589,-19.9382
17400,-0.0459,-0.1801,9.8442,-0.1325,-0.0338,-0.4870,15.5140,-10.0969,-19.9137
17408,-0.0383,-0.1710,9.8365,-0.1009,-0.0583,-0.4702,15.5773,-10.1357,-19.8893
17416,-0.0273,-0.1591,9.8368,-0.0681,-0.0818,-0.4007,15.6403,-10.1742,-19.8612
17424,-0.0379,-0.1401,9.8289,-0.0687,-0.0643,-0.2410,15.7030,-10.2126,-19.8332
17432,-0.0420,-0.1265,9.8304,-0.0720,-0.0581,-0.1416,15.7640,-10.2499,-19.8081
17440,-0.0361,-0.1457,9.8199,-0.0964,-0.0150,-0.0839,15.8247,-10.2870,-19.7830
17448,-0.0244,-0.1581,9.8236,-0.1091,0.0236,-0.0927,15.8852,-10.3238,-19.7581
17456,-0.0234,-0.1442,9.8051,-0.0893,0.1112,-0.0611,15.9505,-10.3615,-19.7351
17464,-0.0316,-0.1116,9.7961,-0.1823,0.0083,0.0331,16.0156,-10.3990,-19.7122
17472,-0.0254,-0.0844,9.7902,-0.2419,0.0166,-0.0155,16.0789,-10.4372,-19.6846
17480,-0.0215,-0.0752,9.7963,-0.2376,0.0325,0.0928,16.1377,-10.4719,-19.6619
17488,-0.0099,-0.0619,9.8040,-0.2068,-0.0163,0.0789,16.1962,-10.5065,-19.6392
17496,-0.0276,-0.1023,9.7828,-0.0866,0.0144,0.1483,16.2558,-10.5437,-19.6123
17504,-0.0345,-0.0308,9.7837,-0.1851,-0.0789,0.0440,16.3123,-10.5813,-19.5874
17512,-0.0434,-0.0500,9.7795,-0.0899,-0.1442,0.0296,16.3714,-10.6158,-19.5630
17520,-0.0415,-0.0633,9.7688,-0.0789,-0.2359,0.1199,16.4293,-10.6511,-19.5387
17528,-0.0448,-0.0716,9.7737,-0.1697,-0.2836,0.1048,16.4868,-10.6862,-19.5145
17536,-0.0364,-0.0714,9.7718,-0.0832,-0.2759,0.2611,16.5442,-10.7211,-19.4904
17544,-0.0406,-0.0908,9.7628,-0.0858,-0.3912,0.3439,16.6036,-10.7582,-19.4673
17552,-0.0340,-0.1111,9.7705,-0.0937,-0.4161,0.4204,16.6627,-10.7952,-19.4442
17560,-0.0198,-0.0635,9.7798,-0.1118,-0.4426,0.4322,16.7230,-10.8315,-19.4208
17568,-0.0092,-0.0312,9.7696,-0.0892,-0.4920,0.5342,16.7830,-10.8676,-19.3974
17576,-0.0001,-0.0230,9.7908,-0.0755,-0.4378,0.6290,16.8460,-10.9031,-19.3703
17584,-0.0178,-0.0061,9.7745,-0.0518,-0.5621,0.6157,16.9049,-10.9370,-19.3513
17592,-0.0147,0.0353,9.7853,-0.0905,-0.6595,0.6190,16.9631,-10.9741,-19.3258
17600,-0.0064,0.0485,9.8064,0.0059,-0.6487,0.7021,17.0220,-11.0086,-19.2984
17608,0.0120,0.0236,9.8346,-0.0726,-0.6330,0.6136,17.0806,-11.0429,-19.2712
17616,0.0141,0.0111,9.8410,-0.1077,-0.6980,0.4783,17.1365,-11.0756,-19.2426
17624,0.0174,-0.0189,9.8405,-0.1012,-0.6002,0.3783,17.1922,-11.1082,-19.2140
17632,0.0062,-0.0538,9.8436,-0.1644,-0.4960,0.3706,17.2457,-11.1430,-19.1880
17640,0.0029,-0.0612,9.8414,-0.1395,-0.4524,0.2619,17.2990,-11.1776,-19.1620
17648,0.0095,-0.0711,9.8285,-0.1716,-0.4133,0.2727,17.3520,-11.2120,-19.1361
17656,0.0091,-0.0537,9.8391,-0.2210,-0.3812,0.0483,17.4080,-11.2453,-19.1126
17664,0.0170,-0.0752,9.8287,-0.2229,-0.3799,-0.0143,17.4638,-11.2785,-19.0892
17672,0.0104,-0.0765,9.8293,-0.2461,-0.5147,0.0699,17.5213,-11.3129,-19.0655
17680,0.0085,-0.0891,9.8271,-0.1696,-0.4835,0.1610,17.5784,-11.3472,-19.0417
17688,0.0073,-0.0617,9.8169,-0.1311,-0.4218,0.2135,17.6334,-11.3798,-19.0186
17696,0.0117,-0.0511,9.8086,-0.1823,-0.4027,0.2637,17.6925,-11.4166,-18.9912
17704,0.0065,-0.0214,9.8006,-0.1912,-0.4031,0.3090,17.7512,-11.4503,-18.9687
17712,-0.0095,-0.0091,9.8093,-0.2238,-0.5208,0.3071,17.8059,-11.4830,-18.9429
17720,-0.0018,0.0311,9.8131,-0.2203,-0.5454,0.3105,17.8603,-11.5154,-18.9172
17728,-0.0079,0.0466,9.7892,-0.2196,-0.5636,0.2818,17.9145,-11.5463,-18.8958
17736,0.0138,0.0360,9.7745,-0.2189,-0.5943,0.2463,17.9685,-11.5770,-18.8745
17744,-0.0120,0.0168,9.7752,-0.1702,-0.6130,0.2311,18.0217,-11.6095,-18.8542
17752,-0.0104,0.0273,9.7681,-0.0997,-0.5829,0.2459,18.0747,-11.6418,-18.8340
17760,-0.0189,0.0199,9.7804,-0.1309,-0.5621,0.2787,18.1274,-11.6739,-18.8138
17768,-0.0239,0.0583,9.7874,-0.1341,-0.6863,0.2860,18.1809,-11.7035,-18.7833
17776,-0.0052,0.0138,9.8065,-0.0252,-0.5996,0.3277,18.2364,-11.7353,-18.7576
17784,-0.0156,-0.0032,9.8261,-0.0197,-0.5274,0.3142,18.2927,-11.7689,-18.7310
17792,-0.0286,0.0565,9.8365,-0.0171,-0.5757,0.2560,18.3487,-11.8022,-18.7045
17800,-0.0299,0.0773,9.8258,-0.0172,-0.5766,0.3310,18.4007,-11.8355,-18.6758
17808,-0.0334,0.0528,9.8153,-0.0601,-0.5214,0.3548,18.4553,-11.8690,-18.6490
17816,-0.0334,0.0398,9.8322,-0.1144,-0.5273,0.3428,18.5082,-11.8981,-18.6218
17824,-0.0251,0.0353,9.8311,-0.1289,-0.5409,0.3607,18.5613,-11.9304,-18.5975
17832,-0.0295,-0.0493,9.8429,-0.0656,-0.5567,0.3004,18.6142,-11.9625,-18.5734
17840,-0.0235,0.0048,9.8453,-0.0529,-0.4703,0.3735,18.6641,-11.9926,-18.5441
17848,-0.0130,-0.0661,9.8402,-0.1422,-0.5185,0.4274,18.7137,-12.0226,-18.5148
17856,-0.0135,-0.0755,9.8484,-0.0756,-0.6072,0.4069,18.7645,-12.0552,-18.4852
17864,-0.0159,-0.0463,9.8266,-0.0225,-0.6680,0.4806,18.8151,-12.0876,-18.4557
17872,-0.0138,-0.0025,9.8110,-0.0358,-0.6035,0.4605,18.8654,-12.1200,-18.4263
17880,-0.0120,-0.0221,9.8155,-0.0485,-0.4964,0.4625,18.9208,-12.1502,-18.4045
17888,-0.0163,-0.0125,9.8060,-0.1406,-0.4501,0.5285,18.9730,-12.1846,-18.3810
17896,-0.0179,-0.0293,9.8055,-0.2420,-0.4058,0.4716,19.0260,-12.2122,-18.3556
17904,-0.0234,-0.0304,9.8029,-0.1551,-0.4621,0.5318,19.0787,-12.2448,-18.3279
17912,0.0016,0.0009,9.8077,-0.1732,-0.4359,0.5414,19.1312,-12.2773,-18.3003
17920,-0.0099,0.0070,9.8167,-0.2119,-0.3522,0.5080,19.1815,-12.3078,-18.2689
17928,0.0039,-0.0486,9.8367,-0.2195,-0.2802,0.3426,19.2345,-12.3409,-18.2406
17936,0.0058,0.0278,9.8151,-0.2348,-0.3206,0.2672,19.2872,-12.3738,-18.2123
17944,-0.0065,-0.0075,9.8243,-0.2282,-0.2926,0.2857,19.3397,-12.4067,-18.1841
17952,-0.0095,-0.0166,9.8239,-0.1578,-0.3085,0.3914,19.3938,-12.4412,-18.1565
17960,0.0015,0.0103,9.8209,-0.0985,-0.3531,0.4552,19.4477,-12.4756,-18.1289
17968,0.0137,-0.0388,9.8181,-0.1964,-0.3663,0.4015,19.4924,-12.5041,-18.1000
17976,0.0111,-0.0654,9.8142,-0.1781,-0.2724,0.4701,19.5406,-12.5315,-18.0722
17984,-0.0027,-0.0927,9.8248,-0.1205,-0.1905,0.4717,19.5886,-12.5588,-18.0444
17992,-0.0088,-0.0905,9.8326,-0.1268,-0.1495,0.5106,19.6393,-12.5878,-18.0163
18000,-0.0029,-0.0662,9.8365,-0.0956,-0.1157,0.5318,19.6882,-12.6167,-17.9891
18008,-0.0158,-0.0214,9.8190,-0.1083,-0.1153,0.4028,19.7394,-12.6478,-17.9621
18016,-0.0179,-0.1011,9.8461,-0.1391,-0.2510,0.3807,19.7855,-12.6797,-17.9328
18024,-0.0111,-0.0608,9.8432,-0.1340,-0.2767,0.3543,19.8315,-12.7114,-17.9036
18032,-0.0023,-0.0603,9.8242,-0.1450,-0.2400,0.3450,19.8834,-12.7421,-17.8735
18040,-0.0207,-0.0666,9.8225,-0.0783,-0.0635,0.2934,19.9284,-12.7669,-17.8487
18048,-0.0255,-0.1029,9.8054,-0.1131,-0.0628,0.2495,19.9732,-12.7915,-17.8240
18056,-0.0280,-0.0715,9.8128,-0.0371,-0.0167,0.2341,20.0221,-12.8203,-17.7975
18064,-0.0212,-0.1474,9.8194,-0.0364,0.0326,0.2727,20.0708,-12.8490,-17.7710
18072,-0.0191,-0.1459,9.7927,0.0229,0.0425,0.3737,20.1193,-12.8775,-17.7447
18080,-0.0109,-0.1587,9.7958,0.0290,0.0706,0.5049,20.1651,-12.9073,-17.7151
18088,-0.0244,-0.1443,9.7886,0.0055,0.0122,0.5930,20.2132,-12.9393,-17.6889
18096,-0.0334,-0.1463,9.7770,0.0123,0.0069,0.7066,20.2596,-12.9674,-17.6628
18104,-0.0247,-0.1353,9.7812,0.0989,-0.0327,0.8472,20.3058,-12.9953,-17.6368
18112,-0.0228,-0.1660,9.7872,0.0456,-0.0653,0.9790,20.3508,-13.0222,-17.6061
18120,-0.0251,-0.1523,9.7849,0.0294,-0.0432,1.0464,20.3928,-13.0480,-17.5774
18128,0.0060,-0.1672,9.7897,0.0565,-0.0727,1.3082,20.4398,-13.0755,-17.5507
18136,0.0183,-0.1114,9.7803,0.0318,-0.0049,1.3665,20.4866,-13.1029,-17.5241
18144,0.0138,-0.0997,9.7696,-0.0052,0.0040,1.5263,20.5332,-13.1302,-17.4975
18152,0.0253,-0.0987,9.7749,-0.0352,0.0791,1.4417,20.5768,-13.1592,-17.4659
18160,0.0084,-0.0759,9.7774,-0.0399,0.0096,1.3609,20.6201,-13.1881,-17.4343
18168,0.0117,-0.0885,9.7965,-0.0578,-0.0062,1.2329,20.6624,-13.2173,-17.4057
18176,0.0143,-0.0844,9.8043,-0.0988,-0.0533,1.1399,20.7044,-13.2464,-17.3771
18184,0.0257,-0.0976,9.8022,-0.1248,0.0297,1.0429,20.7505,-13.2702,-17.3506
18192,0.0302,-0.1300,9.7925,-0.1069,0.0664,0.9288,20.7917,-13.2985,-17.3227
18200,0.0237,-0.1302,9.7998,-0.1165,0.0854,0.9237,20.8308,-13.3263,-17.2944
18208,0.0220,-0.1494,9.7944,-0.0536,0.0183,0.9002,20.8721,-13.3548,-17.2639
18216,0.0154,-0.1200,9.8056,-0.1055,0.1035,0.7684,20.9132,-13.3833,-17.2334
18224,0.0153,-0.1270,9.8239,-0.0752,0.0436,0.6556,20.9565,-13.4106,-17.2040
18232,-0.0029,-0.1138,9.8258,-0.0995,0.0290,0.5692,20.9986,-13.4402,-17.1713
18240,0.0006,-0.0522,9.8158,-0.1467,0.0897,0.5825,21.0363,-13.4692,-17.1416
18248,0.0110,0.0012,9.8299,-0.1519,0.1451,0.4725,21.0739,-13.4981,-17.1120
18256,0.0105,0.0742,9.8299,-0.1648,0.1633,0.3701,21.1113,-13.5268,-17.0825
18264,0.0269,0.0291,9.8290,-0.1319,0.0928,0.3334,21.1485,-13.5554,-17.0531
18272,0.0207,0.0179,9.8478,-0.1484,0.1214,0.3117,21.1855,-13.5838,-17.0237
18280,0.0470,0.0660,9.8402,-0.1455,0.0581,0.1656,21.2229,-13.6140,-16.9973
18288,0.0294,0.1028,9.8278,-0.2253,0.0188,-0.1421,21.2600,-13.6441,-16.9710
18296,0.0294,0.0677,9.8149,-0.2777,0.0853,-0.2123,21.3004,-13.6754,-16.9434
18304,0.0549,0.0319,9.8145,-0.2718,0.0155,-0.3222,21.3396,-13.7000,-16.9130
18312,0.0319,-0.0069,9.8383,-0.2529,-0.0219,-0.2565,21.3796,-13.7263,-16.8864
18320,0.0262,0.0226,9.8339,-0.2187,-0.0789,-0.4151,21.4184,-13.7506,-16.8581
18328,0.0443,-0.0308,9.8540,-0.1914,-0.1068,-0.3854,21.4571,-13.7748,-16.8298
18336,0.0160,-0.0445,9.8322,-0.2266,-0.1389,-0.5037,21.4957,-13.8003,-16.8017
18344,0.0149,-0.0113,9.8461,-0.2336,-0.1268,-0.4035,21.5340,-13.8256,-16.7736
18352,0.0008,0.0159,9.8341,-0.2724,-0.1767,-0.3983,21.5732,-13.8489,-16.7451
18360,0.0231,-0.0296,9.8515,-0.2827,-0.2003,-0.3560,21.6122,-13.8721,-16.7168
18368,0.0251,-0.0566,9.8458,-0.3059,-0.2362,-0.3689,21.6510,-13.8952,-16.6885
18376,0.0027,0.0351,9.8575,-0.3095,-0.1719,-0.3012,21.6849,-13.9219,-16.6603
18384,-0.0075,-0.0482,9.8554,-0.2515,-0.1985,-0.3325,21.7187,-13.9471,-16.6322
18392,-0.0204,-0.0352,9.8530,-0.2041,-0.2105,-0.3144,21.7528,-13.9726,-16.6004
18400,-0.0349,-0.0007,9.8326,-0.1694,-0.1393,-0.4812,21.7834,-13.9970,-16.5710
18408,-0.0310,0.0142,9.8255,-0.1763,-0.1086,-0.4966,21.8139,-14.0214,-16.5418
18416,-0.0244,0.0067,9.8237,-0.1695,-0.1219,-0.3113,21.8475,-14.0456,-16.5126
18424,-0.0147,0.0276,9.8165,-0.1897,-0.0306,-0.3822,21.8806,-14.0739,-16.4864
18432,-0.0051,0.0015,9.8142,-0.2276,-0.0499,-0.3619,21.9121,-14.0912,-16.4635
18440,-0.0068,-0.0412,9.8107,-0.2586,-0.0658,-0.4706,21.9477,-14.1137,-16.4408
18448,-0.0002,-0.0671,9.8135,-0.2295,-0.1156,-0.5424,21.9831,-14.1360,-16.4153
18456,-0.0056,-0.0892,9.8282,-0.3031,-0.0139,-0.5712,22.0184,-14.1582,-16.3898
18464,-0.0169,-0.1047,9.8097,-0.3707,-0.0394,-0.5560,22.0512,-14.1878,-16.3611
18472,-0.0284,-0.1259,9.8185,-0.4648,-0.1117,-0.5868,22.0839,-14.2174,-16.3325
18480,-0.0348,-0.1060,9.8306,-0.3387,-0.1435,-0.6029,22.1164,-14.2467,-16.3040
18488,-0.0360,-0.1071,9.8401,-0.2821,-0.0486,-0.5357,22.1487,-14.2708,-16.2732
18496,-0.0407,-0.1309,9.8510,-0.2681,-0.1072,-0.5167,22.1791,-14.2966,-16.2440
18504,-0.0131,-0.1574,9.8467,-0.3293,-0.0778,-0.4879,22.2088,-14.3194,-16.2214
18512,-0.0141,-0.1436,9.8638,-0.3184,-0.1325,-0.4657,22.2403,-14.3440,-16.1937
18520,-0.0264,-0.1424,9.8579,-0.3428,-0.1794,-0.5138,22.2716,-14.3685,-16.1661
18528,-0.0165,-0.1656,9.8434,-0.2834,-0.2109,-0.3785,22.2957,-14.3914,-16.1396
18536,-0.0085,-0.1341,9.8376,-0.2826,-0.2570,-0.3691,22.3268,-14.4143,-16.1121
18544,-0.0058,-0.0938,9.8118,-0.2685,-0.2478,-0.3467,22.3578,-14.4370,-16.0848
18552,0.0153,-0.0851,9.8281,-0.2470,-0.2070,-0.3467,22.3839,-14.4620,-16.0575
18560,0.0070,-0.0900,9.8265,-0.2424,-0.2587,-0.4400,22.4099,-14.4868,-16.0304
18568,-0.0022,-0.1405,9.8232,-0.2514,-0.1854,-0.3586,22.4358,-14.5115,-16.0033
18576,0.0058,-0.1752,9.8207,-0.3133,-0.2167,-0.3847,22.4596,-14.5342,-15.9744
18584,0.0358,-0.1492,9.8193,-0.3032,-0.2999,-0.3696,22.4834,-14.5568,-15.9456
18592,0.0229,-0.1562,9.8112,-0.3282,-0.2728,-0.3873,22.5071,-14.5831,-15.9168
18600,0.0139,-0.1448,9.8162,-0.2268,-0.3189,-0.3481,22.5306,-14.6093,-15.8882
18608,0.0008,-0.1230,9.7929,-0.1938,-0.1790,-0.4227,22.5540,-14.6306,-15.8573
18616,-0.0024,-0.0852,9.7801,-0.2342,-0.2212,-0.2594,22.5750,-14.6518,-15.8303
18624,-0.0017,-0.0577,9.7912,-0.1876,-0.1789,-0.2711,22.5949,-14.6738,-15.8010
18632,-0.0033,-0.1395,9.7853,-0.1963,-0.2398,-0.2211,22.6195,-14.6971,-15.7741
18640,0.0021,-0.1638,9.8119,-0.2500,-0.1780,-0.2079,22.6439,-14.7203,-15.7474
18648,0.0115,-0.1107,9.8137,-0.2479,-0.0976,-0.2192,22.6711,-14.7406,-15.7188
18656,0.0082,-0.1268,9.8011,-0.2460,-0.0847,-0.2941,22.6982,-14.7608,-15.6903
18664,-0.0049,-0.1469,9.8020,-0.1828,-0.1123,-0.3124,22.7190,-14.7856,-15.6605
18672,-0.0089,-0.1012,9.7842,-0.1704,-0.1601,-0.3885,22.7397,-14.8103,-15.6308
18680,-0.0158,-0.0996,9.7858,-0.1426,-0.1978,-0.3600,22.7603,-14.8349,-15.6012
18688,-0.0169,-0.1027,9.8019,-0.1826,-0.0872,-0.3327,22.7827,-14.8537,-15.5750
18696,-0.0253,-0.1013,9.7873,-0.1995,-0.0641,-0.2666,22.8055,-14.8733,-15.5479
18704,-0.0128,-0.1275,9.7959,-0.2051,-0.0447,-0.1741,22.8272,-14.8985,-15.5185
18712,-0.0088,-0.1365,9.7983,-0.2610,-0.1007,-0.2536,22.8488,-14.9236,-15.4892
18720,0.0030,-0.1657,9.8213,-0.3065,-0.2184,-0.2337,22.8690,-14.9429,-15.4615
18728,-0.0095,-0.1415,9.8213,-0.3420,-0.2375,-0.2466,22.8890,-14.9607,-15.4395
18736,-0.0081,-0.1115,9.8221,-0.2747,-0.1998,-0.2323,22.9089,-14.9822,-15.4119
18744,0.0032,-0.0820,9.8142,-0.3542,-0.2011,-0.3652,22.9288,-15.0012,-15.3891
18752,-0.0007,-0.0840,9.8262,-0.2463,-0.2290,-0.4764,22.9485,-15.0202,-15.3664
18760,-0.0120,-0.0507,9.8206,-0.2285,-0.2237,-0.6360,22.9677,-15.0404,-15.3385
18768,-0.0304,-0.0512,9.8284,-0.2061,-0.3280,-0.6820,22.9868,-15.0606,-15.3108
18776,-0.0142,-0.1203,9.8354,-0.1926,-0.3317,-0.8593,23.0101,-15.0825,-15.2821
18784,-0.0019,-0.0986,9.8481,-0.1345,-0.2419,-0.9222,23.0333,-15.1044,-15.2536
18792,-0.0053,-0.1264,9.8541,-0.0735,-0.2520,-1.0410,23.0564,-15.1261,-15.2252
18800,-0.0116,-0.1205,9.8459,-0.0525,-0.2137,-1.1812,23.0737,-15.1454,-15.2015
18808,0.0055,-0.1057,9.8604,-0.1072,-0.1877,-1.1740,23.0919,-15.1646,-15.1770
18816,0.0037,-0.0940,9.8593,-0.1514,-0.2455,-1.0605,23.1067,-15.1852,-15.1469
18824,-0.0208,-0.0917,9.8502,-0.1564,-0.2661,-1.1333,23.1214,-15.2056,-15.1169
18832,-0.0229,-0.0787,9.8478,-0.0678,-0.2459,-1.1415,23.1374,-15.2264,-15.0908
18840,-0.0266,-0.1106,9.8484,-0.0977,-0.2185,-0.9867,23.1558,-15.2457,-15.0648
18848,-0.0267,-0.0871,9.8462,-0.1024,-0.1976,-0.9747,23.1755,-15.2601,-15.0412
18856,-0.0442,-0.0955,9.8301,-0.1042,-0.2897,-0.9099,23.1951,-15.2745,-15.0177
18864,-0.0554,-0.1117,9.8283,-0.0392,-0.2924,-0.8185,23.2146,-15.2889,-14.9942
18872,-0.0332,-0.1551,9.8376,0.0229,-0.3910,-0.8139,23.2269,-15.3078,-14.9709
18880,-0.0387,-0.1155,9.8246,0.0237,-0.4399,-0.6707,23.2392,-15.3267,-14.9476
18888,-0.0368,-0.0865,9.8260,-0.0343,-0.5000,-0.5605,23.2561,-15.3455,-14.9234
18896,-0.0478,-0.0685,9.8032,-0.0470,-0.4669,-0.5805,23.2725,-15.3676,-14.9007
18904,-0.0414,-0.0276,9.7802,-0.0752,-0.3952,-0.6476,23.2888,-15.3895,-14.8781
18912,-0.0488,-0.0375,9.7918,-0.0702,-0.3506,-0.7677,23.3027,-15.4090,-14.8499
18920,-0.0450,-0.0502,9.7850,-0.0174,-0.3586,-0.9573,23.3123,-15.4203,-14.8237
18928,-0.0156,0.0017,9.7842,-0.0335,-0.3023,-1.0319,23.3227,-15.4387,-14.7975
18936,-0.0141,0.0059,9.7891,-0.0197,-0.2058,-0.9379,23.3355,-15.4546,-14.7700
18944,-0.0223,-0.0204,9.8226,0.0150,-0.1481,-0.9706,23.3482,-15.4704,-14.7426
18952,-0.0064,-0.0451,9.8283,-0.0320,-0.1970,-0.9860,23.3570,-15.4928,-14.7172
18960,-0.0108,-0.0967,9.8203,-0.0581,-0.1905,-1.0300,23.3649,-15.5123,-14.6923
18968,-0.0020,-0.1360,9.8199,0.0315,-0.2295,-0.8214,23.3727,-15.5316,-14.6675
18976,0.0001,-0.1707,9.8186,0.0425,-0.2135,-0.8193,23.3804,-15.5509,-14.6428
18984,-0.0067,-0.1538,9.8351,0.0584,-0.1422,-0.7053,23.3929,-15.5687,-14.6196
18992,-0.0283,-0.2022,9.8410,0.1243,-0.2420,-0.6842,23.4053,-15.5864,-14.5965
19000,-0.0151,-0.2402,9.8518,0.1126,-0.1775,-0.6614,23.4148,-15.6083,-14.5748
19008,0.0041,-0.1957,9.8202,0.1307,-0.2651,-0.5543,23.4238,-15.6296,-14.5480
19016,-0.0026,-0.1395,9.7888,0.1561,-0.3222,-0.5665,23.4327,-15.6508,-14.5213
19024,0.0027,-0.1570,9.7695,0.1483,-0.2648,-0.3969,23.4439,-15.6696,-14.4985
19032,-0.0102,-0.1191,9.7716,0.1063,-0.2846,-0.2827,23.4556,-15.6854,-14.4715
19040,0.0022,-0.1025,9.7635,0.0367,-0.3835,-0.1708,23.4620,-15.7064,-14.4488
19048,-0.0121,-0.1149,9.7616,0.0368,-0.3901,-0.1624,23.4712,-15.7268,-14.4253
19056,-0.0109,-0.1233,9.7764,0.0876,-0.4231,-0.0665,23.4804,-15.7471,-14.4018
19064,-0.0066,-0.1378,9.7956,0.0322,-0.3426,-0.0520,23.4895,-15.7674,-14.3784
19072,-0.0101,-0.1031,9.7907,0.0886,-0.4150,-0.0009,23.4990,-15.7832,-14.3536
19080,-0.0168,-0.1327,9.8017,0.1531,-0.3615,0.0454,23.5085,-15.7991,-14.3289
19088,0.0031,-0.0784,9.8090,0.1775,-0.3744,0.1296,23.5118,-15.8167,-14.3025
19096,-0.0013,-0.0712,9.7909,0.1715,-0.3174,0.1035,23.5150,-15.8343,-14.2760
19104,-0.0011,-0.0041,9.7928,0.1524,-0.3642,0.1025,23.5183,-15.8517,-14.2497
19112,-0.0023,-0.0012,9.8060,0.0701,-0.3743,0.0962,23.5290,-15.8658,-14.2263
19120,-0.0112,-0.0920,9.8114,0.1061,-0.2640,0.2529,23.5346,-15.8841,-14.2025
19128,-0.0055,-0.0935,9.8109,0.0499,-0.2092,0.2507,23.5353,-15.8990,-14.1812
19136,-0.0058,-0.1094,9.8155,0.0362,-0.3540,0.2699,23.5360,-15.9139,-14.1599
19144,-0.0326,-0.1412,9.8123,0.0736,-0.3833,0.4456,23.5410,-15.9352,-14.1391
19152,-0.0435,-0.1467,9.8036,0.1175,-0.3339,0.4483,23.5422,-15.9513,-14.1151
19160,-0.0544,-0.1202,9.8020,0.1034,-0.3453,0.4163,23.5471,-15.9650,-14.0945
19168,-0.0528,-0.0571,9.7933,0.0580,-0.3856,0.4789,23.5520,-15.9786,-14.0740
19176,-0.0095,0.0173,9.8205,0.1025,-0.3707,0.6189,23.5568,-15.9921,-14.0535
19184,-0.0158,0.0050,9.8237,0.0065,-0.3139,0.8140,23.5522,-16.0094,-14.0297
19192,0.0172,-0.0682,9.8343,0.0106,-0.3422,0.8113,23.5476,-16.0266,-14.0061
19200,-0.0117,-0.0774,9.8334,-0.0548,-0.3319,0.9260,23.5500,-16.0437,-13.9849
19208,0.0104,-0.1277,9.8281,-0.0133,-0.3221,0.9930,23.5525,-16.0607,-13.9637
19216,-0.0079,-0.0953,9.8256,-0.0216,-0.3421,0.9451,23.5516,-16.0781,-13.9407
19224,0.0043,-0.1247,9.8146,-0.0029,-0.3638,1.0140,23.5497,-16.0955,-13.9164
19232,-0.0011,-0.1227,9.7956,-0.0544,-0.2913,1.1359,23.5445,-16.1119,-13.8936
19240,-0.0023,-0.0903,9.8062,-0.0449,-0.1712,1.1697,23.5422,-16.1286,-13.8689
19248,0.0035,-0.1011,9.8130,-0.0839,-0.1151,0.9488,23.5398,-16.1453,-13.8444
19256,-0.0073,-0.0826,9.7755,-0.0465,-0.1974,0.8708,23.5351,-16.1643,-13.8237
19264,-0.0143,-0.0112,9.7629,-0.0667,-0.2042,0.7243,23.5299,-16.1789,-13.7997
19272,-0.0111,-0.0755,9.7820,-0.0514,-0.2293,0.6108,23.5252,-16.1954,-13.7768
19280,-0.0173,-0.0563,9.7689,-0.0687,-0.2186,0.4916,23.5205,-16.2118,-13.7539
19288,-0.0078,-0.0603,9.7792,-0.0133,-0.2538,0.2870,23.5158,-16.2281,-13.7311
19296,-0.0120,-0.0270,9.7672,0.0397,-0.3114,0.3180,23.5082,-16.2448,-13.7098
19304,-0.0031,0.0149,9.7513,0.0584,-0.2758,0.2463,23.5007,-16.2615,-13.6886
19312,-0.0105,0.0402,9.7365,0.0682,-0.3191,0.1830,23.4969,-16.2800,-13.6684
19320,0.0001,0.0470,9.7568,0.0670,-0.4218,0.0079,23.4932,-16.2984,-13.6482
19328,0.0261,0.0473,9.7574,0.0578,-0.4054,-0.0049,23.4861,-16.3144,-13.6300
19336,0.0004,0.1246,9.7557,0.0330,-0.3604,-0.0385,23.4753,-16.3350,-13.6119
19344,0.0068,0.0728,9.7782,0.1213,-0.3547,-0.1053,23.4658,-16.3508,-13.5952
19352,-0.0047,0.0456,9.7791,0.1044,-0.4025,-0.4038,23.4536,-16.3685,-13.5758
19360,-0.0006,0.0014,9.7821,0.1656,-0.2963,-0.4999,23.4414,-16.3860,-13.5564
19368,0.0141,0.0211,9.8067,0.0668,-0.0800,-0.5359,23.4316,-16.3997,-13.5370
19376,0.0046,-0.0108,9.8017,0.0390,-0.0546,-0.6742,23.4218,-16.4134,-13.5178
19384,0.0165,-0.0059,9.8158,-0.0010,-0.0382,-0.7372,23.4083,-16.4293,-13.4995
19392,-0.0146,-0.0516,9.8035,0.1021,0.0201,-0.6801,23.3947,-16.4452,-13.4813
19400,-0.0059,-0.0738,9.8078,0.0994,0.0598,-0.7641,23.3813,-16.4610,-13.4632
19408,0.0016,-0.0834,9.8072,0.0088,0.0445,-0.7325,23.3702,-16.4791,-13.4403
19416,-0.0031,-0.1158,9.7930,0.0048,-0.0021,-0.7209,23.3558,-16.4962,-13.4223
19424,-0.0283,-0.1875,9.8052,0.0597,0.0626,-0.7419,23.3409,-16.5089,-13.4039
19432,-0.0383,-0.1211,9.7911,0.1042,0.0632,-0.7006,23.3299,-16.5235,-13.3836
19440,-0.0205,-0.1691,9.7976,0.0667,0.1304,-0.6771,23.3190,-16.5380,-13.3634
19448,-0.0203,-0.1555,9.7925,-0.0305,0.1253,-0.5772,23.3071,-16.5525,-13.3447
19456,-0.0361,-0.1820,9.7915,0.0046,0.0778,-0.5725,23.2966,-16.5697,-13.3336
19464,-0.0349,-0.1389,9.7897,0.0008,0.1150,-0.5279,23.2805,-16.5868,-13.3188
19472,-0.0347,-0.1742,9.8036,0.0025,0.1533,-0.6399,23.2663,-16.6072,-13.3040
19480,-0.0273,-0.1497,9.8061,0.0575,0.2005,-0.5471,23.2522,-16.6276,-13.2888
19488,-0.0196,-0.1576,9.8157,-0.0579,0.2244,-0.4530,23.2380,-16.6478,-13.2736
19496,-0.0150,-0.1232,9.8116,-0.0110,0.1379,-0.3469,23.2225,-16.6627,-13.2551
19504,-0.0044,-0.1478,9.8174,-0.0834,0.1432,-0.3336,23.2071,-16.6776,-13.2368
19512,0.0025,-0.1280,9.8173,-0.0114,0.1082,-0.4061,23.1917,-16.6924,-13.2184
19520,0.0036,-0.0883,9.8253,0.0309,0.1681,-0.4141,23.1734,-16.7066,-13.2006
19528,0.0006,-0.0870,9.8317,0.0339,0.0574,-0.3605,23.1576,-16.7222,-13.1839
19536,0.0097,-0.0543,9.8275,0.0235,0.0102,-0.3625,23.1447,-16.7368,-13.1681
19544,0.0079,-0.0298,9.8286,0.0989,-0.0403,-0.2951,23.1256,-16.7556,-13.1504
19552,0.0209,-0.0250,9.8165,0.0590,-0.0859,-0.4120,23.1066,-16.7743,-13.1328
19560,0.0176,-0.0338,9.8246,0.0448,-0.0895,-0.4091,23.0891,-16.7887,-13.1182
19568,0.0137,-0.0158,9.8206,-0.0194,-0.0956,-0.3984,23.0725,-16.8063,-13.1007
19576,0.0083,-0.0742,9.8433,0.0179,-0.0935,-0.4361,23.0560,-16.8238,-13.0833
19584,-0.0024,-0.0482,9.8284,0.0508,-0.0648,-0.4455,23.0386,-16.8441,-13.0678
19592,-0.0217,-0.0398,9.8208,0.0024,-0.0880,-0.4065,23.0213,-16.8643,-13.0524
19600,-0.0251,-0.0262,9.8213,-0.0040,-0.0142,-0.3452,23.0040,-16.8845,-13.0370
19608,-0.0186,-0.0358,9.8335,0.0273,-0.0076,-0.3372,22.9810,-16.9021,-13.0193
19616,-0.0040,-0.0131,9.8304,0.0732,-0.0573,-0.3322,22.9581,-16.9197,-13.0017
19624,-0.0213,0.0025,9.8395,0.0370,-0.2168,-0.3808,22.9401,-16.9372,-12.9817
19632,-0.0092,0.0225,9.8386,0.1145,-0.2760,-0.4326,22.9220,-16.9547,-12.9618
19640,-0.0047,0.0379,9.8310,0.0046,-0.2180,-0.5009,22.9036,-16.9749,-12.9481
19648,-0.0014,0.0728,9.8277,0.0061,-0.2825,-0.4327,22.8799,-16.9907,-12.9340
19656,-0.0017,0.0975,9.8302,0.0343,-0.3842,-0.4930,22.8592,-17.0108,-12.9171
19664,-0.0024,0.0907,9.8220,0.0425,-0.3267,-0.3665,22.8457,-17.0236,-12.9003
19672,-0.0021,0.0377,9.8128,0.0317,-0.3892,-0.4670,22.8321,-17.0364,-12.8835
19680,0.0136,0.0429,9.8103,0.1468,-0.4088,-0.4323,22.8087,-17.0496,-12.8710
19688,0.0356,0.0614,9.8127,0.0728,-0.4570,-0.4712,22.7853,-17.0627,-12.8586
19696,0.0427,0.0863,9.8166,0.0526,-0.5057,-0.4657,22.7672,-17.0824,-12.8429
19704,0.0455,0.1193,9.8129,0.0841,-0.4536,-0.4738,22.7492,-17.1020,-12.8272
19712,0.0294,0.1218,9.7949,0.1088,-0.5398,-0.4149,22.7312,-17.1215,-12.8116
19720,0.0280,0.1132,9.8001,0.1325,-0.4702,-0.4786,22.7085,-17.1376,-12.7951
19728,0.0131,0.0803,9.7916,0.1018,-0.4330,-0.5608,22.6864,-17.1504,-12.7791
19736,0.0046,0.0925,9.7652,0.1444,-0.3068,-0.5674,22.6638,-17.1673,-12.7627
19744,0.0011,0.1240,9.7777,0.1558,-0.3354,-0.6084,22.6413,-17.1842,-12.7463
19752,-0.0049,0.1588,9.7722,0.2361,-0.2401,-0.5702,22.6170,-17.2005,-12.7319
19760,-0.0162,0.1111,9.7736,0.2355,-0.2450,-0.7551,22.5956,-17.2172,-12.7156
19768,-0.0055,0.0584,9.8036,0.2270,-0.2790,-0.7612,22.5733,-17.2353,-12.7027
19776,0.0233,-0.0043,9.8089,0.1868,-0.2955,-0.7990,22.5482,-17.2513,-12.6870
19784,0.0216,0.0218,9.8063,0.2390,-0.2766,-0.7872,22.5232,-17.2674,-12.6714
19792,0.0041,0.0099,9.7886,0.2730,-0.2932,-0.8559,22.4988,-17.2805,-12.6553
19800,0.0078,-0.0755,9.7952,0.2948,-0.3464,-0.8176,22.4744,-17.2935,-12.6393
19808,0.0121,-0.0791,9.7931,0.2836,-0.3386,-0.8263,22.4453,-17.3112,-12.6257
19816,0.0197,-0.1178,9.8062,0.2943,-0.3739,-0.8053,22.4164,-17.3289,-12.6121
19824,0.0047,-0.1401,9.8012,0.2832,-0.2075,-0.7719,22.3875,-17.3464,-12.5986
19832,0.0079,-0.1197,9.8240,0.2459,-0.1525,-0.7346,22.3629,-17.3606,-12.5856
19840,0.0373,-0.0621,9.8123,0.1942,-0.1159,-0.7389,22.3366,-17.3766,-12.5745
19848,0.0342,-0.0778,9.8194,0.1555,-0.1048,-0.5884,22.3122,-17.3958,-12.5592
19856,0.0192,-0.0871,9.8437,0.2704,-0.0703,-0.4872,22.2879,-17.4150,-12.5440
19864,0.0415,-0.1187,9.8378,0.2737,-0.0506,-0.4303,22.2650,-17.4308,-12.5293
19872,0.0531,-0.1340,9.8334,0.2395,-0.0771,-0.4000,22.2366,-17.4479,-12.5160
19880,0.0595,-0.1548,9.8340,0.1934,-0.0784,-0.4003,22.2101,-17.4606,-12.5047
19888,0.0598,-0.1280,9.8314,0.2320,-0.0770,-0.2646,22.1837,-17.4733,-12.4934
19896,0.0583,-0.0956,9.8326,0.3116,-0.1370,-0.2948,22.1574,-17.4860,-12.4822
19904,0.0551,-0.1104,9.8201,0.4117,-0.0770,-0.1024,22.1274,-17.4995,-12.4719
19912,0.0444,-0.0610,9.8211,0.3315,-0.0330,-0.1797,22.0974,-17.5130,-12.4616
19920,0.0325,-0.0613,9.8178,0.3214,-0.0363,-0.1790,22.0652,-17.5302,-12.4481
19928,0.0427,-0.0476,9.8258,0.3491,-0.0821,-0.1036,22.0331,-17.5473,-12.4347
19936,0.0478,-0.0879,9.8153,0.3329,-0.0005,-0.0662,22.0011,-17.5643,-12.4212
19944,0.0505,-0.0930,9.8135,0.3201,0.0321,-0.0571,21.9729,-17.5851,-12.4064
19952,0.0472,-0.1491,9.7960,0.3425,-0.0113,-0.1284,21.9434,-17.6010,-12.3907
19960,0.0382,-0.1543,9.8024,0.2759,-0.1169,-0.1432,21.9159,-17.6158,-12.3746
19968,0.0396,-0.1544,9.8009,0.2069,-0.0578,-0.1574,21.8904,-17.6325,-12.3646
19976,0.0454,-0.1381,9.8042,0.1490,-0.1053,-0.1870,21.8650,-17.6491,-12.3547
19984,0.0266,-0.0606,9.7953,0.3042,-0.0094,-0.1273,21.8334,-17.6657,-12.3415
19992,0.0259,-0.0382,9.7972,0.2473,-0.0377,-0.1875,21.8029,-17.6778,-12.3298
20000,-0.0034,0.0012,9.8049,0.2596,-0.1154,-0.1785,21.7725,-17.6900,-12.3181
20008,-0.0148,-0.0247,9.8087,0.1966,-0.0830,-0.2845,21.7422,-17.7020,-12.3065
20016,-0.0138,-0.0126,9.7952,0.2085,-0.1188,-0.3351,21.7177,-17.7178,-12.2949
20024,-0.0097,0.0412,9.7944,0.2064,-0.0996,-0.3943,21.6932,-17.7334,-12.2833
20032,-0.0174,0.0106,9.7997,0.1485,-0.0600,-0.4535,21.6636,-17.7486,-12.2704
20040,-0.0312,0.0080,9.7852,0.1304,-0.0460,-0.4808,21.6369,-17.7650,-12.2589
20048,-0.0209,-0.0135,9.7631,0.1051,-0.0914,-0.5202,21.6104,-17.7814,-12.2474
20056,-0.0097,-0.0257,9.7676,0.0463,-0.1108,-0.4273,21.5763,-17.7987,-12.2355
20064,-0.0156,-0.0285,9.7718,0.0166,-0.0920,-0.4451,21.5442,-17.8149,-12.2217
20072,-0.0164,-0.0196,9.7719,0.0763,-0.0713,-0.3927,21.5160,-17.8296,-12.2099
20080,-0.0188,-0.0239,9.7897,0.0374,-0.0996,-0.3080,21.4845,-17.8453,-12.1996
20088,-0.0229,-0.0588,9.7990,0.0455,-0.1452,-0.3230,21.4532,-17.8608,-12.1892
20096,-0.0043,-0.0006,9.8038,0.0239,-0.2156,-0.3000,21.4205,-17.8776,-12.1752
20104,0.0080,-0.0286,9.8113,0.0353,-0.2962,-0.2327,21.3874,-17.8949,-12.1630
20112,0.0141,-0.0061,9.8268,-0.0285,-0.3146,-0.2190,21.3545,-17.9121,-12.1509
20120,0.0128,0.0079,9.8057,-0.0415,-0.2255,-0.1232,21.3193,-17.9306,-12.1398
20128,0.0094,0.0179,9.8162,-0.0886,-0.2417,-0.1463,21.2842,-17.9490,-12.1287
20136,0.0017,-0.0756,9.8262,-0.0430,-0.1532,-0.0963,21.2492,-17.9674,-12.1177
20144,-0.0134,-0.0769,9.8334,-0.0020,-0.1672,-0.0086,21.2171,-17.9838,-12.1095
20152,-0.0167,-0.0402,9.8108,-0.0722,-0.1672,0.2486,21.1847,-17.9968,-12.0999
20160,-0.0155,-0.0548,9.8340,-0.2033,-0.1140,0.3586,21.1537,-18.0097,-12.0889
20168,-0.0099,-0.0485,9.8596,-0.2780,-0.1270,0.4932,21.1229,-18.0225,-12.0780
20176,-0.0134,0.0119,9.8327,-0.2881,-0.1635,0.5551,21.0884,-18.0344,-12.0638
20184,-0.0208,-0.0127,9.8310,-0.2417,-0.1077,0.6357,21.0530,-18.0495,-12.0473
20192,-0.0110,-0.0263,9.8382,-0.2721,-0.0837,0.7181,21.0206,-18.0640,-12.0351
20200,0.0097,-0.0040,9.8470,-0.3384,-0.0687,0.7462,20.9883,-18.0785,-12.0229
20208,-0.0085,0.0066,9.8463,-0.3405,-0.1024,0.8478,20.9561,-18.0929,-12.0108
20216,-0.0122,0.0107,9.8412,-0.3292,-0.0893,0.7156,20.9240,-18.1034,-11.9949
20224,-0.0064,-0.0347,9.8410,-0.2758,-0.1621,0.6132,20.8920,-18.1139,-11.9790
20232,-0.0094,-0.0676,9.8249,-0.2113,-0.0771,0.5419,20.8567,-18.1272,-11.9703
20240,-0.0071,-0.1238,9.8327,-0.2403,-0.1557,0.4924,20.8216,-18.1404,-11.9617
20248,-0.0100,-0.0900,9.8325,-0.2387,-0.1643,0.3731,20.7880,-18.1564,-11.9469
20256,-0.0227,-0.1044,9.8154,-0.2052,-0.1831,0.4350,20.7512,-18.1700,-11.9341
20264,-0.0355,-0.0720,9.8122,-0.2878,-0.1585,0.3661,20.7163,-18.1853,-11.9222
20272,-0.0458,-0.0458,9.8053,-0.2815,-0.1243,0.2817,20.6892,-18.1997,-11.9075
20280,-0.0464,-0.0408,9.8045,-0.4007,-0.1982,0.1129,20.6622,-18.2140,-11.8929
20288,-0.0560,-0.0499,9.8110,-0.3361,-0.3116,0.0395,20.6234,-18.2320,-11.8783
20296,-0.0379,-0.0422,9.8133,-0.3650,-0.2706,-0.1374,20.5833,-18.2500,-11.8638
20304,-0.0297,-0.0712,9.8126,-0.3313,-0.2208,-0.2345,20.5447,-18.2631,-11.8503
20312,-0.0355,-0.0109,9.8070,-0.2724,-0.3145,-0.3594,20.5062,-18.2761,-11.8368
20320,-0.0416,-0.0234,9.8137,-0.2294,-0.2975,-0.5188,20.4679,-18.2891,-11.8234
20328,-0.0290,-0.0141,9.8016,-0.2123,-0.2332,-0.6899,20.4306,-18.3068,-11.8109
20336,-0.0275,0.0216,9.8002,-0.2519,-0.2544,-0.7682,20.3935,-18.3244,-11.7985
20344,-0.0376,0.0321,9.7812,-0.2338,-0.2746,-0.8030,20.3584,-18.3376,-11.7856
20352,-0.0486,0.0502,9.7991,-0.2245,-0.2940,-0.8764,20.3233,-18.3508,-11.7728
20360,-0.0389,0.0137,9.8002,-0.2876,-0.3525,-0.8745,20.2879,-18.3682,-11.7629
20368,-0.0515,0.0081,9.7949,-0.2920,-0.3018,-0.9101,20.2522,-18.3897,-11.7539
20376,-0.0498,0.0239,9.8028,-0.2295,-0.3039,-0.9547,20.2132,-18.4069,-11.7417
20384,-0.0368,0.0114,9.8017,-0.2950,-0.2633,-0.9681,20.1762,-18.4211,-11.7290
20392,-0.0259,-0.0072,9.7917,-0.3390,-0.2912,-0.9569,20.1394,-18.4353,-11.7164
20400,-0.0421,0.0401,9.7876,-0.3305,-0.2645,-1.0022,20.1017,-18.4517,-11.7038
20408,-0.0417,-0.0446,9.7889,-0.2903,-0.2443,-0.9708,20.0641,-18.4680,-11.6912
20416,-0.0190,0.0278,9.7983,-0.3505,-0.2250,-0.9808,20.0272,-18.4885,-11.6773
20424,-0.0299,-0.0066,9.7977,-0.2854,-0.2225,-1.0011,19.9903,-18.5090,-11.6634
20432,-0.0275,-0.0016,9.7853,-0.2232,-0.1908,-1.0604,19.9536,-18.5293,-11.6496
20440,-0.0134,0.0060,9.8000,-0.1050,-0.1632,-1.1465,19.9145,-18.5447,-11.6391
20448,-0.0299,-0.0153,9.8093,-0.1467,-0.0861,-1.2768,19.8761,-18.5639,-11.6282
20456,-0.0256,-0.0122,9.8067,-0.1492,-0.0577,-1.1748,19.8341,-18.5791,-11.6130
20464,-0.0477,-0.0359,9.8053,-0.1089,-0.0812,-1.0639,19.7878,-18.5958,-11.5984
20472,-0.0568,-0.0706,9.7794,-0.1424,-0.0397,-0.9685,19.7418,-18.6123,-11.5838
20480,-0.0554,-0.0358,9.7724,-0.1211,-0.0080,-0.8293,19.7011,-18.6282,-11.5735
20488,-0.0469,-0.0541,9.7751,-0.1754,0.0223,-0.7255,19.6628,-18.6432,-11.5609
20496,-0.0520,-0.0278,9.7735,-0.1846,0.0033,-0.6369,19.6238,-18.6589,-11.5459
20504,-0.0433,-0.0468,9.7807,-0.2041,0.0358,-0.6588,19.5777,-18.6746,-11.5310
20512,-0.0364,-0.0503,9.7877,-0.1881,0.0776,-0.5545,19.5318,-18.6903,-11.5219
20520,-0.0507,-0.0171,9.7972,-0.2422,0.0695,-0.5267,19.4861,-18.7058,-11.5127
20528,-0.0467,-0.0699,9.7949,-0.2458,-0.0316,-0.4388,19.4485,-18.7203,-11.5012
20536,-0.0227,-0.0243,9.8110,-0.2147,0.1197,-0.3281,19.4111,-18.7347,-11.4898
20544,-0.0182,-0.0018,9.8083,-0.1689,0.1365,-0.2248,19.3738,-18.7490,-11.4784
20552,0.0032,0.0150,9.7989,-0.1491,0.1258,-0.1875,19.3332,-18.7657,-11.4708
20560,0.0111,0.0370,9.8110,-0.1221,0.1396,-0.0077,19.2928,-18.7822,-11.4562
20568,0.0174,0.0424,9.8137,-0.0617,0.1021,-0.0012,19.2483,-18.7977,-11.4491
20576,0.0217,0.0422,9.8012,-0.0573,0.0930,0.1437,19.2044,-18.8164,-11.4359
20584,0.0170,0.0566,9.7825,-0.0823,0.0949,0.1703,19.1606,-18.8351,-11.4228
20592,0.0273,0.0442,9.7716,-0.0103,0.1580,0.2731,19.1160,-18.8489,-11.4107
20600,0.0188,-0.0022,9.7803,0.0639,0.1731,0.2380,19.0739,-18.8636,-11.3962
20608,0.0016,-0.0309,9.7842,0.0228,0.1261,0.3271,19.0319,-18.8782,-11.3818
20616,0.0065,-0.0560,9.7890,0.0609,0.1132,0.2763,18.9839,-18.8918,-11.3731
20624,0.0009,-0.0095,9.8016,0.0573,0.1036,0.3931,18.9360,-18.9053,-11.3644
20632,-0.0046,-0.0512,9.8097,-0.0074,0.1690,0.5048,18.8883,-18.9188,-11.3558
20640,-0.0041,-0.0543,9.8217,-0.0080,0.2743,0.5823,18.8422,-18.9331,-11.3462
20648,0.0082,-0.1232,9.8138,-0.0459,0.3162,0.4750,18.7995,-18.9488,-11.3343
20656,0.0029,-0.1030,9.8067,-0.1808,0.2604,0.3938,18.7594,-18.9653,-11.3248
20664,-0.0014,-0.0028,9.7967,-0.1419,0.2363,0.3347,18.7193,-18.9817,-11.3153
20672,-0.0076,-0.0137,9.7916,-0.1072,0.1679,0.2010,18.6732,-18.9953,-11.3007
20680,0.0032,0.0101,9.7953,-0.1248,0.1559,0.2171,18.6278,-19.0106,-11.2866
20688,0.0106,-0.0002,9.7927,-0.1043,0.2003,0.2004,18.5810,-19.0283,-11.2749
20696,0.0142,-0.0278,9.7858,-0.0660,0.1655,0.1632,18.5373,-19.0477,-11.2603
20704,0.0025,-0.0267,9.7772,-0.1067,0.2229,0.1009,18.4937,-19.0670,-11.2459
20712,-0.0000,0.0234,9.7663,-0.1163,0.2538,0.1747,18.4459,-19.0811,-11.2362
20720,0.0251,-0.0101,9.7820,-0.1388,0.2807,0.1626,18.3983,-19.0951,-11.2265
20728,0.0392,0.0512,9.7984,-0.1229,0.2264,0.1377,18.3532,-19.1141,-11.2169
20736,0.0396,-0.0181,9.8010,-0.1478,0.1958,0.0446,18.3083,-19.1332,-11.2073
20744,0.0491,0.0430,9.8037,-0.1343,0.1292,-0.1165,18.2635,-19.1521,-11.1977
20752,0.0322,0.0351,9.7971,-0.1293,0.1268,-0.2465,18.2179,-19.1642,-11.1853
20760,0.0487,0.0146,9.7943,-0.1459,0.1859,-0.2376,18.1734,-19.1801,-11.1758
20768,0.0373,0.0066,9.8059,-0.2445,0.0878,-0.2610,18.1280,-19.1993,-11.1621
20776,0.0183,-0.0079,9.8010,-0.2587,0.0765,-0.2967,18.0828,-19.2183,-11.1484
20784,0.0216,-0.0051,9.7974,-0.2590,0.0765,-0.3308,18.0373,-19.2368,-11.1376
20792,0.0069,-0.0026,9.7813,-0.2699,0.1591,-0.3795,17.9924,-19.2509,-11.1254
20800,0.0099,-0.0281,9.7933,-0.2697,0.1075,-0.3594,17.9453,-19.2682,-11.1109
20808,0.0108,-0.0567,9.8073,-0.2081,-0.0086,-0.3241,17.8983,-19.2855,-11.0964
20816,0.0021,-0.0501,9.8217,-0.1493,-0.0236,-0.4451,17.8515,-19.3027,-11.0820
20824,0.0092,-0.0238,9.8193,-0.1170,-0.0726,-0.4167,17.8043,-19.3155,-11.0681
20832,-0.0007,0.0061,9.8195,-0.0648,-0.1435,-0.5310,17.7573,-19.3283,-11.0542
20840,-0.0124,-0.0144,9.8041,-0.1189,-0.1179,-0.6109,17.7118,-19.3462,-11.0452
20848,-0.0057,0.0223,9.8143,-0.1173,-0.1681,-0.6606,17.6665,-19.3640,-11.0361
20856,0.0031,0.0450,9.8040,-0.0864,-0.1948,-0.7482,17.6204,-19.3774,-11.0275
20864,-0.0136,0.0072,9.8033,-0.0862,-0.2310,-0.6906,17.5735,-19.3932,-11.0166
20872,-0.0218,0.0004,9.8067,-0.0860,-0.1482,-0.6889,17.5253,-19.4122,-11.0010
20880,-0.0288,0.0142,9.8053,-0.0752,-0.0531,-0.6845,17.4815,-19.4282,-10.9898
20888,-0.0132,0.0049,9.8049,-0.0168,-0.0822,-0.7071,17.4378,-19.4442,-10.9785
20896,-0.0015,0.0748,9.8169,0.0070,-0.1313,-0.5819,17.3962,-19.4596,-10.9668
20904,-0.0026,0.1120,9.8100,0.0244,-0.1196,-0.5450,17.3452,-19.4749,-10.9571
20912,-0.0051,0.1052,9.7896,0.0251,-0.0764,-0.5869,17.2963,-19.4882,-10.9459
20920,-0.0064,0.1273,9.7743,-0.0036,-0.0137,-0.5311,17.2476,-19.5015,-10.9348
20928,-0.0148,0.1856,9.7791,-0.0497,-0.0765,-0.5176,17.1990,-19.5147,-10.9237
20936,-0.0284,0.1959,9.7822,-0.0937,-0.0405,-0.2915,17.1515,-19.5325,-10.9193
20944,-0.0161,0.1584,9.8122,-0.0159,-0.0168,-0.1978,17.1041,-19.5503,-10.9149
20952,-0.0186,0.1380,9.8199,0.0292,0.0299,-0.0790,17.0522,-19.5642,-10.9039
20960,-0.0200,0.1406,9.8176,0.0990,0.1199,-0.0267,17.0028,-19.5756,-10.8906
20968,-0.0153,0.2126,9.8129,0.0324,0.1260,0.1300,16.9535,-19.5870,-10.8773
20976,-0.0060,0.1990,9.7963,0.0968,0.1157,0.1225,16.9106,-19.6021,-10.8664
20984,-0.0009,0.1643,9.7959,0.0676,0.0180,0.1261,16.8663,-19.6185,-10.8564
20992,-0.0176,0.2386,9.8096,0.0557,0.1165,0.0867,16.8194,-19.6330,-10.8437
21000,-0.0081,0.1806,9.8148,0.0470,0.1200,0.1078,16.7702,-19.6460,-10.8310
21008,-0.0164,0.2233,9.8117,-0.0893,0.2941,0.0346,16.7212,-19.6589,-10.8184
21016,0.0066,0.1964,9.8216,-0.0516,0.2792,0.1247,16.6724,-19.6717,-10.8058
21024,0.0183,0.1834,9.8047,-0.0050,0.2543,0.1094,16.6208,-19.6849,-10.7961
21032,0.0139,0.1516,9.8157,0.0237,0.2411,0.1348,16.5695,-19.6981,-10.7864
21040,0.0081,0.1232,9.8075,-0.0129,0.2125,0.0685,16.5182,-19.7112,-10.7767
21048,0.0192,0.0707,9.8156,0.0214,0.2252,0.0557,16.4733,-19.7261,-10.7642
21056,0.0320,0.0638,9.8220,0.0035,0.1120,-0.0072,16.4253,-19.7376,-10.7532
21064,0.0381,0.0023,9.8264,0.0184,0.2091,-0.1047,16.3750,-19.7538,-10.7385
21072,0.0500,0.0151,9.8491,-0.0526,0.1152,-0.1446,16.3248,-19.7662,-10.7237
21080,0.0653,0.0048,9.8450,-0.0272,0.0015,-0.1054,16.2749,-19.7784,-10.7091
21088,0.0619,-0.0233,9.8409,0.0157,0.0154,-0.0706,16.2293,-19.7939,-10.6987
21096,0.0579,-0.0700,9.8353,-0.0126,0.0847,-0.0693,16.1796,-19.8051,-10.6879
21104,0.0524,-0.1288,9.8375,0.0137,-0.0251,-0.0627,16.1325,-19.8219,-10.6748
21112,0.0402,-0.0516,9.8314,-0.0171,-0.0473,-0.2991,16.0836,-19.8344,-10.6645
21120,0.0446,-0.0529,9.8331,0.0227,-0.1140,-0.3518,16.0348,-19.8468,-10.6543
21128,0.0500,-0.0030,9.8300,-0.0405,-0.0310,-0.4182,15.9862,-19.8591,-10.6441
21136,0.0571,-0.0275,9.8414,-0.0397,0.0430,-0.4044,15.9354,-19.8680,-10.6292
21144,0.0481,-0.0511,9.8426,-0.0629,-0.0783,-0.4019,15.8847,-19.8769,-10.6143
21152,0.0440,-0.0866,9.8346,-0.1010,-0.1462,-0.3861,15.8304,-19.8948,-10.6038
21160,0.0517,-0.1442,9.8269,0.0278,-0.1019,-0.4297,15.7763,-19.9125,-10.5933
21168,0.0414,-0.1134,9.8044,0.0550,0.0072,-0.3887,15.7252,-19.9259,-10.5786
21176,0.0489,-0.1657,9.8110,-0.0043,0.0049,-0.3921,15.6776,-19.9430,-10.5606
21184,0.0256,-0.2299,9.8256,-0.0317,0.0533,-0.3128,15.6254,-19.9577,-10.5483
21192,0.0059,-0.1855,9.8296,-0.0179,0.0436,-0.4129,15.5800,-19.9727,-10.5356
21200,0.0291,-0.1736,9.8256,-0.0741,0.0317,-0.3620,15.5347,-19.9877,-10.5229
21208,0.0373,-0.1660,9.8237,-0.0718,0.0442,-0.2893,15.4848,-20.0035,-10.5103
21216,0.0315,-0.1263,9.8330,-0.1602,0.0936,-0.2864,15.4351,-20.0193,-10.4977
21224,0.0354,-0.1642,9.8459,-0.1248,0.0661,-0.1290,15.3855,-20.0326,-10.4852
21232,0.0462,-0.2267,9.8458,-0.1096,0.0852,-0.2132,15.3361,-20.0459,-10.4727
21240,0.0250,-0.2231,9.8516,-0.1030,0.1621,-0.1683,15.2869,-20.0591,-10.4602
21248,0.0391,-0.1675,9.8778,-0.2381,0.0143,-0.0961,15.2316,-20.0717,-10.4483
21256,0.0208,-0.1814,9.8714,-0.1540,-0.1190,0.0236,15.1794,-20.0814,-10.4359
21264,0.0194,-0.1731,9.8593,-0.1721,-0.1558,-0.0352,15.1311,-20.0925,-10.4250
21272,0.0103,-0.1682,9.8533,-0.1389,-0.2017,-0.0221,15.0829,-20.1035,-10.4141
21280,0.0239,-0.1762,9.8489,-0.0857,-0.1149,-0.1109,15.0297,-20.1155,-10.4051
21288,0.0030,-0.2034,9.8430,-0.0322,-0.1119,-0.0466,14.9791,-20.1283,-10.3881
21296,0.0110,-0.1829,9.8345,-0.0051,-0.1997,-0.1290,14.9300,-20.1424,-10.3745
21304,0.0104,-0.1462,9.8322,0.0129,-0.2570,-0.1385,14.8811,-20.1541,-10.3576
21312,0.0054,-0.1198,9.8270,0.0034,-0.2798,-0.1875,14.8323,-20.1658,-10.3408
21320,0.0095,-0.1141,9.8196,0.0050,-0.2536,-0.2185,14.7813,-20.1759,-10.3264
21328,0.0246,-0.0843,9.8087,-0.0121,-0.2766,-0.3787,14.7305,-20.1860,-10.3120
21336,0.0259,-0.1034,9.8089,0.0462,-0.2905,-0.5799,14.6827,-20.1932,-10.2925
21344,0.0340,-0.0938,9.8123,0.0325,-0.2878,-0.7830,14.6350,-20.2004,-10.2730
21352,0.0326,-0.0792,9.8054,-0.0471,-0.3386,-0.9079,14.5875,-20.2075,-10.2536
21360,0.0387,-0.0797,9.7959,-0.0753,-0.3152,-0.9207,14.5401,-20.2169,-10.2433
21368,0.0300,-0.0395,9.7918,-0.1663,-0.2874,-0.9862,14.4886,-20.2268,-10.2277
21376,0.0354,-0.0419,9.7969,-0.1279,-0.1756,-0.8862,14.4392,-20.2399,-10.2132
21384,0.0289,-0.0487,9.7991,-0.1153,-0.1753,-0.9719,14.3899,-20.2529,-10.1987
21392,0.0248,-0.0429,9.8062,-0.1565,-0.1830,-0.8592,14.3407,-20.2631,-10.1876
21400,0.0139,0.0242,9.7934,-0.2625,-0.0837,-0.8741,14.2885,-20.2746,-10.1751
21408,0.0117,0.0353,9.8005,-0.2146,-0.0180,-0.8963,14.2378,-20.2841,-10.1622
21416,0.0043,0.0258,9.8061,-0.2355,-0.1446,-0.8376,14.1872,-20.2936,-10.1493
21424,0.0003,0.0035,9.8084,-0.1835,-0.2177,-0.7174,14.1368,-20.3031,-10.1364
21432,0.0048,0.0143,9.8054,-0.1524,-0.2955,-0.7732,14.0890,-20.3125,-10.1236
21440,0.0149,-0.0110,9.8055,-0.0906,-0.3139,-0.7652,14.0413,-20.3218,-10.1108
21448,0.0267,0.0144,9.8028,-0.1782,-0.2329,-0.7842,13.9928,-20.3264,-10.0995
21456,0.0306,0.0493,9.8100,-0.2327,-0.2594,-0.7623,13.9444,-20.3309,-10.0882
21464,0.0246,0.0626,9.8051,-0.2181,-0.1808,-0.8695,13.8962,-20.3354,-10.0769
21472,0.0387,0.0732,9.8134,-0.2308,-0.1269,-0.9426,13.8458,-20.3469,-10.0667
21480,0.0268,0.0574,9.7799,-0.1897,-0.1687,-1.0071,13.7955,-20.3584,-10.0508
21488,0.0394,0.0599,9.7974,-0.1983,-0.1314,-0.9969,13.7435,-20.3670,-10.0387
21496,0.0525,0.0548,9.8051,-0.2039,-0.1597,-1.0324,13.6969,-20.3760,-10.0262
21504,0.0398,0.0817,9.8057,-0.1985,-0.0854,-1.0451,13.6504,-20.3850,-10.0137
21512,0.0274,0.1261,9.7920,-0.1908,-0.2410,-1.0705,13.6017,-20.3963,-10.0036
21520,0.0203,0.1653,9.7957,-0.2047,-0.3099,-1.0735,13.5508,-20.4028,-9.9912
21528,0.0271,0.1626,9.8062,-0.1353,-0.3650,-1.0443,13.5001,-20.4092,-9.9789
21536,0.0346,0.1919,9.8213,-0.1330,-0.3937,-0.9738,13.4490,-20.4223,-9.9666
21544,0.0477,0.1876,9.8011,-0.1121,-0.4452,-0.7490,13.3981,-20.4353,-9.9538
21552,0.0483,0.1877,9.8221,-0.0628,-0.3505,-0.6487,13.3473,-20.4482,-9.9411
21560,0.0510,0.2110,9.8352,0.0377,-0.3612,-0.6781,13.2939,-20.4582,-9.9279
21568,0.0571,0.1925,9.8374,0.0618,-0.2727,-0.6769,13.2402,-20.4673,-9.9162
21576,0.0563,0.1649,9.8527,0.0555,-0.2575,-0.5985,13.1866,-20.4763,-9.9046
21584,0.0647,0.1134,9.8674,0.0628,-0.2510,-0.5554,13.1356,-20.4904,-9.8920
21592,0.0504,0.0742,9.8561,0.0672,-0.3460,-0.3836,13.0847,-20.5021,-9.8819
21600,0.0579,0.0623,9.8582,0.0260,-0.2742,-0.1766,13.0330,-20.5095,-9.8665
21608,0.0607,0.0999,9.8510,0.0213,-0.3043,-0.2187,12.9877,-20.5169,-9.8503
21616,0.0640,0.1024,9.8476,-0.0339,-0.2770,-0.2403,12.9425,-20.5242,-9.8341
21624,0.0462,0.1339,9.8323,-0.0920,-0.2936,-0.1756,12.8922,-20.5319,-9.8218
21632,0.0445,0.1273,9.8357,-0.1103,-0.3041,-0.2337,12.8431,-20.5420,-9.8071
21640,0.0486,0.1208,9.8443,-0.1170,-0.2849,-0.2466,12.7941,-20.5520,-9.7925
21648,0.0372,0.1237,9.8452,-0.1795,-0.2958,-0.1576,12.7452,-20.5606,-9.7812
21656,0.0441,0.1222,9.8543,-0.2179,-0.2795,-0.2272,12.6965,-20.5691,-9.7700
21664,0.0509,0.1012,9.8501,-0.2119,-0.2507,-0.2644,12.6480,-20.5775,-9.7588
21672,0.0552,0.1123,9.8496,-0.2623,-0.2951,-0.2626,12.5977,-20.5954,-9.7415
21680,0.0509,0.1177,9.8418,-0.2090,-0.3695,-0.2076,12.5490,-20.6080,-9.7290
21688,0.0712,0.0995,9.8539,-0.3315,-0.4834,-0.2110,12.4990,-20.6148,-9.7132
21696,0.0699,0.0989,9.8412,-0.2539,-0.4670,-0.2142,12.4492,-20.6216,-9.6974
21704,0.0574,0.0628,9.8456,-0.2384,-0.4513,-0.2866,12.3972,-20.6292,-9.6827
21712,0.0661,0.0488,9.8414,-0.2289,-0.4976,-0.2892,12.3463,-20.6401,-9.6699
21720,0.0567,0.0285,9.8280,-0.1905,-0.5072,-0.3077,12.2983,-20.6453,-9.6528
21728,0.0623,0.0292,9.8396,-0.1697,-0.4684,-0.1227,12.2506,-20.6504,-9.6359
21736,0.0418,0.0298,9.8323,-0.2699,-0.5432,-0.0685,12.2030,-20.6555,-9.6189
21744,0.0866,-0.0166,9.8394,-0.2670,-0.5428,-0.1633,12.1517,-20.6652,-9.6068
21752,0.0917,-0.0098,9.8312,-0.2109,-0.4811,-0.2299,12.1006,-20.6749,-9.5947
21760,0.0957,0.0151,9.8298,-0.2639,-0.4888,-0.1417,12.0530,-20.6826,-9.5784
21768,0.0981,-0.0504,9.8576,-0.2987,-0.4241,-0.1160,12.0055,-20.6903,-9.5621
21776,0.0847,-0.0436,9.8404,-0.2998,-0.5623,0.0366,11.9535,-20.6979,-9.5483
21784,0.0840,-0.0583,9.8221,-0.3570,-0.5931,0.0866,11.9021,-20.7074,-9.5340
21792,0.0856,-0.0881,9.8242,-0.3876,-0.5185,0.2330,11.8513,-20.7101,-9.5235
21800,0.0912,-0.1624,9.8321,-0.2863,-0.5725,0.4370,11.8006,-20.7167,-9.5112
21808,0.0962,-0.1431,9.8173,-0.2373,-0.5202,0.6374,11.7502,-20.7231,-9.4990
21816,0.0989,-0.1015,9.8158,-0.2412,-0.5155,0.8451,11.7046,-20.7305,-9.4853
21824,0.0850,-0.0780,9.8094,-0.2502,-0.5270,0.9157,11.6545,-20.7354,-9.4774
21832,0.0774,-0.0785,9.8173,-0.1842,-0.5406,1.0818,11.6049,-20.7422,-9.4624
21840,0.0615,-0.0449,9.8153,-0.2571,-0.5430,1.2034,11.5556,-20.7490,-9.4474
21848,0.0470,-0.0778,9.8035,-0.2654,-0.5106,1.3543,11.5063,-20.7557,-9.4325
21856,0.0362,-0.0765,9.7992,-0.1881,-0.5570,1.4746,11.4530,-20.7590,-9.4196
21864,0.0319,-0.0417,9.8049,-0.1621,-0.5720,1.5816,11.3999,-20.7623,-9.4066
21872,0.0075,0.0080,9.8196,-0.2146,-0.5304,1.6093,11.3483,-20.7646,-9.3947
21880,-0.0168,0.0202,9.8074,-0.1501,-0.5332,1.6598,11.2969,-20.7668,-9.3828
21888,-0.0179,-0.0197,9.8123,-0.1338,-0.4372,1.6014,11.2475,-20.7757,-9.3681
21896,-0.0016,-0.0523,9.8072,-0.1342,-0.3855,1.7723,11.1988,-20.7817,-9.3515
21904,0.0013,-0.0407,9.8212,-0.1613,-0.4267,1.7570,11.1450,-20.7881,-9.3402
21912,0.0026,-0.0439,9.8202,-0.2165,-0.4794,1.7103,11.0966,-20.7939,-9.3261
21920,0.0120,-0.0131,9.8107,-0.1226,-0.5004,1.6604,11.0484,-20.7998,-9.3121
21928,0.0177,-0.0185,9.8148,-0.0355,-0.5419,1.7460,10.9965,-20.8060,-9.2962
21936,0.0120,-0.0520,9.8190,0.0638,-0.5229,1.8225,10.9448,-20.8123,-9.2803
21944,0.0273,-0.0218,9.8141,0.0228,-0.5101,1.8130,10.8899,-20.8165,-9.2617
21952,0.0243,-0.0227,9.8020,-0.0245,-0.5698,1.8892,10.8352,-20.8208,-9.2431
21960,0.0220,-0.0012,9.8138,-0.0777,-0.6376,1.8848,10.7807,-20.8250,-9.2246
21968,0.0159,-0.0173,9.8272,-0.1659,-0.4998,1.9046,10.7296,-20.8239,-9.2066
21976,0.0213,-0.0300,9.8183,-0.1969,-0.4613,1.7848,10.6773,-20.8266,-9.1910
21984,0.0202,-0.0789,9.8145,-0.2025,-0.5125,1.8036,10.6219,-20.8303,-9.1779
21992,0.0288,-0.1121,9.8068,-0.1466,-0.5561,1.7096,10.5742,-20.8358,-9.1596
22000,0.0247,-0.0894,9.8068,-0.1091,-0.5258,1.6731,10.5266,-20.8412,-9.1413
22008,0.0243,-0.0611,9.8163,-0.0946,-0.5155,1.6248,10.4797,-20.8424,-9.1259
22016,0.0170,-0.0669,9.8135,-0.0993,-0.5377,1.5573,10.4301,-20.8430,-9.1087
22024,0.0163,-0.0818,9.8064,-0.1812,-0.5402,1.4580,10.3811,-20.8427,-9.0935
22032,0.0053,-0.0961,9.8023,-0.1262,-0.4893,1.3738,10.3337,-20.8461,-9.0797
22040,0.0044,-0.0940,9.7990,-0.0443,-0.5019,1.2639,10.2864,-20.8496,-9.0659
22048,0.0113,-0.0926,9.8243,-0.0326,-0.5806,1.2442,10.2393,-20.8529,-9.0522
22056,0.0102,-0.0936,9.8121,-0.0055,-0.5413,1.2626,10.1900,-20.8539,-9.0405
22064,0.0166,-0.1592,9.8143,-0.0221,-0.4903,1.2190,10.1408,-20.8549,-9.0287
22072,0.0192,-0.1839,9.8149,0.0206,-0.3749,1.0599,10.0918,-20.8558,-9.0170
22080,0.0110,-0.1680,9.8213,-0.0159,-0.2886,1.0224,10.0415,-20.8567,-8.9997
22088,0.0077,-0.1304,9.8167,0.0425,-0.2620,1.0319,9.9913,-20.8562,-8.9871
22096,0.0180,-0.1201,9.8116,0.0211,-0.2125,0.8863,9.9461,-20.8584,-8.9699
22104,0.0186,-0.1294,9.8147,0.1099,-0.2986,0.7524,9.8939,-20.8579,-8.9565
22112,0.0237,-0.1255,9.8021,0.0962,-0.3756,0.5417,9.8418,-20.8573,-8.9431
22120,0.0160,-0.1025,9.7993,0.0884,-0.3505,0.5855,9.7952,-20.8562,-8.9303
22128,-0.0000,-0.0351,9.7926,0.0889,-0.3506,0.5075,9.7472,-20.8584,-8.9132
22136,-0.0086,-0.0498,9.7930,-0.0039,-0.3986,0.5341,9.6961,-20.8634,-8.8934
22144,-0.0182,-0.0640,9.7929,0.0087,-0.4019,0.5330,9.6452,-20.8646,-8.8760
22152,-0.0082,-0.0577,9.7946,-0.0353,-0.4023,0.6065,9.5944,-20.8657,-8.8586
22160,-0.0161,-0.0356,9.7866,-0.0293,-0.3148,0.5782,9.5438,-20.8669,-8.8413
22168,-0.0045,-0.0361,9.7803,0.0271,-0.3244,0.7005,9.4948,-20.8718,-8.8288
22176,-0.0049,-0.0352,9.7855,-0.0097,-0.2589,0.7534,9.4459,-20.8767,-8.8163
22184,0.0084,-0.0475,9.7988,0.0058,-0.3083,0.7960,9.4005,-20.8777,-8.7991
22192,0.0190,-0.0041,9.8055,0.0500,-0.3982,0.8180,9.3552,-20.8788,-8.7820
22200,0.0373,-0.0308,9.8032,0.0602,-0.4201,0.9751,9.3086,-20.8807,-8.7630
22208,0.0443,-0.0254,9.7917,-0.0420,-0.3478,0.9093,9.2651,-20.8770,-8.7484
22216,0.0355,-0.0724,9.8090,-0.0278,-0.2999,0.9531,9.2174,-20.8789,-8.7319
22224,0.0304,-0.0753,9.8256,-0.0382,-0.4862,0.9656,9.1703,-20.8813,-8.7173
22232,0.0330,-0.0716,9.8196,-0.0587,-0.3896,0.9429,9.1234,-20.8836,-8.7028
22240,0.0322,-0.0983,9.8229,-0.0224,-0.2253,0.9586,9.0752,-20.8817,-8.6841
22248,0.0383,-0.0983,9.8354,0.0363,-0.2681,0.9282,9.0272,-20.8797,-8.6655
22256,0.0479,-0.0682,9.8331,0.0151,-0.2824,0.9658,8.9802,-20.8764,-8.6492
22264,0.0243,-0.0192,9.8096,-0.0398,-0.1495,0.8711,8.9334,-20.8730,-8.6331
22272,0.0184,-0.0344,9.7983,-0.0310,-0.1876,0.8152,8.8868,-20.8696,-8.6169
22280,0.0085,-0.0433,9.7968,-0.0439,-0.1815,0.7191,8.8398,-20.8728,-8.6037
22288,-0.0060,-0.0371,9.7804,-0.0429,-0.3196,0.6698,8.7935,-20.8732,-8.5867
22296,-0.0044,-0.0324,9.7924,-0.0952,-0.3343,0.6174,8.7473,-20.8759,-8.5731
22304,0.0015,0.0105,9.7892,-0.0467,-0.2417,0.6606,8.7012,-20.8786,-8.5595
22312,0.0128,-0.0363,9.7994,-0.0135,-0.2332,0.6326,8.6553,-20.8775,-8.5437
22320,0.0244,-0.0285,9.8115,0.0075,-0.2997,0.5551,8.6109,-20.8825,-8.5254
22328,0.0139,-0.0616,9.8242,0.0355,-0.1713,0.5664,8.5672,-20.8809,-8.5115
22336,0.0477,-0.0241,9.7988,0.0197,-0.1978,0.4785,8.5217,-20.8825,-8.4982
22344,0.0405,-0.0339,9.7949,-0.0487,-0.2845,0.4184,8.4764,-20.8842,-8.4848
22352,0.0381,-0.1170,9.7974,0.0085,-0.3114,0.3850,8.4269,-20.8816,-8.4711
22360,0.0295,-0.1489,9.7991,0.0152,-0.2359,0.2837,8.3776,-20.8789,-8.4574
22368,0.0162,-0.1510,9.7961,-0.0397,-0.1129,0.2215,8.3318,-20.8815,-8.4394
22376,0.0311,-0.1500,9.8053,-0.1056,-0.0967,0.1700,8.2861,-20.8840,-8.4215
22384,0.0264,-0.1387,9.8090,-0.1339,-0.0172,0.0675,8.2405,-20.8865,-8.4037
22392,0.0180,-0.1240,9.8110,-0.1049,0.1149,0.0120,8.1941,-20.8871,-8.3888
22400,0.0205,-0.0901,9.8074,-0.1359,0.1372,-0.1289,8.1517,-20.8877,-8.3730
22408,0.0154,-0.1401,9.7972,-0.0242,0.1905,-0.0664,8.1033,-20.8873,-8.3581
22416,0.0130,-0.1571,9.8090,0.0106,0.2308,-0.2200,8.0550,-20.8869,-8.3433
22424,0.0059,-0.1806,9.7987,0.0305,0.2186,-0.2228,8.0154,-20.8889,-8.3243
22432,-0.0114,-0.1537,9.8004,0.0629,0.2284,-0.2762,7.9674,-20.8918,-8.3054
22440,0.0002,-0.1366,9.8032,0.1019,0.1844,-0.3593,7.9195,-20.8913,-8.2898
22448,-0.0003,-0.1452,9.8089,0.0992,0.0783,-0.4574,7.8718,-20.8909,-8.2743
22456,0.0098,-0.1594,9.7936,0.0726,0.1181,-0.4072,7.8242,-20.8904,-8.2589
22464,-0.0047,-0.1586,9.7807,0.0712,0.1323,-0.4578,7.7778,-20.8904,-8.2439
22472,0.0049,-0.1934,9.7804,0.0485,0.0231,-0.4556,7.7314,-20.8904,-8.2290
22480,0.0104,-0.1575,9.7696,0.0081,-0.0439,-0.5468,7.6867,-20.8946,-8.2137
22488,0.0017,-0.1874,9.7731,-0.0305,0.0066,-0.4447,7.6411,-20.8950,-8.1994
22496,0.0039,-0.1598,9.7776,-0.0274,0.0363,-0.5204,7.5957,-20.8954,-8.1851
22504,0.0017,-0.0947,9.7990,-0.0485,-0.0553,-0.5047,7.5471,-20.8948,-8.1699
22512,0.0121,-0.0796,9.7983,-0.0553,-0.0523,-0.5645,7.5049,-20.8947,-8.1590
22520,0.0137,-0.0554,9.7850,0.0049,-0.1107,-0.4242,7.4580,-20.8946,-8.1411
22528,0.0202,-0.0991,9.7852,0.0278,-0.1025,-0.3675,7.4141,-20.8902,-8.1284
22536,0.0343,-0.1063,9.7776,-0.0330,-0.1401,-0.4572,7.3703,-20.8858,-8.1158
22544,0.0593,-0.0350,9.7717,-0.0538,-0.2053,-0.4310,7.3286,-20.8881,-8.1003
22552,0.0592,-0.0055,9.8041,-0.0817,-0.2544,-0.3446,7.2842,-20.8875,-8.0863
22560,0.0354,-0.0120,9.8011,-0.0791,-0.2746,-0.3127,7.2399,-20.8869,-8.0724
22568,0.0257,0.0399,9.7902,-0.0499,-0.2833,-0.3861,7.1924,-20.8839,-8.0585
22576,0.0265,0.0331,9.7808,0.0367,-0.2943,-0.3870,7.1451,-20.8809,-8.0390
22584,0.0185,0.0129,9.7755,0.0769,-0.2328,-0.4973,7.0980,-20.8778,-8.0196
22592,0.0123,-0.0269,9.7998,0.0299,-0.2167,-0.4400,7.0500,-20.8763,-8.0054
22600,0.0134,-0.0601,9.8022,-0.0043,-0.1959,-0.3692,7.0069,-20.8737,-7.9912
22608,0.0072,-0.0482,9.7894,-0.0531,-0.2293,-0.3202,6.9640,-20.8712,-7.9771
22616,0.0234,-0.1054,9.7974,-0.1103,-0.1654,-0.2760,6.9188,-20.8686,-7.9631
22624,0.0235,-0.0833,9.7909,-0.0637,-0.2802,-0.2790,6.8761,-20.8699,-7.9491
22632,0.0231,-0.1298,9.7960,-0.0405,-0.3339,-0.2526,6.8355,-20.8668,-7.9346
22640,0.0151,-0.1368,9.7924,-0.0424,-0.1667,-0.1367,6.7879,-20.8671,-7.9155
22648,0.0164,-0.1446,9.7896,0.0252,-0.1374,-0.1565,6.7404,-20.8674,-7.8964
22656,0.0094,-0.1488,9.7912,-0.0088,-0.1708,-0.0528,6.6931,-20.8676,-7.8774
22664,-0.0005,-0.1536,9.7931,-0.0307,-0.2480,0.0517,6.6531,-20.8655,-7.8622
22672,-0.0118,-0.1196,9.7820,-0.0382,-0.2872,0.1010,6.6131,-20.8634,-7.8471
22680,-0.0106,-0.0894,9.8016,-0.0535,-0.2660,0.1881,6.5610,-20.8646,-7.8311
22688,-0.0169,-0.1125,9.7943,-0.0947,-0.3684,0.1861,6.5091,-20.8658,-7.8152
22696,-0.0220,-0.1053,9.8073,-0.0248,-0.3943,0.2588,6.4573,-20.8669,-7.7992
22704,-0.0226,-0.1060,9.7949,-0.0647,-0.4191,0.2590,6.4128,-20.8643,-7.7848
22712,-0.0109,-0.1162,9.8119,-0.0681,-0.4215,0.1472,6.3660,-20.8626,-7.7737
22720,-0.0207,-0.1605,9.8305,-0.0820,-0.4158,0.2163,6.3246,-20.8642,-7.7608
22728,-0.0073,-0.1108,9.8150,-0.1540,-0.3730,0.1784,6.2834,-20.8658,-7.7479
22736,-0.0002,-0.1370,9.7991,-0.1589,-0.3773,0.0701,6.2408,-20.8650,-7.7364
22744,0.0063,-0.1360,9.7966,-0.1395,-0.3255,0.1053,6.1970,-20.8623,-7.7184
22752,-0.0061,-0.0741,9.8039,-0.1263,-0.3000,0.0642,6.1480,-20.8615,-7.7038
22760,0.0022,-0.0805,9.8219,-0.0737,-0.2969,0.0169,6.0993,-20.8607,-7.6891
22768,0.0198,-0.0868,9.8286,-0.0794,-0.1660,-0.1349,6.0507,-20.8599,-7.6746
22776,0.0180,-0.0278,9.8246,-0.0315,-0.1074,-0.2135,6.0056,-20.8601,-7.6610
22784,0.0131,-0.0276,9.8361,-0.0231,-0.0194,-0.2806,5.9606,-20.8602,-7.6475
22792,0.0028,-0.0535,9.8191,-0.0070,-0.0846,-0.1982,5.9157,-20.8542,-7.6245
22800,0.0072,-0.0824,9.8238,-0.0636,-0.0856,-0.1353,5.8710,-20.8481,-7.6016
22808,0.0011,-0.1208,9.8139,-0.0351,-0.1372,0.0422,5.8283,-20.8454,-7.5902
22816,-0.0022,-0.0963,9.8027,-0.1065,-0.0373,0.0492,5.7844,-20.8413,-7.5773
22824,-0.0229,-0.1439,9.8149,-0.0974,-0.0323,0.0346,5.7405,-20.8372,-7.5636
22832,-0.0329,-0.1345,9.8104,-0.1074,-0.0116,0.0819,5.6954,-20.8373,-7.5494
22840,-0.0380,-0.1507,9.8059,-0.1436,0.0002,0.1272,5.6505,-20.8375,-7.5353
22848,-0.0293,-0.1243,9.8064,-0.1196,0.0915,0.1812,5.6033,-20.8352,-7.5151
22856,-0.0219,-0.1341,9.7872,-0.1579,0.1094,0.2035,5.5600,-20.8325,-7.5015
22864,-0.0261,-0.1530,9.8105,-0.1653,-0.0281,0.2194,5.5179,-20.8341,-7.4828
22872,-0.0063,-0.1437,9.7914,-0.1403,-0.0769,0.2214,5.4758,-20.8356,-7.4642
22880,-0.0157,-0.0848,9.7773,-0.1724,-0.0835,0.3326,5.4339,-20.8372,-7.4456
22888,-0.0091,-0.0414,9.7882,-0.1738,-0.0926,0.3269,5.3898,-20.8339,-7.4280
22896,-0.0305,-0.0587,9.7890,-0.2285,-0.1706,0.3855,5.3458,-20.8307,-7.4105
22904,-0.0157,-0.0164,9.7806,-0.2461,-0.2265,0.4975,5.3024,-20.8280,-7.3925
22912,-0.0260,-0.0206,9.7762,-0.2895,-0.1626,0.6579,5.2592,-20.8252,-7.3746
22920,-0.0272,-0.1036,9.7836,-0.3098,-0.1202,0.7393,5.2146,-20.8249,-7.3591
22928,-0.0273,-0.0666,9.7890,-0.2465,-0.1623,0.8892,5.1712,-20.8226,-7.3433
22936,-0.0237,-0.0241,9.7847,-0.1780,-0.2319,0.9952,5.1260,-20.8161,-7.3255
22944,-0.0209,-0.0234,9.7881,-0.1871,-0.2531,1.1819,5.0861,-20.8152,-7.3097
22952,-0.0016,-0.0014,9.7693,-0.1692,-0.1774,1.2137,5.0464,-20.8144,-7.2940
22960,0.0145,-0.0247,9.7706,-0.1360,-0.2810,1.2868,5.0016,-20.8126,-7.2788
22968,0.0141,-0.0586,9.7721,-0.1257,-0.3001,1.3808,4.9569,-20.8108,-7.2636
22976,0.0128,-0.1016,9.7877,-0.1691,-0.3637,1.2519,4.9124,-20.8080,-7.2494
22984,0.0089,-0.0448,9.7799,-0.1786,-0.2992,1.3020,4.8680,-20.8053,-7.2353
22992,0.0109,-0.0517,9.7723,-0.2144,-0.3548,1.2326,4.8238,-20.8025,-7.2212
23000,0.0021,-0.0452,9.7897,-0.2086,-0.4320,1.1103,4.7816,-20.7955,-7.2020
23008,0.0038,-0.0202,9.8067,-0.3444,-0.3991,1.0439,4.7362,-20.7905,-7.1838
23016,0.0181,0.0266,9.8071,-0.3276,-0.4023,1.0258,4.6971,-20.7816,-7.1698
23024,0.0059,0.0366,9.8075,-0.3542,-0.3521,0.9978,4.6534,-20.7751,-7.1527
23032,0.0100,0.0625,9.8069,-0.3263,-0.3281,0.9657,4.6098,-20.7686,-7.1355
23040,0.0036,0.0854,9.8132,-0.3903,-0.2651,0.9723,4.5668,-20.7655,-7.1203
23048,0.0074,0.0857,9.7930,-0.3581,-0.2822,0.9573,4.5231,-20.7586,-7.1014
23056,-0.0092,0.0860,9.7837,-0.3647,-0.1866,0.8363,4.4794,-20.7555,-7.0816
23064,-0.0133,0.0898,9.7768,-0.3710,-0.1111,0.8140,4.4369,-20.7523,-7.0642
23072,-0.0256,0.0501,9.7750,-0.3984,-0.0070,0.6966,4.3945,-20.7492,-7.0469
23080,-0.0177,0.0647,9.7921,-0.4085,-0.0087,0.6297,4.3522,-20.7461,-7.0296
23088,-0.0037,0.0979,9.7994,-0.4556,0.0403,0.4830,4.3081,-20.7421,-7.0138
23096,0.0140,0.0770,9.8014,-0.3939,-0.0221,0.3934,4.2642,-20.7380,-6.9980
23104,0.0041,0.0644,9.8087,-0.4096,-0.0952,0.2251,4.2205,-20.7340,-6.9823
23112,0.0161,0.0316,9.7948,-0.3873,-0.1197,0.2454,4.1802,-20.7309,-6.9676
23120,0.0137,0.0443,9.8000,-0.4166,-0.0579,0.1369,4.1386,-20.7278,-6.9506
23128,0.0165,0.0448,9.8106,-0.3246,0.0519,-0.0415,4.0947,-20.7248,-6.9384
23136,0.0200,0.1064,9.8033,-0.2180,-0.0244,-0.0655,4.0510,-20.7188,-6.9238
23144,0.0309,0.0997,9.7940,-0.2174,0.0493,-0.0645,4.0075,-20.7129,-6.9093
23152,0.0198,0.1332,9.8152,-0.2142,0.0665,-0.0714,3.9664,-20.7123,-6.8910
23160,0.0166,0.0989,9.8185,-0.2404,0.0642,-0.0594,3.9255,-20.7092,-6.8776
23168,0.0110,0.0574,9.8328,-0.2548,0.0034,0.0054,3.8847,-20.7062,-6.8642
23176,-0.0087,0.0298,9.8275,-0.2819,0.1025,-0.0260,3.8459,-20.7012,-6.8456
23184,-0.0183,0.0331,9.8146,-0.2812,0.1253,-0.1067,3.8072,-20.6963,-6.8270
23192,-0.0097,0.0010,9.8274,-0.2831,0.0831,-0.0958,3.7687,-20.6914,-6.8085
23200,-0.0005,0.0435,9.8436,-0.2770,0.1041,-0.1147,3.7279,-20.6874,-6.7901
23208,-0.0063,0.0341,9.8337,-0.3805,0.0736,-0.1035,3.6873,-20.6835,-6.7718
23216,-0.0166,0.0748,9.8393,-0.2927,0.0790,0.0832,3.6444,-20.6772,-6.7582
23224,-0.0022,0.0966,9.8297,-0.3369,0.1108,0.1871,3.6016,-20.6709,-6.7447
23232,-0.0083,0.0694,9.8375,-0.3630,0.0079,0.1665,3.5633,-20.6665,-6.7284
23240,-0.0034,0.0261,9.8364,-0.2974,-0.0478,0.1120,3.5232,-20.6593,-6.7116
23248,0.0243,0.0357,9.8321,-0.3067,-0.0211,0.2173,3.4817,-20.6493,-6.6983
23256,0.0116,0.0361,9.8169,-0.2995,-0.0408,0.1687,3.4400,-20.6435,-6.6821
23264,0.0087,0.0762,9.7922,-0.2740,-0.0064,0.1862,3.3983,-20.6378,-6.6660
23272,0.0006,0.0409,9.7885,-0.2149,0.0532,0.2109,3.3592,-20.6349,-6.6508
23280,0.0002,0.0053,9.7815,-0.2171,0.0755,0.2399,3.3202,-20.6320,-6.6358
23288,-0.0076,-0.0259,9.7853,-0.2165,0.2061,0.3556,3.2794,-20.6258,-6.6212
23296,-0.0013,-0.0223,9.7781,-0.1920,0.3177,0.4129,3.2387,-20.6196,-6.6067
23304,-0.0144,-0.0355,9.7881,-0.2245,0.3205,0.6197,3.1982,-20.6135,-6.5922
23312,-0.0284,-0.0128,9.7853,-0.2663,0.2858,0.6895,3.1554,-20.6073,-6.5721
23320,-0.0425,-0.0245,9.8046,-0.3302,0.2526,0.7216,3.1128,-20.6050,-6.5568
23328,-0.0512,-0.0033,9.7883,-0.3780,0.2928,0.5735,3.0717,-20.5979,-6.5392
23336,-0.0458,0.0004,9.8014,-0.2851,0.3606,0.5013,3.0308,-20.5908,-6.5216
23344,-0.0350,0.0192,9.8073,-0.2682,0.3802,0.3603,2.9876,-20.5909,-6.5018
23352,-0.0180,0.0573,9.8127,-0.2814,0.3295,0.2707,2.9455,-20.5862,-6.4876
23360,-0.0144,0.1003,9.8143,-0.2513,0.3824,0.0838,2.9054,-20.5797,-6.4731
23368,-0.0198,0.0299,9.8117,-0.2306,0.3930,-0.0284,2.8669,-20.5769,-6.4562
23376,-0.0297,0.0136,9.7980,-0.2374,0.3711,-0.1436,2.8285,-20.5742,-6.4393
23384,-0.0200,-0.0139,9.8015,-0.1213,0.3448,-0.1178,2.7911,-20.5724,-6.4240
23392,-0.0235,-0.0474,9.8206,-0.1169,0.3704,-0.1864,2.7539,-20.5706,-6.4087
23400,-0.0381,-0.0076,9.8097,-0.0941,0.3788,-0.2787,2.7116,-20.5669,-6.3915
23408,-0.0217,0.0088,9.8226,-0.0882,0.4002,-0.1830,2.6694,-20.5632,-6.3744
23416,-0.0077,0.0487,9.8365,-0.0613,0.3113,-0.2141,2.6274,-20.5595,-6.3574
23424,-0.0220,0.0161,9.8459,-0.0275,0.2290,-0.0892,2.5836,-20.5540,-6.3399
23432,-0.0189,0.0038,9.8613,0.0341,0.1823,-0.0978,2.5437,-20.5451,-6.3234
23440,-0.0102,0.0861,9.8337,0.0077,0.1323,0.0220,2.5054,-20.5429,-6.3056
23448,0.0104,0.0722,9.8411,0.0704,0.2551,0.0646,2.4671,-20.5407,-6.2878
23456,0.0240,0.0642,9.8455,0.0851,0.2446,0.1400,2.4267,-20.5323,-6.2725
23464,0.0281,0.0820,9.8227,0.0885,0.2612,0.1640,2.3826,-20.5321,-6.2539
23472,0.0410,0.0557,9.8571,0.0703,0.2984,0.1844,2.3414,-20.5251,-6.2306
23480,0.0326,0.0256,9.8509,-0.0030,0.2727,0.1959,2.3004,-20.5182,-6.2074
23488,0.0391,0.0029,9.8425,0.0469,0.2160,0.3108,2.2595,-20.5114,-6.1842
23496,0.0514,-0.0122,9.8245,0.0759,0.2339,0.3461,2.2183,-20.5036,-6.1649
23504,0.0575,-0.0213,9.8132,0.1250,0.2590,0.4065,2.1772,-20.4958,-6.1457
23512,0.0552,-0.0651,9.8203,0.0760,0.2403,0.4403,2.1386,-20.4894,-6.1289
23520,0.0614,-0.0874,9.8280,0.0717,0.2811,0.4859,2.1072,-20.4831,-6.1155
23528,0.0729,-0.0647,9.8396,-0.0363,0.2774,0.4415,2.0760,-20.4768,-6.1021
23536,0.0752,-0.0789,9.8401,-0.0143,0.2712,0.5244,2.0348,-20.4709,-6.0835
23544,0.0658,-0.0242,9.8387,-0.0226,0.2893,0.5423,1.9976,-20.4656,-6.0679
23552,0.0810,-0.0563,9.8479,0.0201,0.2453,0.5275,1.9620,-20.4617,-6.0523
23560,0.0788,-0.1123,9.8407,-0.0190,0.1312,0.4386,1.9226,-20.4564,-6.0367
23568,0.0618,-0.0759,9.8452,0.0822,0.1741,0.3990,1.8834,-20.4511,-6.0212
23576,0.0491,-0.0493,9.8406,0.0724,0.1405,0.3504,1.8457,-20.4434,-6.0048
23584,0.0331,-0.0380,9.8683,0.0843,0.0976,0.2746,1.8039,-20.4330,-5.9809
23592,0.0359,-0.0711,9.8528,0.0690,0.0753,0.3061,1.7622,-20.4225,-5.9570
23600,0.0262,-0.1356,9.8424,0.0037,0.0353,0.2936,1.7207,-20.4168,-5.9332
23608,0.0306,-0.1034,9.8404,0.0773,0.0237,0.1776,1.6793,-20.4112,-5.9143
23616,0.0373,-0.1261,9.8212,-0.0096,0.0767,0.1867,1.6380,-20.4055,-5.8954
23624,0.0224,-0.0829,9.8398,0.0405,0.0393,0.0728,1.6020,-20.4004,-5.8770
23632,0.0408,-0.0730,9.8234,0.0858,0.0862,-0.1935,1.5653,-20.3905,-5.8610
23640,0.0165,-0.0622,9.8254,0.0678,0.0111,-0.3895,1.5286,-20.3806,-5.8451
23648,0.0109,-0.0588,9.8058,0.0186,-0.0048,-0.6303,1.4925,-20.3789,-5.8321
23656,0.0167,-0.0066,9.7885,0.0729,-0.0199,-0.8978,1.4537,-20.3728,-5.8173
23664,0.0061,-0.0039,9.8130,-0.0619,0.0029,-1.2124,1.4202,-20.3687,-5.8010
23672,0.0101,-0.0174,9.8164,-0.0601,0.0407,-1.4731,1.3831,-20.3646,-5.7834
23680,-0.0018,-0.0078,9.8259,-0.0557,0.0556,-1.7838,1.3460,-20.3605,-5.7659
23688,0.0080,-0.0274,9.8072,-0.0009,-0.0129,-2.0836,1.3091,-20.3564,-5.7484
23696,0.0100,-0.0450,9.8221,0.0116,-0.0437,-2.3890,1.2709,-20.3528,-5.7314
23704,0.0433,-0.0852,9.8238,-0.0219,-0.0491,-2.6543,1.2328,-20.3492,-5.7145
23712,0.0697,-0.0732,9.8157,0.0795,0.0656,-2.8200,1.1981,-20.3494,-5.6958
23720,0.0504,-0.0679,9.7916,0.0484,0.0101,-3.0664,1.1635,-20.3496,-5.6771
23728,0.0416,-0.0644,9.7875,0.0534,-0.0031,-3.1475,1.1244,-20.3483,-5.6584
23736,0.0691,-0.0635,9.7679,0.0475,0.0217,-3.1903,1.0896,-20.3452,-5.6451
23744,0.0539,-0.1210,9.7825,0.0552,0.0454,-3.0632,1.0525,-20.3435,-5.6270
23752,0.0912,-0.1703,9.7715,0.0065,0.1453,-2.9097,1.0189,-20.3404,-5.6076
23760,0.1021,-0.2022,9.7666,0.0346,0.1770,-2.7896,0.9853,-20.3373,-5.5882
23768,0.0784,-0.2233,9.7645,0.0482,0.2152,-2.7201,0.9519,-20.3356,-5.5689
23776,0.0719,-0.2529,9.7680,0.0745,0.2064,-2.5949,0.9181,-20.3306,-5.5563
23784,0.0623,-0.2363,9.7639,0.0196,0.2567,-2.4539,0.8845,-20.3270,-5.5381
23792,0.0601,-0.1986,9.7674,-0.0221,0.3074,-2.2604,0.8509,-20.3235,-5.5199
23800,0.0435,-0.1964,9.7561,-0.0194,0.1586,-2.0407,0.8174,-20.3200,-5.5017
23808,0.0453,-0.1470,9.7581,0.0178,0.0430,-1.7879,0.7817,-20.3150,-5.4856
23816,0.0506,-0.1742,9.7527,0.0295,0.0951,-1.5382,0.7461,-20.3101,-5.4694
23824,0.0604,-0.2057,9.7764,-0.0207,0.0062,-1.3820,0.7106,-20.3042,-5.4548
23832,0.0470,-0.1682,9.7765,0.0059,0.0466,-1.1554,0.6752,-20.2983,-5.4401
23840,0.0403,-0.2226,9.7707,0.0527,0.1012,-0.9787,0.6423,-20.2925,-5.4223
23848,0.0566,-0.1962,9.7691,0.0948,0.0120,-0.8363,0.6109,-20.2876,-5.4021
23856,0.0553,-0.1923,9.7840,0.0391,0.0441,-0.7509,0.5763,-20.2813,-5.3834
23864,0.0519,-0.1702,9.7938,0.0365,0.0908,-0.6158,0.5418,-20.2760,-5.3628
23872,0.0402,-0.1793,9.8128,0.0953,0.0075,-0.5427,0.5074,-20.2707,-5.3423
23880,0.0337,-0.1629,9.8231,0.0662,0.0078,-0.4701,0.4731,-20.2668,-5.3219
23888,0.0173,-0.1486,9.8224,0.0971,0.0161,-0.4540,0.4385,-20.2682,-5.3077
23896,0.0294,-0.1342,9.8350,0.0679,-0.0880,-0.3293,0.4025,-20.2643,-5.2883
23904,0.0221,-0.0853,9.8190,0.0693,-0.1102,-0.4047,0.3667,-20.2604,-5.2690
23912,0.0414,-0.0920,9.8255,0.0974,-0.1660,-0.4208,0.3310,-20.2566,-5.2498
23920,0.0394,-0.1026,9.8296,0.0949,-0.1662,-0.5615,0.2935,-20.2509,-5.2325
23928,0.0325,-0.1569,9.8265,0.0978,-0.1663,-0.5841,0.2561,-20.2451,-5.2153
23936,0.0417,-0.1609,9.8227,0.0473,-0.1050,-0.6910,0.2226,-20.2399,-5.1995
23944,0.0337,-0.1585,9.8207,0.0896,-0.0251,-0.7079,0.1892,-20.2347,-5.1838
23952,0.0160,-0.1414,9.8248,0.0794,-0.0581,-0.7721,0.1540,-20.2333,-5.1658
23960,0.0009,-0.1405,9.8330,0.0511,-0.0629,-0.7748,0.1204,-20.2300,-5.1464
23968,0.0113,-0.2062,9.8314,0.0692,-0.1555,-0.8627,0.0859,-20.2267,-5.1280
23976,0.0080,-0.2019,9.8181,0.0680,-0.0974,-0.7761,0.0511,-20.2229,-5.1093
23984,-0.0005,-0.1779,9.7964,0.0961,-0.0632,-0.7866,0.0164,-20.2192,-5.0905
23992,-0.0172,-0.1107,9.8010,-0.0317,-0.0998,-0.8393,-0.0202,-20.2174,-5.0737
24000,-0.0124,-0.1181,9.8074,-0.0633,-0.0281,-0.8311,-0.0566,-20.2155,-5.0570
24008,-0.0216,-0.1632,9.8109,-0.1121,0.0004,-0.9006,-0.0900,-20.2142,-5.0384
24016,-0.0140,-0.1707,9.8037,-0.1534,0.0010,-0.7110,-0.1233,-20.2128,-5.0199
24024,-0.0149,-0.1638,9.8135,-0.1503,0.0709,-0.5963,-0.1566,-20.2114,-5.0015
24032,0.0002,-0.1621,9.7914,-0.1686,0.0898,-0.3454,-0.1906,-20.2077,-4.9821
24040,0.0030,-0.1674,9.7818,-0.1169,0.1505,-0.2121,-0.2256,-20.2031,-4.9643
24048,-0.0100,-0.1230,9.7760,-0.0807,0.1472,-0.1326,-0.2528,-20.1979,-4.9413
24056,-0.0236,-0.1284,9.7643,-0.0967,0.1467,-0.0459,-0.2813,-20.1947,-4.9259
24064,-0.0181,-0.0960,9.7655,-0.0668,0.1250,0.0956,-0.3098,-20.1915,-4.9106
24072,-0.0091,-0.0971,9.7817,-0.0354,0.0508,0.0816,-0.3434,-20.1864,-4.8892
24080,-0.0150,-0.1542,9.7881,0.1305,-0.0175,0.2496,-0.3731,-20.1856,-4.8730
24088,-0.0130,-0.1598,9.7912,0.1826,-0.0187,0.4075,-0.4046,-20.1796,-4.8541
24096,-0.0127,-0.1170,9.8058,0.1977,-0.0519,0.5959,-0.4369,-20.1736,-4.8352
24104,0.0082,-0.1194,9.8136,0.1001,-0.0304,0.6800,-0.4692,-20.1676,-4.8164
24112,0.0161,-0.1338,9.8188,0.0868,-0.0577,0.8032,-0.5013,-20.1616,-4.7976
24120,0.0101,-0.1053,9.8153,0.0741,-0.1239,0.8089,-0.5301,-20.1590,-4.7775
24128,0.0037,-0.1065,9.8131,0.1179,-0.0645,0.8891,-0.5587,-20.1564,-4.7575
24136,-0.0035,-0.0875,9.8225,0.0372,0.0456,0.9417,-0.5872,-20.1538,-4.7375
24144,-0.0022,-0.1213,9.8200,0.0960,0.0389,0.9974,-0.6171,-20.1483,-4.7171
24152,0.0004,-0.1460,9.8187,0.1415,0.0698,1.0240,-0.6455,-20.1481,-4.6963
24160,-0.0110,-0.1287,9.8020,0.0837,0.0461,1.0281,-0.6728,-20.1426,-4.6784
24168,-0.0022,-0.0985,9.7906,0.0338,-0.0033,1.1040,-0.7038,-20.1358,-4.6591
24176,0.0008,-0.1358,9.7962,0.0314,-0.0505,0.9899,-0.7347,-20.1289,-4.6399
24184,-0.0129,-0.0958,9.7812,0.0558,-0.1544,1.0515,-0.7627,-20.1264,-4.6217
24192,-0.0121,-0.0651,9.7813,-0.0062,-0.2110,1.0570,-0.7920,-20.1210,-4.6026
24200,-0.0077,-0.0468,9.7759,0.0838,-0.1825,1.1690,-0.8213,-20.1156,-4.5836
24208,-0.0206,-0.0203,9.7856,0.0392,-0.1632,1.2308,-0.8490,-20.1108,-4.5688
24216,-0.0181,0.0051,9.7798,0.0952,-0.2354,1.1325,-0.8766,-20.1059,-4.5542
24224,-0.0049,0.0298,9.7728,0.0368,-0.3258,0.9345,-0.9042,-20.1011,-4.5396
24232,-0.0017,-0.0598,9.7864,0.0583,-0.3856,0.8785,-0.9378,-20.0995,-4.5207
24240,-0.0010,-0.0571,9.7942,0.0335,-0.3548,0.6303,-0.9713,-20.0980,-4.5020
24248,0.0060,-0.1207,9.8026,0.0471,-0.3013,0.4596,-1.0009,-20.0922,-4.4861
24256,0.0173,-0.1249,9.8030,0.0681,-0.2875,0.3470,-1.0304,-20.0865,-4.4703
24264,0.0102,-0.1146,9.8119,-0.0371,-0.3329,0.4207,-1.0612,-20.0850,-4.4493
24272,0.0066,-0.1322,9.8255,-0.0551,-0.2911,0.3045,-1.0906,-20.0779,-4.4336
24280,0.0165,-0.1263,9.8282,-0.0989,-0.2804,0.1561,-1.1184,-20.0778,-4.4161
24288,0.0268,-0.1213,9.8380,-0.1222,-0.2648,0.1128,-1.1461,-20.0768,-4.3986
24296,0.0298,-0.1091,9.8286,-0.1524,-0.2899,0.0527,-1.1737,-20.0759,-4.3811
24304,0.0516,-0.0785,9.8210,-0.1147,-0.2420,0.1446,-1.2008,-20.0706,-4.3628
24312,0.0526,-0.0348,9.8177,-0.1132,-0.3108,0.1685,-1.2278,-20.0654,-4.3445
24320,0.0408,0.0279,9.8276,-0.0852,-0.2939,0.2607,-1.2585,-20.0630,-4.3282
24328,0.0575,0.0555,9.8274,-0.0477,-0.2564,0.3115,-1.2891,-20.0607,-4.3119
24336,0.0689,0.0254,9.8372,0.0441,-0.2392,0.4187,-1.3196,-20.0583,-4.2957
24344,0.0547,0.0496,9.8329,0.0519,-0.1241,0.5853,-1.3490,-20.0559,-4.2795
24352,0.0495,0.0255,9.8244,0.1181,-0.0487,0.6432,-1.3779,-20.0508,-4.2615
24360,0.0540,0.0552,9.8190,0.1573,-0.0993,0.7813,-1.4067,-20.0442,-4.2412
24368,0.0516,0.0383,9.8356,0.2002,-0.1290,0.8680,-1.4354,-20.0376,-4.2210
24376,0.0509,-0.0029,9.8264,0.2465,-0.1654,0.8815,-1.4664,-20.0263,-4.2031
24384,0.0547,-0.0211,9.8363,0.2401,-0.2188,0.9319,-1.4935,-20.0250,-4.1892
24392,0.0455,-0.0544,9.8248,0.1514,-0.2860,0.9586,-1.5243,-20.0223,-4.1729
24400,0.0457,-0.0668,9.8367,0.1198,-0.2595,0.9603,-1.5484,-20.0153,-4.1523
24408,0.0610,-0.1044,9.8311,0.0977,-0.1995,0.8685,-1.5724,-20.0083,-4.1319
24416,0.0753,-0.0647,9.8219,0.1032,-0.1822,0.9300,-1.6001,-20.0052,-4.1162
24424,0.0650,-0.0592,9.8263,0.0844,-0.1709,0.9622,-1.6277,-20.0020,-4.1006
24432,0.0652,-0.0934,9.8271,0.0371,-0.2161,1.0010,-1.6591,-19.9994,-4.0808
24440,0.0536,-0.0966,9.8256,0.0692,-0.1207,1.0408,-1.6903,-19.9967,-4.0611
24448,0.0499,-0.0499,9.8251,0.0893,-0.0188,0.9694,-1.7214,-19.9941,-4.0414
24456,0.0612,-0.0440,9.8324,0.1431,-0.0600,1.0133,-1.7520,-19.9886,-4.0203
24464,0.0618,-0.0424,9.8418,0.1306,0.0072,1.0071,-1.7805,-19.9836,-3.9989
24472,0.0532,-0.0313,9.8279,0.0626,0.0129,0.9826,-1.8033,-19.9772,-3.9785
24480,0.0532,-0.0613,9.8308,0.0723,0.0316,0.7805,-1.8261,-19.9708,-3.9581
24488,0.0573,-0.0986,9.8330,0.0922,-0.0065,0.8353,-1.8530,-19.9688,-3.9397
24496,0.0710,-0.0758,9.8237,0.1006,0.0211,0.7889,-1.8855,-19.9619,-3.9199
24504,0.0789,-0.0674,9.8329,0.1460,0.0822,0.7660,-1.9131,-19.9613,-3.9049
24512,0.0760,-0.0180,9.8381,0.0693,0.0312,0.7920,-1.9407,-19.9606,-3.8900
24520,0.0779,-0.0616,9.8629,0.1134,0.0518,0.8382,-1.9682,-19.9600,-3.8751
24528,0.0683,-0.0574,9.8420,0.1235,0.0342,0.8185,-1.9928,-19.9551,-3.8584
24536,0.0568,-0.0517,9.8381,0.1412,-0.0040,0.9222,-2.0173,-19.9502,-3.8417
24544,0.0396,-0.0785,9.8242,0.1234,-0.0379,0.8747,-2.0445,-19.9505,-3.8246
24552,0.0569,-0.0945,9.8307,0.1491,-0.0756,0.7973,-2.0722,-19.9456,-3.8127
24560,0.0597,-0.0871,9.8342,0.1683,-0.1063,0.7393,-2.0997,-19.9408,-3.8009
24568,0.0586,-0.0280,9.8334,0.1387,-0.1144,0.7186,-2.1244,-19.9364,-3.7816
24576,0.0727,-0.0206,9.8322,0.1131,-0.0154,0.6053,-2.1484,-19.9301,-3.7628
24584,0.0708,-0.0038,9.8229,0.1259,-0.1074,0.5344,-2.1762,-19.9319,-3.7426
24592,0.0746,0.0395,9.8267,0.0954,-0.1634,0.5332,-2.1987,-19.9248,-3.7254
24600,0.0730,0.0351,9.8421,0.0370,-0.0837,0.4414,-2.2211,-19.9176,-3.7082
24608,0.0452,-0.0017,9.8373,-0.0002,-0.0580,0.3163,-2.2425,-19.9090,-3.6815
24616,0.0437,-0.0460,9.8426,-0.0064,0.0278,0.3434,-2.2648,-19.9066,-3.6612
24624,0.0591,-0.0478,9.8172,0.0489,-0.0261,0.3132,-2.2870,-19.9042,-3.6408
24632,0.0618,-0.0767,9.8226,0.0512,-0.0377,0.2551,-2.3059,-19.8948,-3.6206
24640,0.0646,-0.0711,9.8146,0.1147,0.0233,0.3328,-2.3246,-19.8853,-3.6023
24648,0.0558,-0.0486,9.8166,0.1354,-0.0064,0.2791,-2.3433,-19.8759,-3.5840
24656,0.0441,-0.0633,9.8288,0.1366,-0.0375,0.4091,-2.3667,-19.8736,-3.5592
24664,0.0318,-0.0280,9.8298,0.0977,0.0314,0.3814,-2.3905,-19.8656,-3.5383
24672,0.0229,-0.0310,9.8267,0.0552,-0.0760,0.4456,-2.4142,-19.8577,-3.5174
24680,0.0221,-0.0506,9.8256,-0.0362,-0.1707,0.5203,-2.4378,-19.8550,-3.4957
24688,0.0269,-0.0766,9.8115,0.0445,-0.2506,0.6531,-2.4581,-19.8523,-3.4749
24696,0.0321,-0.1333,9.8142,-0.0197,-0.2924,0.6921,-2.4811,-19.8515,-3.4552
24704,0.0309,-0.1240,9.8193,-0.0651,-0.2229,0.8440,-2.5017,-19.8469,-3.4355
24712,0.0262,-0.1234,9.8199,-0.1138,-0.1539,0.8666,-2.5222,-19.8423,-3.4159
24720,0.0274,-0.0946,9.8086,-0.0751,-0.1892,1.0163,-2.5427,-19.8378,-3.3964
24728,0.0404,-0.1068,9.8111,-0.0994,-0.2390,1.1140,-2.5649,-19.8299,-3.3830
24736,0.0220,-0.0673,9.7887,-0.1413,-0.1825,1.1568,-2.5871,-19.8221,-3.3697
24744,0.0204,-0.0529,9.7845,-0.1361,-0.2299,1.3498,-2.6131,-19.8200,-3.3480
24752,0.0144,-0.0185,9.8029,-0.1764,-0.1819,1.2249,-2.6389,-19.8178,-3.3263
24760,0.0163,0.0167,9.7960,-0.0869,-0.1093,1.2442,-2.6647,-19.8157,-3.3046
24768,0.0061,0.0112,9.7906,-0.1053,-0.0719,1.4174,-2.6899,-19.8131,-3.2821
24776,-0.0085,0.0322,9.7843,-0.1337,-0.0761,1.5482,-2.7150,-19.8092,-3.2621
24784,0.0001,0.0362,9.7914,-0.1287,-0.0482,1.6361,-2.7368,-19.8042,-3.2387
24792,-0.0113,0.0567,9.7873,-0.0547,-0.1041,1.8027,-2.7584,-19.7993,-3.2155
24800,-0.0070,0.0811,9.7841,-0.0612,-0.0936,1.9621,-2.7829,-19.7911,-3.1952
24808,0.0024,0.0645,9.7771,-0.0541,-0.1875,2.0745,-2.8058,-19.7876,-3.1740
24816,0.0195,0.0408,9.7726,-0.0420,-0.1814,2.0753,-2.8263,-19.7842,-3.1537
24824,0.0091,0.0594,9.7749,-0.0864,-0.3195,2.0574,-2.8468,-19.7808,-3.1336
24832,0.0010,0.0326,9.7724,-0.0409,-0.3262,2.0429,-2.8671,-19.7773,-3.1135
24840,-0.0036,0.0274,9.7733,0.0026,-0.3246,2.1651,-2.8893,-19.7734,-3.0931
24848,0.0091,0.0801,9.7587,-0.0624,-0.2378,2.0500,-2.9115,-19.7696,-3.0726
24856,0.0251,0.0828,9.7719,-0.0579,-0.1414,2.0945,-2.9307,-19.7662,-3.0518
24864,0.0387,0.0878,9.7997,-0.0990,-0.1559,1.8971,-2.9499,-19.7628,-3.0310
24872,0.0601,0.1262,9.7999,-0.0742,-0.1165,1.8497,-2.9746,-19.7585,-3.0080
24880,0.0353,0.1713,9.7900,-0.1332,-0.0521,1.8230,-2.9993,-19.7527,-2.9812
24888,0.0275,0.1748,9.8043,-0.2430,-0.1185,1.7148,-3.0192,-19.7494,-2.9607
24896,0.0249,0.2153,9.8108,-0.2866,-0.0994,1.6327,-3.0424,-19.7470,-2.9430
24904,0.0367,0.1951,9.8018,-0.3310,-0.0651,1.4502,-3.0655,-19.7446,-2.9254
24912,0.0506,0.1467,9.8049,-0.3548,-0.0136,1.1876,-3.0866,-19.7442,-2.9060
24920,0.0567,0.1507,9.7945,-0.3695,-0.0604,0.9019,-3.1052,-19.7385,-2.8881
24928,0.0614,0.1976,9.7920,-0.3703,0.0016,0.5007,-3.1257,-19.7323,-2.8683
24936,0.0306,0.2136,9.7770,-0.3230,-0.0725,0.2183,-3.1462,-19.7262,-2.8486
24944,0.0286,0.1621,9.7834,-0.2938,-0.0181,-0.0090,-3.1665,-19.7201,-2.8290
24952,0.0314,0.1391,9.7887,-0.2979,0.0287,-0.2291,-3.1831,-19.7164,-2.8070
24960,0.0285,0.1393,9.7890,-0.2218,-0.0413,-0.4395,-3.1995,-19.7127,-2.7851
24968,0.0249,0.0926,9.7884,-0.2050,-0.0042,-0.5474,-3.2197,-19.7114,-2.7633
24976,0.0080,0.0594,9.7832,-0.1543,0.0153,-0.5200,-3.2399,-19.7101,-2.7416
24984,0.0118,0.0685,9.7932,-0.1431,-0.0674,-0.6857,-3.2609,-19.7087,-2.7208
24992,0.0071,0.0153,9.7903,-0.1058,-0.1225,-0.7642,-3.2833,-19.7041,-2.7002
25000,0.0297,0.0241,9.7841,-0.1021,-0.1778,-0.9352,-3.3023,-19.7037,-2.6767
25008,0.0156,-0.0071,9.7853,-0.0879,-0.1614,-1.0694,-3.3264,-19.6991,-2.6552
25016,0.0187,0.0202,9.7932,-0.0743,-0.1164,-1.1791,-3.3505,-19.6945,-2.6338
25024,0.0065,-0.0216,9.7726,-0.0186,-0.1613,-1.2574,-3.3608,-19.6909,-2.6125
25032,0.0023,-0.0248,9.7630,-0.0267,-0.1670,-1.2415,-3.3710,-19.6873,-2.5912
25040,0.0003,0.0005,9.7735,-0.0638,-0.1057,-1.2797,-3.3916,-19.6851,-2.5691
25048,0.0003,0.0353,9.7866,0.0421,-0.0631,-1.2735,-3.4122,-19.6829,-2.5470
25056,-0.0070,-0.0161,9.7830,-0.0167,-0.0624,-1.2729,-3.4326,-19.6807,-2.5250
25064,-0.0054,-0.0472,9.7930,0.0711,-0.1044,-1.1044,-3.4502,-19.6719,-2.5012
25072,0.0020,-0.0028,9.7897,0.0484,-0.0458,-1.0526,-3.4687,-19.6716,-2.4821
25080,-0.0008,-0.0356,9.8076,0.0080,-0.0485,-0.8563,-3.4847,-19.6685,-2.4632
25088,-0.0303,-0.0689,9.8152,0.0121,-0.0271,-0.6340,-3.5021,-19.6683,-2.4372
25096,-0.0224,-0.1059,9.8126,-0.0187,0.0174,-0.3841,-3.5195,-19.6680,-2.4112
25104,-0.0156,-0.0619,9.8151,-0.0241,0.0626,-0.2571,-3.5363,-19.6635,-2.3896
25112,-0.0182,-0.0827,9.8284,-0.0293,0.0525,-0.0637,-3.5517,-19.6590,-2.3724
25120,-0.0196,-0.0504,9.8390,-0.0316,0.0615,0.0147,-3.5675,-19.6598,-2.3514
25128,-0.0172,-0.0409,9.8478,0.0062,0.0994,0.2389,-3.5841,-19.6538,-2.3319
25136,-0.0233,-0.0026,9.8283,-0.0643,0.0984,0.2533,-3.6008,-19.6480,-2.3125
25144,-0.0092,0.0202,9.8340,-0.0544,0.0600,0.2191,-3.6173,-19.6421,-2.2931
25152,-0.0083,0.0576,9.8318,-0.1410,0.0634,0.2344,-3.6343,-19.6391,-2.2709
25160,-0.0179,0.0269,9.8321,-0.0797,0.1252,0.3050,-3.6513,-19.6361,-2.2488
25168,-0.0171,0.0200,9.8228,-0.1545,0.0991,0.3059,-3.6682,-19.6331,-2.2268
25176,-0.0140,0.0224,9.8312,-0.1567,0.0634,0.3094,-3.6822,-19.6320,-2.2011
25184,-0.0072,-0.0051,9.8379,-0.1081,0.2025,0.4807,-3.6975,-19.6319,-2.1792
25192,-0.0019,-0.0025,9.8422,-0.0749,0.2370,0.5512,-3.7128,-19.6265,-2.1574
25200,0.0043,-0.0112,9.8415,0.0688,0.2486,0.5493,-3.7248,-19.6202,-2.1395
25208,0.0044,-0.0044,9.8227,-0.0205,0.3130,0.4568,-3.7367,-19.6140,-2.1216
25216,-0.0042,0.0126,9.8129,0.0515,0.3293,0.4537,-3.7477,-19.6139,-2.0967
25224,-0.0224,-0.0258,9.7991,0.0216,0.4089,0.4321,-3.7647,-19.6119,-2.0761
25232,-0.0193,0.0411,9.7915,0.0144,0.3729,0.5607,-3.7784,-19.6047,-2.0518
25240,0.0008,0.0529,9.7884,-0.0084,0.3413,0.4917,-3.7944,-19.6037,-2.0313
25248,0.0126,0.0745,9.7910,-0.0250,0.3563,0.4631,-3.8104,-19.6027,-2.0109
25256,0.0151,0.1027,9.7961,-0.1262,0.3894,0.3584,-3.8263,-19.6018,-1.9906
25264,0.0132,0.0786,9.8020,-0.0682,0.3063,0.2662,-3.8426,-19.5941,-1.9671
25272,0.0043,0.1087,9.7892,-0.1835,0.3575,0.1355,-3.8589,-19.5865,-1.9436
25280,0.0057,0.1190,9.7854,-0.1311,0.3425,-0.1176,-3.8737,-19.5837,-1.9225
25288,-0.0048,0.1316,9.7864,-0.0836,0.3202,-0.3116,-3.8885,-19.5809,-1.9015
25296,0.0089,0.1699,9.7847,-0.0542,0.3201,-0.4491,-3.8999,-19.5795,-1.8749
25304,0.0323,0.2081,9.7849,-0.1701,0.2108,-0.6126,-3.9108,-19.5752,-1.8527
25312,0.0288,0.2482,9.7746,-0.1422,0.2075,-0.8116,-3.9240,-19.5734,-1.8291
25320,0.0302,0.2594,9.7808,-0.1396,0.3191,-1.1459,-3.9400,-19.5720,-1.8074
25328,0.0201,0.2167,9.7691,-0.1451,0.3271,-1.5055,-3.9560,-19.5706,-1.7858
25336,0.0442,0.2136,9.7685,-0.2196,0.3667,-1.7108,-3.9705,-19.5692,-1.7596
25344,0.0355,0.1334,9.7676,-0.2163,0.4420,-2.0005,-3.9850,-19.5679,-1.7335
25352,0.0230,0.1127,9.7580,-0.2264,0.5406,-2.1868,-3.9956,-19.5684,-1.7069
25360,0.0255,0.0544,9.7749,-0.2734,0.5176,-2.3676,-4.0062,-19.5689,-1.6804
25368,0.0003,0.0517,9.7638,-0.3264,0.4530,-2.5752,-4.0167,-19.5694,-1.6541
25376,0.0190,0.0511,9.7596,-0.3370,0.3964,-2.6697,-4.0287,-19.5667,-1.6273
25384,0.0077,0.0560,9.7986,-0.3125,0.3851,-2.7254,-4.0373,-19.5639,-1.6049
25392,-0.0053,-0.0402,9.7743,-0.2945,0.3849,-2.6053,-4.0477,-19.5668,-1.5797
25400,-0.0016,-0.0617,9.7783,-0.2478,0.3553,-2.4959,-4.0582,-19.5697,-1.5546
25408,-0.0219,-0.0802,9.7987,-0.2433,0.1991,-2.3938,-4.0700,-19.5683,-1.5314
25416,-0.0143,-0.0869,9.8044,-0.2549,0.1484,-2.3843,-4.0808,-19.5707,-1.5074
25424,-0.0170,-0.1969,9.8055,-0.2206,0.1932,-2.2871,-4.0921,-19.5698,-1.4825
25432,-0.0267,-0.2321,9.8101,-0.1186,0.1667,-2.0503,-4.1028,-19.5708,-1.4563
25440,-0.0177,-0.2367,9.8084,-0.1223,0.2587,-2.0077,-4.1135,-19.5718,-1.4302
25448,-0.0210,-0.2422,9.7931,-0.1446,0.2533,-1.8257,-4.1219,-19.5742,-1.4065
25456,-0.0372,-0.2103,9.8158,-0.1072,0.2882,-1.7397,-4.1302,-19.5766,-1.3828
25464,-0.0258,-0.2466,9.8235,-0.0234,0.2389,-1.5507,-4.1389,-19.5748,-1.3583
25472,0.0067,-0.2238,9.8210,-0.0100,0.1384,-1.2607,-4.1476,-19.5729,-1.3339
25480,0.0257,-0.2583,9.8218,-0.0984,0.1970,-1.0100,-4.1563,-19.5710,-1.3096
25488,0.0279,-0.2996,9.8090,-0.0497,0.1224,-0.8663,-4.1688,-19.5692,-1.2811
25496,0.0112,-0.2468,9.8037,-0.1125,0.1310,-0.8009,-4.1774,-19.5673,-1.2526
25504,-0.0049,-0.2244,9.8235,-0.0871,0.0992,-0.7197,-4.1860,-19.5641,-1.2276
25512,0.0056,-0.1673,9.8373,-0.1562,0.0982,-0.6207,-4.1946,-19.5608,-1.2027
25520,0.0083,-0.1107,9.8316,-0.2170,0.0758,-0.6167,-4.2055,-19.5661,-1.1768
25528,0.0085,-0.0899,9.8338,-0.3071,0.1238,-0.5728,-4.2154,-19.5643,-1.1511
25536,0.0087,-0.1185,9.8348,-0.3212,0.1217,-0.5576,-4.2262,-19.5634,-1.1264
25544,0.0097,-0.1321,9.8252,-0.3001,0.0450,-0.5910,-4.2370,-19.5625,-1.1018
25552,0.0184,-0.0897,9.8357,-0.2879,0.0464,-0.7376,-4.2478,-19.5616,-1.0772
25560,0.0090,-0.0204,9.8261,-0.3002,0.1383,-0.9311,-4.2571,-19.5617,-1.0556
25568,-0.0073,-0.0565,9.8269,-0.2640,0.1142,-1.2149,-4.2664,-19.5618,-1.0340
25576,-0.0221,-0.0094,9.8236,-0.2881,0.1178,-1.5049,-4.2733,-19.5618,-1.0068
25584,0.0147,0.0299,9.8238,-0.3004,0.1000,-1.7528,-4.2802,-19.5643,-0.9783
25592,0.0138,0.0833,9.8321,-0.2988,0.0136,-2.0087,-4.2871,-19.5667,-0.9499
25600,0.0230,0.0761,9.8315,-0.2680,-0.0184,-2.2933,-4.2925,-19.5677,-0.9183
25608,0.0277,0.1096,9.8254,-0.2839,0.1537,-2.7814,-4.2936,-19.5706,-0.8943
25616,0.0524,0.1417,9.8208,-0.2751,0.1023,-3.2642,-4.2990,-19.5763,-0.8652
25624,0.0675,0.2064,9.8026,-0.1760,0.0451,-3.5953,-4.3039,-19.5792,-0.8343
25632,0.0867,0.1295,9.7802,-0.1958,0.0411,-3.8265,-4.3088,-19.5820,-0.8035
25640,0.0776,0.1689,9.7767,-0.2202,0.0639,-3.9543,-4.3165,-19.5868,-0.7770
25648,0.0698,0.1813,9.7590,-0.2382,0.1258,-4.1778,-4.3189,-19.5896,-0.7478
25656,0.0595,0.1825,9.7685,-0.2713,0.0809,-4.3062,-4.3214,-19.5924,-0.7187
25664,0.0553,0.1462,9.7776,-0.2737,0.0940,-4.3597,-4.3258,-19.5957,-0.6896
25672,0.0660,0.0833,9.7739,-0.1933,0.0772,-4.2615,-4.3301,-19.5990,-0.6612
25680,0.0607,0.0214,9.7674,-0.2445,0.0665,-4.2183,-4.3344,-19.6022,-0.6328
25688,0.0595,-0.0761,9.7679,-0.2854,0.0402,-4.1449,-4.3364,-19.6045,-0.6055
25696,0.0598,-0.1301,9.7675,-0.4205,-0.0463,-4.0401,-4.3392,-19.6045,-0.5726
25704,0.0647,-0.1658,9.7711,-0.3523,-0.0196,-3.8679,-4.3421,-19.6044,-0.5397
25712,0.0554,-0.2500,9.7863,-0.2978,0.0779,-3.7325,-4.3402,-19.6053,-0.5084
25720,0.0570,-0.1960,9.7736,-0.2617,0.0644,-3.4778,-4.3384,-19.6076,-0.4782
25728,0.0639,-0.1735,9.7831,-0.2645,0.0649,-3.1408,-4.3384,-19.6127,-0.4485
25736,0.0697,-0.1832,9.7789,-0.2406,0.0307,-2.7759,-4.3394,-19.6154,-0.4203
25744,0.0723,-0.2056,9.7842,-0.1696,0.1100,-2.3737,-4.3404,-19.6182,-0.3922
25752,0.0627,-0.2255,9.8032,-0.0485,-0.0062,-1.9330,-4.3414,-19.6209,-0.3642
25760,0.0764,-0.2271,9.8158,-0.0526,0.0960,-1.5276,-4.3414,-19.6250,-0.3325
25768,0.0619,-0.1779,9.8062,-0.0512,0.1138,-1.0999,-4.3414,-19.6292,-0.3009
25776,0.0715,-0.2086,9.7998,0.0114,-0.0105,-0.6456,-4.3391,-19.6304,-0.2732
25784,0.0789,-0.1785,9.7936,0.1033,0.0306,-0.2965,-4.3367,-19.6317,-0.2456
25792,0.0728,-0.1796,9.7980,0.1779,0.1072,-0.0347,-4.3344,-19.6330,-0.2181
25800,0.0878,-0.1595,9.8138,0.1719,0.1298,0.1944,-4.3368,-19.6404,-0.1883
25808,0.0845,-0.1906,9.8135,0.1394,0.0981,0.4107,-4.3350,-19.6425,-0.1614
25816,0.0788,-0.1668,9.8074,0.1804,0.0358,0.6416,-4.3417,-19.6433,-0.1313
25824,0.0645,-0.1402,9.8154,0.1289,-0.0185,0.8891,-4.3483,-19.6441,-0.1013
25832,0.0634,-0.1144,9.8127,0.1064,-0.0464,1.1071,-4.3478,-19.6439,-0.0714
25840,0.0597,-0.1247,9.8085,0.0715,-0.0384,1.2862,-4.3459,-19.6446,-0.0392
25848,0.0605,-0.1277,9.8128,0.0434,0.0386,1.2708,-4.3460,-19.6449,-0.0075
25856,0.0611,-0.0907,9.8208,-0.0074,0.1095,1.4481,-4.3460,-19.6451,0.0240
25864,0.0554,-0.1133,9.8226,-0.0053,0.0974,1.4523,-4.3460,-19.6454,0.0554
25872,0.0456,-0.1274,9.8156,-0.0193,0.1764,1.4803,-4.3427,-19.6518,0.0867
25880,0.0454,-0.1150,9.8133,0.0206,0.1400,1.4565,-4.3394,-19.6582,0.1179
25888,0.0507,-0.1093,9.8168,-0.0479,0.0785,1.4816,-4.3461,-19.6604,0.1519
25896,0.0528,-0.1037,9.8176,-0.0601,0.0464,1.4524,-4.3527,-19.6625,0.1857
25904,0.0423,-0.0809,9.8101,-0.0690,0.0210,1.4964,-4.3536,-19.6613,0.2143
25912,0.0406,-0.0502,9.8075,-0.0883,-0.0726,1.4052,-4.3541,-19.6643,0.2446
25920,0.0354,-0.0584,9.8142,-0.0506,-0.0555,1.4326,-4.3517,-19.6645,0.2730
25928,0.0531,-0.0281,9.8307,0.0546,-0.0578,1.2535,-4.3522,-19.6676,0.3055
25936,0.0494,-0.0530,9.8329,0.0647,-0.0520,1.0928,-4.3526,-19.6706,0.3379
25944,0.0425,-0.0596,9.8304,0.0903,-0.0810,1.0699,-4.3531,-19.6760,0.3679
25952,0.0431,-0.0027,9.8317,0.0747,-0.0955,0.9120,-4.3526,-19.6790,0.3987
25960,0.0477,0.0611,9.8193,0.0705,-0.1814,0.6677,-4.3526,-19.6816,0.4299
25968,0.0359,0.0100,9.8276,0.0239,-0.2662,0.4100,-4.3526,-19.6841,0.4609
25976,0.0239,0.0211,9.8306,-0.0074,-0.2672,0.2409,-4.3526,-19.6866,0.4919
25984,0.0476,-0.0131,9.8205,-0.0400,-0.2469,0.0419,-4.3535,-19.6915,0.5185
25992,0.0331,-0.0562,9.8283,0.0301,-0.2408,-0.0950,-4.3545,-19.6963,0.5451
26000,0.0227,-0.0461,9.8321,0.0252,-0.2456,-0.2793,-4.3549,-19.6983,0.5777
26008,0.0069,-0.0465,9.8246,0.0205,-0.1916,-0.2396,-4.3554,-19.7003,0.6102
26016,0.0068,-0.0852,9.8156,0.0161,-0.1693,-0.1269,-4.3554,-19.7075,0.6407
26024,-0.0079,-0.0514,9.8233,0.0091,-0.2812,0.0235,-4.3511,-19.7104,0.6707
26032,-0.0053,-0.0663,9.8294,-0.0189,-0.2896,0.2260,-4.3520,-19.7190,0.7081
26040,-0.0066,-0.0247,9.8418,-0.0136,-0.2577,0.3077,-4.3501,-19.7219,0.7435
26048,-0.0050,-0.0313,9.8361,-0.0060,-0.1978,0.3484,-4.3482,-19.7248,0.7788
26056,-0.0090,-0.0754,9.8442,0.0840,-0.2631,0.4967,-4.3487,-19.7300,0.8097
26064,-0.0081,-0.1118,9.8411,0.1328,-0.2937,0.7345,-4.3492,-19.7352,0.8406
26072,-0.0073,-0.0895,9.8459,0.0940,-0.2029,0.9033,-4.3492,-19.7413,0.8694
26080,-0.0097,-0.0767,9.8467,0.0570,-0.0974,1.0620,-4.3492,-19.7475,0.8982
26088,0.0008,-0.0742,9.8520,0.0056,-0.0631,1.2484,-4.3492,-19.7536,0.9268
26096,0.0181,-0.0455,9.8380,0.0951,-0.0117,1.3600,-4.3483,-19.7544,0.9554
26104,0.0242,-0.0592,9.8432,0.0847,0.0427,1.4161,-4.3454,-19.7562,0.9843
26112,0.0283,-0.0083,9.8351,0.1121,-0.0038,1.4403,-4.3450,-19.7557,1.0122
26120,0.0161,0.1116,9.8178,-0.0031,-0.0084,1.3302,-4.3455,-19.7622,1.0410
26128,0.0160,0.2128,9.8326,-0.0465,-0.0154,0.9236,-4.3459,-19.7688,1.0697
26136,0.0049,0.3308,9.8415,-0.2321,0.0393,0.2121,-4.3431,-19.7762,1.0997
26144,0.0173,0.3961,9.8286,-0.2415,-0.0418,-0.4443,-4.3450,-19.7827,1.1306
26152,-0.0057,-0.0709,9.9157,-0.2852,-0.0687,-0.7947,-4.3417,-19.7887,1.1642
26160,-0.0329,-0.3163,9.8725,-0.1990,-0.2064,-0.7937,-4.3399,-19.7951,1.1962
26168,-0.0512,-0.2978,9.8598,-0.2419,-0.1834,-0.6728,-4.3380,-19.8015,1.2282
26176,-0.0590,-0.2338,9.8602,-0.2322,-0.2147,-0.5065,-4.3361,-19.8079,1.2601
26184,-0.0515,-0.1576,9.8541,-0.2363,-0.3354,-0.4062,-4.3333,-19.8153,1.2905
26192,-0.0142,-0.2312,9.8263,-0.2269,-0.3308,-0.1662,-4.3305,-19.8226,1.3207
26200,-0.0265,-0.2486,9.8144,-0.2606,-0.4223,-0.1474,-4.3278,-19.8299,1.3509
26208,-0.0362,-0.2575,9.8246,-0.2154,-0.4246,-0.0148,-4.3250,-19.8347,1.3824
26216,-0.0054,-0.3043,9.8337,-0.2469,-0.4214,0.2054,-4.3232,-19.8325,1.4138
26224,-0.0126,-0.2715,9.8284,-0.2344,-0.3623,0.4213,-4.3199,-19.8383,1.4455
26232,0.0042,-0.2332,9.8299,-0.2010,-0.3645,0.6944,-4.3115,-19.8423,1.4753
26240,-0.0085,-0.2290,9.8163,-0.1505,-0.3932,0.8542,-4.3031,-19.8462,1.5050
26248,-0.0013,-0.2312,9.8103,-0.0808,-0.4634,1.0764,-4.2985,-19.8529,1.5374
26256,0.0030,-0.1889,9.7994,0.0124,-0.4185,1.1555,-4.2935,-19.8601,1.5702
26264,0.0269,-0.2418,9.7882,0.0270,-0.4796,1.2552,-4.2884,-19.8672,1.6029
26272,0.0567,-0.2491,9.7836,-0.0738,-0.3886,1.3372,-4.2787,-19.8772,1.6369
26280,0.0632,-0.2220,9.7834,-0.0422,-0.3097,1.3462,-4.2690,-19.8872,1.6708
26288,0.0668,-0.2521,9.8111,0.0148,-0.3035,1.2162,-4.2593,-19.8971,1.7046
26296,0.0856,-0.3122,9.8079,0.0639,-0.3163,1.1746,-4.2520,-19.9070,1.7369
26304,0.0870,-0.3306,9.8100,0.0522,-0.2538,1.2174,-4.2447,-19.9168,1.7690
26312,0.0929,-0.3121,9.8128,0.0970,-0.2287,1.2557,-4.2375,-19.9229,1.7978
26320,0.0755,-0.2695,9.8118,0.0838,-0.1941,1.3270,-4.2303,-19.9289,1.8264
26328,0.0752,-0.3079,9.7948,0.0872,-0.1103,1.3685,-4.2250,-19.9320,1.8602
26336,0.0667,-0.3194,9.7968,-0.0029,-0.1315,1.3122,-4.2201,-19.9380,1.8943
26344,0.0604,-0.2956,9.7968,0.0657,-0.2025,1.4290,-4.2139,-19.9440,1.9260
26352,0.0493,-0.2449,9.8018,0.0139,-0.1370,1.4820,-4.2072,-19.9457,1.9604
26360,0.0533,-0.2401,9.8118,-0.0223,-0.1704,1.4261,-4.2006,-19.9474,1.9947
26368,0.0533,-0.2111,9.8167,-0.0382,-0.1383,1.4046,-4.1963,-19.9514,2.0256
26376,0.0528,-0.1508,9.8271,-0.0722,-0.1423,1.1840,-4.1921,-19.9554,2.0564
26384,0.0506,-0.1749,9.8151,-0.1899,-0.1514,1.1251,-4.1840,-19.9614,2.0875
26392,0.0540,-0.1722,9.8024,-0.2519,-0.0535,0.9835,-4.1760,-19.9672,2.1186
26400,0.0548,-0.1838,9.7927,-0.1831,-0.0985,0.8960,-4.1681,-19.9731,2.1496
26408,0.0524,-0.1812,9.7972,-0.1814,-0.1069,0.8523,-4.1601,-19.9813,2.1828
26416,0.0520,-0.1783,9.8108,-0.2170,-0.2109,0.8906,-4.1588,-19.9872,2.2126
26424,0.0553,-0.1616,9.8204,-0.2271,-0.2918,0.9219,-4.1518,-19.9906,2.2414
26432,0.0478,-0.1373,9.8204,-0.2848,-0.2837,0.9704,-4.1449,-19.9941,2.2700
26440,0.0424,-0.1300,9.8200,-0.2892,-0.2413,0.9342,-4.1408,-19.9979,2.3057
26448,0.0330,-0.1238,9.8223,-0.2482,-0.1875,0.9289,-4.1306,-20.0037,2.3375
26456,0.0326,-0.1168,9.8121,-0.2169,-0.1600,0.8464,-4.1279,-20.0090,2.3687
26464,0.0341,-0.0836,9.8175,-0.1737,-0.2030,0.7943,-4.1239,-20.0152,2.4041
26472,0.0336,-0.0677,9.8219,-0.1883,-0.1322,0.6831,-4.1199,-20.0214,2.4394
26480,0.0223,-0.0506,9.8245,-0.1703,-0.0964,0.7207,-4.1140,-20.0248,2.4717
26488,0.0193,-0.0378,9.8159,-0.1851,-0.0729,0.6688,-4.1081,-20.0281,2.5039
26496,0.0061,-0.0468,9.8254,-0.2286,-0.0691,0.6857,-4.1089,-20.0333,2.5346
26504,0.0152,-0.0526,9.8236,-0.2649,-0.0441,0.5339,-4.1096,-20.0385,2.5652
26512,0.0088,-0.0433,9.8306,-0.1742,-0.1429,0.5061,-4.1104,-20.0437,2.5957
26520,0.0121,-0.0590,9.8228,-0.1595,-0.1307,0.6129,-4.1083,-20.0493,2.6275
26528,0.0023,0.0033,9.7998,-0.1748,-0.0123,0.5203,-4.1015,-20.0487,2.6592
26536,0.0067,-0.0022,9.8018,-0.2481,-0.0138,0.5357,-4.0937,-20.0567,2.6923
26544,0.0047,-0.0150,9.7908,-0.2328,0.0621,0.4785,-4.0860,-20.0647,2.7252
26552,0.0189,-0.0093,9.8087,-0.2182,0.0653,0.4531,-4.0788,-20.0684,2.7562
26560,0.0035,-0.0205,9.8107,-0.2096,0.1058,0.3141,-4.0763,-20.0711,2.7894
26568,-0.0114,-0.0079,9.8253,-0.2174,-0.0582,0.3013,-4.0673,-20.0752,2.8230
26576,-0.0121,-0.0274,9.8185,-0.2328,-0.0817,0.2303,-4.0582,-20.0793,2.8564
26584,-0.0072,-0.0496,9.8260,-0.2208,-0.0402,0.2638,-4.0492,-20.0834,2.8898
26592,-0.0056,-0.0347,9.8200,-0.2574,-0.0298,0.2771,-4.0426,-20.0889,2.9254
26600,-0.0004,-0.0462,9.8178,-0.3004,-0.0305,0.2419,-4.0360,-20.0944,2.9609
26608,0.0051,-0.0748,9.8217,-0.3415,-0.2099,0.0668,-4.0275,-20.0980,2.9935
26616,0.0106,-0.0962,9.8179,-0.3569,-0.2134,0.0541,-4.0214,-20.1006,3.0269
26624,0.0106,-0.0991,9.8209,-0.3262,-0.1741,-0.0887,-4.0153,-20.1032,3.0602
26632,0.0087,-0.0863,9.8295,-0.2915,-0.2112,-0.1240,-4.0083,-20.1129,3.0901
26640,0.0188,-0.0756,9.8396,-0.3117,-0.2333,-0.1817,-3.9995,-20.1160,3.1218
26648,0.0221,-0.0787,9.8319,-0.2776,-0.1771,-0.1222,-3.9906,-20.1223,3.1557
26656,0.0251,-0.0919,9.8394,-0.2691,-0.1474,-0.0867,-3.9818,-20.1253,3.1881
26664,0.0241,-0.0679,9.8185,-0.3196,-0.0817,-0.0953,-3.9730,-20.1283,3.2205
26672,0.0200,-0.0891,9.8196,-0.4078,-0.0642,-0.1543,-3.9666,-20.1299,3.2541
26680,0.0214,-0.0694,9.8206,-0.3802,-0.0367,-0.1413,-3.9612,-20.1353,3.2862
26688,0.0171,-0.0599,9.8265,-0.3832,-0.0558,-0.0810,-3.9558,-20.1406,3.3182
26696,0.0173,-0.0599,9.8187,-0.3967,-0.0634,-0.1352,-3.9466,-20.1464,3.3501
26704,0.0039,-0.0599,9.8225,-0.3936,-0.1267,-0.0671,-3.9375,-20.1522,3.3815
26712,0.0004,-0.0463,9.8351,-0.3426,-0.0645,-0.1086,-3.9284,-20.1579,3.4127
26720,0.0081,-0.0116,9.8310,-0.3126,-0.0584,-0.1617,-3.9202,-20.1604,3.4438
26728,0.0124,-0.0071,9.8318,-0.3478,-0.0232,-0.3164,-3.9121,-20.1652,3.4796
26736,0.0058,-0.0094,9.8139,-0.3815,0.0745,-0.3790,-3.9040,-20.1699,3.5153
26744,-0.0093,0.0058,9.8099,-0.4191,0.1225,-0.4442,-3.8922,-20.1761,3.5499
26752,0.0012,0.0620,9.8155,-0.3750,0.1018,-0.5199,-3.8856,-20.1842,3.5815
26760,-0.0034,0.0404,9.8215,-0.3542,0.0313,-0.7310,-3.8785,-20.1931,3.6140
26768,0.0120,0.0285,9.8127,-0.3290,0.0492,-0.9142,-3.8677,-20.1992,3.6450
26776,0.0146,0.0074,9.8157,-0.2942,0.0024,-1.0920,-3.8569,-20.2053,3.6759
26784,0.0005,0.0251,9.8130,-0.2049,0.0056,-1.1687,-3.8461,-20.2114,3.7067
26792,0.0000,-0.0158,9.8242,-0.3222,-0.0207,-1.2874,-3.8345,-20.2141,3.7364
26800,-0.0182,-0.0432,9.8302,-0.3010,0.0022,-1.3609,-3.8228,-20.2169,3.7660
26808,-0.0105,-0.0672,9.8311,-0.2808,0.0427,-1.4151,-3.8164,-20.2200,3.7994
26816,-0.0049,-0.0747,9.8356,-0.3041,-0.0252,-1.4137,-3.8101,-20.2232,3.8326
26824,-0.0103,-0.0856,9.8296,-0.2330,-0.0395,-1.3910,-3.8037,-20.2302,3.8648
26832,-0.0029,-0.1018,9.8192,-0.2238,-0.0158,-1.4200,-3.7908,-20.2390,3.8983
26840,-0.0066,-0.0705,9.8307,-0.2069,-0.0065,-1.4157,-3.7802,-20.2426,3.9283
26848,0.0013,-0.0741,9.8243,-0.1801,0.1038,-1.4062,-3.7721,-20.2476,3.9583
26856,-0.0106,-0.0841,9.8189,-0.1785,0.1265,-1.3705,-3.7640,-20.2526,3.9882
26864,-0.0109,-0.0914,9.8145,-0.1449,0.1163,-1.4724,-3.7535,-20.2623,4.0213
26872,-0.0021,-0.0921,9.8146,-0.0728,0.1865,-1.4711,-3.7378,-20.2691,4.0529
26880,-0.0005,-0.0913,9.8124,-0.1399,0.0990,-1.3819,-3.7322,-20.2726,4.0839
26888,0.0010,-0.1120,9.8155,-0.0094,0.1140,-1.2993,-3.7266,-20.2761,4.1148
26896,-0.0004,-0.1285,9.8183,-0.0152,0.0696,-1.2549,-3.7210,-20.2796,4.1456
26904,-0.0003,-0.1256,9.8148,-0.0208,0.0405,-1.1325,-3.7083,-20.2845,4.1749
26912,0.0007,-0.1157,9.8268,-0.0315,-0.1019,-1.1061,-3.6956,-20.2893,4.2041
26920,0.0088,-0.1264,9.8257,-0.0284,-0.0968,-0.9875,-3.6873,-20.2947,4.2361
26928,0.0144,-0.1351,9.8225,-0.1187,-0.1266,-0.9248,-3.6789,-20.3000,4.2680
26936,0.0136,-0.1115,9.8273,-0.0744,-0.1205,-0.8702,-3.6664,-20.3086,4.3025
26944,0.0178,-0.0898,9.8226,-0.0668,-0.0372,-0.7166,-3.6553,-20.3157,4.3328
26952,0.0157,-0.0674,9.8215,-0.0781,-0.0643,-0.6950,-3.6470,-20.3200,4.3667
26960,0.0170,-0.0334,9.8159,-0.1929,-0.1382,-0.6744,-3.6393,-20.3257,4.3976
26968,0.0204,-0.0223,9.8136,-0.2201,-0.2115,-0.6734,-3.6316,-20.3314,4.4285
26976,0.0176,0.0156,9.8015,-0.2114,-0.1536,-0.6511,-3.6168,-20.3399,4.4602
26984,0.0119,0.0225,9.8175,-0.2004,-0.2663,-0.7924,-3.6021,-20.3484,4.4919
26992,-0.0051,0.0725,9.8018,-0.1712,-0.2887,-0.7836,-3.5936,-20.3555,4.5248
27000,0.0045,0.1109,9.7763,-0.2553,-0.2861,-0.8177,-3.5851,-20.3625,4.5576
27008,0.0123,0.0814,9.7764,-0.2264,-0.2329,-0.8638,-3.5766,-20.3695,4.5904
27016,0.0158,0.1090,9.7938,-0.2361,-0.2568,-0.9371,-3.5658,-20.3764,4.6230
27024,0.0202,0.0997,9.8027,-0.1813,-0.1969,-0.9966,-3.5536,-20.3796,4.6579
27032,0.0316,0.1182,9.7903,-0.2357,-0.1557,-1.0695,-3.5414,-20.3865,4.6912
27040,0.0140,0.0981,9.8009,-0.1623,-0.0789,-1.1445,-3.5293,-20.3934,4.7245
27048,0.0273,0.1250,9.8073,-0.1774,-0.0135,-1.4003,-3.5162,-20.4041,4.7520
27056,0.0298,0.0805,9.7854,-0.1413,-0.1189,-1.5301,-3.5089,-20.4133,4.7841
27064,0.0193,0.0762,9.8060,-0.1093,-0.0998,-1.5157,-3.4969,-20.4216,4.8128
27072,0.0298,0.0605,9.8047,-0.0681,-0.1508,-1.5285,-3.4825,-20.4308,4.8457
27080,0.0124,0.0295,9.7980,-0.0848,-0.1009,-1.6395,-3.4682,-20.4399,4.8784
27088,0.0013,0.0820,9.7851,-0.0473,-0.0905,-1.6869,-3.4587,-20.4481,4.9149
27096,0.0039,0.0152,9.7953,-0.1155,-0.0059,-1.6043,-3.4492,-20.4562,4.9512
27104,0.0168,-0.0211,9.7758,-0.1220,0.0190,-1.5412,-3.4336,-20.4610,4.9856
27112,0.0157,0.0262,9.7792,-0.1709,0.0428,-1.4116,-3.4180,-20.4658,5.0198
27120,0.0093,0.1328,9.7731,-0.1670,-0.0225,-1.2397,-3.4025,-20.4706,5.0539
27128,0.0239,0.1017,9.7844,-0.1473,-0.0075,-1.1606,-3.3908,-20.4772,5.0907
27136,0.0217,0.1464,9.7806,-0.1338,-0.1026,-1.2397,-3.3805,-20.4862,5.1298
27144,0.0434,0.1596,9.7894,-0.0969,-0.0361,-1.2539,-3.3713,-20.4966,5.1593
27152,0.0457,0.1729,9.7896,-0.0749,-0.0766,-1.2489,-3.3573,-20.5046,5.1935
27160,0.0500,0.1475,9.7634,-0.1072,-0.0699,-1.1480,-3.3434,-20.5125,5.2275
27168,0.0562,0.1118,9.7534,-0.1274,-0.0236,-1.1210,-3.3267,-20.5172,5.2690
27176,0.0582,0.1875,9.7543,-0.1201,-0.0272,-1.1857,-3.3133,-20.5265,5.3033
27184,0.0796,0.2031,9.7711,-0.1078,0.0013,-1.3330,-3.2948,-20.5391,5.3417
27192,0.0630,0.1731,9.7844,0.0133,-0.0622,-1.4872,-3.2858,-20.5470,5.3800
27200,0.0593,0.1609,9.7933,0.0172,-0.1415,-1.5973,-3.2769,-20.5548,5.4182
27208,0.0396,0.1805,9.8041,0.0742,-0.1773,-1.6465,-3.2680,-20.5626,5.4563
27216,0.0500,0.1526,9.8203,0.0647,-0.0863,-1.7417,-3.2505,-20.5732,5.4923
27224,0.0672,0.1223,9.8189,0.1809,-0.1405,-1.7953,-3.2332,-20.5838,5.5283
27232,0.0645,0.2143,9.8232,0.1801,-0.1471,-1.8546,-3.2159,-20.5944,5.5641
27240,0.0720,0.1422,9.8243,0.1286,-0.1720,-2.0659,-3.1962,-20.6049,5.6022
27248,0.0680,0.1230,9.8253,0.0821,-0.1265,-2.1454,-3.1805,-20.6196,5.6387
27256,0.0502,0.1078,9.8253,0.0696,-0.0777,-2.2587,-3.1624,-20.6296,5.6770
27264,0.0158,0.1661,9.8121,0.1109,-0.0843,-2.1590,-3.1467,-20.6405,5.7143
27272,0.0176,0.1542,9.8270,0.1078,-0.0080,-2.1357,-3.1311,-20.6513,5.7514
27280,0.0246,0.1784,9.8300,0.1369,0.0756,-2.1241,-3.1146,-20.6645,5.7894
27288,0.0141,0.1922,9.8041,0.1380,0.1849,-1.9770,-3.1014,-20.6767,5.8310
27296,0.0338,0.0994,9.8098,0.1470,0.1935,-1.7590,-3.0883,-20.6888,5.8725
27304,0.0174,0.0597,9.7976,0.1343,0.2123,-1.6306,-3.0715,-20.7037,5.9120
27312,0.0354,0.0260,9.7947,0.1755,0.2837,-1.6411,-3.0547,-20.7186,5.9513
27320,0.0321,0.0155,9.8086,0.0683,0.2586,-1.6804,-3.0379,-20.7334,5.9905
27328,0.0245,0.1072,9.7965,0.0270,0.2826,-1.5581,-3.0188,-20.7449,6.0320
27336,0.0213,0.0480,9.8061,-0.0577,0.2202,-1.5531,-2.9984,-20.7597,6.0743
27344,0.0216,0.0928,9.8198,-0.1681,0.0858,-1.4443,-2.9747,-20.7734,6.1122
27352,-0.0127,0.1512,9.7907,-0.1644,0.0987,-1.4576,-2.9511,-20.7871,6.1500
27360,-0.0133,0.1347,9.7890,-0.1421,0.0070,-1.4330,-2.9300,-20.8007,6.1909
27368,-0.0298,0.1258,9.8216,-0.1208,0.0047,-1.4761,-2.9060,-20.8186,6.2336
27376,-0.0064,-0.0140,9.8197,-0.1484,-0.0695,-1.2933,-2.8827,-20.8330,6.2767
27384,-0.0171,0.0185,9.7956,-0.0495,-0.1592,-1.3186,-2.8617,-20.8498,6.3182
27392,-0.0018,-0.0226,9.8185,-0.0056,-0.0983,-1.3080,-2.8408,-20.8665,6.3596
27400,0.0098,-0.0157,9.8264,-0.0063,-0.0427,-1.0500,-2.8186,-20.8892,6.4056
27408,0.0117,0.0429,9.8131,-0.0096,0.0025,-0.9552,-2.7965,-20.9118,6.4514
27416,0.0530,0.0172,9.8175,0.0219,0.1230,-0.7339,-2.7739,-20.9291,6.4952
27424,0.0393,-0.0466,9.8096,-0.0227,0.0916,-0.6716,-2.7514,-20.9463,6.5389
27432,0.0570,-0.0666,9.8001,-0.0279,0.0002,-0.5240,-2.7290,-20.9634,6.5824
27440,0.0512,-0.0523,9.7852,-0.0169,-0.0098,-0.5776,-2.7033,-20.9790,6.6258
27448,0.0309,-0.0339,9.8063,-0.0118,-0.0488,-0.6581,-2.6801,-20.9959,6.6714
27456,0.0362,-0.1102,9.8245,0.0625,-0.0327,-0.8284,-2.6551,-21.0094,6.7141
27464,0.0488,-0.0539,9.8028,0.0268,-0.0466,-1.0073,-2.6301,-21.0228,6.7566
27472,0.0565,-0.0249,9.8017,-0.0313,-0.0173,-1.1331,-2.6047,-21.0428,6.8041
27480,0.0402,0.0342,9.7935,0.0305,-0.0959,-1.3787,-2.5847,-21.0612,6.8464
27488,0.0392,0.0548,9.7910,0.0096,-0.0991,-1.7228,-2.5585,-21.0819,6.8884
27496,0.0469,0.2092,9.8007,-0.0291,0.0366,-1.9639,-2.5324,-21.1025,6.9304
27504,0.0411,0.1955,9.8358,-0.0421,0.1289,-2.3385,-2.5065,-21.1230,6.9722
27512,0.0400,0.1142,9.8471,-0.0225,0.1399,-2.6887,-2.4815,-21.1415,7.0167
27520,0.0394,0.0749,9.8747,0.0016,0.1558,-2.9809,-2.4566,-21.1599,7.0611
27528,0.0453,0.0935,9.8722,0.0086,0.0883,-3.0843,-2.4256,-21.1829,7.1068
27536,0.0328,0.0547,9.8382,-0.0300,0.0610,-3.2312,-2.3948,-21.2058,7.1523
27544,0.0370,0.1276,9.8424,-0.0163,-0.0557,-3.4730,-2.3668,-21.2281,7.1981
27552,0.0276,0.0724,9.8422,-0.0538,-0.1859,-3.6723,-2.3376,-21.2508,7.2420
27560,0.0114,0.2024,9.8474,-0.0684,-0.1878,-3.7961,-2.3117,-21.2733,7.2871
27568,0.0072,0.2157,9.8640,-0.0397,-0.1923,-3.7146,-2.2841,-21.2939,7.3334
27576,-0.0026,0.1567,9.8735,-0.1055,-0.2233,-3.7433,-2.2565,-21.3143,7.3797
27584,-0.0155,0.2440,9.8480,-0.1605,-0.1915,-3.7467,-2.2314,-21.3384,7.4257
27592,-0.0135,0.2360,9.8454,-0.1651,-0.2172,-3.6086,-2.2054,-21.3661,7.4740
27600,-0.0158,0.1291,9.8630,-0.0868,-0.1724,-3.4100,-2.1766,-21.3880,7.5217
27608,-0.0088,0.1730,9.8522,-0.1826,-0.1696,-3.2440,-2.1480,-21.4098,7.5692
27616,0.0130,0.1358,9.8423,-0.1115,-0.1775,-3.0426,-2.1194,-21.4314,7.6166
27624,-0.0041,0.1127,9.8325,-0.0782,-0.1771,-2.8953,-2.0881,-21.4595,7.6643
27632,0.0082,0.0643,9.8455,-0.0624,-0.1394,-2.7598,-2.0569,-21.4874,7.7119
27640,0.0065,-0.0062,9.8591,-0.0872,-0.1327,-2.6569,-2.0248,-21.5170,7.7612
27648,-0.0009,0.0597,9.8413,-0.0550,-0.0889,-2.3799,-1.9919,-21.5451,7.8136
27656,-0.0044,0.0365,9.8457,-0.0642,-0.1431,-2.1336,-1.9591,-21.5730,7.8659
27664,0.0079,0.0432,9.8365,0.0550,-0.1335,-1.7994,-1.9316,-21.5964,7.9175
27672,0.0177,-0.0012,9.8372,-0.0150,-0.0790,-1.6292,-1.9009,-21.6259,7.9690
27680,0.0097,-0.0583,9.8511,0.0434,-0.1176,-1.3251,-1.8716,-21.6523,8.0199
27688,0.0279,-0.0562,9.8514,0.0566,-0.1038,-1.1729,-1.8402,-21.6796,8.0682
27696,0.0709,-0.0137,9.8548,0.0932,-0.1307,-1.1074,-1.8088,-21.7066,8.1164
27704,0.0587,-0.0136,9.8584,0.0376,-0.1777,-0.9381,-1.7751,-21.7335,8.1620
27712,0.0536,-0.0408,9.8489,0.0350,-0.0653,-0.8109,-1.7430,-21.7569,8.2123
27720,0.0076,0.0444,9.8275,0.0059,-0.1604,-0.6146,-1.7110,-21.7802,8.2623
27728,0.0069,0.0787,9.8328,-0.0406,-0.2754,-0.6802,-1.6790,-21.8095,8.3123
27736,0.0018,0.0400,9.8576,-0.0984,-0.2708,-0.6949,-1.6472,-21.8386,8.3668
27744,0.0135,-0.0060,9.8586,-0.1617,-0.3010,-0.6369,-1.6155,-21.8675,8.4211
27752,-0.0060,0.0713,9.8308,-0.0356,-0.3058,-0.6722,-1.5834,-21.8920,8.4734
27760,-0.0359,0.0985,9.8449,-0.0269,-0.2118,-0.6633,-1.5538,-21.9173,8.5207
27768,-0.0388,0.0041,9.8613,0.0320,-0.1833,-0.7374,-1.5242,-21.9424,8.5679
27776,-0.0123,0.0049,9.8729,0.0057,-0.1986,-0.8616,-1.4905,-21.9754,8.6216
27784,0.0085,-0.0077,9.8711,0.0605,-0.1760,-0.9724,-1.4626,-22.0006,8.6737
27792,0.0210,-0.0760,9.8581,0.0703,-0.1010,-1.1210,-1.4291,-22.0285,8.7290
27800,0.0058,-0.0968,9.8358,0.1943,-0.1839,-1.2604,-1.3967,-22.0533,8.7808
27808,-0.0070,-0.0414,9.8353,0.1475,-0.2073,-1.4151,-1.3643,-22.0780,8.8324
27816,-0.0204,-0.0331,9.8198,0.2442,-0.2802,-1.4377,-1.3321,-22.1025,8.8838
27824,-0.0262,-0.0065,9.8262,0.1446,-0.2620,-1.4806,-1.2961,-22.1302,8.9356
27832,-0.0364,-0.0225,9.8266,0.1720,-0.2179,-1.5590,-1.2603,-22.1576,8.9871
27840,-0.0192,0.0108,9.8347,0.2009,-0.1704,-1.4553,-1.2251,-22.1844,9.0405
27848,-0.0068,-0.0073,9.8406,0.2232,-0.1863,-1.5241,-1.1899,-22.2111,9.0936
27856,-0.0148,0.0537,9.8332,0.1218,-0.2469,-1.5392,-1.1601,-22.2428,9.1471
27864,-0.0051,-0.0072,9.8320,0.0969,-0.2088,-1.5564,-1.1295,-22.2704,9.1970
27872,-0.0019,-0.0951,9.8391,0.0998,-0.2044,-1.5034,-1.0965,-22.2980,9.2516
27880,0.0034,-0.0750,9.8210,0.0918,-0.1388,-1.5702,-1.0675,-22.3262,9.3097
27888,0.0099,-0.0252,9.8218,0.1482,-0.1721,-1.5193,-1.0386,-22.3543,9.3677
27896,0.0095,-0.0108,9.8149,0.0661,-0.0919,-1.4600,-1.0059,-22.3827,9.4226
27904,0.0068,-0.0414,9.7936,0.1423,-0.1113,-1.4939,-0.9762,-22.4162,9.4736
27912,0.0039,-0.0004,9.7998,0.0845,-0.0898,-1.4651,-0.9438,-22.4418,9.5258
27920,-0.0005,0.0131,9.8017,0.1332,-0.0346,-1.4161,-0.9114,-22.4672,9.5778
27928,0.0260,0.0863,9.7639,0.0545,-0.1204,-1.4786,-0.8792,-22.4925,9.6296
27936,0.0204,-0.0219,9.7743,0.0778,-0.1918,-1.5624,-0.8452,-22.5195,9.6842
27944,0.0194,-0.0406,9.7746,0.0575,-0.2682,-1.6319,-0.8112,-22.5463,9.7385
27952,0.0395,-0.0242,9.7899,0.0408,-0.2558,-1.7410,-0.7779,-22.5748,9.7922
27960,0.0376,-0.0294,9.7978,-0.0286,-0.1826,-1.8080,-0.7446,-22.6032,9.8457
27968,0.0427,-0.0114,9.7986,-0.0016,-0.2754,-1.7707,-0.7139,-22.6337,9.8980
27976,0.0332,-0.0219,9.8239,0.0135,-0.2200,-1.9004,-0.6799,-22.6617,9.9479
27984,0.0105,-0.0547,9.8318,0.0520,-0.2498,-2.0271,-0.6446,-22.6894,10.0022
27992,0.0146,-0.1850,9.8503,0.0888,-0.2302,-2.0816,-0.6118,-22.7194,10.0527
28000,0.0192,-0.1499,9.8439,0.0707,-0.0888,-2.1443,-0.5791,-22.7492,10.1029
28008,0.0456,-0.0284,9.8526,0.0507,-0.0710,-2.2257,-0.5479,-22.7835,10.1601
28016,0.0587,-0.0915,9.8331,0.0209,-0.0566,-2.3195,-0.5168,-22.8176,10.2171
28024,0.0386,-0.1109,9.8506,-0.0130,-0.0588,-2.2385,-0.4844,-22.8501,10.2724
28032,0.0290,-0.1529,9.8550,0.0294,-0.0449,-2.2677,-0.4520,-22.8824,10.3276
28040,0.0299,-0.0917,9.8549,0.0138,0.0430,-1.9997,-0.4198,-22.9145,10.3826
28048,-0.0052,0.0243,9.8526,-0.0597,0.1297,-1.8207,-0.3839,-22.9421,10.4383
28056,0.0181,-0.0097,9.8386,-0.0127,0.0527,-1.6309,-0.3486,-22.9775,10.4910
28064,0.0051,0.0429,9.8342,-0.0477,0.0190,-1.5294,-0.3144,-23.0104,10.5397
28072,0.0083,0.0636,9.8210,-0.0812,0.0215,-1.3576,-0.2802,-23.0430,10.5883
28080,0.0235,0.0336,9.8105,-0.1319,0.0638,-1.1854,-0.2433,-23.0760,10.6385
28088,0.0277,0.0648,9.8078,-0.1697,0.0430,-1.1140,-0.2104,-23.1063,10.6853
28096,0.0132,0.0725,9.8004,-0.1926,-0.0089,-0.9871,-0.1775,-23.1379,10.7362
28104,0.0098,0.0622,9.7877,-0.0891,0.0081,-0.8177,-0.1485,-23.1673,10.7878
28112,0.0143,-0.0036,9.7927,-0.1208,0.0404,-0.7251,-0.1196,-23.1966,10.8393
28120,0.0089,-0.0309,9.7962,-0.1004,0.0553,-0.6632,-0.0875,-23.2290,10.8939
28128,0.0300,-0.0054,9.7867,-0.1209,0.0348,-0.3106,-0.0555,-23.2611,10.9483
28136,0.0304,-0.0279,9.7822,-0.1752,0.0179,-0.2962,-0.0222,-23.2907,11.0049
28144,0.0357,0.0324,9.7863,-0.2031,-0.0329,-0.1464,0.0110,-23.3201,11.0612
28152,0.0219,0.0441,9.7891,-0.1258,0.0145,-0.0084,0.0441,-23.3494,11.1174
28160,0.0335,0.0287,9.7821,-0.1426,-0.1002,0.0888,0.0772,-23.3798,11.1639
28168,0.0463,0.0348,9.7994,-0.1319,-0.1298,0.0991,0.1134,-23.4101,11.2173
28176,0.0479,0.0509,9.8073,-0.1298,-0.0862,0.0583,0.1424,-23.4354,11.2738
28184,0.0684,0.0563,9.7890,-0.0717,-0.0231,-0.0980,0.1765,-23.4672,11.3273
28192,0.0643,0.0356,9.7924,-0.0908,-0.0508,-0.1222,0.2105,-23.4988,11.3806
28200,0.0646,0.1190,9.7760,-0.0771,-0.0239,-0.1773,0.2454,-23.5283,11.4342
28208,0.0480,0.1676,9.7825,-0.0746,-0.0409,-0.1927,0.2759,-23.5595,11.4847
28216,0.0467,0.2097,9.7752,-0.2536,-0.1372,-0.2981,0.3105,-23.5934,11.5378
28224,0.0436,0.2560,9.8027,-0.2114,-0.0399,-0.2948,0.3441,-23.6242,11.5903
28232,0.0377,0.2332,9.8090,-0.2298,0.0425,-0.3237,0.3776,-23.6548,11.6426
28240,0.0365,0.1775,9.8224,-0.2073,0.0573,-0.3620,0.4110,-23.6852,11.6947
28248,0.0476,0.1823,9.8167,-0.2125,-0.0193,-0.4573,0.4438,-23.7159,11.7438
28256,0.0276,0.1688,9.8289,-0.2415,0.0062,-0.3778,0.4765,-23.7464,11.7927
28264,0.0528,0.1785,9.7931,-0.2105,0.0679,-0.3071,0.5091,-23.7767,11.8414
28272,0.0169,0.2113,9.7920,-0.2662,0.1029,-0.1061,0.5416,-23.8115,11.8956
28280,0.0153,0.1700,9.8016,-0.2688,0.0724,-0.1246,0.5716,-23.8499,11.9487
28288,0.0157,0.1017,9.8257,-0.2580,0.0485,-0.1103,0.6015,-23.8833,12.0001
28296,0.0148,0.0827,9.8330,-0.1863,0.0443,-0.0219,0.6313,-23.9212,12.0551
28304,0.0102,0.0331,9.8354,-0.2111,0.0777,0.1186,0.6611,-23.9589,12.1100
28312,0.0293,-0.0340,9.8363,-0.1734,0.0456,0.3089,0.6974,-23.9944,12.1684
28320,0.0694,0.0582,9.8152,-0.1401,0.0576,0.4109,0.7274,-24.0273,12.2218
28328,0.0437,0.0634,9.8330,-0.1695,-0.1443,0.5085,0.7573,-24.0600,12.2750
28336,0.0433,0.0289,9.8747,-0.2004,-0.1640,0.6951,0.7895,-24.0939,12.3280
28344,0.0533,0.0017,9.8404,-0.2112,-0.1802,0.9216,0.8215,-24.1276,12.3807
28352,0.0510,-0.0807,9.8325,-0.1256,-0.2144,1.0075,0.8535,-24.1611,12.4333
28360,0.0417,-0.0974,9.8451,-0.1690,-0.2230,1.1536,0.8863,-24.1958,12.4851
28368,0.0528,-0.0897,9.8382,-0.1385,-0.2340,1.2427,0.9176,-24.2302,12.5344
28376,0.0442,0.0261,9.8215,-0.1547,-0.1618,1.3572,0.9503,-24.2635,12.5882
28384,0.0546,-0.0409,9.8050,-0.1702,-0.1274,1.3227,0.9828,-24.2966,12.6418
28392,0.0412,-0.0391,9.8046,-0.1930,-0.1692,1.3271,1.0119,-24.3299,12.6994
28400,0.0497,-0.0110,9.8180,-0.2868,-0.2385,1.2459,1.0456,-24.3668,12.7554
28408,0.0454,-0.0120,9.8096,-0.2165,-0.1128,1.2190,1.0778,-24.4039,12.8083
28416,0.0453,-0.0125,9.8002,-0.1946,-0.0406,1.1959,1.1085,-24.4398,12.8666
28424,0.0283,0.0367,9.8030,-0.1871,-0.0355,1.1498,1.1391,-24.4756,12.9247
28432,0.0265,0.0590,9.8101,-0.1211,0.0254,1.1697,1.1692,-24.5115,12.9797
28440,0.0436,0.1132,9.8102,-0.1648,0.0249,0.8821,1.1991,-24.5473,13.0345
28448,0.0354,0.1227,9.8098,-0.1905,0.0084,0.8044,1.2318,-24.5795,13.0863
28456,0.0317,0.1149,9.7976,-0.2071,-0.0046,0.6741,1.2644,-24.6114,13.1378
28464,0.0118,-0.0206,9.8135,-0.1589,-0.1238,0.5708,1.2968,-24.6432,13.1890
28472,0.0076,0.0098,9.8101,-0.2062,-0.0804,0.3254,1.3311,-24.6790,13.2429
28480,0.0274,-0.1089,9.8174,-0.1768,-0.0576,0.1040,1.3610,-24.7156,13.2961
28488,0.0107,-0.1138,9.8082,-0.1593,-0.0651,-0.0970,1.3908,-24.7519,13.3501
28496,0.0166,-0.1470,9.7952,-0.1319,-0.0670,-0.1665,1.4205,-24.7879,13.4038
28504,0.0346,-0.0430,9.8081,-0.0551,-0.0847,-0.3104,1.4525,-24.8271,13.4530
28512,0.0346,0.0191,9.7961,-0.0216,-0.0697,-0.3306,1.4872,-24.8641,13.5072
28520,0.0272,0.0029,9.8103,0.0264,-0.0714,-0.6219,1.5157,-24.8994,13.5593
28528,0.0429,-0.0714,9.8194,0.0057,-0.0650,-0.8312,1.5440,-24.9345,13.6112
28536,0.0393,-0.0042,9.8382,0.0045,-0.0802,-0.9966,1.5723,-24.9694,13.6628
28544,0.0393,0.0205,9.8429,-0.0206,-0.0574,-1.0402,1.6015,-25.0074,13.7143
28552,0.0538,-0.0140,9.8513,-0.0900,-0.0596,-1.1618,1.6305,-25.0451,13.7655
28560,0.0724,0.0727,9.8620,-0.0709,-0.0723,-1.2355,1.6632,-25.0802,13.8142
28568,0.0647,0.0305,9.8667,-0.1194,-0.0979,-1.1859,1.6959,-25.1151,13.8627
28576,0.0344,0.0674,9.8446,-0.1791,0.0297,-1.2772,1.7275,-25.1540,13.9152
28584,0.0690,0.0252,9.8432,-0.2415,0.0131,-1.2205,1.7533,-25.1973,13.9661
28592,0.0652,-0.0243,9.8155,-0.2639,0.0024,-1.2435,1.7847,-25.2371,14.0144
28600,0.0773,-0.0300,9.8319,-0.2826,-0.0130,-1.1910,1.8179,-25.2733,14.0691
28608,0.1114,-0.0766,9.8596,-0.3378,0.0522,-1.3113,1.8510,-25.3092,14.1236
28616,0.0963,-0.0468,9.8595,-0.4120,0.0372,-1.2691,1.8821,-25.3491,14.1769
28624,0.0736,-0.0243,9.8558,-0.4215,0.1029,-1.2847,1.9169,-25.3902,14.2324
28632,0.0721,-0.0327,9.8652,-0.3854,0.0350,-1.1424,1.9477,-25.4262,14.2900
28640,0.0575,-0.0135,9.8427,-0.3268,0.0661,-1.0649,1.9785,-25.4621,14.3473
28648,0.0653,-0.1072,9.8506,-0.3481,0.0612,-0.9214,2.0092,-25.4976,14.4044
28656,0.0623,-0.1760,9.8582,-0.3498,0.1338,-0.7309,2.0360,-25.5381,14.4550
28664,0.0514,-0.1313,9.8460,-0.3060,0.0806,-0.6821,2.0628,-25.5784,14.5055
28672,0.0671,-0.2079,9.8349,-0.2056,0.0804,-0.5447,2.0875,-25.6165,14.5595
28680,0.0717,-0.1911,9.8527,-0.1309,0.0401,-0.2987,2.1117,-25.6553,14.6161
28688,0.0727,-0.2078,9.8474,-0.1794,0.0257,-0.2474,2.1358,-25.6939,14.6725
28696,0.0858,-0.1249,9.8530,-0.2045,-0.0121,-0.0944,2.1655,-25.7345,14.7229
28704,0.0700,-0.0541,9.8618,-0.3138,-0.0030,-0.0841,2.1952,-25.7749,14.7722
28712,0.0506,-0.0346,9.8483,-0.2476,0.0298,-0.0422,2.2204,-25.8155,14.8250
28720,0.0308,0.0026,9.8297,-0.2484,-0.0029,0.1818,2.2480,-25.8521,14.8752
28728,0.0266,-0.0726,9.8416,-0.2731,-0.0075,0.4307,2.2755,-25.8884,14.9252
28736,0.0419,-0.1055,9.8314,-0.2621,-0.0545,0.5594,2.3029,-25.9245,14.9750
28744,0.0616,-0.0447,9.8176,-0.2409,-0.0275,0.6292,2.3297,-25.9697,15.0279
28752,0.0672,-0.0371,9.8083,-0.2259,-0.0550,0.7919,2.3564,-26.0147,15.0805
28760,0.0536,-0.0985,9.8259,-0.2303,-0.0760,0.8568,2.3855,-26.0532,15.1329
28768,0.0485,-0.1495,9.8190,-0.1812,-0.0293,0.8788,2.4144,-26.0915,15.1860
28776,0.0421,-0.1255,9.8191,-0.1928,-0.0621,0.8573,2.4433,-26.1294,15.2389
28784,0.0468,-0.0956,9.8147,-0.2360,-0.0747,0.9860,2.4715,-26.1676,15.2855
28792,0.0319,-0.0872,9.8380,-0.1626,-0.0522,1.0051,2.4950,-26.2117,15.3337
28800,0.0426,-0.1907,9.8500,-0.2604,-0.0253,1.1940,2.5184,-26.2554,15.3816
28808,0.0277,-0.2161,9.8226,-0.1592,-0.0715,1.2840,2.5436,-26.2923,15.4327
28816,0.0333,-0.1771,9.8088,-0.0652,-0.1291,1.4020,2.5701,-26.3293,15.4864
28824,0.0247,-0.1031,9.8468,-0.1753,-0.0775,1.3709,2.5909,-26.3685,15.5376
28832,0.0238,-0.1509,9.8452,-0.2219,-0.0628,1.4771,2.6159,-26.4107,15.5880
28840,0.0065,-0.1127,9.8670,-0.2904,0.0099,1.4454,2.6408,-26.4527,15.6382
28848,0.0101,-0.2220,9.8799,-0.2786,-0.0539,1.4017,2.6656,-26.4944,15.6881
28856,-0.0013,-0.1756,9.8811,-0.2674,-0.1496,1.3920,2.6927,-26.5367,15.7341
28864,-0.0230,-0.1500,9.8858,-0.2459,-0.0997,1.1800,2.7197,-26.5788,15.7799
28872,-0.0103,-0.1469,9.8882,-0.2148,-0.0414,1.1746,2.7424,-26.6177,15.8330
28880,0.0030,-0.1537,9.8809,-0.1636,0.0064,1.2094,2.7650,-26.6564,15.8859
28888,-0.0063,-0.1475,9.8583,-0.1467,0.0947,1.2187,2.7932,-26.6949,15.9385
28896,-0.0070,-0.1592,9.8533,-0.1759,0.0112,1.3023,2.8199,-26.7335,15.9872
28904,0.0064,-0.1270,9.8489,-0.1078,-0.0020,1.4409,2.8470,-26.7738,16.0371
28912,0.0159,-0.2008,9.8516,-0.1387,0.0281,1.5574,2.8711,-26.8181,16.0895
28920,-0.0074,-0.2302,9.8227,-0.0428,0.1021,1.5541,2.8952,-26.8621,16.1418
28928,-0.0413,-0.1981,9.8198,-0.0632,0.0450,1.7057,2.9169,-26.8982,16.1905
28936,-0.0346,-0.1936,9.8194,-0.0107,-0.1084,1.7760,2.9389,-26.9384,16.2432
28944,-0.0467,-0.1691,9.8218,-0.0085,-0.1643,1.6325,2.9604,-26.9863,16.2962
28952,-0.0263,-0.2202,9.8595,0.0203,-0.1565,1.5807,2.9818,-27.0338,16.3490
28960,0.0100,-0.2337,9.8526,-0.0669,-0.2317,1.4857,3.0032,-27.0811,16.4015
28968,-0.0078,-0.1807,9.8682,-0.0302,-0.3409,1.5443,3.0274,-27.1200,16.4509
28976,-0.0020,-0.1783,9.8760,-0.0191,-0.2774,1.4803,3.0514,-27.1586,16.5002
28984,0.0101,-0.0819,9.8607,-0.0219,-0.2246,1.5044,3.0749,-27.2002,16.5530
28992,0.0051,0.0008,9.8500,-0.0992,-0.2168,1.5702,3.0984,-27.2416,16.6055
29000,0.0238,0.0155,9.8440,-0.1171,-0.2894,1.5264,3.1241,-27.2803,16.6569
29008,0.0225,0.0876,9.8345,-0.1822,-0.3561,1.5511,3.1451,-27.3234,16.7066
29016,0.0081,0.0726,9.8104,-0.1378,-0.3532,1.4948,3.1683,-27.3649,16.7561
29024,-0.0022,0.1397,9.8228,-0.0607,-0.4198,1.5770,3.1900,-27.4037,16.8068
29032,0.0040,0.0592,9.8490,-0.0697,-0.4995,1.6716,3.2117,-27.4422,16.8573
29040,0.0091,-0.0837,9.8326,-0.0702,-0.4237,1.8100,3.2318,-27.4785,16.9047
29048,0.0315,-0.1708,9.8383,-0.1347,-0.3858,1.7984,3.2519,-27.5146,16.9519
29056,-0.0024,-0.1912,9.8489,-0.1377,-0.5550,1.8593,3.2682,-27.5557,17.0031
29064,-0.0067,-0.2420,9.8339,-0.1673,-0.5994,1.8562,3.2844,-27.5964,17.0542
29072,-0.0169,-0.2967,9.8468,-0.2062,-0.6099,1.8479,3.3005,-27.6369,17.1049
29080,-0.0330,-0.3097,9.8315,-0.1581,-0.5106,1.8399,3.3204,-27.6781,17.1569
29088,-0.0362,-0.2946,9.8318,-0.1655,-0.6503,1.7976,3.3403,-27.7204,17.2073
29096,-0.0049,-0.2860,9.8508,-0.1672,-0.6292,1.7732,3.3600,-27.7672,17.2573
29104,-0.0076,-0.1948,9.8443,-0.1394,-0.6171,1.7499,3.3797,-27.8136,17.3072
29112,0.0127,-0.1838,9.8616,-0.1476,-0.5415,1.5889,3.3975,-27.8579,17.3597
29120,-0.0025,-0.1934,9.8632,-0.1127,-0.5412,1.4243,3.4185,-27.8971,17.4077
29128,-0.0232,-0.1397,9.8696,-0.0740,-0.5862,1.2829,3.4399,-27.9427,17.4569
29136,-0.0314,-0.0834,9.8595,0.0029,-0.5919,1.2516,3.4603,-27.9842,17.5049
29144,-0.0115,-0.0762,9.8526,-0.0621,-0.4881,1.2538,3.4806,-28.0254,17.5526
29152,0.0024,-0.1284,9.8609,-0.0230,-0.5221,1.1891,3.4952,-28.0663,17.6025
29160,0.0008,-0.1793,9.8603,0.0384,-0.4986,1.1593,3.5097,-28.1070,17.6522
29168,-0.0147,-0.1201,9.8419,-0.0122,-0.4069,1.1655,3.5247,-28.1507,17.6998
29176,-0.0046,-0.1731,9.8444,0.0061,-0.3884,1.1687,3.5396,-28.1941,17.7472
29184,0.0073,-0.1720,9.8203,-0.0244,-0.4615,1.3105,3.5545,-28.2372,17.7943
29192,0.0294,-0.1558,9.8322,-0.0003,-0.4193,1.2860,3.5679,-28.2777,17.8459
29200,0.0121,-0.1786,9.8506,-0.0305,-0.3790,1.1880,3.5846,-28.3207,17.8945
29208,0.0046,-0.0334,9.8291,-0.0301,-0.4072,1.1956,3.5998,-28.3621,17.9462
29216,0.0261,0.0729,9.8055,-0.0564,-0.4234,1.2588,3.6168,-28.4051,17.9947
29224,0.0464,0.0170,9.8192,-0.0761,-0.3856,1.2447,3.6338,-28.4478,18.0431
29232,0.0589,0.0142,9.8326,-0.0471,-0.3147,1.2471,3.6494,-28.4954,18.0921
29240,0.0520,-0.0320,9.8547,-0.0566,-0.3750,1.2014,3.6667,-28.5408,18.1396
29248,0.0494,-0.0688,9.8186,-0.0550,-0.3740,1.2217,3.6840,-28.5859,18.1867
29256,0.0720,-0.1240,9.8502,-0.0616,-0.3837,1.3105,3.6994,-28.6298,18.2332
29264,0.0716,0.0155,9.8283,-0.0518,-0.3662,1.2754,3.7147,-28.6734,18.2795
29272,0.0580,0.0147,9.7870,0.0056,-0.3789,1.2685,3.7300,-28.7167,18.3256
29280,0.0489,0.0126,9.7761,-0.0036,-0.4097,1.3339,3.7443,-28.7634,18.3733
29288,0.0393,0.0403,9.8190,-0.0657,-0.2952,1.3778,3.7618,-28.8089,18.4232
29296,0.0734,0.0845,9.8278,0.0056,-0.1830,1.3557,3.7793,-28.8541,18.4729
29304,0.0847,-0.0235,9.8162,0.0524,-0.1637,1.2920,3.7929,-28.8972,18.5209
29312,0.0544,-0.1345,9.7906,0.1052,-0.1985,1.3403,3.8051,-28.9385,18.5711
29320,0.0547,-0.0258,9.7962,0.1077,-0.1812,1.4426,3.8215,-28.9743,18.6177
29328,0.0792,-0.1197,9.8013,0.1394,-0.1833,1.6710,3.8331,-29.0156,18.6631
29336,0.0644,-0.1008,9.7990,0.1430,-0.1880,1.7721,3.8447,-29.0565,18.7084
29344,0.0811,-0.0951,9.7787,0.2772,-0.1125,1.9702,3.8596,-29.1034,18.7581
29352,0.0657,-0.0294,9.7895,0.3548,-0.0883,2.0342,3.8692,-29.1456,18.8081
29360,0.0845,-0.0569,9.7747,0.3650,-0.1291,2.2234,3.8787,-29.1876,18.8579
29368,0.0756,-0.0718,9.7850,0.2868,-0.0668,2.3644,3.8902,-29.2288,18.9046
29376,0.0699,-0.1075,9.7902,0.3347,-0.0340,2.4832,3.9016,-29.2698,18.9511
29384,0.0560,-0.0611,9.7849,0.3218,-0.0585,2.5408,3.9129,-29.3104,18.9973
29392,0.0580,-0.0460,9.7915,0.3895,-0.0180,2.6972,3.9209,-29.3508,19.0457
29400,0.0780,-0.0095,9.7983,0.3715,-0.0912,2.5081,3.9327,-29.3952,19.0920
29408,0.0583,-0.0216,9.8046,0.3730,-0.0973,2.4980,3.9449,-29.4350,19.1447
29416,0.0451,-0.0394,9.8216,0.3638,-0.1457,2.5256,3.9571,-29.4745,19.1971
29424,0.0318,-0.0044,9.8010,0.2936,-0.1841,2.5440,3.9640,-29.5143,19.2441
29432,0.0470,-0.0384,9.8261,0.2212,-0.2714,2.5083,3.9742,-29.5571,19.2936
29440,0.0517,0.1025,9.7918,0.2319,-0.2402,2.5621,3.9858,-29.6010,19.3420
29448,0.0400,0.0557,9.7991,0.2075,-0.1997,2.6670,3.9974,-29.6447,19.3901
29456,0.0431,-0.0123,9.8034,0.1922,-0.0864,2.5805,4.0089,-29.6881,19.4380
29464,0.0290,-0.0314,9.7955,0.1482,-0.0553,2.7059,4.0176,-29.7331,19.4843
29472,0.0440,-0.1147,9.7719,0.0768,-0.0762,2.7191,4.0262,-29.7778,19.5303
29480,0.0390,-0.1027,9.7898,0.0539,-0.1256,2.6464,4.0329,-29.8232,19.5775
29488,0.0376,-0.2162,9.8246,0.0426,-0.0395,2.6435,4.0396,-29.8682,19.6244
29496,0.0382,-0.1845,9.8173,0.1198,-0.0931,2.6541,4.0463,-29.9130,19.6712
29504,0.0496,-0.1230,9.8067,0.1163,-0.1631,2.5202,4.0548,-29.9556,19.7149
29512,0.0563,0.0119,9.8171,0.1663,-0.1047,2.5869,4.0614,-29.9998,19.7593
29520,0.0556,0.1358,9.7715,0.1448,-0.1528,2.5386,4.0690,-30.0381,19.8039
29528,0.0503,0.1718,9.7716,0.1402,-0.1668,2.4871,4.0765,-30.0761,19.8483
29536,0.0447,0.1562,9.7717,0.0718,-0.1535,2.4566,4.0854,-30.1143,19.8907
29544,0.0460,0.1274,9.7763,0.0224,-0.1542,2.3580,4.0896,-30.1574,19.9375
29552,0.0471,0.1196,9.7787,-0.0435,-0.1628,2.2637,4.0951,-30.1918,19.9841
29560,0.0436,0.0816,9.7850,0.0348,-0.0697,2.1389,4.1007,-30.2259,20.0306
29568,0.0395,0.0708,9.7833,0.0297,-0.0474,2.0009,4.1062,-30.2598,20.0767
29576,0.0335,0.0611,9.7682,-0.0045,-0.1327,1.9063,4.1174,-30.2967,20.1213
29584,0.0290,0.0774,9.7741,-0.0452,-0.1236,1.8211,4.1285,-30.3334,20.1656
29592,0.0381,0.0766,9.7758,0.0065,-0.0669,1.8224,4.1325,-30.3760,20.2097
29600,0.0414,0.0627,9.7782,0.0346,-0.0420,1.7569,4.1365,-30.4184,20.2536
29608,0.0475,0.0606,9.7768,0.0429,-0.1702,1.6009,4.1391,-30.4562,20.3006
29616,0.0654,0.0828,9.7755,0.0934,-0.1914,1.5264,4.1445,-30.4942,20.3465
29624,0.0651,0.0888,9.7825,0.0511,-0.1264,1.4925,4.1499,-30.5334,20.3879
29632,0.0635,0.0847,9.7934,0.0799,-0.1123,1.4228,4.1572,-30.5681,20.4328
29640,0.0680,0.1028,9.7960,-0.0018,-0.0534,1.1295,4.1644,-30.6026,20.4776
29648,0.0880,0.2568,9.7346,0.0347,-0.0104,0.8889,4.1721,-30.6425,20.5193
29656,0.0865,0.3022,9.7309,0.0669,0.0253,0.5443,4.1798,-30.6769,20.5608
29664,0.0966,0.3220,9.7125,0.1110,0.0435,0.2627,4.1898,-30.7125,20.6021
29672,0.0961,0.3162,9.7178,0.1319,0.0342,-0.0279,4.1997,-30.7479,20.6432
29680,0.1098,0.3469,9.7385,0.2052,0.0547,-0.2552,4.2097,-30.7831,20.6841
29688,0.0852,0.2480,9.7504,0.1793,0.0636,-0.4991,4.2106,-30.8185,20.7310
29696,0.0895,0.2315,9.7612,0.1599,0.0668,-0.5431,4.2115,-30.8537,20.7776
29704,0.0828,0.1582,9.7791,0.0880,0.0752,-0.5425,4.2172,-30.8901,20.8174
29712,0.0613,0.0997,9.7826,0.1072,0.1045,-0.4379,4.2219,-30.9271,20.8603
29720,0.0483,0.0571,9.7835,0.0563,0.1752,-0.3085,4.2265,-30.9640,20.9030
29728,0.0442,0.0496,9.7856,-0.0138,0.1469,-0.1689,4.2359,-30.9997,20.9455
29736,0.0441,0.0346,9.7844,-0.0594,0.0664,-0.0753,4.2396,-31.0370,20.9874
29744,0.0541,0.0311,9.7856,-0.1404,0.0055,0.0782,4.2466,-31.0708,21.0271
29752,0.0558,0.0015,9.7962,-0.2045,-0.0501,0.1637,4.2502,-31.1063,21.0709
29760,0.0601,0.0088,9.7921,-0.1645,-0.0606,0.2240,4.2538,-31.1416,21.1145
29768,0.0595,0.0141,9.7930,-0.1529,-0.1213,0.3698,4.2575,-31.1766,21.1579
29776,0.0716,0.0075,9.8056,-0.1658,-0.0541,0.3278,4.2601,-31.2076,21.1987
29784,0.0671,0.0161,9.8025,-0.2048,-0.0751,0.3303,4.2628,-31.2385,21.2393
29792,0.0553,0.0112,9.8042,-0.2527,0.0702,0.2528,4.2664,-31.1516,21.2798
29800,0.0456,0.0076,9.8094,-0.2133,0.0384,0.2319,4.2699,-31.1862,21.3167
29808,0.0454,0.0007,9.8105,-0.1755,0.1467,0.1586,4.2726,-31.2182,21.3568
29816,0.0338,0.0018,9.8224,-0.2061,0.0662,0.1766,4.2761,-31.2510,21.3919
29824,0.0452,-0.0009,9.8208,-0.2274,0.0133,0.0871,4.2820,-31.2835,21.4283
29832,0.0373,-0.0052,9.8153,-0.2103,-0.0613,0.0868,4.2879,-31.3159,21.4645
29840,0.0329,0.0010,9.8186,-0.2180,-0.0047,-0.0175,4.2933,-31.3537,21.5010
29848,0.0303,-0.0016,9.8247,-0.2228,-0.0838,0.1015,4.3002,-31.3851,21.5397
29856,0.0334,0.0006,9.8134,-0.1553,-0.0262,-0.0194,4.3013,-31.4220,21.5796
29864,0.0225,-0.0002,9.8013,-0.1521,-0.0058,0.0490,4.3080,-31.4497,21.6118
29872,0.0181,-0.0004,9.8036,-0.1863,-0.0609,0.0504,4.3148,-31.4772,21.6438
29880,0.0128,-0.0006,9.8011,-0.1631,-0.1242,0.1237,4.3216,-31.5045,21.6757
29888,0.0308,0.0083,9.8111,-0.0876,-0.1342,0.1325,4.3235,-31.5364,21.7121
29896,0.0352,0.0178,9.8047,-0.1913,-0.2477,-0.0084,4.3255,-31.5680,21.7484
29904,0.0483,0.0195,9.8026,-0.1519,-0.2602,-0.0792,4.3303,-31.5985,21.7793
29912,0.0478,0.0078,9.7957,-0.1435,-0.2189,-0.2295,4.3351,-31.6289,21.8100
29920,0.0306,0.0014,9.7880,-0.0928,-0.2220,-0.2293,4.3404,-31.6632,21.8458
29928,0.0177,0.0060,9.7820,-0.1270,-0.1317,-0.1970,4.3437,-31.6932,21.8819
29936,0.0202,0.0056,9.7793,-0.1464,-0.0959,-0.1689,4.3461,-31.7281,21.9160
29944,0.0301,0.0008,9.7987,-0.2262,-0.1604,-0.1313,4.3509,-31.7576,21.9484
29952,0.0250,0.0109,9.7889,-0.1879,-0.1901,-0.1354,4.3556,-31.7869,21.9807
29960,0.0409,0.0215,9.7887,-0.2419,-0.1252,-0.1659,4.3622,-31.8203,22.0181
29968,0.0553,0.0228,9.8032,-0.2509,-0.1351,-0.1871,4.3688,-31.8536,22.0552
29976,0.0574,0.0245,9.7948,-0.2649,-0.0352,-0.1301,4.3721,-31.8814,22.0870
29984,0.0488,0.0270,9.8023,-0.2302,-0.0730,-0.0275,4.3753,-31.9090,22.1187
29992,0.0419,0.0342,9.7890,-0.2664,-0.0612,-0.1001,4.3785,-31.9364,22.1502
30000,0.0393,0.0402,9.7952,-0.2450,-0.0526,0.0065,4.3851,-31.9618,22.1820
30008,0.0379,0.0357,9.7980,-0.2406,-0.0203,-0.0383,4.3892,-31.9918,22.2128
30016,0.0376,0.0389,9.8056,-0.2870,0.0026,-0.0464,4.3920,-32.0230,22.2467
30024,0.0481,0.0509,9.8075,-0.2860,-0.0769,-0.1902,4.3947,-32.0540,22.2804
30032,0.0646,0.0167,9.7933,-0.2531,-0.0169,-0.0050,4.3969,-32.0829,22.3126
30040,0.0134,-0.0207,9.7763,-0.1576,-0.1062,-0.0919,4.3986,-32.1135,22.3451
30048,0.0090,-0.0021,9.7928,-0.2609,-0.0583,-0.0737,4.4027,-32.1426,22.3808
30056,0.0118,0.0279,9.8132,-0.2345,-0.0311,-0.0002,4.4059,-32.1710,22.4125
30064,0.0185,0.0469,9.8216,-0.2438,-0.0504,0.0486,4.4090,-32.1992,22.4440
30072,0.0227,0.0690,9.8420,-0.1700,-0.1009,-0.0753,4.4141,-32.2268,22.4759
30080,0.0178,0.1137,9.8327,-0.1235,-0.1359,-0.2231,4.4191,-32.2542,22.5077
30088,0.0198,0.1691,9.8242,-0.0577,-0.1000,-0.2552,4.4212,-32.2833,22.5350
30096,0.0062,0.1332,9.8166,-0.0614,-0.1163,-0.2645,4.4234,-32.3123,22.5622
30104,-0.0008,0.1121,9.8165,-0.1183,-0.1159,-0.1614,4.4255,-32.3411,22.5893
30112,0.0094,0.0889,9.8192,-0.1568,0.0124,-0.0334,4.4253,-32.3698,22.6201
30120,0.0054,0.1135,9.8252,-0.1588,0.0819,0.2009,4.4283,-32.4015,22.6507
30128,0.0058,0.1042,9.8580,-0.2728,0.0336,0.5690,4.4333,-32.4303,22.6816
30136,0.0030,0.0686,9.8435,-0.2405,0.0781,0.8596,4.4382,-32.4589,22.7124
30144,-0.0100,0.0185,9.8414,-0.2335,0.0993,0.9456,4.4408,-32.4873,22.7440
30152,-0.0040,-0.0144,9.8289,-0.2216,0.0609,0.9851,4.4410,-32.5165,22.7779
30160,0.0206,0.0022,9.8304,-0.1408,0.0749,0.8202,4.4478,-32.5442,22.8087
30168,0.0264,-0.0160,9.8386,-0.1329,0.1309,0.7479,4.4546,-32.5716,22.8394
30176,0.0331,-0.0444,9.8341,-0.0960,0.0912,0.7294,4.4614,-32.5989,22.8700
30184,0.0323,-0.0386,9.8274,0.0113,0.0665,0.9010,4.4686,-32.6275,22.8976
30192,0.0333,-0.0461,9.8130,-0.0488,0.0722,0.9185,4.4758,-32.6559,22.9251
30200,0.0352,-0.0506,9.8092,-0.0929,0.1150,0.8952,4.4806,-32.6841,22.9510
30208,0.0397,-0.0642,9.8157,-0.1644,-0.0414,0.8622,4.4854,-32.7122,22.9768
30216,0.0382,-0.0570,9.8107,-0.1635,-0.0763,0.7374,4.4902,-32.7401,23.0025
30224,0.0433,-0.0505,9.8117,-0.1359,-0.0670,0.6713,4.4954,-32.7689,23.0323
30232,0.0488,-0.0464,9.8157,-0.1202,-0.0954,0.5868,4.5026,-32.8002,23.0615
30240,0.0474,-0.0495,9.7998,-0.0306,-0.1093,0.5407,4.5097,-32.8267,23.0883
30248,0.0457,-0.0500,9.7999,-0.0302,-0.0692,0.4273,4.5125,-32.8549,23.1130
30256,0.0436,-0.0437,9.7909,-0.0778,0.0118,0.3881,4.5153,-32.8830,23.1376
30264,0.0427,-0.0430,9.8015,-0.0566,0.1159,0.2840,4.5176,-32.9075,23.1663
30272,0.0428,-0.0396,9.8006,-0.0231,0.1061,0.3285,4.5175,-32.9320,23.1982
30280,0.0547,-0.0269,9.8025,0.0357,0.1661,0.3523,4.5175,-32.9562,23.2300
30288,0.0505,-0.0269,9.8206,0.0465,0.1008,0.3831,4.5203,-32.9837,23.2541
30296,0.0485,-0.0282,9.8165,0.0276,0.1584,0.3726,4.5231,-33.0109,23.2781
30304,0.0562,-0.0126,9.8146,-0.0519,0.1761,0.2985,4.5258,-33.0380,23.3020
30312,0.0614,0.0057,9.8161,-0.0852,0.1637,0.2116,4.5286,-33.0612,23.3295
30320,0.0588,0.0099,9.8206,-0.1117,0.1198,0.2139,4.5347,-33.0871,23.3536
30328,0.0683,0.0078,9.8119,-0.1024,0.0859,0.1067,4.5407,-33.1128,23.3776
30336,0.0609,0.0105,9.8100,-0.1282,0.0908,0.0816,4.5444,-33.1412,23.4029
30344,0.0679,0.0047,9.8088,-0.1048,0.0448,0.0816,4.5428,-33.1638,23.4300
30352,0.0642,0.0099,9.8135,-0.1038,0.0674,0.0016,4.5441,-33.1881,23.4584
30360,0.0577,0.0078,9.8178,-0.1295,0.0544,-0.0403,4.5477,-33.2123,23.4867
30368,0.0609,0.0073,9.8226,-0.1408,0.0154,-0.0403,4.5514,-33.2364,23.5149
30376,0.0493,0.0027,9.8256,-0.1462,0.0927,0.0290,4.5526,-33.2588,23.5406
30384,0.0373,0.0090,9.8224,-0.1194,0.2066,-0.0594,4.5553,-33.2831,23.5671
30392,0.0352,0.0102,9.8181,-0.1471,0.2168,-0.1333,4.5580,-33.3072,23.5935
30400,0.0456,0.0090,9.8161,-0.1896,0.2320,-0.2093,4.5621,-33.3311,23.6183
30408,0.0431,0.0002,9.8142,-0.2169,0.2305,-0.2206,4.5661,-33.3550,23.6431
30416,0.0441,-0.0047,9.8180,-0.2750,0.2530,-0.1861,4.5702,-33.3787,23.6677
30424,0.0436,-0.0081,9.8178,-0.2319,0.2026,-0.1184,4.5766,-33.4013,23.6913
30432,0.0504,-0.0126,9.8249,-0.2147,0.2237,-0.0564,4.5839,-33.4209,23.7171
30440,0.0584,-0.0034,9.8131,-0.2569,0.1932,0.0430,4.5856,-33.4456,23.7415
30448,0.0579,0.0067,9.8129,-0.2386,0.0921,-0.0247,4.5872,-33.4702,23.7657
30456,0.0529,0.0003,9.8145,-0.2504,0.0433,-0.0174,4.5916,-33.4998,23.7926
30464,0.0447,0.0133,9.8096,-0.2110,0.0287,-0.0958,4.5928,-33.5232,23.8171
30472,0.0423,0.0077,9.8079,-0.2347,0.0281,-0.1441,4.5967,-33.5435,23.8424
30480,0.0425,0.0126,9.8073,-0.2654,-0.0178,-0.2329,4.6007,-33.5637,23.8676
30488,0.0403,0.0216,9.8177,-0.2547,0.0236,-0.2912,4.6046,-33.5838,23.8927
30496,0.0306,0.0207,9.8184,-0.2685,-0.0035,-0.2082,4.6019,-33.6042,23.9168
30504,0.0277,0.0199,9.8150,-0.2496,-0.0454,-0.2809,4.5993,-33.6245,23.9407
30512,0.0260,-0.0019,9.8078,-0.2050,-0.0587,-0.2891,4.6042,-33.6480,23.9674
30520,0.0154,0.0017,9.8135,-0.2129,-0.0075,-0.3022,4.6090,-33.6713,23.9940
30528,0.0249,0.0104,9.8201,-0.1779,0.0814,-0.3842,4.6153,-33.6921,24.0148
30536,0.0331,0.0210,9.8138,-0.2323,0.1185,-0.5292,4.6169,-33.7128,24.0393
30544,0.0332,0.0147,9.8053,-0.2764,0.1379,-0.5425,4.6184,-33.7306,24.0646
30552,0.0360,0.0199,9.7995,-0.2653,0.0792,-0.6352,4.6204,-33.7538,24.0856
30560,0.0349,0.0250,9.8019,-0.2119,0.0710,-0.5372,4.6224,-33.7770,24.1064
30568,0.0357,0.0238,9.8105,-0.1316,0.0339,-0.5822,4.6258,-33.7977,24.1296
30576,0.0383,0.0313,9.8147,-0.1641,-0.0069,-0.5639,4.6277,-33.8182,24.1564
30584,0.0397,0.0176,9.8248,-0.1978,-0.0140,-0.6397,4.6278,-33.8405,24.1822
30592,0.0446,0.0202,9.8217,-0.2834,-0.0581,-0.6828,4.6279,-33.8627,24.2079
30600,0.0391,0.0126,9.8270,-0.3333,-0.0283,-0.6574,4.6279,-33.8847,24.2334
30608,0.0308,-0.0007,9.8223,-0.3810,0.0456,-0.5638,4.6342,-33.9099,24.2589
30616,0.0316,-0.0068,9.8281,-0.3785,0.0816,-0.5703,4.6404,-33.9350,24.2843
30624,0.0323,-0.0064,9.8365,-0.3602,0.1666,-0.5471,4.6414,-33.9557,24.3091
30632,0.0361,-0.0165,9.8299,-0.3694,0.1040,-0.5917,4.6423,-33.9763,24.3338
30640,0.0364,-0.0120,9.8263,-0.3755,0.0281,-0.5649,4.6419,-33.9981,24.3640
30648,0.0480,-0.0188,9.8335,-0.4133,0.0488,-0.5100,4.6481,-34.0180,24.3833
30656,0.0467,-0.0118,9.8414,-0.4068,0.0020,-0.5988,4.6495,-34.0425,24.4025
30664,0.0473,-0.0036,9.8426,-0.3073,-0.0321,-0.5078,4.6509,-34.0597,24.4192
30672,0.0478,-0.0049,9.8268,-0.3001,0.0606,-0.4740,4.6523,-34.0768,24.4359
30680,0.0493,0.0031,9.8326,-0.2693,0.0719,-0.3671,4.6542,-34.0995,24.4600
30688,0.0551,0.0112,9.8356,-0.3011,0.1014,-0.4969,4.6561,-34.1221,24.4841
30696,0.0494,0.0117,9.8337,-0.3421,0.2122,-0.4289,4.6561,-34.1413,24.5099
30704,0.0530,0.0131,9.8374,-0.2508,0.2462,-0.5586,4.6561,-34.1603,24.5357
30712,0.0621,0.0157,9.8418,-0.2514,0.1721,-0.6160,4.6560,-34.1792,24.5613
30720,0.0590,0.0276,9.8393,-0.2573,0.1519,-0.6149,4.6608,-34.1971,24.5855
30728,0.0603,0.0325,9.8334,-0.2577,0.2125,-0.5791,4.6607,-34.2148,24.6109
30736,0.0564,0.0323,9.8281,-0.1993,0.2945,-0.6516,4.6626,-34.2315,24.6334
30744,0.0666,0.0190,9.8246,-0.1622,0.3036,-0.5902,4.6649,-34.2538,24.6573
30752,0.0667,0.0224,9.8224,-0.1480,0.3816,-0.5635,4.6672,-34.2760,24.6810
30760,0.0503,0.0282,9.8236,-0.0465,0.3042,-0.4527,4.6681,-34.2937,24.7033
30768,0.0533,0.0208,9.8210,-0.1413,0.2676,-0.5920,4.6700,-34.3100,24.7231
30776,0.0538,0.0240,9.8310,-0.0934,0.1872,-0.5546,4.6723,-34.3271,24.7466
30784,0.0492,0.0242,9.8277,-0.1196,0.1556,-0.4281,4.6760,-34.3427,24.7666
30792,0.0573,0.0239,9.8207,-0.0673,0.2241,-0.4059,4.6797,-34.3582,24.7866
30800,0.0496,0.0223,9.8229,-0.0972,0.1856,-0.3072,4.6834,-34.3736,24.8066
30808,0.0513,0.0236,9.8227,-0.1552,0.1995,-0.2903,4.6871,-34.3912,24.8278
30816,0.0524,0.0316,9.8312,-0.1387,0.1807,-0.2740,4.6908,-34.4088,24.8490
30824,0.0543,0.0238,9.8320,-0.1762,0.2508,-0.2159,4.6949,-34.4282,24.8701
30832,0.0542,0.0208,9.8209,-0.2308,0.2858,-0.1416,4.6990,-34.4474,24.8925
30840,0.0459,0.0136,9.8295,-0.2456,0.3326,-0.1532,4.7008,-34.4628,24.9115
30848,0.0484,0.0116,9.8236,-0.2091,0.2626,-0.1456,4.7020,-34.4762,24.9342
30856,0.0379,0.0075,9.8270,-0.2596,0.2038,-0.1224,4.7037,-34.4880,24.9555
30864,0.0367,0.0102,9.8250,-0.1958,0.2248,-0.1161,4.7055,-34.4998,24.9766
30872,0.0264,-0.0001,9.8205,-0.1962,0.2210,-0.2062,4.7091,-34.5144,24.9934
30880,0.0467,0.0028,9.8219,-0.0578,0.1906,-0.1696,4.7103,-34.5303,25.0139
30888,0.0719,0.0151,9.8213,-0.0402,0.1162,-0.2520,4.7115,-34.5461,25.0343
30896,0.1202,0.0339,9.8253,-0.0794,0.0745,-0.3015,4.7099,-34.5623,25.0561
30904,0.1248,0.0441,9.8408,-0.2368,0.1332,-0.4847,4.7083,-34.5783,25.0778
30912,0.0788,0.0506,9.8571,-0.2007,0.1653,-0.5400,4.7067,-34.5943,25.0994
30920,0.1005,0.0228,9.8632,-0.2809,0.0867,-0.6328,4.7103,-34.6098,25.1181
30928,0.2185,0.0613,9.8728,-0.2748,0.1556,-0.7616,4.7097,-34.6280,25.1395
30936,0.1418,0.0266,9.8560,-0.2371,0.0827,-0.7834,4.7076,-34.6418,25.1595
30944,0.1803,0.0520,9.8330,-0.2436,0.0744,-0.8470,4.7055,-34.6555,25.1793
30952,0.2001,0.0642,9.8359,-0.2232,0.1011,-0.8117,4.7034,-34.6716,25.2024
30960,0.2284,0.0364,9.8600,-0.2864,0.1133,-0.8714,4.7028,-34.6856,25.2179
30968,0.1580,0.0199,9.8230,-0.2614,0.1197,-0.7897,4.6993,-34.6977,25.2394
30976,0.2278,0.0675,9.8045,-0.2696,0.0751,-0.8823,4.6963,-34.7059,25.2580
30984,0.1829,0.0562,9.8051,-0.2001,0.1284,-0.8215,4.6933,-34.7141,25.2765
30992,0.1815,0.0848,9.8112,-0.1549,0.1021,-0.8514,4.6856,-34.7279,25.2964
31000,0.1816,0.0815,9.8307,-0.1490,0.1009,-0.7200,4.6779,-34.7416,25.3162
31008,0.1680,0.0621,9.8238,-0.1328,0.1291,-0.6103,4.6726,-34.7519,25.3345
31016,0.0929,0.0318,9.8226,-0.1012,0.1508,-0.5507,4.6674,-34.7621,25.3527
31024,0.0267,0.0272,9.8288,-0.1031,0.0515,-0.6004,4.6621,-34.7723,25.3709
31032,0.0073,0.0230,9.8389,-0.0488,0.0232,-0.5360,4.6592,-34.7880,25.3881
31040,-0.0266,0.0279,9.8386,-0.0849,-0.0785,-0.5010,4.6526,-34.8009,25.4070
31048,-0.0053,0.0149,9.8373,-0.1275,-0.0718,-0.3795,4.6473,-34.8142,25.4240
31056,-0.0193,0.0087,9.8407,-0.2135,-0.0253,-0.3674,4.6421,-34.8273,25.4410
31064,-0.0070,0.0140,9.8479,-0.2371,-0.0876,-0.3211,4.6384,-34.8404,25.4602
31072,0.0024,0.0097,9.8412,-0.2623,-0.0431,-0.3089,4.6332,-34.8549,25.4817
31080,0.0054,0.0049,9.8392,-0.2837,0.0474,-0.3985,4.6243,-34.8636,25.5013
31088,0.0090,-0.0026,9.8406,-0.2509,0.0193,-0.2629,4.6153,-34.8722,25.5208
31096,0.0205,-0.0058,9.8369,-0.2755,0.0857,-0.2265,4.6064,-34.8808,25.5402
31104,0.0318,-0.0041,9.8281,-0.3150,0.1573,-0.1411,4.6014,-34.8936,25.5553
31112,0.0402,-0.0031,9.8342,-0.3849,0.0950,-0.1794,4.5963,-34.9063,25.5703
31120,0.0406,-0.0080,9.8324,-0.3929,-0.0498,-0.1333,4.5908,-34.9199,25.5862
31128,0.0363,-0.0121,9.8381,-0.3473,-0.0497,-0.2253,4.5848,-34.9377,25.6020
31136,0.0434,-0.0039,9.8292,-0.3651,-0.0602,-0.1319,4.5789,-34.9553,25.6230
31144,0.0438,-0.0015,9.8233,-0.3287,-0.0063,-0.0799,4.5753,-34.9668,25.6415
31152,0.0324,0.0098,9.8208,-0.3179,-0.0667,-0.0596,4.5699,-34.9801,25.6581
31160,0.0317,0.0191,9.8203,-0.3529,-0.0738,-0.0294,4.5659,-34.9966,25.6699
31168,0.0383,0.0170,9.8199,-0.2477,-0.0833,0.0021,4.5619,-35.0130,25.6816
31176,0.0588,0.0188,9.8222,-0.2778,-0.1563,-0.0158,4.5593,-35.0251,25.6975
31184,0.0542,0.0072,9.8275,-0.2479,-0.2342,-0.0836,4.5558,-35.0372,25.7101
31192,0.0359,0.0068,9.8205,-0.1553,-0.3167,-0.0897,4.5499,-35.0491,25.7283
31200,0.0617,0.0100,9.8164,-0.1388,-0.3102,-0.0503,4.5441,-35.0610,25.7464
31208,0.0581,-0.0058,9.8327,-0.1257,-0.2267,-0.1165,4.5383,-35.0728,25.7645
31216,0.0513,-0.0105,9.8357,-0.1157,-0.1494,-0.1692,4.5344,-35.0856,25.7830
31224,0.1412,0.0390,9.8661,-0.1649,-0.0943,-0.2730,4.5305,-35.0982,25.8013
31232,0.1151,0.0241,9.8732,-0.1586,-0.1482,-0.2628,4.5223,-35.1089,25.8192
31240,0.1347,0.0307,9.8650,-0.1206,-0.0317,-0.3091,4.5161,-35.1200,25.8327
31248,0.1693,0.0262,9.8726,-0.0976,-0.0671,-0.3534,4.5099,-35.1310,25.8462
31256,0.1774,0.0275,9.8708,-0.1476,-0.0075,-0.3931,4.5066,-35.1439,25.8648
31264,0.2403,0.0447,9.8619,-0.1474,-0.0465,-0.4150,4.5004,-35.1525,25.8796
31272,0.2630,0.0320,9.8439,-0.1472,-0.0972,-0.3213,4.4942,-35.1633,25.8929
31280,0.2909,0.0319,9.8531,-0.2563,-0.1456,-0.2824,4.4881,-35.1765,25.9099
31288,0.3052,0.0227,9.8595,-0.2994,-0.1946,-0.1625,4.4820,-35.1896,25.9269
31296,0.3053,0.0577,9.8608,-0.3859,-0.1562,-0.1492,4.4759,-35.2026,25.9438
31304,0.2039,-0.0155,9.8579,-0.3886,-0.3060,-0.0058,4.4674,-35.2170,25.9625
31312,0.2788,0.0021,9.8639,-0.4418,-0.3267,-0.0287,4.4590,-35.2313,25.9812
31320,0.2055,-0.0343,9.8853,-0.3541,-0.3464,0.1148,4.4497,-35.2352,25.9927
31328,0.2447,-0.0595,9.8696,-0.4462,-0.0133,0.0413,4.4403,-35.2390,26.0041
31336,0.2361,-0.0791,9.8526,-0.4996,-0.0068,0.1497,4.4311,-35.2427,26.0155
31344,0.1850,-0.1265,9.8104,-0.4680,-0.0218,-0.0293,4.4209,-35.2512,26.0326
31352,0.1542,-0.1571,9.7585,-0.4031,-0.1109,0.1461,4.4064,-35.2615,26.0420
31360,0.1719,-0.1196,9.7175,-0.3091,-0.1054,0.0580,4.3920,-35.2718,26.0513
31368,0.1747,-0.1048,9.7496,-0.4298,-0.2415,0.0136,4.3725,-35.2777,26.0635
31376,0.2069,-0.0236,9.7436,-0.5106,-0.1450,-0.1248,4.3577,-35.2836,26.0756
31384,0.3882,0.0499,9.7528,-0.6039,-0.0740,-0.2704,4.3388,-35.2899,26.0882
31392,0.2962,0.0249,9.7483,-0.5650,-0.1102,-0.4124,4.3222,-35.2962,26.0997
31400,0.3081,0.0883,9.7506,-0.4933,-0.1554,-0.5002,4.3057,-35.3025,26.1112
31408,0.2570,0.1075,9.7577,-0.4086,-0.1773,-0.5521,4.2893,-35.3087,26.1227
31416,0.2754,0.1079,9.7473,-0.3997,-0.1289,-0.7644,4.2677,-35.3167,26.1355
31424,0.2620,0.0888,9.7283,-0.3724,-0.1680,-0.8181,4.2462,-35.3248,26.1483
31432,0.2463,0.1520,9.7398,-0.4371,-0.2933,-0.9921,4.2257,-35.3237,26.1596
31440,0.2511,0.1720,9.7539,-0.4322,-0.2559,-0.9425,4.2052,-35.3227,26.1709
31448,0.1872,0.1813,9.7438,-0.4062,-0.2387,-0.9991,4.1787,-35.3287,26.1774
31456,0.1430,0.1515,9.7771,-0.3067,-0.2703,-0.9039,4.1522,-35.3338,26.1838
31464,0.1664,0.1077,9.7716,-0.3316,-0.2605,-1.1035,4.1297,-35.3350,26.1926
31472,0.0914,0.1004,9.7339,-0.4353,-0.3098,-1.0943,4.1034,-35.3353,26.2014
31480,0.0631,0.1712,9.6916,-0.4199,-0.2556,-1.1096,4.0771,-35.3355,26.2102
31488,0.0718,0.1374,9.6911,-0.4637,-0.1798,-0.9962,4.0524,-35.3414,26.2179
31496,-0.0402,0.1414,9.6925,-0.4604,-0.1447,-0.9811,4.0254,-35.3439,26.2266
31504,-0.0605,0.1227,9.7147,-0.4465,-0.0177,-0.9373,3.9957,-35.3455,26.2333
31512,-0.0939,0.1231,9.7175,-0.3852,0.0477,-0.9461,3.9660,-35.3471,26.2400
31520,-0.0694,0.1503,9.7469,-0.4040,0.0622,-0.9092,3.9364,-35.3486,26.2467
31528,-0.1179,0.1358,9.7215,-0.3739,0.0335,-0.9646,3.9107,-35.3435,26.2529
31536,-0.1280,0.0821,9.7369,-0.3238,-0.0260,-1.0655,3.8851,-35.3383,26.2590
31544,-0.0347,0.0836,9.7120,-0.2652,-0.0482,-1.0661,3.8549,-35.3370,26.2652
31552,-0.0182,0.0444,9.7397,-0.2572,-0.0642,-1.0692,3.8247,-35.3356,26.2712
31560,-0.0187,-0.0156,9.7387,-0.1829,-0.1007,-1.0696,3.7932,-35.3385,26.2754
31568,-0.0369,-0.0481,9.7706,-0.1278,-0.1517,-1.0166,3.7647,-35.3419,26.2791
31576,-0.0042,-0.0365,9.7941,-0.1045,-0.2138,-1.0273,3.7310,-35.3400,26.2904
31584,0.0405,-0.0437,9.7879,-0.1062,-0.2731,-1.0775,3.7036,-35.3400,26.2987
31592,0.0439,-0.0639,9.7778,-0.1211,-0.2979,-0.9069,3.6763,-35.3399,26.3070
31600,0.0662,-0.0590,9.7573,-0.0981,-0.4202,-1.0050,3.6433,-35.3399,26.3130
31608,0.0076,-0.0486,9.7843,-0.1187,-0.4172,-1.0188,3.6105,-35.3398,26.3189
31616,0.0616,-0.0561,9.7941,-0.1437,-0.4117,-1.0587,3.5807,-35.3355,26.3252
31624,0.0143,-0.0464,9.7930,-0.1464,-0.4597,-0.9796,3.5509,-35.3311,26.3315
31632,-0.0230,-0.0655,9.8288,-0.1782,-0.3696,-1.1012,3.5212,-35.3268,26.3378
31640,0.0553,-0.0504,9.8385,-0.1340,-0.2915,-1.0788,3.4897,-35.3238,26.3450
31648,0.0510,-0.0550,9.8195,-0.1318,-0.0994,-1.2174,3.4598,-35.3237,26.3522
31656,0.0922,-0.0368,9.8201,-0.0736,-0.1131,-1.2033,3.4228,-35.3260,26.3556
31664,0.0717,-0.0540,9.7996,-0.0446,-0.0196,-1.2592,3.3859,-35.3282,26.3590
31672,0.0631,-0.0464,9.7943,-0.1662,-0.0154,-1.2326,3.3539,-35.3252,26.3637
31680,0.0676,-0.0377,9.8073,-0.1012,0.0686,-1.2205,3.3168,-35.3232,26.3632
31688,0.0981,-0.0325,9.8022,-0.0124,-0.0405,-1.3635,3.2803,-35.3178,26.3665
31696,0.1339,0.0136,9.7698,-0.0154,-0.0514,-1.4550,3.2439,-35.3063,26.3722
31704,0.1212,0.0157,9.7892,0.0323,-0.0725,-1.5292,3.2076,-35.2948,26.3778
31712,0.0810,-0.0056,9.8081,0.0860,-0.0474,-1.4881,3.1710,-35.2876,26.3830
31720,0.0980,-0.0231,9.8175,0.0866,-0.0233,-1.5262,3.1344,-35.2803,26.3881
31728,0.1129,0.0303,9.7827,0.0766,0.0583,-1.5706,3.0990,-35.2731,26.3908
31736,0.1705,0.0208,9.8218,0.0963,0.0217,-1.6210,3.0636,-35.2659,26.3936
31744,0.1657,0.0487,9.7816,0.1605,0.0694,-1.5759,3.0284,-35.2587,26.3963
31752,0.0921,0.0051,9.7589,0.1819,0.0323,-1.6875,2.9918,-35.2558,26.3985
31760,0.1367,0.0303,9.7534,0.1490,0.0342,-1.6635,2.9516,-35.2529,26.4007
31768,0.1178,0.0563,9.7766,0.1443,0.0840,-1.5232,2.9119,-35.2457,26.3962
31776,0.0078,-0.0235,9.7152,0.1637,0.0996,-1.5144,2.8772,-35.2414,26.3932
31784,0.0217,-0.0447,9.6988,0.1076,0.0559,-1.4419,2.8425,-35.2370,26.3902
31792,0.0452,-0.0580,9.6812,0.1420,0.0514,-1.3833,2.8065,-35.2294,26.3877
31800,0.0492,-0.0446,9.7100,0.1722,0.0712,-1.2713,2.7631,-35.2250,26.3894
31808,0.0709,-0.0387,9.7506,0.1078,0.0820,-1.1268,2.7208,-35.2169,26.3921
31816,0.0916,-0.0462,9.7340,0.1635,0.0817,-1.2473,2.6828,-35.2069,26.3943
31824,0.0173,-0.0753,9.7491,0.1661,0.3294,-1.1706,2.6450,-35.1969,26.3964
31832,0.0490,-0.0238,9.7559,0.1525,0.3210,-1.2252,2.6073,-35.1870,26.3986
31840,0.0239,-0.0463,9.7711,0.1049,0.2916,-1.3067,2.5645,-35.1827,26.3989
31848,0.0831,-0.0053,9.7690,0.1261,0.3888,-1.3021,2.5218,-35.1785,26.3991
31856,0.0621,-0.0091,9.7780,0.0930,0.3564,-1.3802,2.4774,-35.1723,26.3994
31864,0.0102,-0.0085,9.8025,0.1493,0.4055,-1.2310,2.4331,-35.1662,26.4015
31872,0.0403,0.0117,9.8011,0.1552,0.2817,-1.2696,2.3861,-35.1581,26.4041
31880,0.0392,0.0276,9.8129,0.1395,0.2514,-1.1173,2.3407,-35.1459,26.4038
31888,0.1075,0.0279,9.8355,0.0952,0.1930,-1.1529,2.2978,-35.1360,26.4036
31896,0.0536,0.0264,9.8286,0.1514,0.2385,-0.9762,2.2550,-35.1261,26.4033
31904,0.0827,0.0487,9.8515,0.2185,0.2954,-1.0847,2.2086,-35.1158,26.3988
31912,0.1018,0.0037,9.8267,0.2507,0.2244,-1.1217,2.1670,-35.1055,26.3942
31920,0.0962,0.0145,9.7770,0.3108,0.2526,-1.4504,2.1256,-35.0952,26.3897
31928,0.0338,0.0097,9.7820,0.2990,0.2288,-1.6341,2.0772,-35.0826,26.3890
31936,0.0799,-0.0256,9.8308,0.2530,0.2781,-1.5671,2.0290,-35.0700,26.3883
31944,0.0723,-0.0344,9.8170,0.2650,0.1946,-1.5324,1.9809,-35.0574,26.3876
31952,0.0368,-0.0491,9.7928,0.1938,0.1121,-1.4645,1.9287,-35.0430,26.3897
31960,0.0379,-0.0620,9.7690,0.1818,0.1371,-1.4716,1.8790,-35.0296,26.3880
31968,0.0252,-0.0700,9.7534,0.1729,0.1504,-1.4650,1.8314,-35.0147,26.3835
31976,-0.0104,-0.0672,9.7434,0.1644,0.1738,-1.4214,1.7840,-34.9999,26.3790
31984,-0.0021,-0.0756,9.7357,0.1430,0.1268,-1.2997,1.7400,-34.9875,26.3783
31992,0.0200,-0.0682,9.7552,0.0478,0.0206,-1.3727,1.6914,-34.9752,26.3738
32000,0.0177,-0.0552,9.7468,0.0048,0.0363,-1.4771,1.6429,-34.9614,26.3660
32008,0.0525,-0.0470,9.7556,-0.0097,-0.0313,-1.5743,1.5923,-34.9477,26.3639
32016,0.0672,-0.0687,9.7304,-0.0155,-0.0666,-1.5713,1.5418,-34.9340,26.3618
32024,-0.0007,-0.0733,9.7463,-0.0984,0.0329,-1.6990,1.4910,-34.9175,26.3582
32032,0.0145,-0.0252,9.7715,-0.0710,-0.0239,-1.7598,1.4404,-34.9010,26.3547
32040,-0.0073,-0.0248,9.8090,-0.0288,0.0125,-1.9247,1.3932,-34.8846,26.3498
32048,-0.0198,-0.0195,9.8392,0.0008,-0.0275,-1.9383,1.3462,-34.8682,26.3449
32056,-0.0252,-0.0680,9.8402,0.0479,0.1184,-2.0260,1.2993,-34.8519,26.3400
32064,-0.0469,-0.0632,9.8119,0.0849,0.1565,-2.0272,1.2535,-34.8361,26.3313
32072,-0.0055,-0.0547,9.8132,-0.0451,0.1663,-2.0843,1.2008,-34.8189,26.3260
32080,0.0220,-0.0242,9.7957,-0.0120,0.2503,-2.0510,1.1449,-34.8046,26.3207
32088,-0.0083,-0.0130,9.8021,-0.0524,0.2640,-1.9284,1.0892,-34.7903,26.3153
32096,0.0089,-0.0061,9.8148,-0.0004,0.2131,-1.7579,1.0341,-34.7751,26.3138
32104,0.0664,0.0261,9.8172,-0.0493,0.2737,-1.6774,0.9868,-34.7595,26.3109
32112,0.0802,0.0166,9.8380,-0.0694,0.3130,-1.5286,0.9354,-34.7444,26.3075
32120,0.0772,0.0257,9.8218,-0.0539,0.3693,-1.5062,0.8841,-34.7294,26.3041
32128,0.0303,0.0143,9.8353,-0.0418,0.3831,-1.5461,0.8330,-34.7143,26.3007
32136,0.0338,0.0118,9.8462,-0.0783,0.4737,-1.4189,0.7845,-34.6984,26.2959
32144,0.0484,0.0114,9.8328,-0.0464,0.5309,-1.3667,0.7360,-34.6825,26.2911
32152,0.0174,-0.0114,9.8522,-0.1360,0.4523,-1.2981,0.6830,-34.6643,26.2864
32160,0.0053,-0.0725,9.8710,-0.1016,0.4225,-1.3737,0.6302,-34.6461,26.2816
32168,-0.0092,-0.0135,9.8216,-0.0181,0.3247,-1.3635,0.5775,-34.6280,26.2769
32176,0.0281,-0.0161,9.7987,0.0191,0.2258,-1.5323,0.5217,-34.6109,26.2754
32184,0.0729,0.0112,9.7612,0.1080,0.1632,-1.7044,0.4708,-34.5900,26.2650
32192,0.0892,0.0327,9.7668,-0.0123,0.1220,-1.8530,0.4101,-34.5735,26.2565
32200,0.1345,0.0229,9.7719,-0.0127,0.2373,-1.8298,0.3497,-34.5570,26.2481
32208,0.0453,-0.0118,9.7720,0.0456,0.3342,-1.9169,0.2870,-34.5396,26.2396
32216,0.0847,-0.0734,9.7985,0.0827,0.2643,-1.8055,0.2345,-34.5241,26.2326
32224,0.0580,-0.0548,9.7983,0.0488,0.3680,-1.8270,0.1802,-34.5068,26.2261
32232,-0.0025,-0.0516,9.8241,0.0484,0.4299,-1.8449,0.1261,-34.4895,26.2196
32240,-0.0187,-0.0807,9.8342,0.0561,0.3504,-2.0007,0.0722,-34.4723,26.2131
32248,-0.0068,-0.0455,9.8612,0.0580,0.3357,-2.0216,0.0185,-34.4575,26.2067
32256,-0.0180,-0.0418,9.8582,0.0306,0.4256,-1.9430,-0.0351,-34.4427,26.2002
32264,-0.0663,-0.0855,9.8528,0.0657,0.3996,-1.9665,-0.0956,-34.4242,26.1905
32272,-0.0622,-0.0748,9.8338,0.0779,0.3401,-1.8877,-0.1493,-34.4029,26.1827
32280,-0.0622,-0.1081,9.8070,0.1322,0.2646,-1.8869,-0.2028,-34.3816,26.1749
32288,-0.0193,-0.1226,9.7974,0.1122,0.2670,-1.9662,-0.2562,-34.3642,26.1624
32296,-0.0489,-0.1212,9.8078,0.0023,0.2719,-2.0420,-0.3122,-34.3436,26.1608
32304,-0.0091,-0.0744,9.8450,-0.0440,0.2527,-2.1305,-0.3695,-34.3277,26.1535
32312,-0.0059,-0.0093,9.8103,-0.0670,0.2742,-2.1164,-0.4266,-34.3062,26.1463
32320,-0.0504,-0.0182,9.7607,-0.0730,0.2762,-2.0923,-0.4835,-34.2847,26.1391
32328,-0.0647,0.0416,9.7505,-0.0387,0.3234,-2.0800,-0.5411,-34.2619,26.1328
32336,-0.0598,0.0656,9.7148,-0.0086,0.4059,-2.0281,-0.5958,-34.2387,26.1204
32344,-0.0755,0.0733,9.7084,0.0122,0.3995,-2.2666,-0.6503,-34.2156,26.1081
32352,-0.0988,0.0478,9.7214,0.0881,0.4066,-2.2252,-0.7074,-34.1953,26.0962
32360,-0.1385,0.0362,9.7103,0.0006,0.4535,-2.3190,-0.7644,-34.1751,26.0844
32368,-0.1276,0.0558,9.7454,0.0023,0.3863,-2.3288,-0.8212,-34.1550,26.0726
32376,-0.0904,0.0575,9.7608,-0.0174,0.3273,-2.3300,-0.8773,-34.1345,26.0661
32384,-0.1291,0.0632,9.7273,-0.0175,0.2577,-2.3393,-0.9328,-34.1107,26.0582
32392,-0.1017,0.0533,9.7466,0.0463,0.2310,-2.4201,-0.9881,-34.0869,26.0503
32400,-0.0761,0.0329,9.7295,-0.0046,0.3416,-2.4041,-1.0451,-34.0642,26.0485
32408,-0.0861,0.0045,9.7486,-0.0373,0.3326,-2.3914,-1.1010,-34.0406,26.0425
32416,-0.0897,-0.0331,9.7737,-0.0126,0.3640,-2.2966,-1.1577,-34.0180,26.0328
32424,-0.1531,-0.0730,9.7932,-0.0237,0.3594,-2.1713,-1.2142,-34.0002,26.0254
32432,-0.1171,-0.0963,9.7903,-0.0662,0.3736,-2.1821,-1.2705,-33.9825,26.0181
32440,-0.0571,-0.0596,9.8078,-0.0669,0.4166,-2.1418,-1.3266,-33.9648,26.0107
32448,0.0235,-0.0301,9.8459,-0.0649,0.4123,-2.1620,-1.3854,-33.9477,26.0015
32456,0.0145,-0.0261,9.8212,-0.0683,0.3096,-2.1892,-1.4440,-33.9306,25.9924
32464,0.0136,0.0067,9.7942,-0.0742,0.3154,-2.2419,-1.5010,-33.9088,25.9808
32472,-0.0027,0.0022,9.7703,-0.0479,0.2729,-2.2203,-1.5579,-33.8870,25.9694
32480,-0.0197,-0.0379,9.7960,-0.0147,0.2082,-2.1757,-1.6145,-33.8654,25.9579
32488,-0.0146,-0.0346,9.8166,0.0090,0.0904,-2.1517,-1.6734,-33.8475,25.9503
32496,-0.0077,0.0181,9.7951,-0.0483,0.1271,-2.3474,-1.7282,-33.8255,25.9441
32504,-0.0256,0.0071,9.8080,0.0222,0.1462,-2.5852,-1.7815,-33.8045,25.9346
32512,-0.0126,0.0517,9.8065,-0.0170,0.1991,-2.7193,-1.8346,-33.7835,25.9252
32520,0.0378,0.0643,9.8310,0.1668,0.1937,-2.7195,-1.8904,-33.7645,25.9129
32528,0.0648,0.0352,9.7950,0.1319,0.2765,-2.7490,-1.9455,-33.7437,25.9045
32536,0.0947,0.0630,9.7819,0.1252,0.1104,-2.7612,-1.9985,-33.7248,25.8956
32544,0.1140,0.1028,9.7560,0.0948,0.1302,-2.7463,-2.0514,-33.7060,25.8867
32552,0.0426,0.1283,9.7922,0.0364,0.0131,-2.8413,-2.1042,-33.6872,25.8779
32560,0.1288,0.0635,9.8350,-0.0274,0.0852,-2.7428,-2.1652,-33.6661,25.8705
32568,0.1084,0.0339,9.8190,0.0662,-0.0112,-2.7473,-2.2261,-33.6451,25.8631
32576,0.1118,0.0537,9.7982,-0.0496,0.0165,-2.7357,-2.2859,-33.6184,25.8586
32584,0.1663,0.0857,9.8268,-0.0297,0.0405,-2.7485,-2.3454,-33.5919,25.8541
32592,0.2079,0.0668,9.8480,-0.1173,-0.0860,-2.6008,-2.4039,-33.5729,25.8440
32600,0.2360,0.0552,9.8614,-0.0598,-0.0256,-2.6275,-2.4626,-33.5508,25.8353
32608,0.2255,0.0579,9.8438,-0.1274,-0.0585,-2.6610,-2.5258,-33.5263,25.8299
32616,0.2551,0.0039,9.8448,-0.2188,-0.1087,-2.7785,-2.5842,-33.5057,25.8236
32624,0.2081,-0.0163,9.8725,-0.3328,-0.0420,-2.8454,-2.6423,-33.4851,25.8173
32632,0.1783,0.0223,9.8603,-0.3245,0.1818,-2.9041,-2.7003,-33.4622,25.8087
32640,0.2320,0.0036,9.8306,-0.4019,0.1372,-2.8482,-2.7628,-33.4394,25.7991
32648,0.1868,0.0367,9.8487,-0.1906,-0.0815,-2.9761,-2.8246,-33.4162,25.7901
32656,0.2000,0.0598,9.8005,-0.2205,-0.1013,-3.0211,-2.8863,-33.3931,25.7810
32664,0.2485,0.0922,9.7810,-0.2624,-0.2536,-2.9574,-2.9477,-33.3701,25.7720
32672,0.2226,0.0827,9.7606,-0.2652,-0.4819,-2.6939,-3.0099,-33.3480,25.7640
32680,0.2288,0.0573,9.7709,-0.2545,-0.5082,-2.6792,-3.0719,-33.3260,25.7560
32688,0.2276,0.0607,9.7560,-0.0683,-0.6853,-2.6412,-3.1328,-33.3017,25.7447
32696,0.2625,0.0661,9.7585,-0.0876,-0.6840,-2.4501,-3.1935,-33.2775,25.7334
32704,0.2498,0.1306,9.7621,-0.0313,-0.5708,-2.5074,-3.2544,-33.2515,25.7274
32712,0.2065,0.0906,9.7882,-0.0309,-0.5266,-2.2716,-3.3180,-33.2288,25.7153
32720,0.1195,0.0658,9.7890,0.0682,-0.5456,-2.2194,-3.3791,-33.2086,25.7074
32728,0.0271,0.0648,9.8143,0.0830,-0.6784,-2.1081,-3.4399,-33.1800,25.6953
32736,0.0228,0.1704,9.8044,0.1264,-0.7308,-2.2177,-3.5006,-33.1514,25.6832
32744,0.0867,0.2100,9.8219,0.0506,-0.7408,-2.1785,-3.5624,-33.1252,25.6722
32752,0.0808,0.2358,9.8113,0.0288,-0.5025,-2.0637,-3.6241,-33.0992,25.6611
32760,0.1128,0.2222,9.8240,0.0267,-0.3919,-1.8446,-3.6842,-33.0732,25.6515
32768,0.0971,0.2072,9.8428,-0.0101,-0.3261,-1.6857,-3.7441,-33.0473,25.6420
32776,0.1585,0.1317,9.8671,0.0294,-0.1592,-1.4325,-3.8038,-33.0215,25.6324
32784,0.1075,0.1358,9.8613,0.1446,-0.1943,-1.4436,-3.8737,-32.9958,25.6229
32792,0.1114,0.1267,9.8552,0.1106,-0.2465,-1.4356,-3.9434,-32.9701,25.6135
32800,0.1747,0.1490,9.8555,0.1076,-0.2004,-1.5186,-4.0053,-32.9417,25.6045
32808,0.1791,0.1483,9.8604,0.1526,-0.0657,-1.2994,-4.0694,-32.9143,25.5875
32816,0.0814,0.1020,9.8930,0.1237,0.0258,-1.1990,-4.1333,-32.8870,25.5705
32824,0.1047,0.0752,9.8898,0.1413,0.0067,-1.0817,-4.1941,-32.8569,25.5598
32832,0.0798,0.0678,9.8764,-0.0044,-0.0597,-1.1028,-4.2561,-32.8316,25.5444
32840,0.1110,0.1604,9.8806,0.0455,-0.0564,-1.0591,-4.3161,-32.8046,25.5318
32848,0.1073,0.0885,9.8845,0.0506,-0.0480,-0.8252,-4.3854,-32.7767,25.5183
32856,0.0725,0.1035,9.8342,-0.0192,0.0694,-0.6816,-4.4544,-32.7488,25.5049
32864,0.1345,0.1148,9.8015,-0.0833,0.1870,-0.6136,-4.5232,-32.7211,25.4916
32872,0.1796,0.1219,9.8133,0.0314,0.0301,-0.7726,-4.5875,-32.6939,25.4777
32880,0.1685,0.0863,9.8363,0.0478,0.1841,-0.7006,-4.6517,-32.6667,25.4640
32888,0.1967,0.1539,9.8380,-0.0299,0.1393,-0.8531,-4.7180,-32.6383,25.4502
32896,0.2172,0.1983,9.8245,0.0852,0.0406,-0.8229,-4.7841,-32.6099,25.4342
32904,0.1979,0.1988,9.8369,0.0352,0.0527,-0.9354,-4.8509,-32.5854,25.4253
32912,0.2069,0.2461,9.8454,-0.0366,-0.0796,-0.9496,-4.9147,-32.5529,25.4131
32920,0.1654,0.2129,9.8189,0.0628,-0.1075,-0.8592,-4.9797,-32.5267,25.4000
32928,0.1497,0.1728,9.8181,0.1071,-0.0968,-0.6981,-5.0445,-32.5006,25.3869
32936,0.1724,0.1183,9.8293,0.0562,-0.2039,-0.6187,-5.1086,-32.4717,25.3687
32944,0.1707,0.1328,9.8567,-0.0005,-0.1491,-0.3828,-5.1734,-32.4453,25.3553
32952,0.2141,0.0753,9.8619,-0.0708,0.1594,-0.4825,-5.2371,-32.4198,25.3395
32960,0.2152,0.1039,9.8871,-0.1913,0.2571,-0.4658,-5.3035,-32.3893,25.3257
32968,0.2454,0.0887,9.8735,-0.1785,0.4305,-0.4926,-5.3696,-32.3588,25.3119
32976,0.1966,0.1265,9.8589,-0.2143,0.3883,-0.4249,-5.4355,-32.3285,25.2982
32984,0.0991,0.1097,9.8525,-0.1178,0.4279,-0.4134,-5.5036,-32.3006,25.2855
32992,0.0815,0.1213,9.8517,-0.1456,0.5912,-0.4238,-5.5715,-32.2728,25.2727
33000,0.1262,0.1191,9.8501,-0.1321,0.4619,-0.3964,-5.6391,-32.2436,25.2568
33008,0.0573,0.0916,9.8068,-0.0313,0.4504,-0.4075,-5.7066,-32.2146,25.2408
33016,0.0278,0.0507,9.8045,-0.1748,0.5006,-0.1915,-5.7719,-32.1851,25.2207
33024,0.0206,0.0662,9.8247,-0.2668,0.4100,-0.1076,-5.8413,-32.1577,25.2025
33032,0.0784,0.0756,9.8316,-0.2400,0.1501,-0.0433,-5.9086,-32.1274,25.1839
33040,-0.0056,0.0486,9.8310,-0.2224,0.2002,0.0447,-5.9780,-32.1020,25.1672
33048,0.0169,0.0323,9.8792,-0.2190,0.0694,-0.0283,-6.0472,-32.0767,25.1506
33056,-0.0667,0.0003,9.8440,-0.2903,-0.1037,-0.0396,-6.1110,-32.0472,25.1350
33064,0.0140,0.0219,9.8190,-0.3505,-0.1439,0.0110,-6.1746,-32.0178,25.1195
33072,-0.0192,-0.0233,9.8260,-0.2988,-0.2329,-0.0419,-6.2432,-31.9866,25.1011
33080,-0.0437,-0.0199,9.8236,-0.3773,-0.1955,-0.0579,-6.3116,-31.9555,25.0828
33088,-0.0559,0.0027,9.7910,-0.5004,-0.2369,-0.1398,-6.3797,-31.9245,25.0646
33096,-0.0455,0.0108,9.8184,-0.4581,-0.2979,-0.0528,-6.4429,-31.8898,25.0450
33104,-0.0908,-0.0251,9.8222,-0.5003,-0.2576,-0.0150,-6.5060,-31.8552,25.0255
33112,-0.0270,-0.0015,9.8317,-0.4847,-0.3417,0.0372,-6.5735,-31.8268,25.0050
33120,-0.0258,-0.0462,9.8538,-0.3124,-0.2435,0.0978,-6.6408,-31.7986,24.9847
33128,-0.0766,-0.0517,9.8529,-0.3557,-0.3309,0.1237,-6.7065,-31.7680,24.9644
33136,-0.0319,-0.0424,9.8412,-0.3890,-0.3104,0.1192,-6.7730,-31.7357,24.9413
33144,-0.0133,-0.0687,9.8688,-0.4023,-0.1069,0.3815,-6.8420,-31.7054,24.9188
33152,0.0035,-0.0656,9.8278,-0.4096,-0.1736,0.4697,-6.9066,-31.6723,24.8935
33160,-0.0091,-0.0828,9.8089,-0.4779,-0.1707,0.5887,-6.9710,-31.6393,24.8682
33168,-0.0432,-0.1289,9.8264,-0.4500,-0.2773,0.7265,-7.0366,-31.6121,24.8488
33176,-0.0295,-0.0568,9.8623,-0.4419,-0.3738,0.8422,-7.1020,-31.5850,24.8294
33184,-0.0841,-0.0384,9.8132,-0.4688,-0.2769,0.9289,-7.1691,-31.5555,24.8044
33192,-0.0337,0.0210,9.7957,-0.3879,-0.1708,1.0278,-7.2360,-31.5262,24.7794
33200,-0.0937,0.0092,9.8026,-0.3852,-0.1227,1.1304,-7.3027,-31.4970,24.7545
33208,-0.0365,0.0463,9.8016,-0.3399,0.0833,1.0632,-7.3663,-31.4650,24.7335
33216,-0.0585,0.0212,9.8048,-0.3046,0.0243,1.1029,-7.4339,-31.4313,24.7121
33224,-0.0556,0.0280,9.7899,-0.3456,0.1652,1.1835,-7.4981,-31.3976,24.6875
33232,0.0363,0.0274,9.7987,-0.2940,0.1879,1.2526,-7.5620,-31.3640,24.6629
33240,0.0037,0.0546,9.8390,-0.3594,0.2257,1.2841,-7.6286,-31.3334,24.6389
33248,-0.0385,-0.0018,9.8496,-0.3446,0.2591,1.4368,-7.6959,-31.3005,24.6173
33256,0.0167,-0.0014,9.8240,-0.3571,0.2697,1.3481,-7.7592,-31.2635,24.5962
33264,0.0029,-0.0230,9.8374,-0.3904,0.1546,1.3647,-7.8224,-31.2318,24.5681
33272,0.0259,-0.0310,9.8417,-0.5316,0.0871,1.5086,-7.8853,-31.2001,24.5401
33280,0.0444,-0.0087,9.8647,-0.4880,0.1319,1.5848,-7.9485,-31.1691,24.5155
33288,0.0662,-0.0528,9.8628,-0.4889,0.1588,1.5483,-8.0115,-31.1381,24.4910
33296,0.0836,-0.0293,9.8670,-0.5217,0.1792,1.3268,-8.0776,-31.1049,24.4642
33304,0.1737,0.0065,9.8562,-0.4679,0.1426,1.2910,-8.1435,-31.0717,24.4375
33312,0.1973,-0.0103,9.8259,-0.4323,0.0490,1.1661,-8.2092,-31.0387,24.4109
33320,0.2100,-0.0046,9.8108,-0.2677,0.0315,1.0706,-8.2685,-31.0077,24.3857
33328,0.1928,-0.0080,9.7963,-0.1875,-0.0439,1.0620,-8.3262,-30.9767,24.3583
33336,0.2446,-0.0335,9.8200,-0.1216,0.0493,1.0324,-8.3894,-30.9431,24.3309
33344,0.2310,-0.0542,9.7754,-0.1305,-0.1255,1.1482,-8.4510,-30.9090,24.3056
33352,0.2482,0.0208,9.7519,-0.2511,-0.1888,1.2481,-8.5124,-30.8751,24.2803
33360,0.1768,0.0122,9.7443,-0.2143,-0.2999,1.2824,-8.5765,-30.8417,24.2556
33368,0.1555,-0.0461,9.7511,-0.2112,-0.5581,1.4725,-8.6380,-30.8061,24.2323
33376,0.2533,-0.0356,9.7787,-0.2562,-0.3997,1.3877,-8.6993,-30.7706,24.2092
33384,0.2229,-0.0675,9.7827,-0.3206,-0.3443,1.3465,-8.7575,-30.7394,24.1785
33392,0.2805,-0.0254,9.7671,-0.2675,-0.1126,1.2138,-8.8156,-30.7084,24.1480
33400,0.2780,-0.0592,9.7954,-0.2807,-0.1391,1.2790,-8.8735,-30.6774,24.1175
33408,0.1141,-0.0793,9.7896,-0.2081,-0.1563,1.2186,-8.9350,-30.6390,24.0923
33416,0.1661,-0.0365,9.7976,-0.1919,0.0165,1.1261,-8.9958,-30.6021,24.0668
33424,0.1581,-0.0168,9.7797,-0.2324,0.2297,0.8004,-9.0564,-30.5653,24.0413
33432,0.0452,-0.0601,9.8132,-0.2498,0.3483,0.5476,-9.1169,-30.5286,24.0145
33440,0.0837,-0.1038,9.8144,-0.2318,0.4350,0.5192,-9.1747,-30.4897,23.9901
33448,0.0945,-0.0733,9.7831,-0.2119,0.4620,0.2067,-9.2315,-30.4585,23.9648
33456,0.0318,-0.0269,9.7752,-0.1369,0.2717,0.1532,-9.2938,-30.4250,23.9383
33464,0.0302,-0.0401,9.7504,-0.0919,0.1271,-0.0553,-9.3558,-30.3916,23.9118
33472,0.0588,-0.0415,9.7689,-0.1208,0.2849,-0.2360,-9.4120,-30.3583,23.8877
33480,0.0678,-0.0205,9.7971,-0.1457,0.3424,-0.3661,-9.4708,-30.3209,23.8576
33488,-0.0046,-0.0042,9.7852,-0.3376,0.3627,-0.5466,-9.5295,-30.2836,23.8275
33496,-0.0515,0.0005,9.7890,-0.3158,0.2355,-0.7458,-9.5861,-30.2445,23.8028
33504,-0.1190,-0.0189,9.8394,-0.2469,0.2951,-0.7870,-9.6425,-30.2055,23.7782
33512,-0.1400,0.0040,9.8490,-0.3410,0.3655,-0.8664,-9.6987,-30.1666,23.7536
33520,-0.1781,-0.0266,9.8631,-0.3083,0.4222,-0.8543,-9.7543,-30.1331,23.7272
33528,-0.1643,-0.0298,9.8818,-0.3224,0.4070,-1.0587,-9.8097,-30.0964,23.6976
33536,-0.1363,-0.0131,9.8715,-0.3413,0.3472,-1.1982,-9.8616,-30.0630,23.6747
33544,-0.1237,-0.0663,9.9067,-0.3353,0.2953,-1.2409,-9.9133,-30.0298,23.6518
33552,-0.1046,-0.0520,9.8912,-0.2602,0.1550,-1.2205,-9.9654,-29.9948,23.6239
33560,-0.0463,-0.0045,9.8549,-0.2684,0.1489,-1.4515,-10.0173,-29.9576,23.5950
33568,-0.1316,-0.0043,9.8357,-0.2629,0.0310,-1.3312,-10.0699,-29.9204,23.5663
33576,-0.0002,0.0441,9.8388,-0.2043,-0.0791,-1.3974,-10.1182,-29.8858,23.5448
33584,-0.0343,0.0183,9.8412,-0.1883,-0.1816,-1.4474,-10.1663,-29.8512,23.5233
33592,-0.0483,-0.0069,9.8615,-0.1197,-0.2184,-1.4233,-10.2194,-29.8177,23.5023
33600,-0.0482,-0.0097,9.8941,-0.1420,-0.2162,-1.4695,-10.2724,-29.7844,23.4815
33608,-0.0476,0.0238,9.8766,-0.2647,-0.3821,-1.4604,-10.3276,-29.7487,23.4583
33616,0.0216,0.0372,9.8872,-0.3127,-0.3461,-1.5930,-10.3826,-29.7132,23.4352
33624,-0.0929,0.0075,9.8763,-0.2893,-0.3890,-1.6371,-10.4374,-29.6777,23.4122
33632,-0.0266,0.0133,9.8487,-0.2882,-0.3500,-1.5593,-10.4855,-29.6438,23.3849
33640,-0.1028,0.0218,9.8405,-0.4712,-0.3048,-1.5676,-10.5357,-29.6100,23.3602
33648,-0.0297,0.0227,9.8231,-0.4489,-0.1655,-1.6021,-10.5853,-29.5735,23.3360
33656,0.0351,0.0722,9.7887,-0.3928,-0.0216,-1.7259,-10.6348,-29.5371,23.3118
33664,0.0601,0.0282,9.7981,-0.4992,0.0333,-1.6255,-10.6817,-29.5008,23.2878
33672,0.0867,0.0285,9.8112,-0.4543,-0.0048,-1.4282,-10.7356,-29.4637,23.2605
33680,0.1300,0.0829,9.7634,-0.4594,-0.0253,-1.4422,-10.7827,-29.4195,23.2361
33688,0.1013,0.0548,9.7592,-0.3575,0.0137,-1.3063,-10.8296,-29.3755,23.2118
33696,0.0730,0.0985,9.7582,-0.4281,0.0111,-1.6243,-10.8764,-29.3317,23.1876
33704,0.0010,0.0775,9.7223,-0.4983,-0.0234,-1.6324,-10.9278,-29.2941,23.1658
33712,0.0802,0.0298,9.7093,-0.4295,0.0822,-1.4455,-10.9790,-29.2567,23.1441
33720,0.0685,-0.0093,9.7422,-0.2809,0.1299,-1.2640,-11.0225,-29.2189,23.1220
33728,0.0652,0.0424,9.8116,-0.3442,0.1329,-1.2186,-11.0658,-29.1812,23.0999
33736,0.0951,0.0973,9.8033,-0.3088,0.0397,-1.2791,-11.1143,-29.1432,23.0784
33744,0.1198,0.1375,9.7895,-0.2669,-0.0974,-1.4596,-11.1592,-29.1124,23.0594
33752,0.1093,0.1579,9.7915,-0.2161,0.1795,-1.4216,-11.2021,-29.0713,23.0441
33760,0.0817,0.0638,9.8221,-0.1782,0.1669,-1.4359,-11.2473,-29.0326,23.0257
33768,0.0772,0.0661,9.8374,-0.4087,0.0056,-1.2202,-11.2923,-28.9941,23.0072
33776,0.0548,0.0218,9.8417,-0.4797,0.1553,-1.0220,-11.3376,-28.9576,22.9860
33784,0.0451,0.0322,9.8247,-0.4810,0.4078,-1.0804,-11.3795,-28.9165,22.9663
33792,0.0559,0.0317,9.8257,-0.3676,0.3826,-1.0909,-11.4217,-28.8783,22.9495
33800,0.1048,0.0594,9.8302,-0.3817,0.4732,-1.1090,-11.4638,-28.8403,22.9327
33808,0.1450,0.0202,9.8224,-0.3846,0.3545,-1.0543,-11.5057,-28.8024,22.9160
33816,0.0702,0.0240,9.8450,-0.3847,0.4543,-1.0980,-11.5513,-28.7632,22.8984
33824,0.0354,0.0165,9.8637,-0.4542,0.2377,-0.8891,-11.5968,-28.7241,22.8808
33832,0.0812,0.0210,9.8432,-0.3339,0.1639,-0.9054,-11.6421,-28.6837,22.8633
33840,0.0927,0.0397,9.8351,-0.3175,0.2854,-0.8569,-11.6906,-28.6392,22.8487
33848,0.0716,0.0302,9.8378,-0.3499,0.4469,-0.6212,-11.7389,-28.5948,22.8341
33856,0.0881,-0.0084,9.8398,-0.2902,0.5453,-0.3505,-11.7838,-28.5510,22.8206
33864,0.0552,-0.0552,9.8120,-0.1451,0.3994,-0.3610,-11.8271,-28.5107,22.8061
33872,0.0654,-0.0470,9.8105,-0.1290,0.3212,-0.2697,-11.8731,-28.4686,22.7950
33880,0.0602,0.0228,9.7737,-0.1376,0.3852,-0.0464,-11.9190,-28.4229,22.7839
33888,0.0887,0.0154,9.7358,-0.1112,0.4409,0.1325,-11.9647,-28.3773,22.7729
33896,0.1103,0.0579,9.7393,-0.0912,0.3903,0.3489,-12.0103,-28.3318,22.7619
33904,0.1085,0.0854,9.7734,-0.1948,0.3845,0.3532,-12.0614,-28.2865,22.7485
33912,0.1447,0.1157,9.7834,-0.1632,0.2590,0.5466,-12.1123,-28.2413,22.7352
33920,0.1050,0.1008,9.7737,-0.1463,0.2883,0.7689,-12.1603,-28.1944,22.7220
33928,0.0309,0.1224,9.8023,-0.1329,0.1217,0.9228,-12.2081,-28.1476,22.7126
33936,0.0266,0.0919,9.7845,-0.2506,0.1437,0.9740,-12.2557,-28.1010,22.7032
33944,-0.0364,0.0350,9.7947,-0.2193,0.0287,1.0789,-12.3013,-28.0516,22.6909
33952,0.0281,0.0205,9.8113,-0.2213,-0.0226,1.0726,-12.3468,-28.0034,22.6811
33960,-0.0055,-0.0017,9.8135,-0.2258,0.0510,1.2106,-12.3921,-27.9553,22.6714
33968,-0.0760,0.0019,9.7873,-0.2409,0.1587,1.1665,-12.4363,-27.9112,22.6626
33976,-0.1038,0.0338,9.7604,-0.2366,0.0218,1.0817,-12.4804,-27.8649,22.6562
33984,-0.1900,0.0495,9.7775,-0.3472,0.1681,1.0059,-12.5253,-27.8186,22.6512
33992,-0.2160,0.0705,9.7907,-0.3036,0.2547,1.1281,-12.5668,-27.7749,22.6425
34000,-0.2638,0.0453,9.8050,-0.3232,0.3189,1.0023,-12.6081,-27.7314,22.6338
34008,-0.2892,0.0367,9.8087,-0.3580,0.2469,0.9754,-12.6492,-27.6879,22.6251
34016,-0.3473,0.0111,9.7843,-0.3806,0.1994,0.9869,-12.6927,-27.6461,22.6226
34024,-0.2973,-0.0126,9.7769,-0.4315,0.1940,1.0593,-12.7359,-27.6043,22.6201
34032,-0.2995,0.0016,9.7910,-0.3309,0.1595,1.2432,-12.7800,-27.5603,22.6162
34040,-0.3006,0.0203,9.8016,-0.3254,0.1984,1.1923,-12.8240,-27.5165,22.6123
34048,-0.2624,0.0168,9.7938,-0.3281,0.1771,1.2824,-12.8711,-27.4709,22.6047
34056,-0.2642,0.0241,9.7750,-0.4160,0.1886,1.2112,-12.9157,-27.4287,22.5956
34064,-0.2176,0.0174,9.7756,-0.4494,0.2103,1.2497,-12.9607,-27.3853,22.5908
34072,-0.1882,-0.0214,9.7813,-0.4386,0.0578,1.2173,-13.0102,-27.3406,22.5861
34080,-0.1598,-0.0041,9.7486,-0.4097,0.0292,1.2876,-13.0596,-27.2960,22.5813
34088,-0.1828,-0.0217,9.7718,-0.4194,-0.0461,1.1842,-13.1050,-27.2469,22.5742
34096,-0.1463,-0.0281,9.7737,-0.4473,-0.0114,1.2026,-13.1465,-27.2054,22.5667
34104,-0.1095,-0.0503,9.7832,-0.4073,-0.0583,1.2602,-13.1912,-27.1594,22.5601
34112,-0.0704,-0.0439,9.7895,-0.4277,-0.0551,1.2113,-13.2357,-27.1135,22.5536
34120,0.0043,-0.0436,9.7801,-0.3753,0.0226,1.1672,-13.2801,-27.0677,22.5470
34128,0.0376,-0.0497,9.8332,-0.4025,-0.0258,1.1570,-13.3211,-27.0221,22.5453
34136,0.0291,-0.0830,9.8115,-0.4818,-0.0107,1.1073,-13.3619,-26.9767,22.5435
34144,0.0245,-0.0563,9.8283,-0.4776,0.0464,1.1210,-13.4054,-26.9332,22.5389
34152,0.0714,-0.0047,9.8111,-0.4390,0.0050,1.1422,-13.4488,-26.8899,22.5343
34160,0.1426,0.0060,9.8567,-0.3967,0.1014,1.1731,-13.4940,-26.8401,22.5292
34168,0.1136,0.0152,9.8127,-0.4336,0.1270,1.2187,-13.5381,-26.7924,22.5270
34176,0.1484,-0.0334,9.8134,-0.4636,0.2607,1.2329,-13.5806,-26.7467,22.5196
34184,0.0792,-0.0624,9.7859,-0.4922,0.2179,1.3052,-13.6286,-26.7021,22.5179
34192,0.0617,-0.0439,9.7896,-0.4636,0.0917,1.2490,-13.6765,-26.6577,22.5162
34200,0.0545,-0.0518,9.7985,-0.4363,0.1363,1.3206,-13.7252,-26.6072,22.5089
34208,0.1200,-0.0667,9.7906,-0.3968,0.1870,1.2504,-13.7737,-26.5569,22.5015
34216,0.0211,-0.0834,9.8312,-0.4177,0.1714,1.3299,-13.8198,-26.5143,22.4985
34224,0.0287,-0.0680,9.8147,-0.4963,0.1672,1.3099,-13.8656,-26.4718,22.4954
34232,0.0406,-0.0581,9.7984,-0.3742,0.1686,1.4428,-13.9114,-26.4295,22.4924
34240,0.0810,-0.0355,9.7864,-0.2788,0.1378,1.4473,-13.9551,-26.3850,22.4884
34248,0.0592,-0.0378,9.7883,-0.2168,0.0524,1.3822,-13.9996,-26.3391,22.4878
34256,0.0764,0.0261,9.7403,-0.1683,-0.1359,1.3813,-14.0416,-26.2911,22.4862
34264,0.0236,0.0220,9.7666,-0.2072,-0.3080,1.4044,-14.0834,-26.2432,22.4846
34272,-0.0464,0.0402,9.7394,-0.3030,-0.3365,1.2399,-14.1275,-26.1978,22.4830
34280,0.0163,0.0452,9.7704,-0.2214,-0.3212,1.2558,-14.1762,-26.1525,22.4800
34288,0.0854,0.0252,9.7332,-0.1939,-0.2505,1.2471,-14.2224,-26.1065,22.4784
34296,0.0751,0.0235,9.7047,-0.0264,-0.0869,1.2148,-14.2727,-26.0596,22.4726
34304,0.1586,0.0164,9.7161,-0.0608,0.0108,1.1945,-14.3228,-26.0129,22.4668
34312,0.0935,-0.0346,9.7652,-0.0404,-0.0850,1.1325,-14.3628,-25.9645,22.4653
34320,0.1293,-0.0607,9.7710,0.0351,-0.0433,1.2518,-14.4027,-25.9162,22.4637
34328,0.0697,-0.0620,9.8007,0.0220,-0.0381,1.2113,-14.4515,-25.8718,22.4622
34336,0.0531,-0.0372,9.7962,0.1294,0.0148,1.2338,-14.5001,-25.8276,22.4607
34344,0.0963,-0.0549,9.8163,0.0642,0.0575,1.1328,-14.5486,-25.7835,22.4592
34352,0.0717,-0.0362,9.8163,0.0125,0.1356,1.1454,-14.5931,-25.7344,22.4572
34360,-0.0753,-0.0444,9.8299,-0.0050,0.2663,1.1122,-14.6427,-25.6896,22.4557
34368,-0.0053,-0.0832,9.8026,0.0530,0.2926,1.1311,-14.6898,-25.6413,22.4575
34376,-0.0635,-0.0847,9.7929,0.0364,0.1925,1.0718,-14.7338,-25.5949,22.4555
34384,-0.0273,-0.0304,9.7741,0.0232,0.0167,1.0578,-14.7778,-25.5487,22.4536
34392,-0.0060,-0.0423,9.8364,-0.0614,0.1286,1.0498,-14.8220,-25.5032,22.4507
34400,0.0288,-0.0572,9.8249,-0.0676,0.0942,1.1087,-14.8695,-25.4554,22.4515
34408,0.0798,-0.0352,9.8172,-0.0549,0.0721,1.0131,-14.9168,-25.4077,22.4524
34416,0.0942,-0.0471,9.8307,-0.0801,0.1282,0.9723,-14.9630,-25.3626,22.4476
34424,0.0775,-0.0005,9.8147,-0.1468,0.1019,0.8640,-15.0090,-25.3176,22.4428
34432,0.0142,-0.0371,9.7897,-0.1627,0.0234,0.8911,-15.0550,-25.2728,22.4381
34440,0.0630,-0.0439,9.7781,-0.2045,0.0044,1.0370,-15.1050,-25.2238,22.4361
34448,0.0083,-0.0568,9.7475,-0.2525,0.0155,1.0485,-15.1549,-25.1750,22.4342
34456,0.0267,0.0026,9.7586,-0.3010,-0.0379,1.0862,-15.2046,-25.1263,22.4323
34464,-0.0095,0.0431,9.7672,-0.3528,-0.1076,1.2982,-15.2480,-25.0816,22.4304
34472,-0.0341,0.0283,9.7991,-0.3649,-0.0569,1.5036,-15.2889,-25.0295,22.4295
34480,-0.1169,-0.0084,9.7811,-0.3365,-0.1498,1.6948,-15.3381,-24.9827,22.4342
34488,-0.0961,0.0159,9.7275,-0.3441,-0.3000,1.9655,-15.3783,-24.9375,22.4337
34496,-0.0273,0.0164,9.7345,-0.4073,-0.1209,2.1551,-15.4183,-24.8924,22.4333
34504,0.0141,-0.0118,9.7090,-0.4464,-0.0750,2.1257,-15.4676,-24.8466,22.4328
34512,-0.0733,-0.0989,9.7182,-0.4331,0.0356,2.1163,-15.5173,-24.7975,22.4332
34520,-0.0963,-0.1302,9.7029,-0.3271,-0.0106,2.3126,-15.5668,-24.7486,22.4337
34528,-0.0334,-0.0466,9.7159,-0.3244,0.0465,2.0790,-15.6171,-24.6989,22.4351
34536,-0.0844,-0.0497,9.6940,-0.3111,-0.0083,2.0636,-15.6673,-24.6494,22.4365
34544,-0.0262,-0.0671,9.6837,-0.3944,0.1234,1.9289,-15.7173,-24.6001,22.4379
34552,-0.0473,-0.1206,9.7181,-0.3648,0.1133,1.8214,-15.7666,-24.5504,22.4374
34560,0.0146,-0.1126,9.7051,-0.3524,0.2556,1.6600,-15.8177,-24.4989,22.4355
34568,0.0657,-0.0916,9.7434,-0.3486,0.2264,1.5376,-15.8668,-24.4529,22.4364
34576,0.0608,-0.0863,9.7271,-0.3503,0.1638,1.3832,-15.9156,-24.4070,22.4374
34584,0.0565,-0.0975,9.7346,-0.2959,0.1039,1.4356,-15.9639,-24.3570,22.4354
34592,0.0730,-0.1003,9.7537,-0.2625,0.0200,1.2990,-16.0096,-24.3123,22.4359
34600,0.1317,-0.0486,9.7705,-0.2893,-0.1722,1.1471,-16.0567,-24.2678,22.4326
34608,0.1270,-0.0014,9.7521,-0.3575,-0.1667,0.9004,-16.1026,-24.2177,22.4335
34616,0.2015,-0.0134,9.7540,-0.2415,-0.0201,0.9393,-16.1483,-24.1678,22.4344
34624,0.1464,-0.0010,9.7207,-0.1919,0.0214,0.8910,-16.1978,-24.1195,22.4354
34632,0.1448,-0.0266,9.7434,-0.1657,-0.0216,0.8050,-16.2470,-24.0713,22.4363
34640,0.1634,-0.0676,9.7489,-0.0634,-0.2867,0.8639,-16.2952,-24.0223,22.4387
34648,0.1315,-0.0760,9.7594,-0.1629,-0.2948,0.6404,-16.3432,-23.9735,22.4410
34656,0.1314,-0.0563,9.7556,-0.0527,-0.6253,0.8799,-16.3910,-23.9249,22.4433
34664,0.0683,-0.0220,9.7750,0.0634,-0.4667,0.8556,-16.4387,-23.8778,22.4414
34672,0.0792,0.0186,9.7693,0.0890,-0.2003,0.8724,-16.4882,-23.8304,22.4399
34680,0.0143,0.0466,9.7114,0.0629,-0.3216,0.5765,-16.5356,-23.7859,22.4404
34688,-0.0207,-0.0054,9.7974,0.0085,-0.4322,0.3468,-16.5828,-23.7417,22.4408
34696,0.0373,0.0572,9.7558,-0.1821,-0.1727,0.0952,-16.6318,-23.6918,22.4427
34704,-0.0081,0.1071,9.7775,-0.1430,-0.1752,0.0972,-16.6788,-23.6441,22.4393
34712,0.0091,0.0703,9.8248,-0.1750,-0.2789,-0.0048,-16.7279,-23.5917,22.4407
34720,0.0908,0.0615,9.8231,-0.1416,-0.4580,-0.0651,-16.7769,-23.5395,22.4421
34728,0.0202,0.0495,9.8032,-0.0564,-0.5974,-0.2160,-16.8258,-23.4875,22.4435
34736,0.0366,0.0915,9.7921,0.0732,-0.6453,-0.3684,-16.8769,-23.4380,22.4458
34744,0.0259,0.0256,9.7862,-0.0776,-0.7151,-0.4047,-16.9278,-23.3886,22.4481
34752,0.1182,0.0721,9.7261,0.0022,-0.5205,-0.5328,-16.9752,-23.3371,22.4471
34760,0.1516,0.0709,9.7665,0.1505,-0.5131,-0.7327,-17.0225,-23.2857,22.4461
34768,0.0585,0.0885,9.7803,0.1003,-0.3167,-0.7851,-17.0696,-23.2345,22.4451
34776,0.1349,0.0598,9.7910,0.1217,-0.2542,-0.7872,-17.1185,-23.1862,22.4436
34784,0.1108,0.0206,9.8129,0.1448,-0.2505,-0.8292,-17.1677,-23.1367,22.4521
34792,0.0707,-0.0417,9.8305,0.0442,-0.2069,-0.8561,-17.2162,-23.0926,22.4492
34800,0.0358,-0.0302,9.8624,0.0974,-0.3599,-1.1751,-17.2647,-23.0486,22.4463
34808,-0.0387,-0.0194,9.8397,0.2335,-0.4182,-1.1735,-17.3139,-22.9977,22.4505
34816,-0.1128,-0.0196,9.8279,0.2144,-0.2126,-1.2840,-17.3643,-22.9502,22.4547
34824,-0.2369,-0.0175,9.8267,0.1054,-0.2213,-1.4190,-17.4128,-22.9024,22.4570
34832,-0.2038,0.0035,9.8238,-0.0121,-0.2084,-1.6041,-17.4610,-22.8547,22.4592
34840,-0.2386,0.0407,9.8117,-0.0205,-0.0839,-1.6530,-17.5091,-22.8072,22.4615
34848,-0.1958,0.0197,9.8385,-0.0579,-0.0503,-1.6679,-17.5614,-22.7580,22.4647
34856,-0.2131,-0.0252,9.8514,0.0158,-0.0261,-1.6607,-17.6134,-22.7089,22.4679
34864,-0.1582,-0.0677,9.8717,0.1021,-0.0804,-1.7126,-17.6629,-22.6623,22.4730
34872,-0.0957,-0.0241,9.8855,0.0328,-0.0336,-1.6475,-17.7090,-22.6145,22.4743
34880,-0.1672,-0.0016,9.8501,0.0597,-0.1061,-1.6679,-17.7549,-22.5668,22.4756
34888,-0.2150,0.0065,9.9125,0.0509,-0.0822,-1.6954,-17.8040,-22.5183,22.4764
34896,-0.2678,-0.0422,9.9529,0.0531,-0.0033,-1.6844,-17.8520,-22.4657,22.4800
34904,-0.3052,-0.0411,9.9235,-0.0088,-0.0185,-1.5379,-17.9040,-22.4199,22.4832
34912,-0.3025,-0.0083,9.8900,0.0253,-0.1477,-1.5231,-17.9527,-22.3695,22.4882
34920,-0.2960,-0.0233,9.8957,-0.0461,-0.1220,-1.3996,-18.0011,-22.3192,22.4932
34928,-0.2623,-0.0527,9.8767,-0.0076,-0.1800,-1.2122,-18.0447,-22.2791,22.4902
34936,-0.2464,-0.0443,9.8791,0.0558,-0.1208,-1.1876,-18.0942,-22.2296,22.4947
34944,-0.2471,-0.0217,9.8817,0.1137,-0.1736,-1.1615,-18.1436,-22.1803,22.4992
34952,-0.2108,-0.0403,9.8759,0.0972,-0.2080,-1.1125,-18.1882,-22.1311,22.5037
34960,-0.2084,-0.0258,9.8424,0.1400,-0.1716,-1.0843,-18.2325,-22.0821,22.5040
34968,-0.1480,-0.0254,9.8134,0.1970,-0.1128,-1.0760,-18.2768,-22.0333,22.5042
34976,-0.1539,-0.0246,9.8055,0.2834,-0.1286,-0.9481,-18.3251,-21.9841,22.5026
34984,-0.1338,-0.0047,9.8165,0.2594,-0.1250,-0.9804,-18.3757,-21.9341,22.5056
34992,-0.1602,-0.0496,9.8009,0.3298,-0.1722,-0.9580,-18.4261,-21.8843,22.5087
35000,-0.0880,-0.0748,9.8060,0.2958,-0.1587,-1.0646,-18.4697,-21.8337,22.5108
35008,-0.0659,-0.0611,9.8178,0.2713,-0.2552,-0.8945,-18.5146,-21.7885,22.5143
35016,-0.0637,-0.0997,9.7967,0.2532,-0.2594,-0.8492,-18.5627,-21.7382,22.5212
35024,-0.0248,-0.0909,9.7889,0.2385,-0.2261,-0.6858,-18.6083,-21.6932,22.5199
35032,0.0136,-0.1121,9.8006,0.3205,-0.1302,-0.8070,-18.6537,-21.6484,22.5187
35040,0.0402,-0.0816,9.8070,0.2682,-0.1559,-0.7628,-18.6989,-21.6038,22.5175
35048,0.1648,-0.0682,9.8179,0.2076,-0.0124,-0.6592,-18.7450,-21.5621,22.5191
35056,0.1287,-0.0469,9.8150,0.0803,-0.0139,-0.7949,-18.7909,-21.5206,22.5207
35064,0.1694,-0.0678,9.8023,0.0998,0.0380,-0.6686,-18.8357,-21.4735,22.5242
35072,0.1346,-0.0798,9.8063,0.0999,0.1249,-0.6145,-18.8804,-21.4266,22.5277
35080,0.1005,-0.0715,9.8327,0.0093,0.0054,-0.5627,-18.9249,-21.3798,22.5311
35088,0.1397,-0.0572,9.8475,0.0106,0.0245,-0.6412,-18.9717,-21.3369,22.5332
35096,0.2522,-0.0087,9.8559,-0.0041,0.1414,-0.6283,-19.0211,-21.2914,22.5314
35104,0.1467,-0.0100,9.8757,-0.0555,0.0905,-0.5387,-19.0675,-21.2403,22.5349
35112,0.1647,0.0294,9.8914,-0.0700,0.0579,-0.5329,-19.1138,-21.1893,22.5383
35120,0.2001,0.0168,9.8865,-0.1159,0.1360,-0.7327,-19.1590,-21.1423,22.5370
35128,0.1146,0.0205,9.8830,-0.1331,0.1280,-0.7611,-19.2050,-21.0931,22.5372
35136,0.1912,0.0547,9.8397,-0.2988,0.1177,-0.7483,-19.2485,-21.0488,22.5373
35144,0.2956,0.0816,9.8634,-0.3400,0.0545,-0.7654,-19.2918,-21.0046,22.5374
35152,0.3973,0.1027,9.8616,-0.3901,0.1034,-0.8510,-19.3350,-20.9606,22.5376
35160,0.4161,0.0918,9.8568,-0.3712,0.1182,-0.8316,-19.3813,-20.9148,22.5415
35168,0.4107,0.0792,9.8356,-0.4306,0.0657,-0.8770,-19.4275,-20.8691,22.5454
35176,0.3320,0.1425,9.8200,-0.3300,0.0581,-0.8885,-19.4726,-20.8232,22.5455
35184,0.2281,0.1073,9.8123,-0.3378,0.2962,-0.9288,-19.5176,-20.7773,22.5456
35192,0.2697,0.0312,9.8313,-0.3533,0.3078,-0.7593,-19.5586,-20.7311,22.5438
35200,0.2419,0.0253,9.8280,-0.3388,0.3643,-0.7092,-19.6047,-20.6818,22.5472
35208,0.2608,0.0527,9.8405,-0.2769,0.5970,-0.7013,-19.6501,-20.6345,22.5535
35216,0.2916,-0.0209,9.8245,-0.3297,0.5369,-0.7231,-19.6959,-20.5855,22.5512
35224,0.2721,-0.0501,9.8173,-0.2202,0.6794,-0.7546,-19.7416,-20.5366,22.5489
35232,0.2244,0.0191,9.8595,-0.1608,0.7063,-0.6434,-19.7875,-20.4912,22.5551
35240,0.2022,-0.0290,9.8722,-0.1654,0.6627,-0.8331,-19.8333,-20.4469,22.5590
35248,0.2085,-0.0652,9.8418,-0.1671,0.6237,-0.8278,-19.8814,-20.4004,22.5571
35256,0.1751,-0.0410,9.8129,-0.1180,0.8770,-0.8067,-19.9292,-20.3540,22.5553
35264,0.1940,-0.0956,9.8118,-0.0311,0.9460,-0.6772,-19.9769,-20.3077,22.5535
35272,0.1496,-0.0941,9.7880,0.0467,0.9452,-0.5934,-20.0202,-20.2659,22.5555
35280,0.0945,-0.0498,9.7838,-0.0710,1.0325,-0.6519,-20.0633,-20.2242,22.5574
35288,0.1005,-0.0923,9.7554,-0.1274,1.0760,-0.5265,-20.1072,-20.1760,22.5565
35296,0.0746,-0.0887,9.7899,-0.2775,1.1496,-0.3160,-20.1510,-20.1279,22.5557
35304,-0.0185,-0.1284,9.8493,-0.2716,1.2413,-0.2453,-20.1984,-20.0781,22.5557
35312,-0.0304,-0.0745,9.8456,-0.3113,1.2570,-0.0684,-20.2409,-20.0322,22.5558
35320,-0.2210,-0.1032,9.8391,-0.2986,1.0800,-0.0378,-20.2823,-19.9865,22.5559
35328,-0.2377,-0.0836,9.8456,-0.3451,1.0707,-0.0326,-20.3274,-19.9414,22.5564
35336,-0.2301,-0.0567,9.8186,-0.2989,1.0112,0.0043,-20.3723,-19.8965,22.5569
35344,-0.1558,0.0418,9.8010,-0.3561,0.8609,0.1757,-20.4189,-19.8536,22.5546
35352,-0.1833,0.0362,9.8038,-0.2428,0.7652,0.3662,-20.4654,-19.8108,22.5523
35360,-0.1389,0.0935,9.7954,-0.2944,0.7777,0.5164,-20.5122,-19.7677,22.5571
35368,-0.1061,0.1190,9.8192,-0.2185,0.8350,0.7800,-20.5588,-19.7247,22.5619
35376,-0.1597,0.0642,9.8330,-0.1352,0.7911,0.9041,-20.6053,-19.6819,22.5667
35384,-0.1691,0.0278,9.8277,-0.0929,0.6665,1.0947,-20.6530,-19.6401,22.5706
35392,-0.1661,0.0522,9.8325,-0.1404,0.7180,1.2771,-20.6977,-19.5956,22.5725
35400,-0.1466,0.0702,9.8327,-0.1912,0.7219,1.2354,-20.7446,-19.5475,22.5758
35408,-0.1559,0.0246,9.8548,-0.2531,0.4829,1.2516,-20.7928,-19.5028,22.5805
35416,-0.1661,0.0612,9.8183,-0.1949,0.3771,1.2830,-20.8408,-19.4583,22.5853
35424,-0.2404,-0.0041,9.7861,-0.1500,0.4199,1.1931,-20.8881,-19.4106,22.5909
35432,-0.1838,-0.0222,9.7826,-0.0910,0.2769,1.1872,-20.9300,-19.3674,22.5956
35440,-0.2742,-0.0499,9.7898,-0.1839,0.1081,1.1441,-20.9813,-19.3219,22.5946
35448,-0.2253,-0.0404,9.8055,-0.1715,0.1040,1.1563,-21.0276,-19.2765,22.5960
35456,-0.1569,-0.0222,9.8315,-0.2236,0.1080,1.1093,-21.0737,-19.2313,22.5973
35464,-0.0987,-0.0231,9.8373,-0.1374,-0.0160,1.3149,-21.1196,-19.1862,22.5987
35472,-0.1125,-0.0580,9.8316,-0.1856,-0.0707,1.2503,-21.1653,-19.1398,22.6015
35480,-0.0999,-0.0892,9.8178,-0.1651,-0.1390,1.1405,-21.2109,-19.0936,22.6042
35488,-0.1391,-0.0482,9.8044,-0.1348,-0.2176,0.9822,-21.2562,-19.0476,22.6070
35496,-0.0206,-0.0520,9.8510,-0.0925,-0.1941,1.0467,-21.3033,-19.0012,22.6069
35504,-0.0409,-0.0159,9.8436,-0.0947,-0.1583,1.0098,-21.3502,-18.9549,22.6110
35512,-0.0820,0.0141,9.8091,-0.1288,-0.0601,0.9905,-21.3992,-18.9102,22.6095
35520,-0.0874,0.0540,9.8183,-0.1294,-0.1395,0.9321,-21.4471,-18.8648,22.6123
35528,-0.1483,0.0390,9.8099,-0.0900,-0.1301,1.0095,-21.4949,-18.8194,22.6150
35536,-0.1432,0.0592,9.8027,-0.0283,-0.2118,1.1102,-21.5386,-18.7761,22.6205
35544,-0.1851,0.0210,9.8030,-0.0414,-0.2126,0.9612,-21.5803,-18.7348,22.6251
35552,-0.1283,0.0579,9.8011,0.0662,-0.1253,0.8721,-21.6218,-18.6937,22.6297
35560,-0.0318,0.0308,9.8202,0.0117,-0.1459,0.6375,-21.6650,-18.6446,22.6305
35568,-0.0934,0.0417,9.8216,0.0796,-0.1122,0.5838,-21.7081,-18.5957,22.6313
35576,-0.0416,0.0339,9.8161,0.0166,-0.0960,0.4631,-21.7510,-18.5470,22.6321
35584,-0.0395,0.0746,9.8124,0.0389,-0.1631,0.4491,-21.7970,-18.5036,22.6328
35592,0.0609,0.0864,9.7863,0.0096,-0.1767,0.2703,-21.8381,-18.4580,22.6393
35600,0.0169,0.0355,9.7627,0.0829,-0.2777,0.3020,-21.8795,-18.4153,22.6438
35608,0.0559,0.0734,9.7408,0.1024,-0.1529,0.2550,-21.9208,-18.3728,22.6483
35616,0.0921,0.0589,9.7466,0.1290,-0.0469,0.3034,-21.9628,-18.3285,22.6524
35624,0.0925,0.0097,9.7391,0.1491,-0.0469,0.1710,-22.0061,-18.2816,22.6559
35632,0.1420,-0.0119,9.7436,0.2057,-0.0336,0.2231,-22.0492,-18.2348,22.6595
35640,0.1149,-0.0347,9.7537,0.1984,0.0485,0.1048,-22.0908,-18.1871,22.6625
35648,0.1332,-0.1041,9.7568,0.1488,0.2604,-0.0349,-22.1321,-18.1397,22.6656
35656,0.1019,-0.0735,9.7265,0.1467,0.2710,-0.1738,-22.1771,-18.0909,22.6700
35664,0.1492,-0.0745,9.7536,0.1554,0.3691,-0.2853,-22.2219,-18.0424,22.6745
35672,0.0840,-0.0767,9.7668,0.2063,0.5349,-0.4373,-22.2642,-18.0010,22.6756
35680,0.0865,-0.0966,9.7729,0.3164,0.5815,-0.6520,-22.3063,-17.9598,22.6767
35688,0.1576,-0.1764,9.8175,0.2056,0.5753,-0.5959,-22.3482,-17.9188,22.6778
35696,0.1331,-0.1321,9.8232,0.1024,0.5081,-0.5317,-22.3895,-17.8750,22.6775
35704,0.2325,-0.1002,9.8640,0.1290,0.3426,-0.6009,-22.4363,-17.8313,22.6805
35712,0.2059,-0.0372,9.8649,0.1038,0.2429,-0.5924,-22.4763,-17.7850,22.6858
35720,0.1727,-0.0767,9.8943,0.1223,0.3102,-0.6270,-22.5161,-17.7388,22.6912
35728,0.2114,-0.0437,9.8741,0.1907,0.4199,-0.8680,-22.5563,-17.6946,22.6969
35736,0.1663,-0.0757,9.8654,0.2561,0.3035,-0.7918,-22.5986,-17.6544,22.7037
35744,0.1424,-0.0519,9.8848,0.2573,0.0136,-0.7803,-22.6413,-17.6138,22.7090
35752,0.1653,-0.0450,9.9138,0.2585,-0.0077,-0.8973,-22.6833,-17.5701,22.7100
35760,0.2343,0.0146,9.9258,0.2516,0.0892,-1.0892,-22.7251,-17.5265,22.7110
35768,0.1971,0.0326,9.9249,0.1890,0.1366,-1.2887,-22.7668,-17.4853,22.7153
35776,0.1561,-0.0404,9.9751,0.0172,0.1660,-1.6288,-22.8083,-17.4443,22.7196
35784,0.1381,-0.0683,9.9654,0.0661,-0.0993,-1.7967,-22.8520,-17.4011,22.7229
35792,0.1678,-0.0324,9.9384,-0.0710,-0.0810,-2.1013,-22.8955,-17.3580,22.7262
35800,0.1168,-0.0715,9.9327,0.0565,-0.0928,-2.3552,-22.9388,-17.3151,22.7295
35808,0.1709,-0.0745,9.8742,0.0238,-0.1788,-2.5366,-22.9797,-17.2713,22.7328
35816,0.1132,-0.0927,9.8664,0.0272,-0.0904,-2.9181,-23.0213,-17.2277,22.7361
35824,0.2451,-0.0632,9.8420,0.1264,-0.0911,-3.1976,-23.0641,-17.1818,22.7394
35832,0.3790,-0.1303,9.8654,0.1039,0.1375,-3.4489,-23.1068,-17.1361,22.7427
35840,0.2970,-0.0858,9.8534,0.0158,0.1455,-3.6786,-23.1474,-17.0995,22.7455
35848,0.3667,-0.0542,9.8886,0.0009,0.1264,-4.0315,-23.1870,-17.0522,22.7468
35856,0.2398,-0.0566,9.8766,0.0399,-0.0438,-4.4889,-23.2329,-17.0073,22.7506
35864,0.1515,-0.0938,9.8881,-0.0081,-0.1186,-4.7691,-23.2787,-16.9626,22.7543
35872,0.2004,-0.0837,9.9136,0.0153,-0.3075,-5.0823,-23.3243,-16.9181,22.7580
35880,0.2994,-0.0974,9.9298,-0.0929,0.1306,-5.4858,-23.3612,-16.8718,22.7636
35888,0.2805,-0.0624,9.8752,-0.0844,0.0909,-5.5304,-23.3980,-16.8256,22.7691
35896,0.2735,-0.0335,9.8308,-0.0790,0.1302,-5.5223,-23.4393,-16.7834,22.7733
35904,0.2853,-0.0702,9.8308,0.0142,0.3785,-5.3386,-23.4804,-16.7413,22.7774
35912,0.2692,-0.0241,9.8089,0.0740,0.2505,-5.2109,-23.5214,-16.6994,22.7815
35920,0.2122,-0.0030,9.7945,0.1712,0.4829,-4.7875,-23.5608,-16.6523,22.7837
35928,0.1738,0.0007,9.7377,0.0241,0.4251,-4.4919,-23.5990,-16.6083,22.7901
35936,0.1965,0.0455,9.7547,0.2061,-0.1262,-4.7480,-23.6390,-16.5672,22.7928
35944,0.2184,0.0177,9.7419,0.3162,0.0239,-4.6088,-23.6770,-16.5220,22.7968
35952,0.1662,0.0117,9.7339,0.4214,-0.1872,-4.6757,-23.7148,-16.4770,22.8008
35960,0.1705,0.0003,9.7503,0.3914,0.1097,-4.8357,-23.7557,-16.4321,22.8049
35968,0.1042,0.0201,9.7196,0.2294,0.2922,-5.1700,-23.7908,-16.3920,22.8079
35976,0.1449,-0.0026,9.7516,0.2131,0.4533,-5.1937,-23.8258,-16.3521,22.8110
35984,0.0642,0.0106,9.7253,0.1709,0.4555,-5.1177,-23.8624,-16.3033,22.8140
35992,0.1342,0.0399,9.7271,0.0931,0.5295,-5.3303,-23.8990,-16.2547,22.8152
36000,0.0537,0.0104,9.7305,0.1148,0.6910,-5.4270,-23.9354,-16.2062,22.8163
36008,0.0855,0.1699,9.7414,0.3835,0.7361,-5.4501,-23.9744,-16.1645,22.8241
36016,0.0688,0.1453,9.7225,0.1712,0.5792,-5.0589,-24.0167,-16.1182,22.8280
36024,0.0882,0.1344,9.7436,0.2428,0.7972,-4.9141,-24.0587,-16.0721,22.8320
36032,0.0106,0.0403,9.8056,0.1646,0.8029,-4.8237,-24.0997,-16.0285,22.8340
36040,0.0848,0.0809,9.8066,-0.0009,0.6164,-4.6519,-24.1386,-15.9821,22.8422
36048,0.0244,0.0889,9.7897,0.0809,0.4195,-4.2369,-24.1782,-15.9369,22.8433
36056,0.0244,0.0729,9.7767,0.1484,0.4737,-4.2747,-24.2215,-15.8880,22.8467
36064,0.0709,0.1017,9.7676,-0.0670,0.8030,-4.4922,-24.2647,-15.8393,22.8501
36072,0.0237,0.1369,9.7859,-0.2116,0.7152,-4.5856,-24.3029,-15.7959,22.8558
36080,-0.0883,0.1227,9.7500,-0.1793,0.3352,-4.4402,-24.3433,-15.7489,22.8606
36088,-0.0721,0.1481,9.7472,-0.2150,0.3452,-4.2718,-24.3835,-15.7020,22.8654
36096,-0.1048,0.1425,9.7113,-0.2252,0.2480,-4.0974,-24.4236,-15.6576,22.8726
36104,-0.1217,0.1073,9.7472,-0.2350,0.3392,-4.0694,-24.4636,-15.6134,22.8797
36112,-0.1069,0.1027,9.7036,-0.2416,0.1596,-3.8479,-24.5033,-15.5693,22.8868
36120,-0.1591,0.0964,9.7558,-0.2719,0.2599,-3.6014,-24.5457,-15.5211,22.8872
36128,-0.1899,0.0983,9.7560,-0.3330,0.4625,-3.8803,-24.5880,-15.4745,22.8867
36136,-0.2360,0.0860,9.7398,-0.3327,0.2749,-3.7098,-24.6296,-15.4308,22.8890
36144,-0.1602,0.0607,9.7329,-0.2044,0.2715,-3.7253,-24.6710,-15.3873,22.8914
36152,-0.2401,0.0415,9.7249,-0.2230,0.2843,-3.6495,-24.7104,-15.3421,22.8951
36160,-0.1439,0.0646,9.7271,-0.3155,0.2672,-3.2117,-24.7473,-15.2993,22.9012
36168,-0.2449,-0.0087,9.7460,-0.2573,0.3788,-3.2331,-24.7840,-15.2567,22.9016
36176,-0.3282,-0.0837,9.7481,-0.2976,0.2002,-2.9548,-24.8205,-15.2142,22.9020
36184,-0.2441,-0.0819,9.7787,-0.3255,0.0401,-2.7181,-24.8569,-15.1719,22.9024
36192,-0.2928,-0.0753,9.7594,-0.2749,-0.0304,-2.3077,-24.8955,-15.1273,22.9061
36200,-0.2804,-0.0953,9.7356,-0.2665,-0.0338,-1.9872,-24.9339,-15.0829,22.9098
36208,-0.3270,-0.0577,9.7469,-0.2184,-0.1196,-1.8114,-24.9727,-15.0428,22.9144
36216,-0.3277,-0.0406,9.7881,-0.1538,-0.0925,-1.8487,-25.0113,-15.0029,22.9190
36224,-0.3525,-0.0379,9.7939,-0.1880,-0.0078,-1.7030,-25.0497,-14.9560,22.9246
36232,-0.3495,0.0101,9.7614,-0.1913,0.0119,-1.4063,-25.0913,-14.9159,22.9263
36240,-0.2916,0.0248,9.7492,-0.2639,-0.0174,-1.3893,-25.1289,-14.8698,22.9314
36248,-0.2460,0.0295,9.7556,-0.2079,-0.0880,-1.2770,-25.1688,-14.8275,22.9340
36256,-0.2007,0.0337,9.7772,-0.1944,-0.1048,-1.0976,-25.2085,-14.7855,22.9367
36264,-0.1123,0.0453,9.8137,-0.1868,-0.0996,-1.0194,-25.2437,-14.7402,22.9436
36272,-0.0533,0.0289,9.8234,-0.2756,-0.0866,-0.9179,-25.2831,-14.6994,22.9486
36280,-0.0008,0.0359,9.7986,-0.2538,-0.0715,-0.5809,-25.3227,-14.6511,22.9540
36288,-0.0021,0.0236,9.8025,-0.3556,-0.0224,-0.3173,-25.3622,-14.6029,22.9595
36296,0.0000,0.0398,9.7983,-0.2903,-0.0128,-0.0146,-25.4016,-14.5549,22.9649
36304,-0.0710,0.0285,9.7940,-0.2705,0.1030,0.2056,-25.4421,-14.5142,22.9670
36312,-0.0719,0.0643,9.8157,-0.3050,-0.0155,0.5201,-25.4826,-14.4736,22.9691
36320,-0.1302,0.1130,9.8089,-0.3432,-0.0969,0.8076,-25.5242,-14.4265,22.9749
36328,-0.0749,0.1193,9.7890,-0.2918,0.0280,1.0745,-25.5657,-14.3795,22.9808
36336,-0.0495,0.1314,9.8171,-0.3226,-0.0339,1.3083,-25.6052,-14.3412,22.9866
36344,-0.0070,0.1077,9.8288,-0.2534,-0.0238,1.6466,-25.6435,-14.2988,22.9933
36352,0.0488,0.1055,9.8002,-0.2433,-0.0008,1.9142,-25.6830,-14.2579,22.9963
36360,0.0520,0.0861,9.8135,-0.2682,0.0425,2.2180,-25.7224,-14.2133,23.0016
36368,-0.0062,0.0594,9.8019,-0.3374,0.1266,2.4525,-25.7616,-14.1689,23.0069
36376,-0.0374,0.0453,9.7946,-0.2676,0.0791,2.8288,-25.7955,-14.1252,23.0150
36384,-0.0466,0.0212,9.7920,-0.2781,0.0869,3.0499,-25.8292,-14.0815,23.0231
36392,-0.0785,0.0481,9.8111,-0.3655,0.0971,3.1254,-25.8651,-14.0404,23.0254
36400,-0.0929,0.0756,9.8075,-0.3158,0.1228,3.0749,-25.9008,-13.9994,23.0278
36408,-0.0863,0.0463,9.8037,-0.2549,0.0407,3.1627,-25.9364,-13.9585,23.0302
36416,-0.0275,0.0722,9.7880,-0.1887,-0.0858,3.3372,-25.9747,-13.9125,23.0330
36424,0.0039,0.0751,9.8262,-0.2080,-0.1267,3.4801,-26.0128,-13.8667,23.0358
36432,-0.0206,0.0727,9.8379,-0.1545,-0.2245,3.4728,-26.0503,-13.8215,23.0429
36440,-0.0313,0.0733,9.8550,-0.1887,-0.3314,3.4925,-26.0886,-13.7788,23.0462
36448,-0.0761,0.0137,9.8376,-0.1520,-0.3803,3.6179,-26.1267,-13.7363,23.0494
36456,-0.1390,-0.0115,9.8355,-0.1969,-0.2484,3.6712,-26.1651,-13.6920,23.0498
36464,-0.1476,-0.0016,9.8436,-0.1893,-0.2529,3.6156,-26.2029,-13.6520,23.0521
36472,-0.1649,-0.0395,9.8360,-0.1792,-0.3185,3.6396,-26.2406,-13.6113,23.0553
36480,-0.1291,-0.0287,9.8177,-0.1430,-0.2266,3.6253,-26.2809,-13.5646,23.0604
36488,-0.1255,-0.0563,9.7979,-0.1990,-0.2801,3.5397,-26.3210,-13.5179,23.0655
36496,-0.1103,-0.0525,9.8010,-0.2365,-0.3685,3.5484,-26.3610,-13.4715,23.0706
36504,-0.1453,-0.0491,9.8201,-0.2538,-0.2504,3.4421,-26.3984,-13.4332,23.0771
36512,-0.1729,-0.0588,9.8083,-0.1689,-0.2629,3.3991,-26.4356,-13.3951,23.0836
36520,-0.1609,-0.0758,9.8118,-0.1731,-0.3014,3.4246,-26.4727,-13.3570,23.0900
36528,-0.1656,-0.0738,9.8126,-0.1691,-0.3382,3.3771,-26.5059,-13.3182,23.0931
36536,-0.1881,-0.0748,9.8006,-0.0960,-0.3202,3.2756,-26.5455,-13.2794,23.1000
36544,-0.1733,-0.0816,9.8011,-0.1301,-0.2575,3.2692,-26.5807,-13.2342,23.1055
36552,-0.1800,-0.0814,9.8057,-0.1226,-0.2830,3.2498,-26.6167,-13.1934,23.1109
36560,-0.1583,-0.0839,9.8181,-0.1235,-0.3953,3.0312,-26.6525,-13.1527,23.1163
36568,-0.1395,-0.0734,9.8087,-0.1350,-0.3827,2.9528,-26.6881,-13.1097,23.1231
36576,-0.1217,-0.0708,9.8121,-0.1380,-0.4027,2.7846,-26.7241,-13.0674,23.1295
36584,-0.1137,-0.0675,9.8070,-0.0983,-0.4404,2.7970,-26.7576,-13.0276,23.1320
36592,-0.1160,-0.0631,9.8083,-0.1215,-0.4392,2.7129,-26.7909,-12.9878,23.1345
36600,-0.1009,-0.0537,9.8054,-0.0398,-0.4087,2.6191,-26.8240,-12.9483,23.1370
36608,-0.0885,-0.0452,9.7904,0.0223,-0.4009,2.4174,-26.8570,-12.9088,23.1395
36616,-0.0818,-0.0252,9.7905,0.0951,-0.3827,2.4272,-26.8927,-12.8714,23.1472
36624,-0.0649,-0.0221,9.7952,0.0954,-0.4053,2.2660,-26.9283,-12.8340,23.1548
36632,-0.0591,-0.0235,9.7894,0.1009,-0.4350,2.1704,-26.9636,-12.7921,23.1568
36640,-0.0471,-0.0238,9.7938,0.1409,-0.2980,1.9670,-26.9989,-12.7503,23.1587
36648,-0.0207,-0.0181,9.7872,0.0832,-0.3216,1.8525,-27.0340,-12.7044,23.1640
36656,-0.0200,-0.0148,9.7867,0.0546,-0.2563,1.7404,-27.0660,-12.6614,23.1702
36664,-0.0126,-0.0259,9.7908,0.1100,-0.2684,1.6731,-27.1004,-12.6229,23.1726
36672,0.0028,-0.0264,9.7850,0.1069,-0.2427,1.4328,-27.1364,-12.5830,23.1802
36680,0.0025,-0.0287,9.7902,0.0160,-0.1968,1.3391,-27.1723,-12.5433,23.1877
36688,0.0269,-0.0162,9.7936,0.0277,-0.2969,1.3400,-27.2057,-12.5004,23.1943
36696,0.0950,-0.0099,9.7888,0.0576,-0.2433,1.2743,-27.2390,-12.4576,23.2009
36704,0.0692,-0.0233,9.7873,0.1661,-0.1840,1.1981,-27.2754,-12.4216,23.2060
36712,0.0490,-0.0200,9.7663,0.2059,-0.0874,1.1359,-27.3117,-12.3857,23.2111
36720,0.0070,-0.0206,9.7669,0.2840,0.0078,1.0898,-27.3478,-12.3499,23.2162
36728,-0.0200,-0.0148,9.7816,0.4093,0.0667,1.0910,-27.3828,-12.3118,23.2204
36736,-0.0158,-0.0082,9.7862,0.4705,0.0378,1.0175,-27.4172,-12.2772,23.2250
36744,-0.0233,-0.0040,9.7949,0.4757,-0.0619,0.8378,-27.4476,-12.2437,23.2272
36752,-0.0284,0.0048,9.7956,0.4913,-0.1119,0.8581,-27.4780,-12.2102,23.2294
36760,-0.0183,0.0087,9.8020,0.4582,-0.1304,0.8081,-27.5110,-12.1764,23.2335
36768,-0.0143,-0.0020,9.8088,0.4133,-0.1854,0.6776,-27.5439,-12.1451,23.2328
36776,0.0263,-0.0048,9.8149,0.4236,-0.1873,0.6382,-27.5814,-12.1077,23.2336
36784,0.0676,-0.0086,9.8146,0.4522,-0.0905,0.6591,-27.6125,-12.0685,23.2358
36792,0.0580,-0.0144,9.8101,0.4048,-0.1632,0.6579,-27.6436,-12.0295,23.2379
36800,0.0444,-0.0188,9.8120,0.3915,-0.0728,0.7260,-27.6801,-11.9957,23.2415
36808,0.0584,-0.0209,9.8078,0.3335,-0.1276,0.7484,-27.7165,-11.9621,23.2451
36816,0.0456,-0.0232,9.8072,0.2833,-0.1934,0.8365,-27.7509,-11.9277,23.2468
36824,0.0623,-0.0099,9.8076,0.2407,-0.1683,0.7368,-27.7850,-11.8933,23.2485
36832,0.0268,0.0036,9.8211,0.2025,-0.1363,0.6975,-27.8191,-11.8591,23.2501
36840,0.0334,0.0098,9.8215,0.1661,-0.0951,0.6785,-27.8492,-11.8259,23.2579
36848,0.1765,0.0228,9.8132,0.1873,-0.0983,0.6337,-27.8825,-11.7900,23.2624
36856,0.1051,0.0167,9.8180,0.3141,-0.2160,0.7109,-27.9137,-11.7495,23.2664
36864,0.1657,0.0336,9.8319,0.2675,-0.1926,0.6246,-27.9448,-11.7091,23.2704
36872,0.1569,0.0251,9.8126,0.2869,-0.1862,0.6302,-27.9772,-11.6731,23.2814
36880,0.2217,0.0261,9.7997,0.1827,-0.2014,0.6142,-28.0094,-11.6386,23.2854
36888,0.1902,0.0070,9.7917,0.1658,-0.2347,0.7402,-28.0401,-11.6018,23.2893
36896,0.1785,0.0061,9.8012,0.1177,-0.1678,0.6447,-28.0706,-11.5652,23.2932
36904,0.2349,-0.0489,9.7794,0.1196,-0.0425,0.5694,-28.1010,-11.5287,23.2971
36912,0.1734,-0.0514,9.7551,0.0388,-0.0693,0.6440,-28.1284,-11.4965,23.3014
36920,0.1374,-0.0622,9.7331,0.0762,-0.0977,0.6780,-28.1557,-11.4645,23.3058
36928,0.1513,-0.0324,9.7437,0.0799,-0.1114,0.6332,-28.1872,-11.4307,23.3073
36936,0.2749,-0.0232,9.7769,0.0088,-0.2152,0.4918,-28.2184,-11.3970,23.3087
36944,0.2292,-0.0107,9.7524,0.0689,-0.1625,0.2418,-28.2496,-11.3634,23.3102
36952,0.2366,0.0096,9.7434,0.1449,-0.2935,0.0481,-28.2811,-11.3303,23.3145
36960,0.2994,-0.0289,9.7803,0.1803,-0.3093,-0.2891,-28.3106,-11.2955,23.3127
36968,0.2618,0.0356,9.8024,0.1395,-0.4578,-0.3583,-28.3423,-11.2608,23.3151
36976,0.2647,0.0114,9.8210,0.1272,-0.4585,-0.3124,-28.3738,-11.2300,23.3175
36984,0.2692,0.0074,9.8460,0.1020,-0.4245,-0.4952,-28.4053,-11.1992,23.3199
36992,0.2651,-0.0214,9.8499,0.1340,-0.4000,-0.5420,-28.4337,-11.1644,23.3232
37000,0.2545,-0.0187,9.8394,0.1805,-0.3018,-0.7014,-28.4635,-11.1305,23.3227
37008,0.2308,-0.0203,9.8417,0.2970,-0.4213,-0.7819,-28.4931,-11.0968,23.3223
37016,0.2344,-0.0159,9.8620,0.2511,-0.4956,-0.9095,-28.5254,-11.0651,23.3218
37024,0.2713,-0.0392,9.8348,0.2179,-0.4626,-0.8529,-28.5576,-11.0335,23.3256
37032,0.2269,-0.0376,9.7916,0.1488,-0.4738,-0.8814,-28.5897,-11.0020,23.3294
37040,0.2058,-0.0415,9.7943,0.1200,-0.4258,-0.8846,-28.6221,-10.9677,23.3327
37048,0.2378,-0.0656,9.8182,0.1245,-0.4865,-0.9970,-28.6515,-10.9354,23.3341
37056,0.1674,-0.1165,9.8317,0.1022,-0.4673,-1.0112,-28.6808,-10.9033,23.3355
37064,0.1397,-0.1266,9.8224,0.1208,-0.2809,-1.1555,-28.7105,-10.8670,23.3340
37072,-0.0335,-0.1194,9.8035,0.1119,-0.2013,-0.9947,-28.7395,-10.8327,23.3378
37080,0.0358,0.0047,9.7710,0.0688,-0.2559,-0.8997,-28.7694,-10.8008,23.3368
37088,-0.0422,-0.0976,9.7452,0.0382,-0.1534,-0.6248,-28.8005,-10.7634,23.3325
37096,-0.0254,-0.1145,9.7433,0.1289,-0.2180,-0.5113,-28.8316,-10.7261,23.3282
37104,-0.0257,-0.1157,9.7615,0.0183,-0.1279,-0.3521,-28.8625,-10.6889,23.3240
37112,-0.0309,-0.1181,9.7699,0.0193,-0.2416,-0.1491,-28.8933,-10.6528,23.3254
37120,-0.0539,-0.0862,9.7328,0.0815,-0.2304,-0.0271,-28.9239,-10.6168,23.3268
37128,-0.0269,-0.1010,9.7298,0.1010,-0.3504,0.0443,-28.9497,-10.5819,23.3273
37136,0.0495,-0.1240,9.7165,0.1624,-0.1824,0.0779,-28.9754,-10.5470,23.3278
37144,0.0854,-0.0751,9.7264,0.1943,-0.0538,0.1847,-29.0010,-10.5123,23.3282
37152,0.1201,-0.0869,9.7336,0.1503,-0.0215,0.1668,-29.0312,-10.4801,23.3329
37160,0.0696,-0.0829,9.7345,0.1134,-0.0973,0.1151,-29.0607,-10.4451,23.3339
37168,0.1291,-0.0562,9.7209,0.1369,-0.2310,0.1722,-29.0869,-10.4107,23.3362
37176,0.1141,-0.0447,9.7162,0.0686,-0.1856,0.2882,-29.1130,-10.3764,23.3385
37184,0.1457,-0.0156,9.6852,0.1261,-0.1902,0.3992,-29.1403,-10.3493,23.3390
37192,0.0544,-0.0025,9.6989,0.1543,-0.2693,0.4626,-29.1685,-10.3143,23.3460
37200,-0.0131,-0.0390,9.7474,0.2373,-0.4169,0.5605,-29.2013,-10.2850,23.3521
37208,-0.1002,-0.0469,9.7794,0.2260,-0.2700,0.5636,-29.2340,-10.2559,23.3582
37216,-0.1453,-0.0728,9.7838,0.2072,-0.2336,0.6385,-29.2665,-10.2268,23.3643
37224,-0.1109,-0.0788,9.7595,0.2425,-0.3187,0.6061,-29.2941,-10.1969,23.3665
37232,-0.0798,-0.0552,9.7749,0.2097,-0.1815,0.5858,-29.3216,-10.1671,23.3687
37240,-0.1532,-0.0206,9.7806,0.1889,-0.1062,0.4970,-29.3457,-10.1317,23.3700
37248,-0.2056,-0.0266,9.7898,0.0837,-0.1516,0.3002,-29.3697,-10.0964,23.3713
37256,-0.1664,-0.0580,9.7950,0.1512,-0.1630,0.0266,-29.3959,-10.0645,23.3735
37264,-0.1309,-0.0546,9.7765,0.1490,-0.3873,-0.1257,-29.4229,-10.0327,23.3781
37272,-0.1298,-0.1011,9.7812,0.0589,-0.3857,-0.2820,-29.4494,-10.0001,23.3813
37280,-0.2431,-0.1482,9.7867,0.0340,-0.3789,-0.2315,-29.4748,-9.9699,23.3854
37288,-0.1535,-0.0601,9.7922,-0.0110,-0.3270,-0.3992,-29.5000,-9.9399,23.3894
37296,-0.1356,-0.0851,9.8090,0.0579,-0.2587,-0.2982,-29.5261,-9.9075,23.3888
37304,-0.1158,-0.0381,9.8361,0.0277,-0.3055,-0.2896,-29.5540,-9.8715,23.3923
37312,-0.1795,-0.0051,9.8496,-0.0651,-0.3608,-0.2841,-29.5780,-9.8356,23.3992
37320,-0.2398,0.0343,9.8364,-0.1645,-0.3737,-0.1934,-29.6018,-9.7998,23.4061
37328,-0.1609,0.0044,9.8472,-0.2195,-0.3941,-0.2508,-29.6256,-9.7642,23.4130
37336,-0.1027,-0.0127,9.8574,-0.1068,-0.3735,-0.3909,-29.6554,-9.7357,23.4108
37344,-0.1330,-0.0163,9.8566,-0.1218,-0.4392,-0.4290,-29.6850,-9.7073,23.4086
37352,-0.0693,0.0055,9.8523,-0.1014,-0.4541,-0.3987,-29.7132,-9.6720,23.4107
37360,0.0376,-0.0080,9.8757,-0.0445,-0.4522,-0.2897,-29.7412,-9.6367,23.4128
37368,-0.0343,-0.0421,9.8372,-0.0248,-0.4585,-0.2468,-29.7742,-9.6053,23.4168
37376,-0.0355,-0.0739,9.8629,-0.0833,-0.6111,-0.1978,-29.7972,-9.5702,23.4213
37384,0.0048,-0.0598,9.8298,-0.0139,-0.5731,-0.1856,-29.8272,-9.5367,23.4200
37392,-0.0298,-0.0748,9.8421,-0.0356,-0.4354,-0.0727,-29.8523,-9.5042,23.4221
37400,-0.0269,-0.1053,9.8760,0.0184,-0.3998,-0.2126,-29.8773,-9.4719,23.4242
37408,0.1005,-0.0546,9.8899,0.1233,-0.3843,-0.3411,-29.9068,-9.4396,23.4262
37416,0.0869,-0.0191,9.8678,0.1224,-0.3935,-0.3467,-29.9363,-9.4074,23.4283
37424,0.1575,-0.0125,9.8569,0.0174,-0.3144,-0.5386,-29.9618,-9.3768,23.4312
37432,0.0997,-0.0147,9.8480,-0.0083,-0.4760,-0.5702,-29.9872,-9.3462,23.4342
37440,0.0466,-0.0323,9.8167,-0.0035,-0.4732,-0.5817,-30.0125,-9.3158,23.4372
37448,0.1565,-0.1037,9.8061,-0.0016,-0.5985,-0.5687,-30.0362,-9.2845,23.4387
37456,0.0601,-0.0144,9.7733,0.0136,-0.6384,-0.5430,-30.0617,-9.2528,23.4389
37464,0.1046,0.0396,9.8284,0.0360,-0.9405,-0.6917,-30.0919,-9.2236,23.4390
37472,0.1152,-0.0145,9.8240,0.1509,-1.0854,-0.6979,-30.1200,-9.1926,23.4429
37480,0.1708,0.0290,9.8364,0.1194,-1.0613,-0.8879,-30.1479,-9.1616,23.4468
37488,0.1441,-0.0241,9.8609,0.0706,-0.9716,-1.1202,-30.1748,-9.1299,23.4521
37496,0.1263,-0.0439,9.8903,0.1199,-0.9365,-1.1263,-30.2044,-9.1010,23.4507
37504,0.1103,0.0005,9.8832,0.0204,-0.8096,-1.3935,-30.2297,-9.0671,23.4546
37512,0.0465,-0.0385,9.8909,0.0506,-0.7468,-1.5690,-30.2538,-9.0389,23.4561
37520,0.0567,-0.0483,9.8737,-0.0006,-0.6362,-1.9689,-30.2778,-9.0109,23.4576
37528,0.0168,-0.0134,9.8559,0.0039,-0.6691,-2.3272,-30.3018,-8.9829,23.4590
37536,0.0375,-0.0046,9.8680,0.0641,-0.5619,-2.4326,-30.3289,-8.9517,23.4563
37544,0.0618,0.0215,9.8521,-0.0969,-0.4780,-2.4400,-30.3559,-8.9206,23.4535
37552,-0.0215,-0.0395,9.8478,-0.0349,-0.4271,-2.5724,-30.3828,-8.8896,23.4507
37560,-0.0772,-0.1066,9.8944,0.1230,-0.6105,-2.5444,-30.4053,-8.8582,23.4494
37568,0.0067,-0.1363,9.8605,0.0207,-0.6605,-2.5896,-30.4277,-8.8269,23.4528
37576,0.0034,-0.0931,9.8703,-0.0158,-0.6656,-2.5261,-30.4556,-8.7953,23.4543
37584,0.0865,-0.0740,9.8770,-0.0667,-0.6519,-2.5614,-30.4821,-8.7647,23.4534
37592,0.0888,-0.1251,9.8625,-0.1234,-0.5934,-2.5525,-30.5084,-8.7341,23.4525
37600,0.0266,-0.1216,9.8426,-0.1669,-0.7188,-2.4934,-30.5336,-8.7028,23.4530
37608,-0.1071,-0.1335,9.7904,-0.1418,-0.7081,-2.4661,-30.5578,-8.6753,23.4612
37616,-0.0982,-0.1106,9.7696,-0.0699,-0.7805,-2.4161,-30.5819,-8.6479,23.4693
37624,-0.1088,-0.1108,9.7475,-0.1291,-0.7564,-2.4935,-30.6054,-8.6220,23.4745
37632,-0.0912,-0.0763,9.7486,-0.0070,-0.6427,-2.3143,-30.6287,-8.5962,23.4797
37640,-0.0997,-0.0666,9.7276,0.0270,-0.6406,-2.2842,-30.6520,-8.5705,23.4849
37648,-0.0911,-0.0828,9.7465,0.0916,-0.5506,-2.0954,-30.6775,-8.5439,23.4863
37656,-0.0756,-0.0683,9.7708,0.1320,-0.5846,-2.1363,-30.7006,-8.5117,23.4877
37664,-0.1344,-0.0794,9.7797,0.1760,-0.5984,-2.0340,-30.7250,-8.4830,23.4914
37672,-0.1525,-0.0621,9.8104,0.1247,-0.5956,-1.9335,-30.7492,-8.4543,23.4952
37680,-0.1102,-0.0341,9.8305,0.1370,-0.6329,-1.7841,-30.7743,-8.4281,23.5003
37688,-0.1703,-0.0507,9.8387,0.1541,-0.5806,-1.7238,-30.8012,-8.3982,23.5083
37696,-0.1499,-0.0466,9.8370,0.2584,-0.5679,-1.7729,-30.8233,-8.3716,23.5139
37704,-0.0973,-0.0328,9.8318,0.2062,-0.5158,-1.8838,-30.8462,-8.3428,23.5204
37712,-0.1094,-0.0368,9.8029,0.2176,-0.4899,-1.8912,-30.8689,-8.3141,23.5269
37720,-0.1017,-0.0212,9.8087,0.2818,-0.5052,-1.8530,-30.8926,-8.2884,23.5338
37728,-0.0934,-0.0167,9.7925,0.2926,-0.5038,-1.7951,-30.9161,-8.2627,23.5407
37736,-0.0576,-0.0117,9.7943,0.2949,-0.4438,-1.6411,-30.9386,-8.2333,23.5382
37744,-0.0980,-0.0163,9.8036,0.2010,-0.4238,-1.7391,-30.9609,-8.2040,23.5356
37752,-0.0777,-0.0104,9.7997,0.1487,-0.4846,-1.7155,-30.9832,-8.1747,23.5330
37760,-0.1122,-0.0029,9.7990,0.0772,-0.4308,-1.7409,-31.0054,-8.1456,23.5347
37768,-0.0691,0.0054,9.7928,0.0996,-0.5980,-1.6213,-31.0275,-8.1175,23.5355
37776,-0.0074,0.0233,9.8009,0.1210,-0.6405,-1.5602,-31.0480,-8.0900,23.5382
37784,-0.0490,0.0186,9.7973,0.1468,-0.6412,-1.4644,-31.0685,-8.0626,23.5408
37792,-0.0730,0.0015,9.7945,0.1368,-0.7245,-1.4101,-31.0936,-8.0343,23.5444
37800,-0.0122,-0.0134,9.8043,0.2259,-0.8015,-1.3129,-31.1167,-8.0065,23.5499
37808,0.0505,0.0158,9.8204,0.2071,-0.8379,-1.2120,-31.1378,-7.9784,23.5487
37816,0.1095,0.0050,9.8150,0.2291,-0.7366,-1.1288,-31.1589,-7.9504,23.5475
37824,0.1119,0.0120,9.8005,0.1248,-0.6557,-0.9426,-31.1798,-7.9224,23.5463
37832,0.1664,0.0001,9.8242,0.0891,-0.6478,-0.7911,-31.1997,-7.8946,23.5475
37840,0.1821,0.0195,9.8476,0.1216,-0.7415,-0.7397,-31.2195,-7.8668,23.5487
37848,0.2413,-0.0136,9.8655,0.1154,-0.7857,-0.6931,-31.2368,-7.8391,23.5466
37856,0.2635,0.0107,9.8785,0.0721,-0.8521,-0.7073,-31.2541,-7.8115,23.5445
37864,0.2389,0.0313,9.8598,0.0680,-0.9422,-0.6728,-31.2713,-7.7840,23.5424
37872,0.3005,0.0577,9.8492,0.0348,-1.0550,-0.5172,-31.2912,-7.7562,23.5455
37880,0.3280,0.0000,9.8333,0.0244,-1.0456,-0.4804,-31.3196,-7.7298,23.5467
37888,0.2937,-0.0380,9.8836,0.0330,-1.1645,-0.1945,-31.3417,-7.6983,23.5545
37896,0.2749,-0.0397,9.8521,-0.1293,-1.1557,-0.0998,-31.3637,-7.6669,23.5623
37904,0.2634,-0.0753,9.8632,-0.1193,-1.0245,0.0548,-31.3856,-7.6379,23.5639
37912,0.2548,-0.1021,9.8655,-0.1763,-1.0030,0.0853,-31.4112,-7.6076,23.5665
37920,0.2593,-0.0607,9.8517,-0.2042,-0.9372,0.1757,-31.4366,-7.5798,23.5690
37928,0.2351,-0.0210,9.8769,-0.1882,-0.9916,0.2249,-31.4620,-7.5521,23.5716
37936,0.2583,0.0290,9.8716,-0.2369,-0.9263,0.0853,-31.4872,-7.5245,23.5741
37944,0.2028,-0.0127,9.8458,-0.1714,-0.9571,-0.0402,-31.5081,-7.4955,23.5752
37952,0.1554,-0.0432,9.8247,-0.1035,-0.9146,-0.1149,-31.5288,-7.4666,23.5763
37960,0.1657,-0.0785,9.8293,-0.2466,-0.9033,-0.1490,-31.5547,-7.4374,23.5793
37968,0.0894,-0.0603,9.8399,-0.2634,-0.8579,-0.2190,-31.5762,-7.4063,23.5781
37976,0.1146,-0.0544,9.8576,-0.2501,-0.7291,-0.1419,-31.5976,-7.3754,23.5768
37984,0.0710,-0.0713,9.8960,-0.2774,-0.9899,-0.2281,-31.6179,-7.3459,23.5850
37992,0.0611,-0.0830,9.8874,-0.2582,-0.6873,-0.2226,-31.6438,-7.3208,23.5884
38000,0.0845,-0.0849,9.9007,-0.2772,-0.6166,-0.0307,-31.6630,-7.2930,23.5890
38008,0.0068,-0.0256,9.9104,-0.4286,-0.9037,-0.0045,-31.6859,-7.2619,23.5887
38016,0.0135,0.0549,9.9118,-0.3815,-0.9675,-0.0887,-31.7087,-7.2309,23.5883
38024,-0.0069,0.0577,9.9155,-0.3630,-0.6792,0.0173,-31.7342,-7.2005,23.5894
38032,0.0658,0.0697,9.9287,-0.3268,-0.8009,-0.0199,-31.7554,-7.1730,23.5900
38040,0.0414,0.0619,9.9226,-0.2707,-0.8399,-0.0075,-31.7764,-7.1457,23.5905
38048,0.0498,0.0704,9.8536,-0.2731,-0.8665,-0.0063,-31.7941,-7.1174,23.5911
38056,0.0100,0.0985,9.8405,-0.3101,-0.7240,-0.0505,-31.8116,-7.0893,23.5908
38064,0.0077,0.1568,9.8500,-0.2841,-0.6570,-0.3327,-31.8291,-7.0612,23.5904
38072,0.0093,0.1480,9.8508,-0.1286,-0.7237,-0.5440,-31.8508,-7.0337,23.5891
38080,0.0276,0.1255,9.8671,-0.0866,-0.7394,-0.3753,-31.8742,-7.0063,23.5925
38088,-0.0451,0.1283,9.8526,0.0576,-0.7251,-0.3874,-31.8976,-6.9790,23.5959
38096,-0.0663,0.1313,9.8714,-0.0285,-0.5061,-0.6122,-31.9166,-6.9493,23.6017
38104,0.0485,0.1264,9.8980,0.0545,-0.5767,-0.6352,-31.9397,-6.9222,23.6027
38112,0.0202,0.1086,9.8770,0.0005,-0.3561,-0.5479,-31.9595,-6.8994,23.6028
38120,-0.0035,0.0730,9.9062,-0.0777,-0.3213,-0.3391,-31.9744,-6.8700,23.6029
38128,-0.0364,0.0057,9.8689,0.0714,-0.4266,-0.3661,-31.9892,-6.8408,23.6030
38136,-0.0529,0.0254,9.8589,-0.0073,-0.2713,-0.2772,-32.0040,-6.8116,23.6030
38144,-0.0542,-0.0041,9.8174,0.0108,-0.2588,-0.1789,-32.0216,-6.7806,23.6036
38152,-0.0577,0.0051,9.7781,-0.0440,-0.3215,-0.0475,-32.0390,-6.7497,23.6041
38160,-0.1929,0.0007,9.7726,0.2184,-0.1068,-0.1832,-32.0649,-6.7251,23.6056
38168,-0.1317,0.0278,9.7480,0.1252,0.2131,-0.1237,-32.0907,-6.7006,23.6071
38176,-0.1692,-0.0179,9.7175,0.2148,0.1511,-0.0454,-32.1145,-6.6775,23.6105
38184,-0.2277,-0.0342,9.7474,0.2152,0.1238,-0.0612,-32.1368,-6.6526,23.6138
38192,-0.1924,-0.0349,9.7680,0.1329,0.2230,0.0623,-32.1646,-6.6245,23.6153
38200,-0.1658,-0.0031,9.7493,0.2115,0.3766,0.2978,-32.1805,-6.5965,23.6167
38208,-0.2037,0.0193,9.7451,0.1986,0.3367,0.1630,-32.1962,-6.5686,23.6182
38216,-0.1661,-0.0047,9.7141,0.1677,0.3093,0.1567,-32.2167,-6.5421,23.6187
38224,-0.1707,0.0156,9.6786,0.0208,0.3497,0.2254,-32.2403,-6.5097,23.6201
38232,-0.2528,-0.0731,9.6748,0.0909,0.2764,0.4058,-32.2629,-6.4844,23.6230
38240,-0.2010,-0.0582,9.7101,0.0727,0.3530,0.4555,-32.2853,-6.4592,23.6258
38248,-0.1526,-0.0238,9.7283,-0.0194,0.2155,0.4258,-32.3077,-6.4340,23.6287
38256,-0.2428,-0.0172,9.7358,-0.0328,0.1507,0.5334,-32.3285,-6.4080,23.6315
38264,-0.1445,0.0092,9.7447,-0.0696,0.0834,0.6523,-32.3492,-6.3821,23.6343
38272,-0.1385,-0.0019,9.7296,-0.0915,-0.0263,0.6460,-32.3637,-6.3530,23.6367
38280,-0.1813,0.0358,9.7150,-0.1684,-0.0352,0.5226,-32.3781,-6.3239,23.6390
38288,-0.1503,0.0946,9.7164,-0.3300,-0.1503,0.5806,-32.4000,-6.2983,23.6427
38296,-0.2148,0.0143,9.7459,-0.2525,-0.0711,0.5401,-32.4246,-6.2722,23.6474
38304,-0.1483,0.0122,9.7553,-0.2423,0.0233,0.4773,-32.4477,-6.2448,23.6483
38312,-0.0913,0.0254,9.7200,-0.3073,0.1616,0.3853,-32.4702,-6.2194,23.6487
38320,-0.1760,0.0564,9.6882,-0.3161,0.0751,0.3507,-32.4925,-6.1941,23.6491
38328,-0.1970,0.0900,9.6885,-0.3219,0.1498,0.2295,-32.5115,-6.1651,23.6505
38336,-0.1067,0.0511,9.6896,-0.3887,0.3572,0.2604,-32.5304,-6.1362,23.6518
38344,-0.1511,0.0706,9.7035,-0.2927,0.3129,0.1912,-32.5478,-6.1111,23.6522
38352,-0.1158,0.0473,9.7146,-0.3714,0.3638,0.0450,-32.5650,-6.0861,23.6526
38360,-0.1220,0.0457,9.7165,-0.2655,0.3992,0.0173,-32.5822,-6.0612,23.6530
38368,-0.1632,0.0297,9.6959,-0.3614,0.3477,-0.0786,-32.6055,-6.0317,23.6581
38376,-0.2160,0.0330,9.7136,-0.2559,0.2532,-0.0556,-32.6286,-6.0022,23.6632
38384,-0.1576,0.0442,9.6947,-0.2429,0.1387,-0.3137,-32.6479,-5.9738,23.6669
38392,-0.1352,0.0667,9.7071,-0.3692,0.0746,-0.2964,-32.6671,-5.9454,23.6705
38400,-0.0977,0.0924,9.7274,-0.3940,0.0480,-0.3839,-32.6890,-5.9229,23.6737
38408,-0.1685,0.0939,9.7327,-0.4337,-0.0201,-0.4036,-32.7103,-5.8961,23.6788
38416,-0.1557,0.0924,9.7533,-0.4690,0.0027,-0.5611,-32.7306,-5.8695,23.6814
38424,-0.0215,0.0023,9.7902,-0.4201,-0.0554,-0.5117,-32.7532,-5.8429,23.6827
38432,-0.0772,0.0050,9.7968,-0.3519,0.0996,-0.6058,-32.7757,-5.8164,23.6839
38440,-0.0552,0.0435,9.8095,-0.2788,0.1386,-0.7331,-32.7943,-5.7909,23.6852
38448,0.0393,0.0505,9.8187,-0.3289,0.0158,-1.0095,-32.8127,-5.7655,23.6864
38456,0.0288,0.0892,9.8453,-0.3527,-0.0269,-0.9698,-32.8316,-5.7445,23.6838
38464,0.0329,0.1037,9.8034,-0.4369,0.0789,-0.8305,-32.8504,-5.7235,23.6813
38472,-0.0161,0.1282,9.7840,-0.4507,-0.0333,-0.6973,-32.8691,-5.7026,23.6787
38480,-0.0328,0.0880,9.7875,-0.4666,0.0115,-0.4206,-32.8896,-5.6775,23.6838
38488,-0.0547,0.1194,9.8166,-0.5084,0.0676,-0.1320,-32.9129,-5.6520,23.6845
38496,-0.0881,0.1475,9.8348,-0.4418,0.0866,0.1013,-32.9337,-5.6251,23.6853
38504,-0.0838,0.1282,9.8780,-0.4794,0.0355,0.3511,-32.9558,-5.5998,23.6898
38512,-0.0963,0.0438,9.8594,-0.4807,0.1012,0.7126,-32.9778,-5.5745,23.6944
38520,-0.0775,0.0389,9.8579,-0.5192,0.0921,0.7996,-32.9992,-5.5489,23.7003
38528,-0.1293,-0.0347,9.8580,-0.5401,0.0140,0.9122,-33.0211,-5.5252,23.7010
38536,-0.1247,0.0194,9.8877,-0.5147,-0.1220,0.8598,-33.0390,-5.5040,23.6984
38544,-0.1128,0.0432,9.8850,-0.4585,-0.1293,0.8951,-33.0559,-5.4776,23.7006
38552,-0.1257,0.0175,9.8583,-0.3407,-0.0564,0.9101,-33.0728,-5.4513,23.7027
38560,-0.0531,0.0406,9.8821,-0.3240,-0.1573,0.8899,-33.0895,-5.4251,23.7048
38568,-0.0498,0.0620,9.8494,-0.3241,-0.1311,0.8625,-33.1109,-5.4028,23.7079
38576,-0.0683,0.0563,9.8402,-0.3722,-0.1567,0.8736,-33.1323,-5.3805,23.7109
38584,-0.0595,0.0407,9.8447,-0.3542,-0.1466,0.8283,-33.1535,-5.3583,23.7140
38592,-0.0674,0.0657,9.8693,-0.2623,-0.0995,0.7663,-33.1746,-5.3352,23.7146
38600,-0.0787,0.0624,9.8515,-0.2091,-0.0732,0.7043,-33.1985,-5.3089,23.7182
38608,-0.0899,0.0367,9.8412,-0.2088,-0.0561,0.7624,-33.2166,-5.2827,23.7231
38616,-0.0749,0.0584,9.8443,-0.1873,-0.0423,0.8232,-33.2360,-5.2570,23.7237
38624,-0.1233,0.0335,9.8411,-0.2120,-0.0025,0.7454,-33.2554,-5.2314,23.7243
38632,-0.1744,0.0346,9.8469,-0.2197,0.0596,0.7377,-33.2713,-5.2073,23.7226
38640,-0.1937,0.0388,9.8380,-0.2670,-0.0411,0.6983,-33.2881,-5.1819,23.7247
38648,-0.2103,0.0413,9.8395,-0.3522,0.0227,0.5700,-33.3048,-5.1565,23.7267
38656,-0.1989,0.0444,9.8441,-0.4231,0.1077,0.6499,-33.3262,-5.1364,23.7250
38664,-0.1727,0.0336,9.8364,-0.3868,0.1249,0.6704,-33.3475,-5.1164,23.7233
38672,-0.1516,0.0383,9.8390,-0.4215,0.1014,0.6259,-33.3687,-5.0965,23.7215
38680,-0.1381,0.0258,9.8377,-0.3693,-0.0250,0.6287,-33.3851,-5.0714,23.7222
38688,-0.1267,0.0290,9.8356,-0.4047,-0.0046,0.5301,-33.4013,-5.0464,23.7228
38696,-0.1178,0.0196,9.8310,-0.3986,-0.0011,0.4465,-33.4218,-5.0234,23.7239
38704,-0.1075,0.0139,9.8350,-0.4328,-0.0085,0.3292,-33.4422,-5.0004,23.7250
38712,-0.0913,0.0000,9.8373,-0.4068,0.0405,0.3183,-33.4620,-4.9756,23.7271
38720,-0.0807,-0.0030,9.8375,-0.4166,0.0074,0.2359,-33.4761,-4.9523,23.7325
38728,-0.0766,0.0057,9.8400,-0.3886,0.0157,0.1545,-33.4943,-4.9338,23.7321
38736,-0.0729,0.0063,9.8372,-0.4072,-0.0803,0.2179,-33.5101,-4.9107,23.7384
38744,-0.0714,0.0077,9.8434,-0.3663,-0.1055,0.0706,-33.5258,-4.8876,23.7447
38752,-0.0546,0.0118,9.8485,-0.3672,-0.1269,0.0337,-33.5481,-4.8627,23.7448
38760,-0.0366,0.0186,9.8376,-0.4134,-0.0594,-0.0442,-33.5702,-4.8379,23.7449
38768,-0.0312,0.0211,9.8374,-0.3536,-0.0989,-0.0841,-33.5866,-4.8155,23.7483
38776,-0.0318,0.0298,9.8253,-0.3710,-0.0646,0.0484,-33.6030,-4.7932,23.7517
38784,-0.0365,0.0318,9.8299,-0.3051,-0.1491,0.0285,-33.6192,-4.7710,23.7551
38792,-0.0093,0.0340,9.8344,-0.3780,-0.1713,-0.0145,-33.6368,-4.7460,23.7594
38800,-0.0065,0.0186,9.8281,-0.3624,-0.2858,-0.1010,-33.6567,-4.7220,23.7647
38808,0.0187,0.0180,9.8301,-0.3634,-0.2914,-0.3277,-33.6713,-4.6990,23.7704
38816,0.0243,0.0019,9.8269,-0.3565,-0.2407,-0.7552,-33.6858,-4.6761,23.7761
38824,0.0480,-0.0108,9.8336,-0.4191,-0.3602,-1.3799,-33.7026,-4.6519,23.7737
38832,0.0681,-0.0328,9.8306,-0.4551,-0.3171,-2.1987,-33.7208,-4.6291,23.7737
38840,0.0616,-0.0281,9.8337,-0.3721,-0.2413,-3.1603,-33.7375,-4.6041,23.7747
38848,0.0740,-0.0179,9.8425,-0.3834,-0.2034,-3.9652,-33.7560,-4.5858,23.7766
38856,0.0611,0.0008,9.8495,-0.3995,-0.2099,-4.8336,-33.7744,-4.5675,23.7785
38864,0.0330,0.0320,9.8372,-0.3937,-0.2294,-5.4293,-33.7875,-4.5498,23.7775
38872,0.0286,0.0460,9.8406,-0.4414,-0.1868,-5.9190,-33.8006,-4.5321,23.7766
38880,0.0122,0.0464,9.8419,-0.4043,-0.1646,-6.1579,-33.8188,-4.5102,23.7794
38888,0.0166,0.0449,9.8317,-0.4089,-0.1968,-6.5491,-33.8369,-4.4884,23.7822
38896,0.0178,0.0422,9.8393,-0.5359,-0.1369,-6.9098,-33.8550,-4.4667,23.7851
38904,0.0203,0.0402,9.8370,-0.5374,-0.0369,-7.2414,-33.8663,-4.4454,23.7883
38912,0.0279,0.0334,9.8350,-0.5601,0.0213,-7.5932,-33.8762,-4.4276,23.7911
38920,0.0249,0.0336,9.8541,-0.6086,0.0237,-7.9536,-33.8922,-4.4089,23.7935
38928,0.0157,0.0557,9.8486,-0.5242,0.0233,-8.3328,-33.9081,-4.3902,23.7958
38936,-0.0126,0.0315,9.8451,-0.4862,-0.0225,-8.4635,-33.9234,-4.3712,23.8033
38944,-0.0173,0.0492,9.8318,-0.3085,0.0112,-8.7805,-33.9382,-4.3493,23.8056
38952,-0.0092,0.0156,9.8448,-0.0880,0.0566,-9.0277,-33.9492,-4.3332,23.8078
38960,0.0646,-0.0021,9.8434,0.0750,-0.0945,-9.4533,-33.9601,-4.3172,23.8101
38968,0.0503,0.0266,9.8203,0.1054,-0.0978,-9.4177,-33.9710,-4.3012,23.8124
38976,0.0355,0.0566,9.8185,-0.3268,-0.0022,-9.1756,-33.9865,-4.2805,23.8113
38984,0.0331,0.0473,9.8315,-0.7934,0.0252,-8.7388,-34.0020,-4.2599,23.8102
38992,0.0337,0.0449,9.8309,-1.0636,0.0381,-8.4304,-34.0127,-4.2407,23.8125
39000,0.0182,0.0308,9.8299,-1.1007,0.0290,-8.0822,-34.0233,-4.2217,23.8148
39008,0.0297,0.0335,9.8163,-1.1415,0.0257,-7.7599,-34.0339,-4.2027,23.8170
39016,0.0142,-0.0091,9.8053,-1.0871,-0.0308,-7.3530,-34.0454,-4.1794,23.8197
39024,0.0202,-0.0208,9.7926,-1.0778,-0.0608,-7.0359,-34.0568,-4.1572,23.8200
39032,0.0247,-0.0195,9.7953,-1.0236,-0.0868,-6.7113,-34.0686,-4.1361,23.8208
39040,0.0192,-0.0170,9.8022,-1.0491,-0.1517,-6.4330,-34.0742,-4.1135,23.8207
39048,0.0151,-0.0192,9.7939,-0.9428,-0.1045,-6.2094,-34.0798,-4.0911,23.8206
39056,0.0188,-0.0190,9.7942,-0.9345,-0.1366,-5.8597,-34.0944,-4.0706,23.8176
39064,0.0093,-0.0256,9.7858,-0.9346,-0.1460,-5.5785,-34.1056,-4.0516,23.8193
39072,0.0203,-0.0271,9.7804,-0.9266,-0.0643,-5.3524,-34.1167,-4.0326,23.8211
39080,0.0248,-0.0134,9.7797,-0.8710,-0.0822,-5.1361,-34.1230,-4.0137,23.8228
39088,0.0207,-0.0174,9.7890,-0.9218,-0.1020,-4.9266,-34.1293,-3.9949,23.8189
39096,0.0187,-0.0205,9.7952,-0.8424,-0.0756,-4.7370,-34.1356,-3.9761,23.8150
39104,0.0229,-0.0252,9.8099,-0.8145,-0.0796,-4.4809,-34.1466,-3.9607,23.8201
39112,0.0194,-0.0189,9.8123,-0.8278,-0.0968,-4.2654,-34.1580,-3.9435,23.8176
39120,0.0185,-0.0124,9.8231,-0.8299,0.0307,-3.9394,-34.1693,-3.9263,23.8151
39128,0.0200,-0.0119,9.8343,-0.8585,0.0620,-3.7102,-34.1787,-3.9063,23.8145
39136,0.0200,-0.0069,9.8220,-0.8112,0.0306,-3.4378,-34.1928,-3.8864,23.8172
39144,0.0259,-0.0083,9.8201,-0.8193,0.0032,-3.2545,-34.2026,-3.8671,23.8194
39152,0.0134,-0.0027,9.8206,-0.7524,-0.0336,-3.0313,-34.2132,-3.8473,23.8198
39160,0.0140,0.0050,9.8210,-0.7497,-0.0822,-2.8739,-34.2239,-3.8275,23.8201
39168,0.0132,-0.0030,9.8155,-0.7285,-0.1340,-2.6914,-34.2335,-3.8074,23.8256
39176,0.0179,0.0043,9.8260,-0.7643,-0.1221,-2.6181,-34.2445,-3.7883,23.8326
39184,0.0190,-0.0113,9.8214,-0.7691,-0.0442,-2.5054,-34.2554,-3.7692,23.8395
39192,0.0213,-0.0101,9.8158,-0.7177,-0.0949,-2.2830,-34.2659,-3.7483,23.8421
39200,0.0280,-0.0075,9.8190,-0.7352,-0.0368,-2.1929,-34.2763,-3.7275,23.8448
39208,0.0400,-0.0093,9.8192,-0.6587,0.0187,-2.1735,-34.2866,-3.7067,23.8474
39216,0.0303,0.0018,9.8243,-0.6335,0.0399,-2.0616,-34.3002,-3.6860,23.8476
39224,0.0238,-0.0018,9.8148,-0.6013,0.1294,-2.0425,-34.3090,-3.6654,23.8503
39232,0.0366,-0.0014,9.8117,-0.5653,0.2364,-1.9737,-34.3154,-3.6500,23.8552
39240,0.0405,-0.0011,9.8199,-0.5788,0.1974,-1.8012,-34.3218,-3.6347,23.8602
39248,0.0440,-0.0017,9.8131,-0.5811,0.1600,-1.6602,-34.3286,-3.6199,23.8694
39256,0.0462,-0.0036,9.8115,-0.6046,0.0657,-1.5281,-34.3378,-3.6038,23.8691
39264,0.0428,0.0047,9.8005,-0.5871,0.0981,-1.4897,-34.3488,-3.5810,23.8764
39272,0.0351,-0.0069,9.8047,-0.5277,-0.0522,-1.4077,-34.3597,-3.5583,23.8836
39280,0.0437,-0.0015,9.8121,-0.6415,-0.1773,-1.2813,-34.3706,-3.5357,23.8909
39288,0.0336,-0.0020,9.8125,-0.6330,-0.2089,-1.1044,-34.3824,-3.5208,23.8934
39296,0.0382,-0.0107,9.8183,-0.5769,-0.2551,-1.0152,-34.3942,-3.5059,23.8958
39304,0.1011,-0.0291,9.9255,-0.5660,-0.2327,-0.8953,-34.4016,-3.4849,23.8959
39312,0.0811,0.0786,10.0048,-0.6275,-0.1792,-1.0392,-34.4090,-3.4639,23.8960
39320,0.1144,0.0882,10.0643,-0.5556,-0.1121,-0.9902,-34.4202,-3.4435,23.9004
39328,0.1018,0.0823,10.0347,-0.5696,-0.1892,-1.0341,-34.4337,-3.4293,23.9009
39336,0.0885,0.0866,9.9907,-0.5642,-0.0923,-0.9533,-34.4424,-3.4090,23.8996
39344,0.0874,0.0662,9.9717,-0.5458,-0.1383,-0.8734,-34.4553,-3.3930,23.8997
39352,0.0851,0.0592,9.9551,-0.4962,-0.1450,-0.9437,-34.4682,-3.3771,23.8997
39360,0.0816,0.0479,9.9405,-0.4861,-0.0100,-0.7789,-34.4814,-3.3594,23.9003
39368,0.0775,0.0404,9.9259,-0.5404,0.1191,-0.6773,-34.4918,-3.3450,23.9018
39376,0.0665,0.0531,9.9295,-0.5070,0.0078,-0.6681,-34.4998,-3.3282,23.9009
39384,0.0798,0.0415,9.9073,-0.4751,-0.0292,-0.6167,-34.5078,-3.3116,23.9001
39392,0.0755,0.0336,9.8849,-0.4553,0.0367,-0.5382,-34.5157,-3.2950,23.8992
39400,0.0807,0.0265,9.8692,-0.5083,0.0757,-0.5591,-34.5240,-3.2798,23.9021
39408,0.0758,0.0306,9.8541,-0.4950,0.0437,-0.5551,-34.5323,-3.2647,23.9050
39416,0.0845,0.0147,9.8432,-0.4529,0.0718,-0.6500,-34.5415,-3.2483,23.9065
39424,0.0916,-0.0033,9.8337,-0.3354,0.0479,-0.5940,-34.5507,-3.2319,23.9080
39432,0.0806,0.0077,9.8216,-0.2896,0.0225,-0.6845,-34.5608,-3.2155,23.9128
39440,0.0817,0.0003,9.8251,-0.3285,-0.0792,-0.6670,-34.5709,-3.2016,23.9176
39448,0.0671,0.0037,9.8183,-0.2751,-0.1471,-0.6077,-34.5766,-3.1820,23.9124
39456,0.0571,-0.0074,9.8085,-0.2613,-0.1881,-0.5056,-34.5875,-3.1681,23.9124
39464,0.0522,-0.0074,9.8096,-0.2988,-0.2059,-0.4852,-34.5984,-3.1544,23.9125
39472,0.0541,-0.0065,9.8184,-0.2466,-0.2282,-0.5112,-34.6135,-3.1373,23.9120
39480,0.0408,-0.0006,9.8122,-0.3194,-0.2603,-0.5253,-34.6286,-3.1203,23.9116
39488,0.0324,-0.0022,9.8153,-0.3091,-0.1789,-0.5281,-34.6374,-3.1005,23.9140
39496,0.0394,-0.0113,9.8012,-0.2805,-0.1678,-0.5175,-34.6462,-3.0808,23.9164
39504,0.0466,-0.0196,9.7985,-0.2371,-0.0958,-0.5100,-34.6549,-3.0611,23.9188
39512,0.0505,-0.0048,9.8029,-0.2197,-0.0723,-0.4335,-34.6641,-3.0467,23.9193
39520,0.0503,-0.0005,9.8037,-0.2057,-0.0526,-0.5123,-34.6733,-3.0323,23.9198
39528,0.0551,-0.0038,9.8103,-0.2322,-0.1056,-0.4970,-34.6786,-3.0109,23.9203
39536,0.0590,-0.0101,9.8172,-0.2977,-0.1777,-0.3731,-34.6858,-2.9938,23.9217
39544,0.0516,-0.0089,9.8143,-0.2722,-0.2813,-0.3319,-34.6930,-2.9768,23.9232
39552,0.0668,-0.0115,9.8158,-0.2799,-0.2524,-0.4338,-34.7015,-2.9575,23.9222
39560,0.0518,-0.0120,9.8131,-0.2766,-0.1634,-0.3980,-34.7119,-2.9420,23.9213
39568,0.0511,-0.0047,9.8115,-0.2574,-0.2223,-0.5397,-34.7232,-2.9222,23.9232
39576,0.0608,0.0005,9.8183,-0.2418,-0.2066,-0.5899,-34.7307,-2.9050,23.9227
39584,0.0446,0.0038,9.8112,-0.2321,-0.2049,-0.5659,-34.7382,-2.8877,23.9223
39592,0.0372,0.0032,9.8085,-0.2042,-0.2300,-0.4950,-34.7456,-2.8706,23.9218
39600,0.0255,0.0136,9.7969,-0.2655,-0.3020,-0.5525,-34.7553,-2.8544,23.9237
39608,0.0273,0.0130,9.8005,-0.2655,-0.2641,-0.5914,-34.7650,-2.8383,23.9256
39616,0.0288,0.0129,9.8015,-0.3295,-0.2653,-0.4820,-34.7747,-2.8222,23.9275
39624,0.0325,0.0091,9.7910,-0.2627,-0.2370,-0.4467,-34.7806,-2.8057,23.9332
39632,0.0263,0.0053,9.7829,-0.2548,-0.2020,-0.3410,-34.7897,-2.7907,23.9346
39640,0.0361,-0.0018,9.7869,-0.1912,-0.1632,-0.3332,-34.8007,-2.7715,23.9331
39648,0.0332,0.0036,9.7869,-0.1544,-0.2488,-0.3684,-34.8088,-2.7599,23.9331
39656,0.0251,0.0030,9.7874,-0.1459,-0.1706,-0.4075,-34.8169,-2.7483,23.9331
39664,0.0327,0.0024,9.7796,-0.1058,-0.1652,-0.4341,-34.8259,-2.7345,23.9354
39672,0.0383,-0.0049,9.7748,-0.0728,-0.1467,-0.3849,-34.8358,-2.7183,23.9344
39680,0.0384,0.0004,9.7715,-0.0972,-0.1263,-0.3299,-34.8428,-2.7026,23.9339
39688,0.0330,-0.0026,9.7693,-0.0805,-0.0721,-0.3199,-34.8493,-2.6888,23.9339
39696,0.0198,-0.0140,9.7764,-0.0272,-0.0657,-0.3717,-34.8558,-2.6751,23.9339
39704,0.0080,-0.0261,9.7706,-0.0590,-0.0462,-0.4693,-34.8623,-2.6615,23.9339
39712,-0.0055,-0.0289,9.7740,-0.1186,-0.1049,-0.4265,-34.8702,-2.6479,23.9353
39720,-0.0026,-0.0218,9.7793,-0.1330,-0.0356,-0.4097,-34.8780,-2.6343,23.9367
39728,-0.0060,-0.0127,9.7723,-0.1788,0.0945,-0.2949,-34.8867,-2.6231,23.9333
39736,-0.0008,-0.0268,9.7651,-0.2359,0.0777,-0.2651,-34.8954,-2.6120,23.9300
39744,0.0025,-0.0309,9.7836,-0.1812,0.1096,-0.3113,-34.9060,-2.5957,23.9328
39752,0.0119,-0.0195,9.7880,-0.1715,0.0574,-0.4302,-34.9104,-2.5804,23.9356
39760,0.0135,-0.0229,9.7902,-0.1649,0.0422,-0.3678,-34.9180,-2.5704,23.9413
39768,0.0205,-0.0137,9.7935,-0.1826,0.0410,-0.3349,-34.9266,-2.5547,23.9412
39776,0.0313,-0.0099,9.7920,-0.1889,0.0265,-0.2260,-34.9351,-2.5390,23.9412
39784,0.0316,0.0067,9.7956,-0.2242,-0.0060,-0.1219,-34.9441,-2.5215,23.9477
39792,0.0277,-0.0019,9.7902,-0.1727,0.0136,-0.2144,-34.9531,-2.5041,23.9543
39800,0.0265,0.0026,9.7822,-0.2140,0.1229,-0.0948,-34.9582,-2.4872,23.9613
39808,0.0404,0.0062,9.7895,-0.2963,0.0862,-0.1378,-34.9633,-2.4704,23.9683
39816,0.0389,0.0026,9.7883,-0.2736,0.1097,-0.1656,-34.9684,-2.4536,23.9753
39824,0.0498,0.0022,9.7873,-0.2438,0.1429,-0.0721,-34.9711,-2.4406,23.9751
39832,0.0374,0.0003,9.7886,-0.2848,0.1186,-0.0308,-34.9818,-2.4253,23.9726
